<bncDoc xml:id="AJ1"><teiHeader><fileDesc><titleStmt><title>  Daily Telegraph, electronic edition of 1992-04-07: Religious affairs stories. Sample containing about 387 words from a periodical (domain: belief and thought) </title><respStmt><resp> Data capture and transcription </resp><name> Oxford University Press </name> </respStmt></titleStmt><editionStmt><edition>BNC XML Edition, December 2006</edition></editionStmt><extent> 387 tokens; 390 w-units; 22 s-units </extent><publicationStmt><distributor>Distributed under licence by Oxford University Computing Services on behalf of the BNC Consortium.</distributor><availability> This material is protected by international copyright laws and may not be copied or redistributed in any way. Consult the BNC Web Site at http://www.natcorp.ox.ac.uk for full licencing and distribution conditions.</availability><idno type="bnc">AJ1</idno><idno type="old"> DdBeli </idno></publicationStmt><sourceDesc><bibl><title>Daily Telegraph, electronic edition of 1992-04-07: Religious affairs stories.</title> <imprint n="DAILYT1"><publisher>The Daily Telegraph plc</publisher> <pubPlace>London</pubPlace> <date value="1992">1992</date> </imprint> </bibl></sourceDesc></fileDesc><encodingDesc><tagsDecl><namespace name=""><tagUsage gi="c" occurs="52"/><tagUsage gi="div" occurs="1"/><tagUsage gi="head" occurs="2"/><tagUsage gi="mw" occurs="2"/><tagUsage gi="p" occurs="9"/><tagUsage gi="s" occurs="22"/><tagUsage gi="w" occurs="390"/></namespace></tagsDecl></encodingDesc><profileDesc><creation date="1992"> </creation><textClass><catRef targets="WRI ALLTIM3 ALLAVA2 ALLTYP3 WRIAAG0 WRIAD0 WRIASE3 WRIATY2 WRIAUD3 WRIDOM8 WRILEV2 WRIMED2 WRIPP5 WRISAM0 WRISTA3 WRITAS3"/><classCode scheme="DLEE">W newsp brdsht nat: social</classCode><keywords><term> (none) </term></keywords></textClass></profileDesc><revisionDesc><change date="2006-10-21" who="#OUCS">Tag usage updated for BNC-XML</change><change date="2000-12-13" who="#OUCS">Last check for BNC World first release</change><change date="2000-09-06" who="#OUCS">Redo tagusage tables</change><change date="2000-09-01" who="#OUCS">Check all tagcounts</change><change date="2000-06-23" who="#OUCS">Resequenced s-units and added headers</change><change date="2000-01-21" who="#OUCS">Added date info</change><change date="2000-01-09" who="#OUCS">Updated all catrefs</change><change date="2000-01-08" who="#OUCS">Updated source title</change><change date="2000-01-08" who="#OUCS">Updated titles</change><change date="1999-12-25" who="#OUCS">corrected tagUsage</change><change date="1999-09-13" who="#UCREL">POS codes revised for BNC-2; header updated</change><change date="1994-11-24" who="#dominic">Initial accession to corpus</change></revisionDesc></teiHeader>
<wtext type="NEWS"><div level="1"><head type="MAIN">
<s n="1"><w c5="AT0" hw="the" pos="ART">The </w><w c5="NP0-NN1" hw="maharishi" pos="SUBST">Maharishi</w><w c5="POS" hw="'s" pos="UNC">'s </w><w c5="NN1" hw="search" pos="SUBST">search </w><w c5="PRP" hw="for" pos="PREP">for </w><w c5="NN1" hw="heaven" pos="SUBST">Heaven </w><w c5="PRP" hw="on" pos="PREP">on </w><w c5="NN1" hw="earth" pos="SUBST">Earth </w><w c5="VVZ" hw="pay" pos="VERB">pays </w><w c5="AVP" hw="off" pos="ADV">off</w></s></head><head type="BYLINE">
<s n="2"><w c5="PRP" hw="by" pos="PREP">By </w><w c5="NP0" hw="damian" pos="SUBST">Damian </w><w c5="NP0" hw="thompson" pos="SUBST">Thompson </w><w c5="AJ0" hw="religious" pos="ADJ">Religious </w><w c5="NN2" hw="affair" pos="SUBST">Affairs </w><w c5="NN1" hw="correspondent" pos="SUBST">Correspondent</w></s></head><p>
<s n="3"><w c5="PNI" hw="everyone" pos="PRON">EVERYONE </w><w c5="PNQ" hw="who" pos="PRON">who </w><w c5="VVD" hw="grow" pos="VERB">grew </w><w c5="AVP" hw="up" pos="ADV">up </w><w c5="PRP" hw="in" pos="PREP">in </w><w c5="AT0" hw="the" pos="ART">the </w><w c5="CRD" hw="sixties" pos="ADJ">Sixties </w><w c5="VHZ" hw="have" pos="VERB">has </w><w c5="VVN" hw="hear" pos="VERB">heard </w><w c5="PRF" hw="of" pos="PREP">of </w><w c5="AJ0" hw="transcendental" pos="ADJ">Transcendental </w><w c5="NN1" hw="meditation" pos="SUBST">Meditation </w><w c5="CJC" hw="and" pos="CONJ">and </w><w c5="DPS" hw="it" pos="PRON">its </w><w c5="NN1" hw="founder" pos="SUBST">founder </w><w c5="AT0" hw="the" pos="ART">the </w><w c5="NN1-NP0" hw="maharishi" pos="SUBST">Maharishi</w><c c5="PUN">, </c><w c5="AT0" hw="the" pos="ART">the </w><w c5="AJ0-NN1" hw="giggling" pos="ADJ">giggling </w><w c5="AJ0" hw="indian" pos="ADJ">Indian </w><w c5="NN1" hw="guru" pos="SUBST">guru </w><w c5="PNQ" hw="who" pos="PRON">who </w><w c5="VVD" hw="guide" pos="VERB">guided </w><w c5="AT0" hw="the" pos="ART">the </w><w c5="NP0" hw="beatles" pos="SUBST">Beatles </w><w c5="PRP" hw="through" pos="PREP">through </w><w c5="DPS" hw="they" pos="PRON">their </w><w c5="NN1" hw="flower" pos="SUBST">flower </w><w c5="NN1" hw="power" pos="SUBST">power </w><w c5="NN1" hw="phase" pos="SUBST">phase</w><c c5="PUN">.</c></s></p><p>
<s n="4"><w c5="PRP" hw="in" pos="PREP">In </w><w c5="NP0" hw="britain" pos="SUBST">Britain</w><c c5="PUN">, </c><w c5="DPS" hw="he" pos="PRON">his </w><w c5="NN2" hw="follower" pos="SUBST">followers </w><w c5="VBB" hw="be" pos="VERB">are </w><w c5="AV0" hw="well" pos="ADV">well </w><w c5="VVN" hw="know" pos="VERB">known </w><w c5="PRP" hw="for" pos="PREP">for </w><w c5="DPS" hw="they" pos="PRON">their </w><w c5="NN1" hw="ownership" pos="SUBST">ownership </w><w c5="PRF" hw="of" pos="PREP">of </w><w c5="NP0" hw="mentmore" pos="SUBST">Mentmore </w><w c5="NP0" hw="towers" pos="SUBST">Towers</w><c c5="PUN">, </c><w c5="AT0" hw="the" pos="ART">the </w><w c5="AJ0" hw="palatial" pos="ADJ">palatial </w><w c5="DT0" hw="former" pos="ADJ">former </w><w c5="NN1" hw="home" pos="SUBST">home </w><w c5="PRF" hw="of" pos="PREP">of </w><w c5="AT0" hw="the" pos="ART">the </w><w c5="NN2" hw="earl" pos="SUBST">Earls </w><w c5="PRF" hw="of" pos="PREP">of </w><w c5="NP0" hw="rosebery" pos="SUBST">Rosebery</w><c c5="PUN">.</c></s></p><p>
<s n="5"><w c5="CJC" hw="but" pos="CONJ">But </w><w c5="PNP" hw="it" pos="PRON">it </w><w c5="VHZ" hw="have" pos="VERB">has </w><w c5="VVN" hw="take" pos="VERB">taken </w><w c5="AT0" hw="the" pos="ART">the </w><w c5="AJ0" hw="extraordinary" pos="ADJ">extraordinary </w><w c5="NN1" hw="campaign" pos="SUBST">campaign </w><w c5="PRF" hw="of" pos="PREP">of </w><w c5="AT0" hw="the" pos="ART">the </w><w c5="AJ0" hw="natural" pos="ADJ">Natural </w><w c5="NN1" hw="law" pos="SUBST">Law </w><w c5="NN1" hw="party" pos="SUBST">Party </w><w c5="TO0" hw="to" pos="PREP">to </w><w c5="VVI" hw="bring" pos="VERB">bring </w><w c5="AV0" hw="home" pos="ADV">home </w><w c5="AT0" hw="the" pos="ART">the </w><w c5="AJ0" hw="sheer" pos="ADJ">sheer </w><w c5="NN1" hw="size" pos="SUBST">size </w><w c5="CJC" hw="and" pos="CONJ">and </w><w c5="NN1" hw="wealth" pos="SUBST">wealth </w><w c5="PRF" hw="of" pos="PREP">of </w><w c5="AT0" hw="the" pos="ART">the </w><w c5="NN1" hw="movement" pos="SUBST">movement</w><c c5="PUN">, </c><w c5="CRD" hw="25" pos="ADJ">25 </w><w c5="NN2" hw="year" pos="SUBST">years </w><w c5="CJS" hw="after" pos="CONJ">after </w><w c5="PNP" hw="it" pos="PRON">it </w><w c5="ORD" hw="first" pos="ADJ">first </w><w c5="VVD-VVN" hw="make" pos="VERB">made </w><w c5="NN2" hw="headline" pos="SUBST">headlines</w><c c5="PUN">.</c></s>
<s n="6"><w c5="AT0" hw="the" pos="ART">The </w><w c5="NN1" hw="party" pos="SUBST">party </w><w c5="VBZ" hw="be" pos="VERB">is </w><w c5="XX0" hw="not" pos="ADV">not </w><w c5="AT0" hw="a" pos="ART">a </w><w c5="AJ0" hw="motley" pos="ADJ">motley </w><w c5="NN1" hw="collection" pos="SUBST">collection </w><w c5="PRF" hw="of" pos="PREP">of </w><w c5="AJ0-VVG" hw="ageing" pos="ADJ">ageing </w><w c5="NN2" hw="hippy" pos="SUBST">hippies</w><c c5="PUN">, </c><w c5="CJC" hw="but" pos="CONJ">but </w><w c5="AT0" hw="an" pos="ART">an </w><w c5="NN1" hw="arm" pos="SUBST">arm </w><w c5="PRF" hw="of" pos="PREP">of </w><w c5="AT0" hw="a" pos="ART">a </w><w c5="AJ0" hw="wealthy" pos="ADJ">wealthy </w><w c5="CJC" hw="and" pos="CONJ">and </w><w c5="AJ0" hw="complex" pos="ADJ">complex </w><w c5="NN1" hw="organisation" pos="SUBST">organisation</w><c c5="PUN">.</c></s></p><p>
<s n="7"><w c5="PRP" hw="in" pos="PREP">In </w><w c5="AT0" hw="the" pos="ART">the </w><w c5="CRD" hw="sixties" pos="ADJ">Sixties</w><c c5="PUN">, </c><w c5="PNP" hw="it" pos="PRON">it </w><w c5="DT0" hw="all" pos="ADJ">all </w><w c5="VVD" hw="seem" pos="VERB">seemed </w><w c5="AJ0" hw="simple" pos="ADJ">simple </w><w c5="AV0" hw="enough" pos="ADV">enough</w><c c5="PUN">.</c></s>
<s n="8"><w c5="AT0" hw="the" pos="ART">The </w><w c5="NP0" hw="maharishi" pos="SUBST">Maharishi </w><w c5="NP0-NN1" hw="mahesh" pos="SUBST">Mahesh </w><w c5="NP0" hw="yogi" pos="SUBST">Yogi </w><w c5="VBD" hw="be" pos="VERB">was </w><w c5="AT0" hw="a" pos="ART">a </w><w c5="AJ0" hw="slickly-packaged" pos="ADJ">slickly-packaged </w><w c5="AJ0" hw="indian" pos="ADJ">Indian </w><w c5="NN1" hw="guru" pos="SUBST">guru </w><w c5="PRP" hw="with" pos="PREP">with </w><w c5="AT0" hw="a" pos="ART">a </w><w c5="NN1" hw="message" pos="SUBST">message </w><w c5="VVN-VVD" hw="tailor" pos="VERB">tailored </w><w c5="PRP" hw="to" pos="PREP">to </w><w c5="AT0" hw="the" pos="ART">the </w><w c5="NN2" hw="time" pos="SUBST">times</w><c c5="PUN">.</c></s>
<s n="9"><w c5="PNP" hw="he" pos="PRON">He </w><w c5="VVD" hw="teach" pos="VERB">taught </w><w c5="CJT" hw="that" pos="CONJ">that </w><w c5="NN2-VVZ" hw="state" pos="SUBST">states </w><w c5="PRF" hw="of" pos="PREP">of </w><w c5="AJ0" hw="mystical" pos="ADJ">mystical </w><w c5="NN1" hw="ecstasy" pos="SUBST">ecstasy </w><w c5="VM0" hw="could" pos="VERB">could </w><w c5="VBI" hw="be" pos="VERB">be </w><w c5="VVN" hw="achieve" pos="VERB">achieved </w><w c5="AV0" hw="effortlessly" pos="ADV">effortlessly </w><c c5="PUN">— </c><w c5="CJC" hw="and" pos="CONJ">and </w><w c5="PRP" hw="without" pos="PREP">without </w><w c5="NN1" hw="recourse" pos="SUBST">recourse </w><w c5="PRP" hw="to" pos="PREP">to </w><w c5="AJ0" hw="psychedelic" pos="ADJ">psychedelic </w><w c5="NN2" hw="drug" pos="SUBST">drugs</w><c c5="PUN">.</c></s>
<s n="10"><w c5="AV0" hw="loosely" pos="ADV">Loosely </w><w c5="VVN" hw="base" pos="VERB">based </w><w c5="PRP" hw="on" pos="PREP">on </w><w c5="AT0" hw="the" pos="ART">the </w><w c5="AJ0" hw="hindu" pos="ADJ">Hindu </w><w c5="NN2" hw="scripture" pos="SUBST">scriptures</w><c c5="PUN">, </c><w c5="AJ0" hw="transcendental" pos="ADJ">Transcendental </w><w c5="NN1" hw="meditation" pos="SUBST">Meditation </w><w c5="VVZ" hw="reject" pos="VERB">rejects </w><w c5="NN1" hw="belief" pos="SUBST">belief </w><w c5="PRP" hw="in" pos="PREP">in </w><w c5="AT0" hw="a" pos="ART">a </w><w c5="AJ0" hw="personal" pos="ADJ">personal </w><w c5="NN1-NP0" hw="god" pos="SUBST">God </w><mw c5="PRP"><w c5="PRP" hw="in" pos="PREP">in </w><w c5="NN1" hw="favour" pos="SUBST">favour </w><w c5="PRF" hw="of" pos="PREP">of</w></mw><c c5="PUQ">‘</c><w c5="AJ0" hw="cosmic" pos="ADJ">cosmic </w><w c5="NN1" hw="consciousness" pos="SUBST">consciousness</w><c c5="PUQ">’</c><c c5="PUN">.</c></s>
<s n="11"><w c5="AT0" hw="an" pos="ART">An </w><w c5="AJ0" hw="important" pos="ADJ">important </w><w c5="NN1" hw="part" pos="SUBST">part </w><w c5="PRF" hw="of" pos="PREP">of </w><w c5="AT0" hw="the" pos="ART">the </w><w c5="NN1" hw="process" pos="SUBST">process </w><w c5="PRP" hw="towards" pos="PREP">towards </w><w c5="NN1" hw="self-realisation" pos="SUBST">self-realisation </w><w c5="VBZ" hw="be" pos="VERB">is </w><w c5="AT0" hw="a" pos="ART">a </w><w c5="NN1" hw="programme" pos="SUBST">programme </w><w c5="DTQ" hw="which" pos="PRON">which </w><w c5="VVZ" hw="teach" pos="VERB">teaches </w><w c5="NN1" hw="levitation" pos="SUBST">levitation</w><c c5="PUN">.</c></s>
<s n="12"><w c5="AJ0" hw="convincing" pos="ADJ">Convincing </w><w c5="AJ0-NN1" hw="public" pos="ADJ">public </w><w c5="NN2" hw="demonstration" pos="SUBST">demonstrations </w><w c5="PRF" hw="of" pos="PREP">of </w><w c5="DT0" hw="this" pos="ADJ">this </w><w c5="VBB" hw="be" pos="VERB">are</w><c c5="PUN">, </c><w c5="AV0" hw="however" pos="ADV">however</w><c c5="PUN">, </c><w c5="AJ0" hw="rare" pos="ADJ">rare</w><c c5="PUN">.</c></s></p><p>
<s n="13"><w c5="CJS-PRP" hw="after" pos="CONJ">After </w><w c5="AT0" hw="the" pos="ART">the </w><w c5="NP0" hw="beatles" pos="SUBST">Beatles </w><w c5="VVD" hw="lose" pos="VERB">lost </w><w c5="NN1" hw="interest" pos="SUBST">interest </w><w c5="PRP" hw="in" pos="PREP">in </w><w c5="PNP" hw="he" pos="PRON">him</w><c c5="PUN">, </c><w c5="AT0" hw="the" pos="ART">the </w><w c5="NP0-NN1" hw="maharishi" pos="SUBST">Maharishi </w><w c5="VVD" hw="make" pos="VERB">made </w><w c5="AV0-AJ0" hw="only" pos="ADV">only </w><w c5="AJ0" hw="occasional" pos="ADJ">occasional </w><w c5="NN2" hw="appearance" pos="SUBST">appearances </w><w c5="PRP" hw="in" pos="PREP">in </w><w c5="AT0" hw="the" pos="ART">the </w><w c5="NN2" hw="headline" pos="SUBST">headlines</w><c c5="PUN">, </c><w c5="DT0" hw="most" pos="ADJ">most </w><w c5="PRF" hw="of" pos="PREP">of </w><w c5="PNP" hw="they" pos="PRON">them </w><w c5="VVN-AJ0" hw="connect" pos="VERB">connected </w><w c5="PRP" hw="with" pos="PREP">with </w><w c5="AT0" hw="the" pos="ART">the </w><w c5="AJ0" hw="large" pos="ADJ">large </w><w c5="NN2" hw="sum" pos="SUBST">sums </w><w c5="PRF" hw="of" pos="PREP">of </w><w c5="NN1" hw="money" pos="SUBST">money </w><w c5="DPS" hw="he" pos="PRON">his </w><w c5="NN1" hw="organisation" pos="SUBST">organisation </w><w c5="VBD" hw="be" pos="VERB">was </w><w c5="VVG" hw="spend" pos="VERB">spending</w><c c5="PUN">.</c></s>
<s n="14"><w c5="PRP" hw="in" pos="PREP">In </w><w c5="NN1" hw="fact" pos="SUBST">fact</w><c c5="PUN">, </c><w c5="PNP" hw="it" pos="PRON">it </w><w c5="VBD" hw="be" pos="VERB">was </w><w c5="VVG" hw="grow" pos="VERB">growing </w><w c5="AV0" hw="steadily" pos="ADV">steadily</w><c c5="PUN">.</c></s>
<s n="15"><w c5="AJ0" hw="transcendental" pos="ADJ">Transcendental </w><w c5="NN1" hw="meditation" pos="SUBST">Meditation </w><w c5="AV0" hw="now" pos="ADV">now </w><w c5="VHZ" hw="have" pos="VERB">has </w><w c5="CRD" hw="three" pos="ADJ">three </w><w c5="CJC" hw="and" pos="CONJ">and </w><w c5="AT0" hw="a" pos="ART">a </w><w c5="DT0" hw="half" pos="ADJ">half </w><w c5="CRD" hw="million" pos="ADJ">million </w><w c5="NN2" hw="follower" pos="SUBST">followers </w><w c5="AV0" hw="worldwide" pos="ADV">worldwide</w><c c5="PUN">.</c></s></p><p>
<s n="16"><w c5="AT0" hw="the" pos="ART">The </w><w c5="NN1-NP0" hw="maharishi" pos="SUBST">Maharishi </w><w c5="VHZ" hw="have" pos="VERB">has </w><w c5="VVN" hw="make" pos="VERB">made </w><w c5="PNP" hw="it" pos="PRON">it </w><w c5="AJ0" hw="clear" pos="ADJ">clear </w><w c5="CJT" hw="that" pos="CONJ">that </w><w c5="DPS" hw="he" pos="PRON">his </w><w c5="NN2" hw="promise" pos="SUBST">promises </w><w c5="PRF" hw="of" pos="PREP">of </w><w c5="NN1" hw="heaven" pos="SUBST">Heaven </w><w c5="PRP" hw="on" pos="PREP">on </w><w c5="NN1" hw="earth" pos="SUBST">Earth </w><w c5="VBB" hw="be" pos="VERB">are </w><w c5="TO0" hw="to" pos="PREP">to </w><w c5="VBI" hw="be" pos="VERB">be </w><w c5="VVN" hw="take" pos="VERB">taken </w><w c5="AV0" hw="literally" pos="ADV">literally</w><c c5="PUN">.</c></s>
<s n="17"><c c5="PUQ">‘</c><w c5="NN2" hw="city" pos="SUBST">Cities </w><w c5="PRF" hw="of" pos="PREP">of </w><w c5="AT0" hw="the" pos="ART">the </w><w c5="NP0" hw="immortals" pos="SUBST">Immortals</w><c c5="PUQ">’ </c><w c5="VM0" hw="will" pos="VERB">will </w><w c5="VBI" hw="be" pos="VERB">be </w><w c5="VVN" hw="set" pos="VERB">set </w><w c5="AVP" hw="up" pos="ADV">up </w><w c5="PRP" hw="by" pos="PREP">by </w><w c5="AJ0" hw="california-based" pos="ADJ">California-based </w><w c5="NN1" hw="company" pos="SUBST">company </w><w c5="VVN-VVD" hw="call" pos="VERB">called </w><w c5="AT0" hw="the" pos="ART">the </w><w c5="NN1" hw="heaven" pos="SUBST">Heaven </w><w c5="PRP" hw="on" pos="PREP">on </w><w c5="NN1" hw="earth" pos="SUBST">Earth </w><w c5="NN1" hw="corporation" pos="SUBST">Corporation</w><c c5="PUN">, </c><w c5="DT0" hw="many" pos="ADJ">many </w><w c5="PRF" hw="of" pos="PREP">of </w><w c5="PNP" hw="they" pos="PRON">them </w><w c5="VVG" hw="provide" pos="VERB">providing </w><w c5="AJ0" hw="low-cost" pos="ADJ">low-cost </w><w c5="NN1" hw="housing" pos="SUBST">housing </w><w c5="PRP" hw="for" pos="PREP">for </w><w c5="AT0" hw="the" pos="ART">the </w><w c5="ORD" hw="third" pos="ADJ">Third </w><w c5="NN1" hw="world" pos="SUBST">World</w><c c5="PUN">.</c></s>
<s n="18"><w c5="EX0" hw="there" pos="PRON">There </w><w c5="VBB" hw="be" pos="VERB">are </w><w c5="AV0" hw="also" pos="ADV">also </w><w c5="NN2" hw="plan" pos="SUBST">plans </w><w c5="PRP" hw="for" pos="PREP">for </w><w c5="AT0" hw="a" pos="ART">a </w><w c5="NN1" hw="theme" pos="SUBST">theme </w><w c5="NN1" hw="park" pos="SUBST">park </w><mw c5="PRP"><w c5="ORD" hw="next" pos="ADJ">next </w><w c5="PRP" hw="to" pos="PREP">to </w></mw><w c5="NP0" hw="disneyland" pos="SUBST">Disneyland</w><c c5="PUN">.</c></s></p><p>
<s n="19"><w c5="AJ0" hw="transcendental" pos="ADJ">Transcendental </w><w c5="NN1" hw="meditation" pos="SUBST">Meditation </w><w c5="VHZ" hw="have" pos="VERB">has </w><w c5="AV0" hw="never" pos="ADV">never </w><w c5="VVN" hw="acquire" pos="VERB">acquired </w><w c5="AT0" hw="the" pos="ART">the </w><w c5="NN1" hw="reputation" pos="SUBST">reputation </w><w c5="PRF" hw="of" pos="PREP">of </w><w c5="AT0" hw="a" pos="ART">a </w><w c5="AJ0" hw="sinister" pos="ADJ">sinister </w><w c5="NN1" hw="cult" pos="SUBST">cult</w><c c5="PUN">, </c><w c5="CJC" hw="but" pos="CONJ">but </w><w c5="NN2" hw="doubt" pos="SUBST">doubts </w><w c5="VBB" hw="be" pos="VERB">are </w><w c5="AV0" hw="sometimes" pos="ADV">sometimes </w><w c5="VVN-VVD" hw="voice" pos="VERB">voiced </w><w c5="PRP" hw="about" pos="PREP">about </w><w c5="PNP" hw="it" pos="PRON">it</w><c c5="PUN">.</c></s>
<s n="20"><w c5="NP0" hw="dr" pos="SUBST">Dr </w><w c5="NP0" hw="paul" pos="SUBST">Paul </w><w c5="NP0" hw="booth" pos="SUBST">Booth</w><c c5="PUN">, </c><w c5="PRF" hw="of" pos="PREP">of </w><w c5="AT0" hw="the" pos="ART">the </w><w c5="AJ0-NN1" hw="government-funded" pos="ADJ">Government-funded </w><w c5="NN1" hw="cult" pos="SUBST">cult </w><w c5="NN1" hw="information" pos="SUBST">information </w><w c5="NN1" hw="service" pos="SUBST">service </w><w c5="VVB" hw="inform" pos="VERB">Inform</w><c c5="PUN">, </c><w c5="VVZ" hw="describe" pos="VERB">describes </w><w c5="PNP" hw="it" pos="PRON">it </w><w c5="CJS" hw="as" pos="CONJ">as </w><c c5="PUQ">‘</c><w c5="AV0" hw="nowhere" pos="ADV">nowhere </w><w c5="PRP" hw="near" pos="PREP">near </w><w c5="AT0" hw="the" pos="ART">the </w><w c5="NN1" hw="top" pos="SUBST">top </w><w c5="PRF" hw="of" pos="PREP">of </w><w c5="DPS" hw="we" pos="PRON">our </w><w c5="NN1" hw="list" pos="SUBST">list </w><w c5="PRF" hw="of" pos="PREP">of </w><w c5="NN1" hw="problem" pos="SUBST">problem </w><w c5="NN2" hw="organisation" pos="SUBST">organisations</w><c c5="PUQ">’</c><c c5="PUN">.</c></s></p><p>
<s n="21"><c c5="PUQ">‘</c><w c5="CJC" hw="but" pos="CONJ">But </w><w c5="AT0" hw="the" pos="ART">the </w><w c5="NN1" hw="course" pos="SUBST">course </w><w c5="VBZ" hw="be" pos="VERB">is</w><w c5="XX0" hw="not" pos="ADV">n't </w><w c5="AJ0" hw="cheap" pos="ADJ">cheap</w><c c5="PUN">, </c><w c5="CJC" hw="and" pos="CONJ">and </w><w c5="PNP" hw="we" pos="PRON">we </w><w c5="VDB" hw="do" pos="VERB">do </w><w c5="VVI" hw="deal" pos="VERB">deal </w><w c5="PRP" hw="with" pos="PREP">with </w><w c5="NN2" hw="case" pos="SUBST">cases </w><w c5="PRF" hw="of" pos="PREP">of </w><w c5="NN0" hw="people" pos="SUBST">people </w><w c5="PNQ" hw="who" pos="PRON">who </w><w c5="VVB" hw="get" pos="VERB">get </w><w c5="AVP" hw="in" pos="ADV">in </w><w c5="PRP" hw="over" pos="PREP">over </w><w c5="DPS" hw="they" pos="PRON">their </w><w c5="NN2" hw="head" pos="SUBST">heads </w><w c5="AV0" hw="financially" pos="ADV">financially</w><c c5="PUN">.</c><c c5="PUQ">’</c></s></p><p>
<s n="22"><w c5="NP0" hw="rachel" pos="SUBST">Rachel </w><w c5="NN1" hw="storm" pos="SUBST">Storm</w><c c5="PUN">, </c><w c5="NN1" hw="author" pos="SUBST">author </w><w c5="PRF" hw="of" pos="PREP">of </w><w c5="AT0" hw="a" pos="ART">a </w><w c5="NN1" hw="study" pos="SUBST">study </w><w c5="PRF" hw="of" pos="PREP">of </w><w c5="AT0" hw="the" pos="ART">the </w><w c5="AJ0" hw="new" pos="ADJ">New </w><w c5="NN1" hw="age" pos="SUBST">Age </w><w c5="NN2" hw="movement" pos="SUBST">movements</w><c c5="PUN">, </c><w c5="VVZ" hw="add" pos="VERB">adds</w><c c5="PUN">: </c><c c5="PUQ">‘</c><w c5="PRP" hw="like" pos="PREP">Like </w><w c5="DT0" hw="many" pos="ADJ">many </w><w c5="AJ0" hw="new" pos="ADJ">New </w><w c5="NN1" hw="age" pos="SUBST">Age </w><w c5="NN2" hw="movement" pos="SUBST">movements</w><c c5="PUN">, </c><w c5="PNP" hw="it" pos="PRON">it </w><w c5="VVZ" hw="fail" pos="VERB">fails </w><w c5="TO0" hw="to" pos="PREP">to </w><w c5="VVI" hw="put" pos="VERB">put </w><w c5="NN2" hw="newcomer" pos="SUBST">newcomers </w><w c5="AV0" hw="entirely" pos="ADV">entirely </w><w c5="PRP" hw="in" pos="PREP">in </w><w c5="AT0" hw="the" pos="ART">the </w><w c5="NN1" hw="picture" pos="SUBST">picture</w><c c5="PUN">.</c><c c5="PUQ">’</c></s></p></div></wtext></bncDoc>
