<bncDoc xml:id="AJ4"><teiHeader><fileDesc><titleStmt><title>  Daily Telegraph, electronic edition of 1992-04-07: Applied Science pages. Sample containing about 937 words from a periodical (domain: natural sciences) </title><respStmt><resp> Data capture and transcription </resp><name> Oxford University Press </name> </respStmt></titleStmt><editionStmt><edition>BNC XML Edition, December 2006</edition></editionStmt><extent> 937 tokens; 946 w-units; 44 s-units </extent><publicationStmt><distributor>Distributed under licence by Oxford University Computing Services on behalf of the BNC Consortium.</distributor><availability> This material is protected by international copyright laws and may not be copied or redistributed in any way. Consult the BNC Web Site at http://www.natcorp.ox.ac.uk for full licencing and distribution conditions.</availability><idno type="bnc">AJ4</idno><idno type="old"> DdPurS </idno></publicationStmt><sourceDesc><bibl><title>Daily Telegraph, electronic edition of 1992-04-07: Applied Science pages.</title> <imprint n="DAILYT1"><publisher>The Daily Telegraph plc</publisher> <pubPlace>London</pubPlace> <date value="1992">1992</date> </imprint> </bibl></sourceDesc></fileDesc><encodingDesc><tagsDecl><namespace name=""><tagUsage gi="c" occurs="112"/><tagUsage gi="div" occurs="2"/><tagUsage gi="head" occurs="4"/><tagUsage gi="mw" occurs="2"/><tagUsage gi="p" occurs="28"/><tagUsage gi="s" occurs="44"/><tagUsage gi="w" occurs="946"/></namespace></tagsDecl></encodingDesc><profileDesc><creation date="1992"> </creation><textClass><catRef targets="WRI ALLTIM3 ALLAVA2 ALLTYP3 WRIAAG0 WRIAD0 WRIASE3 WRIATY2 WRIAUD3 WRIDOM2 WRILEV2 WRIMED2 WRIPP5 WRISAM0 WRISTA3 WRITAS3"/><classCode scheme="DLEE">W newsp brdsht nat: science</classCode><keywords><term> (none) </term></keywords></textClass></profileDesc><revisionDesc><change date="2006-10-21" who="#OUCS">Tag usage updated for BNC-XML</change><change date="2000-12-13" who="#OUCS">Last check for BNC World first release</change><change date="2000-09-06" who="#OUCS">Redo tagusage tables</change><change date="2000-09-01" who="#OUCS">Check all tagcounts</change><change date="2000-06-23" who="#OUCS">Resequenced s-units and added headers</change><change date="2000-01-21" who="#OUCS">Added date info</change><change date="2000-01-09" who="#OUCS">Updated all catrefs</change><change date="2000-01-08" who="#OUCS">Updated source title</change><change date="2000-01-08" who="#OUCS">Updated titles</change><change date="1999-12-25" who="#OUCS">corrected tagUsage</change><change date="1999-09-13" who="#UCREL">POS codes revised for BNC-2; header updated</change><change date="1994-11-24" who="#dominic">Initial accession to corpus</change></revisionDesc></teiHeader>
<wtext type="NEWS"><div level="1"><head type="MAIN">
<s n="1"><w c5="NN1" hw="brightness" pos="SUBST">Brightness </w><w c5="VBZ" hw="be" pos="VERB">is </w><w c5="AV0" hw="too" pos="ADV">too </w><w c5="AJ0" hw="famous" pos="ADJ">famous </w><w c5="TO0" hw="to" pos="PREP">to </w><w c5="VBI" hw="be" pos="VERB">be </w><w c5="AJ0" hw="free" pos="ADJ">free</w></s></head><head type="BYLINE">
<s n="2"><w c5="PRP" hw="by" pos="PREP">By </w><w c5="NP0" hw="toby" pos="SUBST">Toby </w><w c5="NP0" hw="moore" pos="SUBST">Moore </w><w c5="CJC" hw="and" pos="CONJ">and </w><w c5="NP0" hw="john" pos="SUBST">John </w><w c5="NP0-NN1" hw="kampfner" pos="SUBST">Kampfner</w></s></head><p>
<s n="3"><w c5="NN1" hw="brightness" pos="SUBST">BRIGHTNESS</w><c c5="PUN">, </c><w c5="AT0" hw="the" pos="ART">the </w><w c5="NN1" hw="beluga" pos="SUBST">beluga </w><w c5="NN1" hw="whale" pos="SUBST">whale </w><w c5="DTQ" hw="which" pos="PRON">which </w><w c5="VVD" hw="escape" pos="VERB">escaped </w><w c5="PRP" hw="from" pos="PREP">from </w><w c5="AJ0" hw="russian" pos="ADJ">Russian </w><w c5="NN2" hw="researcher" pos="SUBST">researchers </w><w c5="PRP" hw="in" pos="PREP">in </w><w c5="AT0" hw="the" pos="ART">the </w><w c5="NP0" hw="black" pos="SUBST">Black </w><w c5="NP0" hw="sea" pos="SUBST">Sea</w><c c5="PUN">, </c><w c5="VVZ" hw="face" pos="VERB">faces </w><w c5="AT0" hw="a" pos="ART">a </w><w c5="AJ0" hw="dark" pos="ADJ">dark </w><w c5="NN1" hw="future" pos="SUBST">future </w><w c5="PRP" hw="as" pos="PREP">as </w><w c5="AT0" hw="a" pos="ART">a </w><w c5="NN1" hw="tourist" pos="SUBST">tourist </w><w c5="NN1" hw="attraction" pos="SUBST">attraction </w><w c5="PRP" hw="in" pos="PREP">in </w><w c5="AT0" hw="a" pos="ART">a </w><w c5="AJ0" hw="floating" pos="ADJ">floating </w><w c5="NN1" hw="cage" pos="SUBST">cage</w><c c5="PUN">.</c></s></p><p>
<s n="4"><w c5="AV0" hw="now" pos="ADV">Now </w><w c5="AT0" hw="the" pos="ART">the </w><w c5="NN1" hw="mammal" pos="SUBST">mammal </w><w c5="VBZ" hw="be" pos="VERB">is </w><w c5="AVP" hw="back" pos="ADV">back </w><w c5="PRP" hw="in" pos="PREP">in </w><w c5="NN1" hw="captivity" pos="SUBST">captivity</w><c c5="PUN">, </c><w c5="AJ0" hw="russian" pos="ADJ">Russian </w><w c5="NN2" hw="official" pos="SUBST">officials </w><w c5="VVB" hw="plan" pos="VERB">plan </w><w c5="TO0" hw="to" pos="PREP">to </w><w c5="VVI" hw="cash" pos="VERB">cash </w><w c5="AVP" hw="in" pos="ADV">in </w><w c5="PRP" hw="on" pos="PREP">on </w><w c5="DPS" hw="he" pos="PRON">his </w><w c5="AJ0" hw="international" pos="ADJ">international </w><w c5="NN1" hw="fame" pos="SUBST">fame </w><w c5="PRP" hw="by" pos="PREP">by </w><w c5="VVG" hw="build" pos="VERB">building </w><c c5="PUQ">‘</c><w c5="AT0" hw="a" pos="ART">a </w><w c5="AJ0" hw="floating" pos="ADJ">floating </w><w c5="NN1" hw="oceanarium" pos="SUBST">oceanarium</w><c c5="PUQ">’ </c><w c5="CJC" hw="and" pos="CONJ">and </w><w c5="VVG" hw="tow" pos="VERB">towing </w><w c5="PNP" hw="he" pos="PRON">him </w><w c5="PRP-AVP" hw="around" pos="PREP">around </w><w c5="AT0" hw="the" pos="ART">the </w><w c5="AJ0" hw="mediterranean" pos="ADJ">Mediterranean </w><w c5="NN1" hw="tourist" pos="SUBST">tourist </w><w c5="NN2-VVZ" hw="resort" pos="SUBST">resorts</w><c c5="PUN">.</c></s></p><p>
<s n="5"><w c5="AT0" hw="the" pos="ART">The </w><w c5="AJ0" hw="russian" pos="ADJ">Russian </w><w c5="NN1" hw="plan" pos="SUBST">plan</w><c c5="PUN">, </c><w c5="AV0" hw="probably" pos="ADV">probably </w><w c5="VVN" hw="inspire" pos="VERB">inspired </w><w c5="PRP" hw="by" pos="PREP">by </w><w c5="AT0" hw="the" pos="ART">the </w><w c5="NN1" hw="offer" pos="SUBST">offer </w><w c5="PRF" hw="of" pos="PREP">of </w><w c5="NN0" hw="£200,000" pos="UNC">£200,000 </w><w c5="PRP" hw="from" pos="PREP">from </w><w c5="AJ0" hw="british" pos="ADJ">British </w><w c5="AJ0-NN1" hw="conservation" pos="ADJ">conservation </w><w c5="NN2" hw="group" pos="SUBST">groups </w><w c5="TO0" hw="to" pos="PREP">to </w><w c5="VVI" hw="buy" pos="VERB">buy </w><w c5="NN1" hw="brightness" pos="SUBST">Brightness </w><w c5="CJC" hw="and" pos="CONJ">and </w><w c5="DPS" hw="he" pos="PRON">his </w><w c5="NN1" hw="beluga" pos="SUBST">beluga </w><w c5="NN1" hw="comrade" pos="SUBST">comrade</w><c c5="PUN">, </c><w c5="AJ0" hw="gorgeous" pos="ADJ">Gorgeous</w><c c5="PUN">, </c><w c5="PNQ" hw="who" pos="PRON">who </w><w c5="VBZ" hw="be" pos="VERB">is </w><w c5="AV0" hw="still" pos="ADV">still </w><w c5="AJ0" hw="free" pos="ADJ">free</w><c c5="PUN">, </c><w c5="VVD" hw="prompt" pos="VERB">prompted </w><w c5="AT0" hw="a" pos="ART">a </w><w c5="AJ0" hw="furious" pos="ADJ">furious </w><w c5="NN1" hw="reaction" pos="SUBST">reaction </w><w c5="PRP" hw="from" pos="PREP">from </w><w c5="AJ0" hw="british" pos="ADJ">British </w><w c5="NN2" hw="campaigner" pos="SUBST">campaigners </w><w c5="PNQ" hw="who" pos="PRON">who </w><w c5="VVD" hw="fight" pos="VERB">fought </w><w c5="PRP" hw="for" pos="PREP">for </w><w c5="DT0" hw="more" pos="ADJ">more </w><w c5="CJS" hw="than" pos="CONJ">than </w><w c5="AT0" hw="a" pos="ART">a </w><w c5="NN1" hw="month" pos="SUBST">month </w><w c5="TO0" hw="to" pos="PREP">to </w><w c5="VHI" hw="have" pos="VERB">have </w><w c5="AT0" hw="the" pos="ART">the </w><w c5="NN1" hw="beluga" pos="SUBST">beluga </w><w c5="VVN" hw="airlift" pos="VERB">airlifted </w><w c5="PRP" hw="from" pos="PREP">from </w><w c5="AJ0" hw="turkish" pos="ADJ">Turkish </w><w c5="NN2" hw="water" pos="SUBST">waters </w><w c5="PRP" hw="to" pos="PREP">to </w><w c5="AT0" hw="the" pos="ART">the </w><w c5="AJ0" hw="arctic" pos="ADJ">Arctic</w><c c5="PUN">.</c></s></p><p>
<s n="6"><w c5="AT0" hw="the" pos="ART">The </w><w c5="NN1" hw="whale" pos="SUBST">Whale </w><w c5="CJC" hw="and" pos="CONJ">and </w><w c5="NN1" hw="dolphin" pos="SUBST">Dolphin </w><w c5="NN1-AJ0" hw="conservation" pos="SUBST">Conservation </w><w c5="NN1" hw="society" pos="SUBST">Society </w><w c5="VVD" hw="say" pos="VERB">said </w><w c5="PNP" hw="it" pos="PRON">it </w><w c5="VBD" hw="be" pos="VERB">was </w><c c5="PUQ">‘</c><w c5="PRP" hw="beyond" pos="PREP">beyond </w><w c5="NN1" hw="belief" pos="SUBST">belief </w><w c5="CJC" hw="and" pos="CONJ">and </w><w c5="NN1" hw="humanity" pos="SUBST">humanity</w><c c5="PUQ">’ </c><w c5="TO0" hw="to" pos="PREP">to </w><w c5="VVI" hw="subject" pos="VERB">subject </w><w c5="AT0" hw="a" pos="ART">a </w><w c5="AJ0" hw="wide-ranging" pos="ADJ">wide-ranging </w><w c5="NN1" hw="sea" pos="SUBST">sea </w><w c5="NN1" hw="mammal" pos="SUBST">mammal </w><w c5="PRP" hw="to" pos="PREP">to </w><w c5="NN1" hw="life" pos="SUBST">life </w><w c5="PRP" hw="in" pos="PREP">in </w><w c5="AT0" hw="a" pos="ART">a </w><w c5="AJ0" hw="mobile" pos="ADJ">mobile </w><w c5="NN1" hw="swimming" pos="SUBST">swimming </w><w c5="NN1" hw="pool" pos="SUBST">pool</w><c c5="PUN">.</c></s></p><p>
<s n="7"><w c5="AT0" hw="the" pos="ART">The </w><w c5="NN1" hw="fear" pos="SUBST">fear </w><w c5="VBZ" hw="be" pos="VERB">is </w><w c5="DT0-CJT" hw="that" pos="ADJ">that </w><w c5="NN1" hw="brightness" pos="SUBST">Brightness </w><w c5="VBZ" hw="be" pos="VERB">is </w><w c5="AV0" hw="now" pos="ADV">now </w><w c5="AV0" hw="too" pos="ADV">too </w><w c5="AJ0" hw="famous" pos="ADJ">famous </w><w c5="CJC" hw="and" pos="CONJ">and </w><w c5="AV0" hw="too" pos="ADV">too </w><w c5="AJ0" hw="valuable" pos="ADJ">valuable </w><w c5="TO0" hw="to" pos="PREP">to </w><w c5="VBI" hw="be" pos="VERB">be </w><w c5="VVN" hw="set" pos="VERB">set </w><w c5="AJ0" hw="free" pos="ADJ">free</w><c c5="PUN">.</c></s>
<s n="8"><w c5="AT0" hw="the" pos="ART">The </w><w c5="NN1" hw="beluga" pos="SUBST">beluga </w><w c5="VBD" hw="be" pos="VERB">was </w><w c5="ORD" hw="last" pos="ADJ">last </w><w c5="VVN" hw="see" pos="VERB">seen </w><w c5="PRP" hw="by" pos="PREP">by </w><w c5="CRD" hw="millions" pos="ADJ">millions </w><w c5="PRF" hw="of" pos="PREP">of </w><w c5="NN1" hw="television" pos="SUBST">television </w><w c5="NN2" hw="viewer" pos="SUBST">viewers </w><w c5="VBG" hw="be" pos="VERB">being </w><w c5="VVN" hw="manhandle" pos="VERB">manhandled </w><w c5="PRP" hw="in" pos="PREP">in </w><w c5="AT0" hw="a" pos="ART">a </w><w c5="AJ0" hw="russian" pos="ADJ">Russian </w><w c5="NN1" hw="canvas" pos="SUBST">canvas </w><w c5="NN1" hw="straitjacket" pos="SUBST">straitjacket </w><w c5="PRP" hw="outside" pos="PREP">outside </w><w c5="AT0" hw="the" pos="ART">the </w><w c5="AJ0" hw="turkish" pos="ADJ">Turkish </w><w c5="NN1" hw="port" pos="SUBST">port </w><w c5="PRF" hw="of" pos="PREP">of </w><w c5="NN1-NP0" hw="samsun" pos="SUBST">Samsun</w><c c5="PUN">.</c></s></p><p>
<s n="9"><w c5="NP0" hw="dr" pos="SUBST">Dr </w><w c5="NP0" hw="boris" pos="SUBST">Boris </w><w c5="NP0" hw="zhurid" pos="SUBST">Zhurid</w><c c5="PUN">, </c><w c5="NN1" hw="director" pos="SUBST">director </w><w c5="PRF" hw="of" pos="PREP">of </w><w c5="AT0" hw="the" pos="ART">the </w><w c5="AJ0" hw="aquamarine" pos="ADJ">Aquamarine </w><w c5="NN1" hw="dolphinarium" pos="SUBST">Dolphinarium </w><w c5="PRP" hw="in" pos="PREP">in </w><w c5="NP0-NN1" hw="sebastopol" pos="SUBST">Sebastopol</w><c c5="PUN">, </c><w c5="VVD" hw="say" pos="VERB">said </w><w c5="AV0" hw="yesterday" pos="ADV">yesterday </w><w c5="CJT" hw="that" pos="CONJ">that </w><w c5="AT0" hw="the" pos="ART">the </w><w c5="AJ0" hw="floating" pos="ADJ">floating </w><w c5="NN1" hw="oceanarium" pos="SUBST">oceanarium</w><c c5="PUN">, </c><w c5="AV0" hw="once" pos="ADV">once </w><w c5="VVN" hw="complete" pos="VERB">completed</w><c c5="PUN">, </c><w c5="VM0" hw="would" pos="VERB">would </w><w c5="VVI" hw="comprise" pos="VERB">comprise </w><w c5="AT0" hw="a" pos="ART">a </w><w c5="NN1" hw="tug" pos="SUBST">tug </w><w c5="PRP" hw="with" pos="PREP">with </w><w c5="CRD" hw="three" pos="ADJ">three </w><w c5="NN1" hw="swimming" pos="SUBST">swimming </w><w c5="NN2" hw="pool" pos="SUBST">pools </w><w c5="TO0" hw="to" pos="PREP">to </w><w c5="VVI" hw="carry" pos="VERB">carry </w><w c5="AT0" hw="a" pos="ART">a </w><w c5="NN1" hw="variety" pos="SUBST">variety </w><w c5="PRF" hw="of" pos="PREP">of </w><w c5="NN1" hw="sea" pos="SUBST">sea </w><w c5="NN2" hw="animal" pos="SUBST">animals</w><c c5="PUN">.</c></s></p><p>
<s n="10"><c c5="PUQ">‘</c><w c5="PNP" hw="we" pos="PRON">We </w><w c5="VVB" hw="hope" pos="VERB">hope </w><w c5="TO0" hw="to" pos="PREP">to </w><w c5="VVI" hw="reach" pos="VERB">reach </w><w c5="NP0" hw="britain" pos="SUBST">Britain </w><w c5="CRD" hw="one" pos="ADJ">one </w><w c5="NN1" hw="day" pos="SUBST">day</w><c c5="PUN">,</c><c c5="PUQ">’ </c><w c5="VVD" hw="say" pos="VERB">said </w><w c5="NP0" hw="dr" pos="SUBST">Dr </w><w c5="NP0" hw="zhurid" pos="SUBST">Zhurid</w><c c5="PUN">.</c></s>
<s n="11"><w c5="PNP" hw="he" pos="PRON">He </w><w c5="VM0" hw="can" pos="VERB">can </w><w c5="VVI" hw="expect" pos="VERB">expect </w><w c5="AT0" hw="a" pos="ART">a </w><w c5="AJ0" hw="rough" pos="ADJ">rough </w><w c5="NN1" hw="welcome" pos="SUBST">welcome</w><c c5="PUN">.</c></s></p><p>
<s n="12"><w c5="AT0" hw="the" pos="ART">The </w><w c5="AJ0" hw="minimum" pos="ADJ">minimum </w><w c5="AJ0" hw="international" pos="ADJ">international </w><w c5="NN2" hw="standard" pos="SUBST">standards </w><w c5="PRP" hw="for" pos="PREP">for </w><w c5="NN2" hw="dolphinarium" pos="SUBST">dolphinariums </w><w c5="VVB" hw="insist" pos="VERB">insist </w><w c5="PRP-AVP" hw="on" pos="PREP">on </w><w c5="AT0" hw="the" pos="ART">the </w><w c5="NN2" hw="mammal" pos="SUBST">mammals </w><w c5="VHG" hw="have" pos="VERB">having </w><w c5="AT0" hw="a" pos="ART">a </w><w c5="NN1" hw="pool" pos="SUBST">pool </w><mw c5="AV0"><w c5="PRP" hw="at" pos="PREP">at </w><w c5="AV0" hw="least" pos="ADV">least </w></mw><w c5="CRD" hw="10" pos="ADJ">10 </w><w c5="NN2" hw="metre" pos="SUBST">metres </w><w c5="AJ0" hw="deep" pos="ADJ">deep</w><c c5="PUN">, </c><w c5="CRD" hw="30" pos="ADJ">30 </w><w c5="NN2" hw="metre" pos="SUBST">metres </w><w c5="AJ0" hw="wide" pos="ADJ">wide </w><w c5="CJC" hw="and" pos="CONJ">and </w><w c5="CRD" hw="150" pos="ADJ">150 </w><w c5="NN2" hw="metre" pos="SUBST">metres </w><w c5="AJ0" hw="long" pos="ADJ">long</w><c c5="PUN">.</c></s></p><p>
<s n="13"><w c5="NP0" hw="mr" pos="SUBST">Mr </w><w c5="NP0" hw="sean" pos="SUBST">Sean </w><w c5="NP0" hw="whyte" pos="SUBST">Whyte</w><c c5="PUN">, </c><w c5="NN1" hw="director" pos="SUBST">director </w><w c5="PRF" hw="of" pos="PREP">of </w><w c5="AT0" hw="the" pos="ART">the </w><w c5="NN1" hw="whale" pos="SUBST">Whale </w><w c5="CJC" hw="and" pos="CONJ">and </w><w c5="NN1" hw="dolphin" pos="SUBST">Dolphin </w><w c5="NN1-AJ0" hw="conservation" pos="SUBST">Conservation </w><w c5="NN1" hw="society" pos="SUBST">Society</w><c c5="PUN">, </c><w c5="VVD" hw="say" pos="VERB">said </w><w c5="AT0" hw="the" pos="ART">the </w><w c5="AJ0" hw="russian" pos="ADJ">Russian </w><w c5="NN1" hw="plan" pos="SUBST">plan </w><w c5="VBD" hw="be" pos="VERB">was </w><w c5="AJ0" hw="outrageous" pos="ADJ">outrageous </w><w c5="CJC" hw="and" pos="CONJ">and </w><w c5="AJ0" hw="unbelievable" pos="ADJ">unbelievable</w><c c5="PUN">.</c></s></p><p>
<s n="14"><c c5="PUQ">‘</c><w c5="VVG" hw="tow" pos="VERB">Towing </w><w c5="AT0" hw="a" pos="ART">a </w><w c5="NN1" hw="whale" pos="SUBST">whale </w><w c5="AVP" hw="around" pos="ADV">around </w><w c5="PRP" hw="in" pos="PREP">in </w><w c5="AT0" hw="a" pos="ART">a </w><w c5="AJ0" hw="tiny" pos="ADJ">tiny </w><w c5="NN1" hw="cage" pos="SUBST">cage </w><w c5="CJS" hw="when" pos="CONJ">when </w><w c5="PNP" hw="it" pos="PRON">it </w><w c5="VBZ" hw="be" pos="VERB">is </w><w c5="AJ0" hw="used" pos="ADJ">used </w><w c5="PRP" hw="to" pos="PREP">to </w><w c5="VVG" hw="roam" pos="VERB">roaming </w><w c5="AT0" hw="the" pos="ART">the </w><w c5="NN2" hw="ocean" pos="SUBST">oceans </w><w c5="VVZ" hw="defy" pos="VERB">defies </w><w c5="NN1" hw="belief" pos="SUBST">belief </w><w c5="CJC" hw="and" pos="CONJ">and </w><w c5="VVZ" hw="serve" pos="VERB">serves </w><w c5="AT0" hw="no" pos="ART">no </w><w c5="NN1" hw="purpose" pos="SUBST">purpose </w><w c5="PRP" hw="in" pos="PREP">in </w><w c5="NN1" hw="welfare" pos="SUBST">welfare </w><w c5="CJC" hw="or" pos="CONJ">or </w><w c5="NN1" hw="education" pos="SUBST">education </w><w c5="NN2" hw="term" pos="SUBST">terms</w><c c5="PUN">,</c><c c5="PUQ">’ </c><w c5="PNP" hw="he" pos="PRON">he </w><w c5="VVD" hw="say" pos="VERB">said</w><c c5="PUN">.</c></s></p><p>
<s n="15"><w c5="NP0" hw="mr" pos="SUBST">Mr </w><w c5="NP0" hw="whyte" pos="SUBST">Whyte </w><w c5="VVZ" hw="plan" pos="VERB">plans </w><w c5="TO0" hw="to" pos="PREP">to </w><w c5="VVI" hw="visit" pos="VERB">visit </w><w c5="AT0" hw="the" pos="ART">the </w><w c5="NN1" hw="research" pos="SUBST">research </w><w c5="NN1" hw="base" pos="SUBST">base </w><w c5="PRP" hw="at" pos="PREP">at </w><w c5="AJ0" hw="laspi" pos="ADJ">Laspi </w><w c5="NN1" hw="bay" pos="SUBST">Bay</w><c c5="PUN">, </c><w c5="PRP" hw="in" pos="PREP">in </w><w c5="AT0" hw="the" pos="ART">the </w><w c5="NP0" hw="crimea" pos="SUBST">Crimea </w><w c5="CRD" hw="20" pos="ADJ">20 </w><w c5="NN2" hw="mile" pos="SUBST">miles </w><w c5="NN1" hw="east" pos="SUBST">east </w><w c5="PRF" hw="of" pos="PREP">of </w><w c5="NP0-NN1" hw="sebastopol" pos="SUBST">Sebastopol</w><c c5="PUN">, </c><w c5="AVQ" hw="where" pos="ADV">where </w><w c5="NN1" hw="brightness" pos="SUBST">Brightness </w><w c5="VBD" hw="be" pos="VERB">was </w><w c5="VVN" hw="expect" pos="VERB">expected </w><w c5="TO0" hw="to" pos="PREP">to </w><w c5="VVI" hw="arrive" pos="VERB">arrive </w><w c5="ORD" hw="last" pos="ADJ">last </w><w c5="NN1" hw="night" pos="SUBST">night</w><c c5="PUN">, </c><w c5="TO0" hw="to" pos="PREP">to </w><w c5="VVI" hw="ask" pos="VERB">ask </w><w c5="AT0" hw="the" pos="ART">the </w><w c5="NN2" hw="russian" pos="SUBST">Russians </w><w c5="TO0" hw="to" pos="PREP">to </w><w c5="VVI" hw="drop" pos="VERB">drop </w><w c5="DPS" hw="they" pos="PRON">their </w><w c5="NN1" hw="plan" pos="SUBST">plan</w><c c5="PUN">.</c></s>
<s n="16"><c c5="PUQ">‘</c><w c5="DT0" hw="this" pos="ADJ">This </w><w c5="VBZ" hw="be" pos="VERB">is </w><w c5="AV0" hw="perfectly" pos="ADV">perfectly </w><w c5="AJ0" hw="sensible" pos="ADJ">sensible </w><w c5="PRP" hw="to" pos="PREP">to </w><w c5="AT0" hw="the" pos="ART">the </w><w c5="NN2" hw="russian" pos="SUBST">Russians </w><w c5="CJS" hw="because" pos="CONJ">because </w><w c5="PNP" hw="they" pos="PRON">they</w><w c5="VHB" hw="have" pos="VERB">'ve </w><w c5="VHN" hw="have" pos="VERB">had </w><w c5="AT0" hw="a" pos="ART">a </w><w c5="NN1" hw="trade" pos="SUBST">trade </w><w c5="PRP" hw="in" pos="PREP">in </w><w c5="VVG-NN1" hw="travel" pos="VERB">travelling </w><w c5="NN2-VVZ" hw="show" pos="SUBST">shows </w><w c5="PRP" hw="with" pos="PREP">with </w><w c5="NN2" hw="dolphin" pos="SUBST">dolphins </w><w c5="PRP" hw="for" pos="PREP">for </w><w c5="DT0" hw="some" pos="ADJ">some </w><w c5="NN1" hw="time" pos="SUBST">time</w><c c5="PUN">.</c></s>
<s n="17"><w c5="PNP" hw="we" pos="PRON">We </w><w c5="VVB" hw="know" pos="VERB">know </w><w c5="PRF" hw="of" pos="PREP">of </w><w c5="PNI-CRD" hw="one" pos="PRON">one </w><w c5="PRP" hw="in" pos="PREP">in </w><w c5="NP0" hw="vietnam" pos="SUBST">Vietnam </w><w c5="AVQ" hw="where" pos="ADV">where </w><w c5="PNP" hw="they" pos="PRON">they</w><w c5="VBB" hw="be" pos="VERB">'re </w><w c5="AV0" hw="literally" pos="ADV">literally </w><w c5="VVN-VVD" hw="tow" pos="VERB">towed </w><w c5="AVP" hw="around" pos="ADV">around </w><w c5="PRP" hw="in" pos="PREP">in </w><w c5="NN2" hw="tank" pos="SUBST">tanks</w><c c5="PUN">.</c><c c5="PUQ">’</c></s></p><p>
<s n="18"><w c5="NP0" hw="mr" pos="SUBST">Mr </w><w c5="NP0" hw="james" pos="SUBST">James </w><w c5="NP0" hw="barnet" pos="SUBST">Barnet</w><c c5="PUN">, </c><w c5="NN1-VVB" hw="house" pos="SUBST">house </w><w c5="NN1" hw="surgeon" pos="SUBST">surgeon </w><w c5="PRP" hw="at" pos="PREP">at </w><w c5="NP0" hw="whipsnade" pos="SUBST">Whipsnade </w><w c5="NN1" hw="zoo" pos="SUBST">zoo</w><c c5="PUN">, </c><w c5="VVD" hw="say" pos="VERB">said </w><w c5="AT0" hw="the" pos="ART">the </w><w c5="NN1" hw="level" pos="SUBST">level </w><w c5="PRF" hw="of" pos="PREP">of </w><w c5="NN1" hw="stress" pos="SUBST">stress </w><w c5="VBG" hw="be" pos="VERB">being </w><w c5="VVN" hw="tow" pos="VERB">towed </w><w c5="VM0" hw="would" pos="VERB">would </w><w c5="VVI" hw="inflict" pos="VERB">inflict </w><w c5="VVN-VVD" hw="make" pos="VERB">made </w><w c5="AT0" hw="the" pos="ART">the </w><w c5="NN1" hw="idea" pos="SUBST">idea </w><w c5="AV0" hw="utterly" pos="ADV">utterly </w><w c5="AJ0" hw="impracticable" pos="ADJ">impracticable</w><c c5="PUN">.</c></s></p><p>
<s n="19"><c c5="PUQ">‘</c><w c5="DT0" hw="this" pos="ADJ">This </w><w c5="VBZ" hw="be" pos="VERB">is </w><w c5="AV0" hw="actually" pos="ADV">actually </w><w c5="PRP" hw="beyond" pos="PREP">beyond </w><w c5="NN1" hw="comprehension" pos="SUBST">comprehension</w><c c5="PUN">,</c><c c5="PUQ">’ </c><w c5="PNP" hw="he" pos="PRON">he </w><w c5="VVD" hw="say" pos="VERB">said</w><c c5="PUN">.</c></s>
<s n="20"><c c5="PUQ">‘</c><w c5="AT0" hw="the" pos="ART">The </w><w c5="NP0" hw="black" pos="SUBST">Black </w><w c5="NP0" hw="sea" pos="SUBST">Sea </w><w c5="PRP" hw="at" pos="PREP">at </w><w c5="UNC" hw="24c" pos="UNC">24C </w><w c5="PRP" hw="in" pos="PREP">in </w><w c5="AT0" hw="the" pos="ART">the </w><w c5="NN1" hw="summer" pos="SUBST">summer </w><w c5="VBZ" hw="be" pos="VERB">is </w><w c5="AV0" hw="twice" pos="ADV">twice </w><w c5="DTQ" hw="what" pos="PRON">what </w><w c5="NN2" hw="beluga" pos="SUBST">belugas </w><w c5="VBB" hw="be" pos="VERB">are </w><w c5="VVN" hw="use" pos="VERB">used </w><w c5="PRP" hw="to" pos="PREP">to </w><w c5="PRP" hw="in" pos="PREP">in </w><w c5="AT0" hw="the" pos="ART">the </w><w c5="AJ0" hw="arctic" pos="ADJ">Arctic</w><c c5="PUN">.</c></s>
<s n="21"><w c5="AT0" hw="the" pos="ART">The </w><w c5="NP0" hw="mediterranean" pos="SUBST">Mediterranean </w><w c5="VBZ" hw="be" pos="VERB">is </w><w c5="AV0" hw="even" pos="ADV">even </w><w c5="AJC" hw="hot" pos="ADJ">hotter </w><w c5="CJC" hw="and" pos="CONJ">and </w><w c5="AV0" hw="more" pos="ADV">more </w><w c5="AJ0-VVN" hw="polluted" pos="ADJ">polluted</w><c c5="PUN">.</c><c c5="PUQ">’</c></s></p><p>
<s n="22"><w c5="AV0" hw="meanwhile" pos="ADV">Meanwhile</w><c c5="PUN">, </c><w c5="AT0" hw="the" pos="ART">the </w><w c5="AJS" hw="large" pos="ADJ">largest </w><w c5="AJ0" hw="indoor" pos="ADJ">indoor </w><w c5="NN1" hw="oceanarium" pos="SUBST">oceanarium </w><w c5="PRP" hw="in" pos="PREP">in </w><w c5="AT0" hw="the" pos="ART">the </w><w c5="NN1" hw="world" pos="SUBST">world</w><c c5="PUN">, </c><w c5="AT0" hw="the" pos="ART">the </w><w c5="NP0" hw="john" pos="SUBST">John </w><w c5="NP0" hw="g" pos="SUBST">G </w><w c5="NP0" hw="shedd" pos="SUBST">Shedd </w><w c5="PRP" hw="in" pos="PREP">in </w><w c5="NP0" hw="chicago" pos="SUBST">Chicago</w><c c5="PUN">, </c><w c5="DTQ" hw="which" pos="PRON">which </w><w c5="VBZ" hw="be" pos="VERB">is </w><w c5="AJ0" hw="keen" pos="ADJ">keen </w><w c5="TO0" hw="to" pos="PREP">to </w><w c5="VVI" hw="begin" pos="VERB">begin </w><w c5="AJ0" hw="captive" pos="ADJ">captive </w><w c5="NN1" hw="breeding" pos="SUBST">breeding </w><w c5="PRF" hw="of" pos="PREP">of </w><w c5="NN2" hw="beluga" pos="SUBST">belugas</w><c c5="PUN">, </c><w c5="VHZ" hw="have" pos="VERB">has </w><w c5="VVN" hw="apply" pos="VERB">applied </w><w c5="PRP" hw="to" pos="PREP">to </w><w c5="AT0" hw="the" pos="ART">the </w><w c5="AJ0" hw="american" pos="ADJ">American </w><w c5="NN2" hw="authority" pos="SUBST">authorities </w><w c5="PRP" hw="for" pos="PREP">for </w><w c5="AT0" hw="an" pos="ART">an </w><w c5="NN1" hw="import" pos="SUBST">import </w><w c5="NN1" hw="licence" pos="SUBST">licence </w><w c5="PRP" hw="for" pos="PREP">for </w><w c5="NN1" hw="brightness" pos="SUBST">Brightness</w><c c5="PUN">.</c></s></p><p>
<s n="23"><w c5="AT0" hw="the" pos="ART">The </w><w c5="NP0-NN1" hw="shedd" pos="SUBST">Shedd </w><w c5="VBZ" hw="be" pos="VERB">is </w><w c5="AV0" hw="widely" pos="ADV">widely </w><w c5="VVN" hw="regard" pos="VERB">regarded </w><w c5="PRP" hw="as" pos="PREP">as </w><w c5="AT0" hw="the" pos="ART">the </w><w c5="AV0" hw="most" pos="ADV">most </w><w c5="AJ0" hw="advanced" pos="ADJ">advanced </w><w c5="NN1" hw="oceanarium" pos="SUBST">oceanarium </w><w c5="PRP" hw="in" pos="PREP">in </w><w c5="AT0" hw="the" pos="ART">the </w><w c5="NN1" hw="world" pos="SUBST">world</w><c c5="PUN">.</c></s>
<s n="24"><w c5="DPS" hw="it" pos="PRON">Its </w><w c5="CRD" hw="two" pos="ADJ">two </w><w c5="NN2" hw="beluga" pos="SUBST">belugas </w><w c5="CJC" hw="and" pos="CONJ">and </w><w c5="CRD" hw="four" pos="ADJ">four </w><w c5="NP0" hw="pacific" pos="SUBST">Pacific </w><w c5="NN2" hw="dolphin" pos="SUBST">dolphins </w><w c5="VVB" hw="enjoy" pos="VERB">enjoy </w><w c5="CRD" hw="three" pos="ADJ">three </w><w c5="CRD" hw="million" pos="ADJ">million </w><w c5="NN2" hw="gallon" pos="SUBST">gallons </w><w c5="PRF" hw="of" pos="PREP">of </w><w c5="NN1" hw="sea" pos="SUBST">sea </w><w c5="NN1" hw="water" pos="SUBST">water </w><w c5="PRP" hw="in" pos="PREP">in </w><w c5="CRD" hw="170,000" pos="ADJ">170,000 </w><w c5="AJ0" hw="square" pos="ADJ">square </w><w c5="NN2" hw="foot" pos="SUBST">feet </w><w c5="NN1-VVB" hw="pool" pos="SUBST">pool</w><c c5="PUN">.</c></s></p><p>
<s n="25"><w c5="PNP" hw="it" pos="PRON">It </w><w c5="VBZ" hw="be" pos="VERB">is </w><w c5="VVN-AJ0" hw="expect" pos="VERB">expected </w><w c5="TO0" hw="to" pos="PREP">to </w><w c5="VVI" hw="contact" pos="VERB">contact </w><w c5="AT0" hw="the" pos="ART">the </w><w c5="NP0" hw="st" pos="SUBST">St </w><w c5="NP0" hw="petersburg" pos="SUBST">Petersburg </w><w c5="NN1" hw="institute" pos="SUBST">Institute </w><w c5="PRP" hw="for" pos="PREP">for </w><w c5="NN1" hw="research" pos="SUBST">Research </w><w c5="CJC" hw="and" pos="CONJ">and </w><w c5="NN1" hw="development" pos="SUBST">Development </w><w c5="PRF" hw="of" pos="PREP">of </w><w c5="AJ0" hw="biotechnical" pos="ADJ">Biotechnical </w><w c5="NN2" hw="system" pos="SUBST">Systems</w><c c5="PUN">, </c><w c5="AT0" hw="the" pos="ART">the </w><w c5="NN1" hw="whale" pos="SUBST">whale</w><w c5="POS" hw="'s" pos="UNC">'s </w><w c5="NN2" hw="owner" pos="SUBST">owners</w><c c5="PUN">, </c><w c5="TO0" hw="to" pos="PREP">to </w><w c5="VVI" hw="offer" pos="VERB">offer </w><w c5="AT0" hw="a" pos="ART">a </w><w c5="NN1" hw="home" pos="SUBST">home </w><w c5="PRP" hw="to" pos="PREP">to </w><w c5="NN1" hw="brightness" pos="SUBST">Brightness </w><w c5="DTQ" hw="which" pos="PRON">which</w><c c5="PUN">, </c><w c5="PRP" hw="in" pos="PREP">in </w><w c5="AJ0" hw="commercial" pos="ADJ">commercial </w><w c5="NN2" hw="term" pos="SUBST">terms</w><c c5="PUN">, </c><w c5="VBZ" hw="be" pos="VERB">is </w><w c5="PRP" hw="worth" pos="PREP">worth </w><w c5="AV0" hw="about" pos="ADV">about </w><w c5="NN0" hw="£100,000" pos="UNC">£100,000</w><c c5="PUN">, </c><w c5="VVG" hw="exclude" pos="VERB">excluding </w><w c5="AT0" hw="a" pos="ART">a </w><w c5="NN1-AJ0" hw="premium" pos="SUBST">premium </w><w c5="PRP" hw="for" pos="PREP">for </w><w c5="DPS" hw="he" pos="PRON">his </w><w c5="NN1" hw="fame" pos="SUBST">fame</w><c c5="PUN">.</c></s></p><p>
<s n="26"><w c5="AT0" hw="the" pos="ART">The </w><w c5="AJ0" hw="huge" pos="ADJ">huge </w><w c5="AJ0" hw="international" pos="ADJ">international </w><w c5="NN1" hw="interest" pos="SUBST">interest </w><w c5="PRP" hw="in" pos="PREP">in </w><w c5="NN1" hw="brightness" pos="SUBST">Brightness </w><w c5="DTQ" hw="which" pos="PRON">which </w><w c5="VVD" hw="follow" pos="VERB">followed </w><w c5="DPS" hw="he" pos="PRON">his </w><w c5="NN1" hw="escape" pos="SUBST">escape </w><w c5="PRP" hw="to" pos="PREP">to </w><w c5="NN1" hw="freedom" pos="SUBST">freedom </w><w c5="PRP" hw="in" pos="PREP">in </w><w c5="AJ0" hw="turkish" pos="ADJ">Turkish </w><w c5="NN2" hw="water" pos="SUBST">waters</w><c c5="PUN">, </c><w c5="VHZ" hw="have" pos="VERB">has </w><w c5="VVN" hw="turn" pos="VERB">turned </w><w c5="PNP" hw="he" pos="PRON">him </w><w c5="PRP" hw="into" pos="PREP">into </w><w c5="AT0" hw="a" pos="ART">a </w><w c5="AJ0" hw="valuable" pos="ADJ">valuable </w><w c5="NN1" hw="commodity" pos="SUBST">commodity</w><c c5="PUN">.</c></s>
<s n="27"><w c5="PRP" hw="despite" pos="PREP">Despite </w><w c5="AJ0" hw="great" pos="ADJ">great </w><w c5="NN1" hw="pressure" pos="SUBST">pressure </w><w c5="TO0" hw="to" pos="PREP">to </w><w c5="VVI" hw="allow" pos="VERB">allow </w><w c5="AT0" hw="a" pos="ART">a </w><w c5="NN1" hw="rescue" pos="SUBST">rescue </w><w c5="NN1-VVB" hw="plan" pos="SUBST">plan </w><w c5="TO0" hw="to" pos="PREP">to </w><w c5="VVI" hw="airlift" pos="VERB">airlift </w><w c5="PNP" hw="he" pos="PRON">him </w><w c5="AVP" hw="back" pos="ADV">back </w><w c5="PRP" hw="to" pos="PREP">to </w><w c5="AT0" hw="a" pos="ART">a </w><w c5="AJ0" hw="natural" pos="ADJ">natural </w><w c5="NN1" hw="habitat" pos="SUBST">habitat </w><w c5="PRP" hw="in" pos="PREP">in </w><w c5="AJ0" hw="cold" pos="ADJ">cold </w><w c5="AJ0" hw="arctic" pos="ADJ">Arctic </w><w c5="NN2" hw="water" pos="SUBST">waters</w><c c5="PUN">, </c><w c5="AT0" hw="the" pos="ART">the </w><w c5="AJ0" hw="turkish" pos="ADJ">Turkish </w><w c5="NN2" hw="authority" pos="SUBST">authorities </w><w c5="VVD-VVN" hw="decide" pos="VERB">decided </w><w c5="TO0" hw="to" pos="PREP">to </w><w c5="VVI" hw="let" pos="VERB">let </w><w c5="AJ0" hw="russian" pos="ADJ">Russian </w><w c5="NN2" hw="expert" pos="SUBST">experts </w><w c5="VVI" hw="take" pos="VERB">take </w><w c5="NN1" hw="charge" pos="SUBST">charge </w><w c5="PRF" hw="of" pos="PREP">of </w><w c5="PNP" hw="he" pos="PRON">him</w><c c5="PUN">.</c></s></p><p>
<s n="28"><w c5="NP0" hw="dr" pos="SUBST">Dr </w><w c5="NP0" hw="zhurid" pos="SUBST">Zhurid </w><w c5="VVD" hw="say" pos="VERB">said </w><w c5="NN1" hw="brightness" pos="SUBST">Brightness </w><w c5="CJC" hw="and" pos="CONJ">and </w><w c5="AJ0" hw="gorgeous" pos="ADJ">Gorgeous</w><c c5="PUN">, </c><w c5="AT0" hw="the" pos="ART">the </w><w c5="AJ0" hw="other" pos="ADJ">other </w><w c5="NN1" hw="beluga" pos="SUBST">beluga</w><c c5="PUN">, </c><w c5="VM0" hw="would" pos="VERB">would </w><w c5="VBI" hw="be" pos="VERB">be </w><w c5="VVN" hw="look" pos="VERB">looked </w><w c5="PRP" hw="after" pos="PREP">after </w><w c5="PRP" hw="by" pos="PREP">by </w><w c5="AT0" hw="the" pos="ART">the </w><w c5="AJ0-NN1" hw="moscow-based" pos="ADJ">Moscow-based </w><w c5="NN1" hw="institute" pos="SUBST">Institute </w><w c5="PRF" hw="of" pos="PREP">of </w><w c5="NN1" hw="evolution" pos="SUBST">Evolution </w><w c5="CJC" hw="and" pos="CONJ">and </w><w c5="NN1" hw="animal" pos="SUBST">Animal </w><w c5="NN1" hw="morphology" pos="SUBST">Morphology</w><c c5="PUN">.</c></s></p></div><div level="1"><head type="MAIN">
<s n="29"><w c5="NN2" hw="scientist" pos="SUBST">Scientists </w><w c5="VVB-NN1" hw="catch" pos="VERB">catch </w><w c5="NN2" hw="aphid" pos="SUBST">aphids </w><w c5="PRP" hw="on" pos="PREP">on </w><w c5="AT0" hw="the" pos="ART">the </w><w c5="NN1" hw="hop" pos="SUBST">hop</w></s></head><head type="BYLINE">
<s n="30"><w c5="PRP" hw="by" pos="PREP">By </w><w c5="NP0" hw="david" pos="SUBST">David </w><w c5="NP0" hw="brown" pos="SUBST">Brown</w><c c5="PUN">, </c><w c5="NN1" hw="agriculture" pos="SUBST">Agriculture </w><w c5="NN1" hw="correspondent" pos="SUBST">Correspondent</w></s></head><p>
<s n="31"><w c5="NN1" hw="killer" pos="SUBST">KILLER </w><w c5="NN2" hw="insect" pos="SUBST">insects </w><w c5="VHB" hw="have" pos="VERB">have </w><w c5="VBN" hw="be" pos="VERB">been </w><w c5="VVN" hw="enlist" pos="VERB">enlisted </w><w c5="TO0" hw="to" pos="PREP">to </w><w c5="VVI" hw="help" pos="VERB">help </w><w c5="NP0" hw="britain" pos="SUBST">Britain</w><w c5="POS" hw="'s" pos="UNC">'s </w><w c5="NN1" hw="beer" pos="SUBST">beer </w><w c5="NN2" hw="drinker" pos="SUBST">drinkers</w><c c5="PUN">, </c><w c5="NN2" hw="scientist" pos="SUBST">scientists </w><w c5="VVD" hw="say" pos="VERB">said </w><w c5="AV0" hw="yesterday" pos="ADV">yesterday</w><c c5="PUN">.</c></s></p><p>
<s n="32"><w c5="NN2" hw="army" pos="SUBST">Armies </w><w c5="PRF" hw="of" pos="PREP">of </w><w c5="NN2" hw="lacewing" pos="SUBST">lacewings</w><c c5="PUN">, </c><w c5="AJ0" hw="green" pos="ADJ">green </w><w c5="AJ0-NN1" hw="flying" pos="ADJ">flying </w><w c5="NN2" hw="insect" pos="SUBST">insects </w><w c5="PRP" hw="with" pos="PREP">with </w><w c5="AJ0" hw="delicate" pos="ADJ">delicate </w><w c5="NN2" hw="wing" pos="SUBST">wings </w><w c5="CJC" hw="and" pos="CONJ">and </w><w c5="AJ0" hw="voracious" pos="ADJ">voracious </w><w c5="NN2" hw="appetite" pos="SUBST">appetites </w><w c5="PRP" hw="for" pos="PREP">for </w><w c5="AJ0" hw="other" pos="ADJ">other </w><w c5="NN2" hw="beasty" pos="SUBST">beasties</w><c c5="PUN">, </c><w c5="VBB" hw="be" pos="VERB">are </w><w c5="VBG" hw="be" pos="VERB">being </w><w c5="VVN" hw="unleash" pos="VERB">unleashed </w><w c5="TO0" hw="to" pos="PREP">to </w><w c5="VVI" hw="consume" pos="VERB">consume </w><w c5="CRD" hw="billions" pos="ADJ">billions </w><w c5="PRF" hw="of" pos="PREP">of </w><w c5="AJ0" hw="tiny" pos="ADJ">tiny </w><w c5="NN2" hw="aphid" pos="SUBST">aphids </w><w c5="DTQ" hw="which" pos="PRON">which </w><w c5="VVB" hw="devour" pos="VERB">devour </w><w c5="AT0" hw="the" pos="ART">the </w><w c5="NN2" hw="hop" pos="SUBST">hops </w><w c5="VVN-VVD" hw="use" pos="VERB">used </w><w c5="PRP" hw="in" pos="PREP">in </w><w c5="NN1" hw="brewing" pos="SUBST">brewing</w><c c5="PUN">.</c></s></p><p>
<s n="33"><w c5="AT0" hw="the" pos="ART">The </w><w c5="AJ0" hw="main" pos="ADJ">main </w><w c5="NN2" hw="target" pos="SUBST">targets </w><w c5="VBB" hw="be" pos="VERB">are </w><w c5="AJ0" hw="damson-hop" pos="ADJ">damson-hop </w><w c5="NN2" hw="aphid" pos="SUBST">aphids</w><c c5="PUN">, </c><w c5="VVN-VVD" hw="relate" pos="VERB">related </w><w c5="PRP" hw="to" pos="PREP">to </w><w c5="AT0" hw="the" pos="ART">the </w><w c5="AJ0" hw="common" pos="ADJ">common </w><w c5="AV0" hw="greenfly" pos="ADV">greenfly </w><w c5="CJC" hw="and" pos="CONJ">and </w><w c5="AV0" hw="about" pos="ADV">about </w><w c5="DT0" hw="half" pos="ADJ">half </w><w c5="AT0" hw="the" pos="ART">the </w><w c5="NN1" hw="size" pos="SUBST">size </w><w c5="PRF" hw="of" pos="PREP">of </w><w c5="AT0" hw="a" pos="ART">a </w><w c5="NN1" hw="grain" pos="SUBST">grain </w><w c5="PRF" hw="of" pos="PREP">of </w><w c5="NN1" hw="rice" pos="SUBST">rice</w><c c5="PUN">, </c><w c5="DTQ" hw="which" pos="PRON">which </w><w c5="VHB" hw="have" pos="VERB">have </w><w c5="VVN" hw="develop" pos="VERB">developed </w><w c5="NN1" hw="immunity" pos="SUBST">immunity </w><w c5="PRP" hw="to" pos="PREP">to </w><w c5="NN2" hw="pesticide" pos="SUBST">pesticides</w><c c5="PUN">.</c></s></p><p>
<s n="34"><w c5="AV0" hw="yesterday" pos="ADV">Yesterday</w><c c5="PUN">, </c><w c5="NP0" hw="dr" pos="SUBST">Dr </w><w c5="NP0" hw="colin" pos="SUBST">Colin </w><w c5="NP0" hw="campbell" pos="SUBST">Campbell</w><c c5="PUN">, </c><w c5="PRF" hw="of" pos="PREP">of </w><w c5="NP0-NN1" hw="horticulture" pos="SUBST">Horticulture </w><w c5="NN1-VVB" hw="research" pos="SUBST">Research </w><w c5="AJ0" hw="international" pos="ADJ">International</w><w c5="VBZ" hw="be" pos="VERB">'s </w><w c5="AJ0" hw="experimental" pos="ADJ">experimental </w><w c5="NN1" hw="station" pos="SUBST">station </w><w c5="PRP" hw="at" pos="PREP">at </w><w c5="NN1" hw="east" pos="SUBST">East </w><w c5="NP0" hw="malling" pos="SUBST">Malling</w><c c5="PUN">, </c><w c5="NP0" hw="kent" pos="SUBST">Kent</w><c c5="PUN">, </c><w c5="VVD" hw="say" pos="VERB">said </w><w c5="DPS" hw="he" pos="PRON">his </w><w c5="NN1" hw="team" pos="SUBST">team </w><w c5="VHD" hw="have" pos="VERB">had </w><w c5="VVN" hw="find" pos="VERB">found </w><w c5="AT0" hw="a" pos="ART">a </w><w c5="NN1" hw="way" pos="SUBST">way </w><w c5="PRF" hw="of" pos="PREP">of </w><w c5="VVG" hw="predict" pos="VERB">predicting </w><w c5="AT0" hw="the" pos="ART">the </w><w c5="NN1" hw="migration" pos="SUBST">migration </w><w c5="NN2" hw="pattern" pos="SUBST">patterns </w><w c5="PRF" hw="of" pos="PREP">of </w><w c5="AJ0" hw="harmful" pos="ADJ">harmful </w><w c5="NN2" hw="aphid" pos="SUBST">aphids </w><w c5="CJC" hw="and" pos="CONJ">and </w><w c5="VM0" hw="could" pos="VERB">could </w><w c5="VVI" hw="lay" pos="VERB">lay </w><w c5="PRP-AVP" hw="on" pos="PREP">on </w><w c5="NN2-VVZ" hw="ambush" pos="SUBST">ambushes </w><w c5="TO0" hw="to" pos="PREP">to </w><w c5="VVI" hw="kill" pos="VERB">kill </w><w c5="PNP" hw="they" pos="PRON">them </w><w c5="CJS" hw="when" pos="CONJ">when </w><w c5="PNP" hw="they" pos="PRON">they </w><w c5="VVD" hw="arrive" pos="VERB">arrived</w><c c5="PUN">.</c></s></p><p>
<s n="35"><w c5="CRD" hw="three" pos="ADJ">Three </w><w c5="NN0" hw="species" pos="SUBST">species </w><w c5="PRF" hw="of" pos="PREP">of </w><w c5="NN1-VVG" hw="lacewing" pos="SUBST">lacewing </w><w c5="VBD" hw="be" pos="VERB">were </w><w c5="VBG" hw="be" pos="VERB">being </w><w c5="VVN" hw="study" pos="VERB">studied</w><c c5="PUN">.</c></s>
<s n="36"><w c5="PNI-CRD" hw="one" pos="PRON">One </w><w c5="VBD" hw="be" pos="VERB">was </w><w c5="AJ0" hw="effective" pos="ADJ">effective </w><w c5="CJC" hw="and" pos="CONJ">and </w><w c5="AV0" hw="readily" pos="ADV">readily </w><w c5="AJ0" hw="available" pos="ADJ">available </w><w c5="PRP" hw="from" pos="PREP">from </w><w c5="AJ0" hw="commercial" pos="ADJ">commercial </w><w c5="NN2" hw="breeder" pos="SUBST">breeders</w><c c5="PUN">.</c></s>
<s n="37"><w c5="AT0" hw="a" pos="ART">A </w><w c5="NN1" hw="second" pos="SUBST">second </w><w c5="VBD" hw="be" pos="VERB">was </w><w c5="AV0" hw="even" pos="ADV">even </w><w c5="AJC" hw="good" pos="ADJ">better </w><w c5="CJC" hw="and" pos="CONJ">and </w><w c5="VM0" hw="could" pos="VERB">could </w><w c5="VBI" hw="be" pos="VERB">be </w><w c5="VVN" hw="make" pos="VERB">made </w><w c5="AV0" hw="readily" pos="ADV">readily </w><w c5="AJ0" hw="available" pos="ADJ">available </w><w c5="PRP" hw="from" pos="PREP">from </w><w c5="AJ0" hw="commercial" pos="ADJ">commercial </w><w c5="NN2" hw="grower" pos="SUBST">growers</w><c c5="PUN">.</c></s>
<s n="38"><w c5="AT0" hw="a" pos="ART">A </w><w c5="ORD" hw="third" pos="ADJ">third </w><w c5="VHD" hw="have" pos="VERB">had </w><w c5="DT0" hw="such" pos="ADJ">such </w><w c5="AT0" hw="a" pos="ART">a </w><w c5="AJ0" hw="huge" pos="ADJ">huge </w><w c5="NN1" hw="appetite" pos="SUBST">appetite </w><w c5="PRP" hw="for" pos="PREP">for </w><w c5="NN2" hw="aphid" pos="SUBST">aphids </w><w c5="CJT" hw="that" pos="CONJ">that </w><c c5="PUQ">‘</c><w c5="PNP" hw="we" pos="PRON">we </w><w c5="VM0" hw="can" pos="VERB">ca</w><w c5="XX0" hw="not" pos="ADV">n't </w><w c5="VVI" hw="stuff" pos="VERB">stuff </w><w c5="AV0" hw="enough" pos="ADV">enough </w><w c5="PRP" hw="into" pos="PREP">into </w><w c5="PNP" hw="they" pos="PRON">them</w><c c5="PUQ">’</c><c c5="PUN">, </c><w c5="PNP" hw="he" pos="PRON">he </w><w c5="VVD" hw="say" pos="VERB">said</w><c c5="PUN">.</c></s>
<s n="39"><w c5="PNP" hw="he" pos="PRON">He </w><w c5="VVD" hw="add" pos="VERB">added </w><w c5="CJT" hw="that" pos="CONJ">that </w><mw c5="AV0"><w c5="PRP" hw="at" pos="PREP">at </w><w c5="NN1" hw="present" pos="SUBST">present </w></mw><w c5="EX0" hw="there" pos="PRON">there </w><w c5="VBD" hw="be" pos="VERB">were </w><w c5="NN2" hw="problem" pos="SUBST">problems </w><w c5="PRF" hw="of" pos="PREP">of </w><w c5="VVG" hw="breed" pos="VERB">breeding </w><w c5="AT0" hw="the" pos="ART">the </w><c c5="PUQ">‘</c><w c5="AJ0" hw="super" pos="ADJ">super </w><w c5="NN2" hw="killer" pos="SUBST">killers</w><c c5="PUQ">’ </c><w c5="PRP" hw="in" pos="PREP">in </w><w c5="NN1" hw="captivity" pos="SUBST">captivity</w><c c5="PUN">, </c><w c5="CJC" hw="but" pos="CONJ">but </w><w c5="PNP" hw="he" pos="PRON">he </w><w c5="VVD" hw="hope" pos="VERB">hoped </w><w c5="CJT" hw="that" pos="CONJ">that </w><w c5="DT0" hw="these" pos="ADJ">these </w><w c5="VM0" hw="would" pos="VERB">would </w><w c5="VBI" hw="be" pos="VERB">be </w><w c5="VVN" hw="overcome" pos="VERB">overcome</w><c c5="PUN">.</c></s></p><p>
<s n="40"><w c5="AT0" hw="the" pos="ART">The </w><w c5="NN1" hw="work" pos="SUBST">work </w><w c5="PRP" hw="in" pos="PREP">in </w><w c5="VVG" hw="protect" pos="VERB">protecting </w><w c5="NP0" hw="britain" pos="SUBST">Britain</w><w c5="POS" hw="'s" pos="UNC">'s </w><w c5="NN1" hw="hop" pos="SUBST">hop </w><w c5="NN1" hw="crop" pos="SUBST">crop </w><w c5="VBZ" hw="be" pos="VERB">is </w><w c5="NN1" hw="part" pos="SUBST">part </w><w c5="PRF" hw="of" pos="PREP">of </w><w c5="AT0" hw="the" pos="ART">the </w><w c5="NN1" hw="research" pos="SUBST">research </w><w c5="NN1" hw="programme" pos="SUBST">programme </w><w c5="PRF" hw="of" pos="PREP">of </w><w c5="NP0-NN1" hw="horticulture" pos="SUBST">Horticulture </w><w c5="NN1-VVB" hw="research" pos="SUBST">Research </w><w c5="AJ0" hw="international" pos="ADJ">International</w><c c5="PUN">, </c><w c5="AT0" hw="a" pos="ART">a </w><w c5="AV0" hw="recently" pos="ADV">recently </w><w c5="AJ0" hw="privatised" pos="ADJ">privatised </w><w c5="NN1" hw="group" pos="SUBST">group </w><w c5="PRF" hw="of" pos="PREP">of </w><w c5="NN2" hw="scientist" pos="SUBST">scientists </w><w c5="DTQ" hw="which" pos="PRON">which </w><w c5="AV0" hw="still" pos="ADV">still </w><w c5="VHZ" hw="have" pos="VERB">has </w><w c5="NN1" hw="support" pos="SUBST">support </w><w c5="PRP" hw="from" pos="PREP">from </w><w c5="AT0" hw="the" pos="ART">the </w><w c5="NN1" hw="ministry" pos="SUBST">Ministry </w><w c5="PRF" hw="of" pos="PREP">of </w><w c5="NN1" hw="agriculture" pos="SUBST">Agriculture </w><w c5="CJC" hw="and" pos="CONJ">and </w><w c5="AT0" hw="the" pos="ART">the </w><w c5="AJ0" hw="agricultural" pos="ADJ">Agricultural </w><w c5="CJC" hw="and" pos="CONJ">and </w><w c5="NN1" hw="food" pos="SUBST">Food </w><w c5="NN1" hw="research" pos="SUBST">Research </w><w c5="NN1" hw="council" pos="SUBST">Council</w><c c5="PUN">.</c></s></p><p>
<s n="41"><w c5="NP0" hw="prof" pos="SUBST">Prof </w><w c5="NP0" hw="chris" pos="SUBST">Chris </w><w c5="NP0" hw="payne" pos="SUBST">Payne</w><c c5="PUN">, </c><w c5="NP0" hw="hri" pos="SUBST">HRI</w><w c5="POS" hw="'s" pos="UNC">'s </w><w c5="AJ0-NN1" hw="chief" pos="ADJ">chief </w><w c5="NN1" hw="executive" pos="SUBST">executive</w><c c5="PUN">, </c><w c5="VVD" hw="say" pos="VERB">said</w><c c5="PUN">: </c><c c5="PUQ">‘</c><w c5="AT0" hw="the" pos="ART">The </w><w c5="NN1" hw="work" pos="SUBST">work </w><w c5="VBZ" hw="be" pos="VERB">is </w><w c5="NN1" hw="part" pos="SUBST">part </w><w c5="PRF" hw="of" pos="PREP">of </w><w c5="DPS" hw="we" pos="PRON">our </w><w c5="NN1" hw="twin" pos="SUBST">twin </w><w c5="NN2" hw="goal" pos="SUBST">goals </w><w c5="PRF" hw="of" pos="PREP">of </w><w c5="VVG" hw="achieve" pos="VERB">achieving </w><w c5="AV0" hw="environmentally" pos="ADV">environmentally </w><w c5="AJ0" hw="sustainable" pos="ADJ">sustainable </w><w c5="AJ0-NN1" hw="horticultural" pos="ADJ">horticultural </w><w c5="NN1" hw="production" pos="SUBST">production </w><w c5="CJC" hw="and" pos="CONJ">and </w><w c5="VVG-AJ0" hw="add" pos="VERB">adding </w><w c5="NN1" hw="value" pos="SUBST">value </w><w c5="PRP" hw="for" pos="PREP">for </w><w c5="AT0" hw="the" pos="ART">the </w><w c5="NP0" hw="uk" pos="SUBST">UK </w><w c5="NN1" hw="grower" pos="SUBST">grower</w><c c5="PUN">.</c></s></p><p>
<s n="42"><c c5="PUQ">‘</c><w c5="PNP" hw="we" pos="PRON">We </w><w c5="VBB" hw="be" pos="VERB">are </w><w c5="VVG" hw="try" pos="VERB">trying </w><w c5="TO0" hw="to" pos="PREP">to </w><w c5="VVI" hw="minimise" pos="VERB">minimise </w><w c5="NN1" hw="pollution" pos="SUBST">pollution </w><w c5="CJC" hw="and" pos="CONJ">and </w><w c5="VVB" hw="improve" pos="VERB">improve </w><w c5="NN1" hw="quality" pos="SUBST">quality </w><w c5="PRP" hw="by" pos="PREP">by </w><w c5="VVG" hw="keep" pos="VERB">keeping </w><w c5="AT0" hw="the" pos="ART">the </w><w c5="NN1" hw="use" pos="SUBST">use </w><w c5="PRF" hw="of" pos="PREP">of </w><w c5="NN2" hw="pesticide" pos="SUBST">pesticides </w><w c5="PRP" hw="at" pos="PREP">at </w><w c5="AT0" hw="a" pos="ART">a </w><w c5="NN1-AJ0" hw="minimum" pos="SUBST">minimum</w><c c5="PUN">.</c><c c5="PUQ">’</c></s></p><p>
<s n="43"><w c5="PNP" hw="he" pos="PRON">He </w><w c5="VVD" hw="welcome" pos="VERB">welcomed </w><w c5="AT0" hw="a" pos="ART">a </w><w c5="AJ0" hw="recent" pos="ADJ">recent </w><w c5="NN1" hw="government" pos="SUBST">Government </w><w c5="NN1" hw="announcement" pos="SUBST">announcement </w><w c5="CJT" hw="that" pos="CONJ">that </w><w c5="AT0" hw="an" pos="ART">an </w><w c5="AJ0" hw="extra" pos="ADJ">extra </w><w c5="NN0" hw="£25" pos="UNC">£25 </w><w c5="CRD" hw="million" pos="ADJ">million </w><w c5="VM0" hw="would" pos="VERB">would </w><w c5="VBI" hw="be" pos="VERB">be </w><w c5="VVN" hw="make" pos="VERB">made </w><w c5="AJ0" hw="available" pos="ADJ">available </w><w c5="TO0" hw="to" pos="PREP">to </w><w c5="VVI" hw="help" pos="VERB">help </w><w c5="DPS" hw="he" pos="PRON">his </w><w c5="NN1" hw="organisation" pos="SUBST">organisation </w><w c5="TO0" hw="to" pos="PREP">to </w><w c5="VVI" hw="restructure" pos="VERB">restructure </w><w c5="PNX" hw="itself" pos="PRON">itself </w><w c5="PRP-AVP" hw="over" pos="PREP">over </w><w c5="AT0" hw="the" pos="ART">the </w><w c5="ORD" hw="next" pos="ADJ">next </w><w c5="CRD" hw="three" pos="ADJ">three </w><w c5="NN2" hw="year" pos="SUBST">years</w><c c5="PUN">.</c></s></p><p>
<s n="44"><w c5="PNP" hw="he" pos="PRON">He </w><w c5="VVD" hw="say" pos="VERB">said </w><w c5="CRD" hw="one" pos="ADJ">one </w><w c5="PRF" hw="of" pos="PREP">of </w><w c5="AT0" hw="the" pos="ART">the </w><w c5="NN2" hw="aim" pos="SUBST">aims </w><w c5="VBD" hw="be" pos="VERB">was </w><w c5="TO0" hw="to" pos="PREP">to </w><w c5="VVI" hw="encourage" pos="VERB">encourage </w><w c5="AT0" hw="the" pos="ART">the </w><w c5="AJ0-NN1" hw="horticultural" pos="ADJ">horticultural </w><w c5="NN1" hw="industry" pos="SUBST">industry </w><w c5="TO0" hw="to" pos="PREP">to </w><w c5="VVI" hw="fund" pos="VERB">fund </w><w c5="DT0" hw="much" pos="ADJ">much </w><w c5="PRF" hw="of" pos="PREP">of </w><w c5="AT0" hw="the" pos="ART">the </w><w c5="NN1" hw="research" pos="SUBST">research </w><w c5="PRP" hw="from" pos="PREP">from </w><w c5="DPS" hw="it" pos="PRON">its </w><w c5="DT0" hw="own" pos="ADJ">own </w><w c5="NN2" hw="resource" pos="SUBST">resources</w><c c5="PUN">.</c></s></p></div></wtext></bncDoc>
