<bncDoc xml:id="AJ7"><teiHeader><fileDesc><titleStmt><title>  Daily Telegraph, electronic edition of 1992-04-08: Applied Science pages. Sample containing about 586 words from a periodical (domain: applied science) </title><respStmt><resp> Data capture and transcription </resp><name> Oxford University Press </name> </respStmt></titleStmt><editionStmt><edition>BNC XML Edition, December 2006</edition></editionStmt><extent> 586 tokens; 591 w-units; 31 s-units </extent><publicationStmt><distributor>Distributed under licence by Oxford University Computing Services on behalf of the BNC Consortium.</distributor><availability> This material is protected by international copyright laws and may not be copied or redistributed in any way. Consult the BNC Web Site at http://www.natcorp.ox.ac.uk for full licencing and distribution conditions.</availability><idno type="bnc">AJ7</idno><idno type="old"> DeAppS </idno></publicationStmt><sourceDesc><bibl><title>Daily Telegraph, electronic edition of 1992-04-08: Applied Science pages.</title> <imprint n="DAILYT1"><publisher>The Daily Telegraph plc</publisher> <pubPlace>London</pubPlace> <date value="1992">1992</date> </imprint> </bibl></sourceDesc></fileDesc><encodingDesc><tagsDecl><namespace name=""><tagUsage gi="c" occurs="62"/><tagUsage gi="div" occurs="2"/><tagUsage gi="head" occurs="4"/><tagUsage gi="mw" occurs="6"/><tagUsage gi="p" occurs="18"/><tagUsage gi="s" occurs="31"/><tagUsage gi="w" occurs="591"/></namespace></tagsDecl></encodingDesc><profileDesc><creation date="1992"> </creation><textClass><catRef targets="WRI ALLTIM3 ALLAVA2 ALLTYP3 WRIAAG0 WRIAD0 WRIASE3 WRIATY2 WRIAUD3 WRIDOM3 WRILEV2 WRIMED2 WRIPP5 WRISAM0 WRISTA3 WRITAS3"/><classCode scheme="DLEE">W newsp brdsht nat: science</classCode><keywords><term> (none) </term></keywords></textClass></profileDesc><revisionDesc><change date="2006-10-21" who="#OUCS">Tag usage updated for BNC-XML</change><change date="2000-12-13" who="#OUCS">Last check for BNC World first release</change><change date="2000-09-06" who="#OUCS">Redo tagusage tables</change><change date="2000-09-01" who="#OUCS">Check all tagcounts</change><change date="2000-06-23" who="#OUCS">Resequenced s-units and added headers</change><change date="2000-01-21" who="#OUCS">Added date info</change><change date="2000-01-09" who="#OUCS">Updated all catrefs</change><change date="2000-01-08" who="#OUCS">Updated source title</change><change date="2000-01-08" who="#OUCS">Updated titles</change><change date="1999-12-25" who="#OUCS">corrected tagUsage</change><change date="1999-09-13" who="#UCREL">POS codes revised for BNC-2; header updated</change><change date="1994-11-24" who="#dominic">Initial accession to corpus</change></revisionDesc></teiHeader>
<wtext type="NEWS"><div level="1"><head type="MAIN">
<s n="1"><w c5="NN1" hw="laser" pos="SUBST">Laser </w><w c5="NN2-VVZ" hw="offer" pos="SUBST">offers </w><w c5="VVB-NN1" hw="hope" pos="VERB">hope </w><w c5="PRP" hw="to" pos="PREP">to </w><w c5="AJ0" hw="short-sighted" pos="ADJ">short-sighted</w></s></head><head type="BYLINE">
<s n="2"><w c5="PRP" hw="by" pos="PREP">By </w><w c5="NP0" hw="david" pos="SUBST">David </w><w c5="NP0" hw="fletcher" pos="SUBST">Fletcher</w><c c5="PUN">, </c><w c5="NN1" hw="health" pos="SUBST">Health </w><w c5="NN2" hw="service" pos="SUBST">Services </w><w c5="NN1" hw="correspondent" pos="SUBST">Correspondent</w></s></head><p>
<s n="3"><w c5="NN2" hw="patient" pos="SUBST">PATIENTS </w><w c5="AV0" hw="so" pos="ADV">so </w><w c5="AJ0" hw="short-sighted" pos="ADJ">short-sighted </w><w c5="PNP" hw="they" pos="PRON">they </w><w c5="VM0" hw="could" pos="VERB">could </w><w c5="AV0" hw="scarcely" pos="ADV">scarcely </w><w c5="VVI" hw="see" pos="VERB">see </w><w c5="DPS" hw="they" pos="PRON">their </w><w c5="NN1" hw="car" pos="SUBST">car </w><w c5="PRP" hw="from" pos="PREP">from </w><w c5="CRD" hw="25" pos="ADJ">25 </w><w c5="NN2" hw="yard" pos="SUBST">yards </w><w c5="VM0" hw="can" pos="VERB">can </w><w c5="AV0" hw="now" pos="ADV">now </w><w c5="VVI" hw="see" pos="VERB">see </w><w c5="AV0" hw="well" pos="ADV">well </w><w c5="AV0" hw="enough" pos="ADV">enough </w><w c5="PRP" hw="without" pos="PREP">without </w><w c5="NN2" hw="glass" pos="SUBST">glasses </w><w c5="CJC" hw="or" pos="CONJ">or </w><w c5="NN1-VVB" hw="contact" pos="SUBST">contact </w><w c5="NN2" hw="lense" pos="SUBST">lenses </w><w c5="TO0" hw="to" pos="PREP">to </w><w c5="VVI" hw="read" pos="VERB">read </w><w c5="DPS" hw="it" pos="PRON">its </w><w c5="NN1" hw="number" pos="SUBST">number </w><w c5="NN1" hw="plate" pos="SUBST">plate</w><c c5="PUN">.</c></s></p><p>
<s n="4"><w c5="AT0" hw="the" pos="ART">The </w><w c5="NN1" hw="transformation" pos="SUBST">transformation </w><w c5="VVZ" hw="follow" pos="VERB">follows </w><w c5="AT0" hw="a" pos="ART">a </w><w c5="AJ0" hw="15-minute" pos="ADJ">15-minute </w><w c5="NN1" hw="laser" pos="SUBST">laser </w><w c5="NN1" hw="operation" pos="SUBST">operation </w><w c5="DTQ" hw="which" pos="PRON">which </w><w c5="VVZ" hw="shave" pos="VERB">shaves </w><w c5="AJ0" hw="microscopic" pos="ADJ">microscopic </w><w c5="NN2" hw="amount" pos="SUBST">amounts </w><w c5="PRF" hw="of" pos="PREP">of </w><w c5="NN1" hw="tissue" pos="SUBST">tissue </w><w c5="PRP" hw="from" pos="PREP">from </w><w c5="AT0" hw="the" pos="ART">the </w><w c5="NN1" hw="front" pos="SUBST">front </w><w c5="PRF" hw="of" pos="PREP">of </w><w c5="AT0" hw="the" pos="ART">the </w><w c5="NN1" hw="eye" pos="SUBST">eye</w><c c5="PUN">.</c></s></p><p>
<s n="5"><w c5="AT0" hw="the" pos="ART">The </w><w c5="NN1" hw="success" pos="SUBST">success </w><w c5="PRF" hw="of" pos="PREP">of </w><w c5="AT0" hw="the" pos="ART">the </w><w c5="NN1" hw="treatment" pos="SUBST">treatment </w><w c5="VVD" hw="emerge" pos="VERB">emerged </w><w c5="AV0" hw="yesterday" pos="ADV">yesterday </w><w c5="CJS" hw="as" pos="CONJ">as </w><w c5="NN2" hw="doctor" pos="SUBST">doctors </w><w c5="VVD" hw="give" pos="VERB">gave </w><w c5="NN2" hw="detail" pos="SUBST">details </w><w c5="PRF" hw="of" pos="PREP">of </w><w c5="AT0" hw="the" pos="ART">the </w><w c5="ORD" hw="first" pos="ADJ">first </w><w c5="CRD" hw="79" pos="ADJ">79 </w><w c5="NN2" hw="patient" pos="SUBST">patients</w><c c5="PUN">.</c></s>
<s n="6"><w c5="PNP" hw="they" pos="PRON">They </w><w c5="VVD" hw="say" pos="VERB">said </w><w c5="CRD" hw="78" pos="ADJ">78 </w><mw c5="NN0"><w c5="UNC" hw="per" pos="UNC">per </w><w c5="UNC" hw="cent" pos="UNC">cent </w></mw><w c5="VM0" hw="could" pos="VERB">could </w><w c5="AV0" hw="now" pos="ADV">now </w><w c5="VVI" hw="read" pos="VERB">read </w><w c5="AT0" hw="the" pos="ART">the </w><w c5="AJ0" hw="bottom" pos="ADJ">bottom </w><w c5="NN1" hw="line" pos="SUBST">line </w><w c5="PRF" hw="of" pos="PREP">of </w><w c5="AT0" hw="an" pos="ART">an </w><w c5="NN1" hw="optician" pos="SUBST">optician</w><w c5="POS" hw="'s" pos="UNC">'s </w><w c5="NN1" hw="sight" pos="SUBST">sight </w><w c5="NN1-VVB" hw="test" pos="SUBST">test </w><w c5="NN1" hw="card" pos="SUBST">card </w><w c5="PRP" hw="without" pos="PREP">without </w><w c5="NN2" hw="glass" pos="SUBST">glasses </w><w c5="CJC" hw="and" pos="CONJ">and </w><w c5="CRD" hw="97" pos="ADJ">97 </w><mw c5="NN0"><w c5="UNC" hw="per" pos="UNC">per </w><w c5="UNC" hw="cent" pos="UNC">cent </w></mw><w c5="VM0" hw="could" pos="VERB">could </w><w c5="VVI" hw="see" pos="VERB">see </w><w c5="AV0" hw="well" pos="ADV">well </w><w c5="AV0" hw="enough" pos="ADV">enough </w><w c5="PRP" hw="without" pos="PREP">without </w><w c5="NN2" hw="glass" pos="SUBST">glasses </w><w c5="TO0" hw="to" pos="PREP">to </w><w c5="VVI" hw="pass" pos="VERB">pass </w><w c5="AT0" hw="the" pos="ART">the </w><w c5="NN1" hw="driving" pos="SUBST">driving </w><w c5="NN1" hw="test" pos="SUBST">test </w><w c5="NN1" hw="sight" pos="SUBST">sight </w><w c5="NN1" hw="standard" pos="SUBST">standard</w><c c5="PUN">.</c></s></p><p>
<s n="7"><w c5="AT0" hw="the" pos="ART">The </w><w c5="NN2" hw="result" pos="SUBST">results </w><w c5="VBB" hw="be" pos="VERB">are </w><w c5="TO0" hw="to" pos="PREP">to </w><w c5="VBI" hw="be" pos="VERB">be </w><w c5="VVN" hw="present" pos="VERB">presented </w><w c5="PRP" hw="to" pos="PREP">to </w><w c5="AT0" hw="the" pos="ART">the </w><w c5="AJ0" hw="annual" pos="ADJ">annual </w><w c5="NN1" hw="congress" pos="SUBST">congress </w><w c5="PRF" hw="of" pos="PREP">of </w><w c5="AT0" hw="the" pos="ART">the </w><w c5="NN1" hw="college" pos="SUBST">College </w><w c5="PRF" hw="of" pos="PREP">of </w><w c5="NN2" hw="ophthalmologist" pos="SUBST">Ophthalmologists </w><w c5="AV0" hw="tomorrow" pos="ADV">tomorrow </w><w c5="PRP" hw="by" pos="PREP">by </w><w c5="NP0" hw="mr" pos="SUBST">Mr </w><w c5="NP0" hw="miles" pos="SUBST">Miles </w><w c5="NP0" hw="tutton" pos="SUBST">Tutton</w><c c5="PUN">, </c><w c5="NN1" hw="consultant" pos="SUBST">consultant </w><w c5="NN1" hw="ophthalmologist" pos="SUBST">ophthalmologist </w><w c5="PRP" hw="at" pos="PREP">at </w><w c5="NP0" hw="clatterbridge" pos="SUBST">Clatterbridge </w><w c5="NN1" hw="hospital" pos="SUBST">Hospital</w><c c5="PUN">, </c><w c5="NP0" hw="chester" pos="SUBST">Chester</w><c c5="PUN">, </c><w c5="CJS-AVQ" hw="where" pos="CONJ">where </w><w c5="AT0" hw="the" pos="ART">the </w><w c5="NN1" hw="treatment" pos="SUBST">treatment </w><w c5="VBZ" hw="be" pos="VERB">is </w><w c5="VVN" hw="provide" pos="VERB">provided</w><c c5="PUN">.</c></s>
<s n="8"><w c5="VVG" hw="describe" pos="VERB">Describing </w><w c5="AT0" hw="the" pos="ART">the </w><w c5="NN2" hw="result" pos="SUBST">results </w><w c5="CJS" hw="as" pos="CONJ">as </w><c c5="PUQ">‘</c><w c5="AV0" hw="very" pos="ADV">very </w><w c5="AJ0" hw="encouraging" pos="ADJ">encouraging</w><c c5="PUQ">’ </c><w c5="PNP" hw="he" pos="PRON">he </w><w c5="VVD" hw="say" pos="VERB">said</w><c c5="PUN">: </c><c c5="PUQ">‘</c><w c5="PNP" hw="it" pos="PRON">It </w><w c5="VBZ" hw="be" pos="VERB">is </w><w c5="AJ0" hw="possible" pos="ADJ">possible </w><w c5="CJT" hw="that" pos="CONJ">that </w><w c5="NN2" hw="glass" pos="SUBST">glasses </w><w c5="VM0" hw="will" pos="VERB">will </w><w c5="VVI" hw="become" pos="VERB">become </w><w c5="AT0" hw="a" pos="ART">a </w><w c5="NN1" hw="thing" pos="SUBST">thing </w><w c5="PRF" hw="of" pos="PREP">of </w><w c5="AT0" hw="the" pos="ART">the </w><w c5="NN1" hw="past" pos="SUBST">past</w><c c5="PUN">.</c><c c5="PUQ">’</c></s>
<s n="9"><w c5="AT0" hw="the" pos="ART">The </w><w c5="NN1" hw="treatment" pos="SUBST">treatment</w><c c5="PUN">, </c><w c5="VVN" hw="know" pos="VERB">known </w><w c5="PRP" hw="as" pos="PREP">as </w><w c5="AJ0" hw="photorefractive" pos="ADJ">photorefractive </w><w c5="NN1" hw="keratectomy" pos="SUBST">keratectomy</w><c c5="PUN">, </c><w c5="VBZ" hw="be" pos="VERB">is </w><w c5="VVN" hw="perform" pos="VERB">performed </w><w c5="PRP" hw="on" pos="PREP">on </w><w c5="AT0" hw="an" pos="ART">an </w><w c5="NN1" hw="out-patient" pos="SUBST">out-patient </w><w c5="NN1" hw="basis" pos="SUBST">basis </w><w c5="CJC" hw="and" pos="CONJ">and </w><w c5="VVZ" hw="take" pos="VERB">takes </w><w c5="AT0" hw="an" pos="ART">an </w><w c5="NN1" hw="average" pos="SUBST">average </w><w c5="PRF" hw="of" pos="PREP">of </w><w c5="CRD" hw="20" pos="ADJ">20 </w><w c5="NN2" hw="second" pos="SUBST">seconds </w><w c5="PRF" hw="of" pos="PREP">of </w><w c5="NN1" hw="laser" pos="SUBST">laser </w><w c5="NN1" hw="time" pos="SUBST">time</w><c c5="PUN">.</c></s>
<s n="10"><w c5="NN2" hw="patient" pos="SUBST">Patients </w><w c5="VVB" hw="receive" pos="VERB">receive </w><w c5="AT0" hw="an" pos="ART">an </w><w c5="NN1" hw="eye" pos="SUBST">eye </w><w c5="NN1-VVB" hw="drop" pos="SUBST">drop </w><w c5="NN1" hw="anaesthetic" pos="SUBST">anaesthetic </w><w c5="PRP" hw="for" pos="PREP">for </w><w c5="AT0" hw="the" pos="ART">the </w><w c5="NN1" hw="procedure" pos="SUBST">procedure </w><w c5="DTQ" hw="which" pos="PRON">which </w><w c5="VBZ" hw="be" pos="VERB">is </w><w c5="AV0-AJ0" hw="only" pos="ADV">only </w><w c5="AJ0" hw="available" pos="ADJ">available </w><w c5="AV0" hw="privately" pos="ADV">privately </w><w c5="PRP" hw="at" pos="PREP">at </w><w c5="AT0" hw="a" pos="ART">a </w><w c5="NN1" hw="cost" pos="SUBST">cost </w><w c5="PRF" hw="of" pos="PREP">of </w><w c5="NN0" hw="£1,300" pos="UNC">£1,300 </w><w c5="PRP" hw="per" pos="PREP">per </w><w c5="NN1" hw="eye" pos="SUBST">eye</w><c c5="PUN">.</c></s>
<s n="11"><w c5="AT0" hw="the" pos="ART">The </w><w c5="ORD" hw="second" pos="ADJ">second </w><w c5="NN1" hw="eye" pos="SUBST">eye </w><w c5="VBZ" hw="be" pos="VERB">is </w><w c5="VVN" hw="treat" pos="VERB">treated </w><w c5="CRD" hw="six" pos="ADJ">six </w><w c5="NN2" hw="month" pos="SUBST">months </w><w c5="AV0" hw="later" pos="ADV">later</w><c c5="PUN">.</c></s></p><p>
<s n="12"><mw c5="AV0"><w c5="AV0" hw="more" pos="ADV">More </w><w c5="CJS" hw="than" pos="CONJ">than </w></mw><w c5="CRD" hw="450" pos="ADJ">450 </w><w c5="NN2" hw="eye" pos="SUBST">eyes </w><w c5="VHB" hw="have" pos="VERB">have </w><w c5="AV0" hw="so" pos="ADV">so </w><w c5="AV0" hw="far" pos="ADV">far </w><w c5="VBN" hw="be" pos="VERB">been </w><w c5="VVN" hw="treat" pos="VERB">treated </w><w c5="CJC" hw="but" pos="CONJ">but </w><w c5="AT0" hw="the" pos="ART">the </w><w c5="NN1" hw="study" pos="SUBST">study </w><w c5="VBZ" hw="be" pos="VERB">is </w><w c5="VVN" hw="base" pos="VERB">based </w><w c5="PRP" hw="on" pos="PREP">on </w><w c5="CRD" hw="79" pos="ADJ">79 </w><w c5="NN2" hw="patient" pos="SUBST">patients </w><w c5="PRP" hw="with" pos="PREP">with </w><w c5="AT0" hw="the" pos="ART">the </w><w c5="AJS" hw="long" pos="ADJ">longest </w><w c5="NN1" hw="experience" pos="SUBST">experience </w><w c5="PRF" hw="of" pos="PREP">of </w><w c5="AT0" hw="the" pos="ART">the </w><w c5="NN1" hw="treatment" pos="SUBST">treatment</w><c c5="PUN">.</c></s></p><p>
<s n="13"><w c5="NP0" hw="mr" pos="SUBST">Mr </w><w c5="NP0" hw="tutton" pos="SUBST">Tutton </w><w c5="VVD" hw="say" pos="VERB">said </w><w c5="AT0" hw="the" pos="ART">the </w><w c5="NN1" hw="treatment" pos="SUBST">treatment </w><w c5="VBD" hw="be" pos="VERB">was </w><w c5="AJ0" hw="suitable" pos="ADJ">suitable </w><w c5="PRP" hw="for" pos="PREP">for </w><w c5="AV0" hw="about" pos="ADV">about </w><w c5="CRD" hw="six" pos="ADJ">six </w><mw c5="PRP"><w c5="AVP" hw="out" pos="ADV">out </w><w c5="PRF" hw="of" pos="PREP">of </w></mw><w c5="CRD" hw="10" pos="ADJ">10 </w><w c5="AJ0" hw="short-sighted" pos="ADJ">short-sighted </w><w c5="NN0" hw="people" pos="SUBST">people</w><c c5="PUN">.</c></s>
<s n="14"><w c5="NN1" hw="astigmatism" pos="SUBST">Astigmatism</w><c c5="PUN">, </c><w c5="AJ0" hw="distorted" pos="ADJ">distorted </w><w c5="NN1" hw="vision" pos="SUBST">vision </w><w c5="VVN" hw="cause" pos="VERB">caused </w><w c5="PRP" hw="by" pos="PREP">by </w><w c5="AT0" hw="an" pos="ART">an </w><w c5="AV0" hw="irregularly" pos="ADV">irregularly </w><w c5="AJ0-VVN" hw="shaped" pos="ADJ">shaped </w><w c5="NN1" hw="cornea" pos="SUBST">cornea</w><c c5="PUN">, </c><w c5="VBZ" hw="be" pos="VERB">is </w><w c5="AV0" hw="currently" pos="ADV">currently </w><w c5="AT0" hw="a" pos="ART">a </w><w c5="AJ0" hw="limiting" pos="ADJ">limiting </w><w c5="NN1" hw="factor" pos="SUBST">factor</w><c c5="PUN">.</c></s></p><p>
<s n="15"><w c5="PNP" hw="he" pos="PRON">He </w><w c5="VVD" hw="say" pos="VERB">said </w><w c5="NN2" hw="development" pos="SUBST">developments </w><w c5="VBB" hw="be" pos="VERB">are </w><w c5="VVN" hw="expect" pos="VERB">expected </w><w c5="PRP" hw="within" pos="PREP">within </w><w c5="AT0" hw="a" pos="ART">a </w><w c5="NN1" hw="year" pos="SUBST">year </w><w c5="DTQ" hw="which" pos="PRON">which </w><w c5="VM0" hw="will" pos="VERB">will </w><w c5="XX0" hw="not" pos="ADV">not </w><w c5="AV0" hw="only" pos="ADV">only </w><w c5="VVI" hw="enable" pos="VERB">enable </w><w c5="AJ0" hw="severe" pos="ADJ">severe </w><w c5="NN1" hw="astigmatism" pos="SUBST">astigmatism </w><w c5="TO0" hw="to" pos="PREP">to </w><w c5="VBI" hw="be" pos="VERB">be </w><w c5="VVN" hw="correct" pos="VERB">corrected </w><w c5="CJC" hw="but" pos="CONJ">but </w><w c5="AV0" hw="also" pos="ADV">also </w><w c5="AJ0" hw="long-sightedness" pos="ADJ">long-sightedness</w><c c5="PUN">.</c></s></p><p>
<s n="16"><w c5="NN1" hw="recovery" pos="SUBST">Recovery </w><w c5="PRF" hw="of" pos="PREP">of </w><w c5="AJ0" hw="normal" pos="ADJ">normal </w><w c5="NN1" hw="sight" pos="SUBST">sight </w><c c5="PUN">— </c><w c5="PRP" hw="without" pos="PREP">without </w><w c5="NN2" hw="glass" pos="SUBST">glasses </w><c c5="PUN">— </c><w c5="VVZ" hw="take" pos="VERB">takes </w><w c5="AT0" hw="an" pos="ART">an </w><w c5="NN1" hw="average" pos="SUBST">average </w><w c5="PRF" hw="of" pos="PREP">of </w><w c5="CRD" hw="three" pos="ADJ">three </w><w c5="NN2" hw="month" pos="SUBST">months </w><w c5="PRP-CJS" hw="after" pos="PREP">after </w><w c5="NN1" hw="treatment" pos="SUBST">treatment</w><c c5="PUN">, </c><w c5="CJC" hw="and" pos="CONJ">and </w><w c5="PNP" hw="he" pos="PRON">he </w><w c5="VVD" hw="say" pos="VERB">said </w><w c5="NN2" hw="side-effect" pos="SUBST">side-effects </w><w c5="VBD" hw="be" pos="VERB">were </w><w c5="AJ0" hw="negligible" pos="ADJ">negligible</w><c c5="PUN">.</c></s></p><p>
<s n="17"><mw c5="AV0"><w c5="AV0" hw="more" pos="ADV">More </w><w c5="CJS" hw="than" pos="CONJ">than </w></mw><w c5="CRD" hw="12,000" pos="ADJ">12,000 </w><w c5="NN0" hw="people" pos="SUBST">people </w><w c5="VHB" hw="have" pos="VERB">have </w><w c5="VBN" hw="be" pos="VERB">been </w><w c5="VVN" hw="treat" pos="VERB">treated </w><w c5="PRP" hw="in" pos="PREP">in </w><w c5="NP0" hw="america" pos="SUBST">America </w><w c5="CJC" hw="and" pos="CONJ">and </w><w c5="AV0" hw="elsewhere" pos="ADV">elsewhere </w><w c5="CJC" hw="and" pos="CONJ">and </w><w c5="DT0" hw="some" pos="ADJ">some </w><w c5="VHB" hw="have" pos="VERB">have </w><w c5="VVN" hw="complain" pos="VERB">complained </w><w c5="PRF" hw="of" pos="PREP">of </w><w c5="NN1" hw="glare" pos="SUBST">glare</w><c c5="PUN">, </c><w c5="AV0" hw="especially" pos="ADV">especially </w><w c5="PRP" hw="from" pos="PREP">from </w><w c5="NN1" hw="car" pos="SUBST">car </w><w c5="NN2" hw="headlight" pos="SUBST">headlights </w><w c5="CJS" hw="when" pos="CONJ">when </w><w c5="VVG-AJ0" hw="drive" pos="VERB">driving </w><w c5="PRP" hw="at" pos="PREP">at </w><w c5="NN1" hw="night" pos="SUBST">night</w><c c5="PUN">.</c></s></p><p>
<s n="18"><w c5="NP0" hw="mr" pos="SUBST">Mr </w><w c5="NP0" hw="tutton" pos="SUBST">Tutton </w><w c5="VVD" hw="blame" pos="VERB">blamed </w><w c5="PNP" hw="it" pos="PRON">it </w><w c5="PRP-AVP" hw="on" pos="PREP">on </w><w c5="AT0" hw="a" pos="ART">a </w><w c5="NN1" hw="type" pos="SUBST">type </w><w c5="PRF" hw="of" pos="PREP">of </w><w c5="AJ0" hw="narrow" pos="ADJ">narrow </w><w c5="NN1" hw="laser" pos="SUBST">laser </w><w c5="NN1" hw="beam" pos="SUBST">beam </w><w c5="VVN-VVD" hw="use" pos="VERB">used </w><w c5="PRP" hw="in" pos="PREP">in </w><w c5="AJ0" hw="early" pos="ADJ">early </w><w c5="NN2" hw="operation" pos="SUBST">operations </w><w c5="CJC" hw="and" pos="CONJ">and </w><w c5="VVD" hw="say" pos="VERB">said </w><w c5="PNP" hw="it" pos="PRON">it </w><w c5="VHD" hw="have" pos="VERB">had </w><w c5="XX0" hw="not" pos="ADV">not </w><w c5="VBN" hw="be" pos="VERB">been </w><w c5="AT0" hw="a" pos="ART">a </w><w c5="NN1" hw="problem" pos="SUBST">problem </w><w c5="PRP" hw="for" pos="PREP">for </w><w c5="AT0" hw="the" pos="ART">the </w><w c5="AJ0" hw="british" pos="ADJ">British </w><w c5="NN2" hw="patient" pos="SUBST">patients</w><c c5="PUN">.</c></s></p></div><div level="1"><head type="MAIN">
<s n="19"><w c5="NN2" hw="computer" pos="SUBST">Computers </w><w c5="VM0" hw="can" pos="VERB">can </w><w c5="VVI" hw="improve" pos="VERB">improve </w><w c5="DPS" hw="you" pos="PRON">your </w><w c5="NN1" hw="image" pos="SUBST">image</w></s></head><head type="BYLINE">
<s n="20"><w c5="PRP" hw="by" pos="PREP">By </w><w c5="NP0" hw="christine" pos="SUBST">Christine </w><w c5="NP0" hw="mcgourty" pos="SUBST">McGourty </w><w c5="NN1" hw="technology" pos="SUBST">Technology </w><w c5="NN1" hw="correspondent" pos="SUBST">Correspondent</w></s></head><p>
<s n="21"><w c5="NN0" hw="people" pos="SUBST">PEOPLE </w><w c5="VVB" hw="think" pos="VERB">think </w><w c5="PNP" hw="they" pos="PRON">they </w><w c5="VBB" hw="be" pos="VERB">are </w><w c5="AV0" hw="more" pos="ADV">more </w><w c5="AJ0" hw="attractive" pos="ADJ">attractive </w><w c5="CJS" hw="than" pos="CONJ">than </w><w c5="PNP" hw="they" pos="PRON">they </w><w c5="AV0" hw="really" pos="ADV">really </w><w c5="VBB" hw="be" pos="VERB">are</w><c c5="PUN">, </c><w c5="NN2" hw="researcher" pos="SUBST">researchers </w><w c5="VBD" hw="be" pos="VERB">were </w><w c5="VVN" hw="tell" pos="VERB">told </w><w c5="AV0" hw="yesterday" pos="ADV">yesterday</w><c c5="PUN">.</c></s>
<s n="22"><w c5="VVG" hw="use" pos="VERB">Using </w><w c5="AT0" hw="a" pos="ART">a </w><w c5="NN1" hw="computer" pos="SUBST">computer </w><w c5="NN1" hw="technique" pos="SUBST">technique </w><w c5="VVN" hw="call" pos="VERB">called </w><w c5="AJ0" hw="automated" pos="ADJ">automated </w><w c5="NN1" hw="caricaturing" pos="SUBST">caricaturing</w><c c5="PUN">, </c><w c5="NP0" hw="dr" pos="SUBST">Dr </w><w c5="NP0" hw="phil" pos="SUBST">Phil </w><w c5="NP0" hw="benson" pos="SUBST">Benson</w><c c5="PUN">, </c><w c5="PRF" hw="of" pos="PREP">of </w><w c5="NP0" hw="st" pos="SUBST">St </w><w c5="NP0" hw="andrew" pos="SUBST">Andrew</w><w c5="POS" hw="'s" pos="UNC">'s </w><w c5="NN1" hw="university" pos="SUBST">University</w><c c5="PUN">, </c><w c5="NP0" hw="scotland" pos="SUBST">Scotland</w><c c5="PUN">, </c><w c5="AJ0-VVD" hw="altered" pos="ADJ">altered </w><w c5="NN2" hw="photograph" pos="SUBST">photographs </w><w c5="PRF" hw="of" pos="PREP">of </w><w c5="NN2" hw="student" pos="SUBST">students </w><w c5="TO0" hw="to" pos="PREP">to </w><w c5="VVI" hw="enhance" pos="VERB">enhance </w><w c5="DPS" hw="they" pos="PRON">their </w><w c5="DT0" hw="most" pos="ADJ">most </w><w c5="CJC" hw="and" pos="CONJ">and </w><w c5="AV0" hw="least" pos="ADV">least </w><w c5="AJ0" hw="attractive" pos="ADJ">attractive </w><w c5="AJ0" hw="facial" pos="ADJ">facial </w><w c5="NN2" hw="feature" pos="SUBST">features</w><c c5="PUN">.</c></s></p><p>
<s n="23"><w c5="CJS" hw="when" pos="CONJ">When </w><w c5="AT0" hw="the" pos="ART">the </w><w c5="NN2" hw="student" pos="SUBST">students </w><w c5="VBD" hw="be" pos="VERB">were </w><w c5="VVN" hw="ask" pos="VERB">asked </w><w c5="TO0" hw="to" pos="PREP">to </w><w c5="VVI" hw="pick" pos="VERB">pick </w><w c5="AVP" hw="out" pos="ADV">out </w><w c5="AT0" hw="the" pos="ART">the </w><w c5="NN1" hw="photograph" pos="SUBST">photograph </w><w c5="CJT" hw="that" pos="CONJ">that </w><w c5="DT0" hw="most" pos="ADJ">most </w><w c5="VVD" hw="resemble" pos="VERB">resembled </w><w c5="PNP" hw="they" pos="PRON">them</w><c c5="PUN">, </c><w c5="PNP" hw="they" pos="PRON">they </w><w c5="AV0" hw="usually" pos="ADV">usually </w><w c5="VVD" hw="select" pos="VERB">selected </w><w c5="AT0" hw="the" pos="ART">the </w><w c5="AV0" hw="most" pos="ADV">most </w><w c5="AJ0" hw="flattering" pos="ADJ">flattering </w><w c5="PNI" hw="one" pos="PRON">one</w><c c5="PUN">.</c></s></p><p>
<s n="24"><c c5="PUQ">‘</c><w c5="NN0" hw="people" pos="SUBST">People </w><w c5="VDB" hw="do" pos="VERB">do </w><w c5="VVI" hw="believe" pos="VERB">believe </w><w c5="PNP" hw="they" pos="PRON">they </w><w c5="VBB" hw="be" pos="VERB">are </w><w c5="AV0" hw="more" pos="ADV">more </w><w c5="AJ0" hw="attractive" pos="ADJ">attractive </w><w c5="CJS" hw="than" pos="CONJ">than </w><w c5="PNP" hw="they" pos="PRON">they </w><w c5="AV0" hw="actually" pos="ADV">actually </w><w c5="VBB" hw="be" pos="VERB">are</w><c c5="PUN">,</c><c c5="PUQ">’ </c><w c5="VVD" hw="say" pos="VERB">said </w><w c5="NP0" hw="dr" pos="SUBST">Dr </w><w c5="NP0" hw="benson" pos="SUBST">Benson </w><w c5="PRP" hw="at" pos="PREP">at </w><w c5="AT0" hw="a" pos="ART">a </w><w c5="NN1" hw="science" pos="SUBST">Science </w><w c5="CJC" hw="and" pos="CONJ">and </w><w c5="NN1" hw="engineering" pos="SUBST">Engineering </w><w c5="NN1" hw="research" pos="SUBST">Research </w><w c5="NN1" hw="council" pos="SUBST">Council </w><w c5="NN1" hw="conference" pos="SUBST">conference </w><w c5="PRP" hw="at" pos="PREP">at </w><w c5="NP0-NN1" hw="king" pos="SUBST">King</w><w c5="POS" hw="'s" pos="UNC">'s </w><w c5="NN1" hw="college" pos="SUBST">College</w><c c5="PUN">, </c><w c5="NP0" hw="london" pos="SUBST">London</w><c c5="PUN">.</c></s></p><p>
<s n="25"><c c5="PUQ">‘</c><w c5="PNP" hw="it" pos="PRON">It</w><w c5="VBZ" hw="be" pos="VERB">'s </w><w c5="AV0" hw="partly" pos="ADV">partly </w><w c5="TO0" hw="to" pos="PREP">to </w><w c5="VDI" hw="do" pos="VERB">do </w><w c5="PRP" hw="with" pos="PREP">with </w><w c5="NN1" hw="experience" pos="SUBST">experience</w><c c5="PUN">.</c></s>
<s n="26"><w c5="PNP" hw="you" pos="PRON">You </w><w c5="VVB" hw="see" pos="VERB">see </w><w c5="DPS" hw="you" pos="PRON">your </w><w c5="NN1" hw="image" pos="SUBST">image </w><w c5="PRP" hw="in" pos="PREP">in </w><w c5="AT0" hw="the" pos="ART">the </w><w c5="NN1" hw="mirror" pos="SUBST">mirror </w><w c5="AT0" hw="every" pos="ART">every </w><w c5="NN1" hw="day" pos="SUBST">day </w><w c5="CJC" hw="and" pos="CONJ">and </w><w c5="PNP" hw="you" pos="PRON">you </w><w c5="VVB" hw="fall" pos="VERB">fall </w><w c5="PRP-AVP" hw="in" pos="PREP">in </w><w c5="NN1" hw="love" pos="SUBST">love </w><w c5="PRP" hw="with" pos="PREP">with </w><w c5="PNP" hw="it" pos="PRON">it</w><c c5="PUN">.</c><c c5="PUQ">’</c></s></p><p>
<s n="27"><w c5="PNP" hw="he" pos="PRON">He </w><w c5="VVD" hw="predict" pos="VERB">predicted </w><w c5="CJT" hw="that" pos="CONJ">that </w><w c5="PRP" hw="in" pos="PREP">in </w><w c5="NN1" hw="future" pos="SUBST">future </w><w c5="AT0" hw="the" pos="ART">the </w><w c5="NN1" hw="technique" pos="SUBST">technique </w><w c5="VM0" hw="would" pos="VERB">would </w><w c5="VBI" hw="be" pos="VERB">be </w><w c5="VVN" hw="use" pos="VERB">used </w><w c5="TO0" hw="to" pos="PREP">to </w><w c5="VVI" hw="make" pos="VERB">make </w><w c5="AJ0" hw="subtle" pos="ADJ">subtle </w><w c5="NN1" hw="change" pos="SUBST">change </w><w c5="PRP" hw="to" pos="PREP">to </w><w c5="NN2" hw="politician" pos="SUBST">politicians</w><w c5="POS" hw="'" pos="UNC">' </w><w c5="AJ0" hw="facial" pos="ADJ">facial </w><w c5="NN2" hw="feature" pos="SUBST">features </w><w c5="PRP" hw="in" pos="PREP">in </w><w c5="NN1" hw="print" pos="SUBST">print </w><w c5="CJC" hw="and" pos="CONJ">and </w><w c5="PRP" hw="on" pos="PREP">on </w><w c5="NN1" hw="television" pos="SUBST">television </w><w c5="TO0" hw="to" pos="PREP">to </w><w c5="VVI" hw="make" pos="VERB">make </w><w c5="PNP" hw="they" pos="PRON">them </w><w c5="VVI" hw="appear" pos="VERB">appear </w><w c5="AV0" hw="more" pos="ADV">more </w><w c5="AJ0" hw="attractive" pos="ADJ">attractive</w><c c5="PUN">.</c></s></p><p>
<s n="28"><mw c5="AV0"><w c5="PRP" hw="for" pos="PREP">For </w><w c5="NN1" hw="example" pos="SUBST">example</w></mw><c c5="PUN">, </c><w c5="AV0" hw="slightly" pos="ADV">slightly </w><w c5="VVG" hw="upturn" pos="VERB">upturning </w><w c5="AT0" hw="the" pos="ART">the </w><w c5="NN2" hw="corner" pos="SUBST">corners </w><w c5="PRF" hw="of" pos="PREP">of </w><w c5="AT0" hw="the" pos="ART">the </w><w c5="AJ0-NN1" hw="female" pos="ADJ">female </w><w c5="NN1" hw="mouth" pos="SUBST">mouth </w><w c5="VVD" hw="give" pos="VERB">gave </w><w c5="AT0" hw="a" pos="ART">a </w><c c5="PUQ">‘</c><w c5="AJ0" hw="sexy" pos="ADJ">sexy </w><w c5="AJ0" hw="sweet" pos="ADJ">sweet </w><w c5="NN1-VVB" hw="smile" pos="SUBST">smile</w><c c5="PUQ">’ </c><w c5="CJT" hw="that" pos="CONJ">that </w><w c5="VVD" hw="make" pos="VERB">made </w><w c5="AT0" hw="the" pos="ART">the </w><w c5="NN1" hw="face" pos="SUBST">face </w><w c5="AV0" hw="more" pos="ADV">more </w><w c5="AJ0" hw="attractive" pos="ADJ">attractive</w><c c5="PUN">.</c></s></p><p>
<s n="29"><w c5="PNP" hw="he" pos="PRON">He </w><w c5="VVD" hw="say" pos="VERB">said </w><w c5="AT0" hw="the" pos="ART">the </w><w c5="NN1" hw="computer" pos="SUBST">computer </w><w c5="NN1" hw="technique" pos="SUBST">technique </w><w c5="VHD" hw="have" pos="VERB">had </w><w c5="AJ0" hw="important" pos="ADJ">important </w><w c5="AJ0" hw="forensic" pos="ADJ">forensic </w><w c5="NN2" hw="application" pos="SUBST">applications</w><c c5="PUN">.</c></s>
<s n="30"><c c5="PUQ">‘</c><w c5="PNP" hw="we" pos="PRON">We </w><w c5="VM0" hw="could" pos="VERB">could </w><w c5="VVI" hw="caricature" pos="VERB">caricature </w><w c5="AT0" hw="the" pos="ART">the </w><w c5="NN1" hw="face" pos="SUBST">face </w><w c5="PRF" hw="of" pos="PREP">of </w><w c5="AT0" hw="a" pos="ART">a </w><w c5="AJ0-NN1" hw="criminal" pos="ADJ">criminal </w><w c5="CJC" hw="and" pos="CONJ">and </w><w c5="VVB-NN1" hw="help" pos="VERB">help </w><w c5="NN1-VVB" hw="jog" pos="SUBST">jog </w><w c5="NN0" hw="people" pos="SUBST">people</w><w c5="POS" hw="'s" pos="UNC">'s </w><w c5="NN2" hw="memory" pos="SUBST">memories</w><c c5="PUN">.</c><c c5="PUQ">’</c></s></p><p>
<s n="31"><w c5="AT0" hw="the" pos="ART">The </w><w c5="NN2" hw="researcher" pos="SUBST">researchers </w><w c5="VBB" hw="be" pos="VERB">are </w><w c5="AVP" hw="about" pos="ADV">about </w><w c5="TO0" hw="to" pos="PREP">to </w><w c5="VVI" hw="start" pos="VERB">start </w><w c5="NN1-VVB" hw="work" pos="SUBST">work </w><w c5="PRP" hw="on" pos="PREP">on </w><w c5="AT0" hw="a" pos="ART">a </w><w c5="NN1" hw="project" pos="SUBST">project </w><w c5="TO0" hw="to" pos="PREP">to </w><w c5="VVI" hw="use" pos="VERB">use </w><w c5="AT0" hw="the" pos="ART">the </w><w c5="NN1" hw="technique" pos="SUBST">technique </w><w c5="TO0" hw="to" pos="PREP">to </w><w c5="VVI" hw="show" pos="VERB">show </w><w c5="AVQ" hw="how" pos="ADV">how </w><w c5="AT0" hw="a" pos="ART">a </w><w c5="NN1" hw="person" pos="SUBST">person</w><w c5="POS" hw="'s" pos="UNC">'s </w><w c5="NN1" hw="face" pos="SUBST">face </w><w c5="VM0" hw="would" pos="VERB">would </w><w c5="VVI" hw="change" pos="VERB">change </w><w c5="PRP" hw="with" pos="PREP">with </w><w c5="NN1" hw="age" pos="SUBST">age </w><c c5="PUN">— </c><w c5="AT0" hw="a" pos="ART">a </w><w c5="NN1" hw="technique" pos="SUBST">technique </w><w c5="DTQ" hw="which" pos="PRON">which </w><w c5="VM0" hw="could" pos="VERB">could </w><w c5="VVI" hw="help" pos="VERB">help </w><w c5="VVI" hw="find" pos="VERB">find </w><w c5="NN0" hw="people" pos="SUBST">people </w><w c5="VVG-AJ0" hw="miss" pos="VERB">missing </w><w c5="PRP" hw="for" pos="PREP">for </w><w c5="NN2" hw="year" pos="SUBST">years</w><c c5="PUN">.</c></s></p></div></wtext></bncDoc>
