<bncDoc xml:id="AJC"><teiHeader><fileDesc><titleStmt><title>  Daily Telegraph, electronic edition of 1992-04-08: News and features. Sample containing about 478 words from a periodical (domain: social science) </title><respStmt><resp> Data capture and transcription </resp><name> Oxford University Press </name> </respStmt></titleStmt><editionStmt><edition>BNC XML Edition, December 2006</edition></editionStmt><extent> 478 tokens; 487 w-units; 23 s-units </extent><publicationStmt><distributor>Distributed under licence by Oxford University Computing Services on behalf of the BNC Consortium.</distributor><availability> This material is protected by international copyright laws and may not be copied or redistributed in any way. Consult the BNC Web Site at http://www.natcorp.ox.ac.uk for full licencing and distribution conditions.</availability><idno type="bnc">AJC</idno><idno type="old"> DeSoci </idno></publicationStmt><sourceDesc><bibl><title>Daily Telegraph, electronic edition of 1992-04-08: News and features.</title> <imprint n="DAILYT1"><publisher>The Daily Telegraph plc</publisher> <pubPlace>London</pubPlace> <date value="1992">1992</date> </imprint> </bibl></sourceDesc></fileDesc><encodingDesc><tagsDecl><namespace name=""><tagUsage gi="c" occurs="68"/><tagUsage gi="div" occurs="1"/><tagUsage gi="head" occurs="2"/><tagUsage gi="mw" occurs="1"/><tagUsage gi="p" occurs="7"/><tagUsage gi="s" occurs="23"/><tagUsage gi="w" occurs="487"/></namespace></tagsDecl></encodingDesc><profileDesc><creation date="1992"> </creation><textClass><catRef targets="WRI ALLTIM3 ALLAVA2 ALLTYP3 WRIAAG0 WRIAD0 WRIASE3 WRIATY2 WRIAUD3 WRIDOM4 WRILEV2 WRIMED2 WRIPP5 WRISAM0 WRISTA3 WRITAS3"/><classCode scheme="DLEE">W newsp brdsht nat: social</classCode><keywords><term> (none) </term></keywords></textClass></profileDesc><revisionDesc><change date="2006-10-21" who="#OUCS">Tag usage updated for BNC-XML</change><change date="2000-12-13" who="#OUCS">Last check for BNC World first release</change><change date="2000-09-06" who="#OUCS">Redo tagusage tables</change><change date="2000-09-01" who="#OUCS">Check all tagcounts</change><change date="2000-06-23" who="#OUCS">Resequenced s-units and added headers</change><change date="2000-01-21" who="#OUCS">Added date info</change><change date="2000-01-09" who="#OUCS">Updated all catrefs</change><change date="2000-01-08" who="#OUCS">Updated source title</change><change date="2000-01-08" who="#OUCS">Updated titles</change><change date="1999-12-25" who="#OUCS">corrected tagUsage</change><change date="1999-09-13" who="#UCREL">POS codes revised for BNC-2; header updated</change><change date="1994-11-24" who="#dominic">Initial accession to corpus</change></revisionDesc></teiHeader>
<wtext type="NEWS"><div level="1"><head type="MAIN">
<s n="1"><w c5="NN1" hw="war" pos="SUBST">War </w><w c5="NN2" hw="widow" pos="SUBST">widows</w><w c5="POS" hw="'" pos="UNC">' </w><w c5="NN1" hw="plea" pos="SUBST">plea </w><w c5="PRP" hw="for" pos="PREP">for </w><w c5="NP0" hw="gulf" pos="SUBST">Gulf </w><w c5="NN1-VVB" hw="trust" pos="SUBST">Trust </w><w c5="NN1" hw="cash" pos="SUBST">cash </w><w c5="VVD-VVN" hw="reject" pos="VERB">rejected</w></s></head><head type="BYLINE">
<s n="2"><w c5="PRP" hw="by" pos="PREP">By </w><w c5="NP0" hw="peter" pos="SUBST">Peter </w><w c5="NP0-NN1" hw="almond" pos="SUBST">Almond </w><w c5="NN1" hw="defence" pos="SUBST">Defence </w><w c5="NN1" hw="correspondent" pos="SUBST">Correspondent</w></s></head><p>
<s n="3"><w c5="CRD" hw="three" pos="ADJ">THREE </w><w c5="NN2" hw="woman" pos="SUBST">women </w><w c5="VVN-VVD" hw="widow" pos="VERB">widowed </w><w c5="PRP" hw="in" pos="PREP">in </w><w c5="AT0" hw="the" pos="ART">the </w><w c5="NP0-NN1" hw="gulf" pos="SUBST">Gulf </w><w c5="NN1" hw="war" pos="SUBST">war </w><w c5="VHB" hw="have" pos="VERB">have </w><w c5="VBN" hw="be" pos="VERB">been </w><w c5="VVN" hw="tell" pos="VERB">told </w><w c5="PRP" hw="by" pos="PREP">by </w><w c5="NN1" hw="government" pos="SUBST">Government </w><w c5="NN2" hw="official" pos="SUBST">officials </w><w c5="CJT" hw="that" pos="CONJ">that </w><w c5="PNP" hw="they" pos="PRON">they </w><w c5="VM0" hw="will" pos="VERB">will </w><w c5="XX0" hw="not" pos="ADV">not </w><w c5="VVI" hw="set" pos="VERB">set </w><w c5="AV0" hw="aside" pos="ADV">aside </w><w c5="NN1" hw="money" pos="SUBST">money </w><w c5="PRP" hw="from" pos="PREP">from </w><w c5="AT0" hw="the" pos="ART">the </w><w c5="AJ0-NN1" hw="publicly-donated" pos="ADJ">publicly-donated </w><w c5="NP0-NN1" hw="gulf" pos="SUBST">Gulf </w><w c5="VVB-NN1" hw="trust" pos="VERB">Trust </w><w c5="TO0" hw="to" pos="PREP">to </w><w c5="VVI" hw="help" pos="VERB">help </w><w c5="PNP" hw="they" pos="PRON">them </w><w c5="PRP" hw="with" pos="PREP">with </w><w c5="AT0" hw="an" pos="ART">an </w><w c5="NN1" hw="education" pos="SUBST">education </w><w c5="NN1" hw="fund" pos="SUBST">fund </w><w c5="PRP" hw="for" pos="PREP">for </w><w c5="DPS" hw="they" pos="PRON">their </w><w c5="NN2" hw="child" pos="SUBST">children</w><c c5="PUN">.</c></s></p><p>
<s n="4"><w c5="NP0" hw="mrs" pos="SUBST">Mrs </w><w c5="NP0" hw="anne" pos="SUBST">Anne </w><w c5="NP0" hw="lennox" pos="SUBST">Lennox</w><c c5="PUN">, </c><w c5="DTQ" hw="whose" pos="PRON">whose </w><w c5="NN1" hw="husband" pos="SUBST">husband</w><c c5="PUN">, </c><w c5="NP0" hw="sqn" pos="SUBST">Sqn </w><w c5="NP0" hw="ldr" pos="SUBST">Ldr </w><w c5="NP0" hw="garry" pos="SUBST">Garry </w><w c5="NP0" hw="lennox" pos="SUBST">Lennox</w><c c5="PUN">, </c><w c5="VBD" hw="be" pos="VERB">was </w><w c5="VVN" hw="shoot" pos="VERB">shot </w><w c5="AVP" hw="down" pos="ADV">down </w><w c5="CJC" hw="and" pos="CONJ">and </w><w c5="VVN-VVD" hw="kill" pos="VERB">killed </w><w c5="PRP-AVP" hw="over" pos="PREP">over </w><w c5="NP0" hw="iraq" pos="SUBST">Iraq</w><c c5="PUN">, </c><w c5="VVD" hw="say" pos="VERB">said </w><w c5="CJT" hw="that" pos="CONJ">that </w><w c5="AT0" hw="the" pos="ART">the </w><w c5="CRD" hw="three" pos="ADJ">three </w><w c5="NP0" hw="raf" pos="SUBST">RAF </w><w c5="NN2" hw="widow" pos="SUBST">widows </w><w c5="VM0" hw="would" pos="VERB">would </w><w c5="VHI" hw="have" pos="VERB">have </w><w c5="TO0" hw="to" pos="PREP">to </w><w c5="VVI" hw="undergo" pos="VERB">undergo </w><c c5="PUQ">‘</c><w c5="AJ0" hw="demeaning" pos="ADJ">demeaning </w><w c5="NN0" hw="means" pos="SUBST">means </w><w c5="NN2-VVZ" hw="test" pos="SUBST">tests</w><c c5="PUQ">’ </c><w c5="NN2" hw="year" pos="SUBST">years </w><w c5="PRP" hw="from" pos="PREP">from </w><w c5="AV0" hw="now" pos="ADV">now </w><w c5="CJS" hw="if" pos="CONJ">if </w><w c5="PNP" hw="they" pos="PRON">they </w><w c5="VVD" hw="want" pos="VERB">wanted </w><w c5="PNI" hw="something" pos="PRON">something </w><w c5="PRP" hw="from" pos="PREP">from </w><w c5="AT0" hw="the" pos="ART">the </w><w c5="NN1" hw="fund" pos="SUBST">fund</w><c c5="PUN">.</c></s>
<s n="5"><w c5="AT0" hw="the" pos="ART">The </w><w c5="CRD" hw="three" pos="ADJ">three </w><w c5="NN2" hw="woman" pos="SUBST">women </w><w c5="VVB" hw="say" pos="VERB">say </w><w c5="DT0" hw="this" pos="ADJ">this </w><w c5="VBZ" hw="be" pos="VERB">is </w><mw c5="PRP"><w c5="AJ0" hw="contrary" pos="ADJ">contrary </w><w c5="PRP" hw="to" pos="PREP">to </w></mw><w c5="AT0" hw="the" pos="ART">the </w><w c5="NN2" hw="wish" pos="SUBST">wishes </w><w c5="PRF" hw="of" pos="PREP">of </w><w c5="CRD" hw="thousands" pos="ADJ">thousands </w><w c5="PRF" hw="of" pos="PREP">of </w><w c5="NN0" hw="people" pos="SUBST">people </w><w c5="PNQ" hw="who" pos="PRON">who </w><w c5="VVD" hw="contribute" pos="VERB">contributed </w><w c5="AV0" hw="about" pos="ADV">about </w><w c5="NN0" hw="£3" pos="UNC">£3 </w><w c5="CRD" hw="million" pos="ADJ">million </w><w c5="TO0" hw="to" pos="PREP">to </w><w c5="VVI" hw="help" pos="VERB">help </w><w c5="NN2" hw="troop" pos="SUBST">troops </w><w c5="CJC" hw="and" pos="CONJ">and </w><w c5="DPS" hw="they" pos="PRON">their </w><w c5="NN2" hw="family" pos="SUBST">families </w><w c5="PNQ" hw="who" pos="PRON">who </w><w c5="VVD" hw="suffer" pos="VERB">suffered </w><w c5="PRP" hw="in" pos="PREP">in </w><w c5="AT0" hw="the" pos="ART">the </w><w c5="NN1" hw="war" pos="SUBST">war</w><c c5="PUN">.</c></s>
<s n="6"><w c5="NP0" hw="mrs" pos="SUBST">Mrs </w><w c5="NP0" hw="lennox" pos="SUBST">Lennox </w><w c5="VVD" hw="say" pos="VERB">said </w><w c5="NP0" hw="air" pos="SUBST">Air </w><w c5="NP0" hw="chief" pos="SUBST">Chief </w><w c5="NP0" hw="marshal" pos="SUBST">Marshal </w><w c5="NP0" hw="sir" pos="SUBST">Sir </w><w c5="NP0" hw="roger" pos="SUBST">Roger </w><w c5="NP0" hw="palin" pos="SUBST">Palin</w><c c5="PUN">, </c><w c5="NN1" hw="air" pos="SUBST">Air </w><w c5="NN1" hw="member" pos="SUBST">Member </w><w c5="PRP" hw="for" pos="PREP">for </w><w c5="NN2" hw="personnel" pos="SUBST">Personnel</w><c c5="PUN">, </c><w c5="VVD" hw="tell" pos="VERB">told </w><w c5="PNP" hw="they" pos="PRON">them </w><w c5="PRP-AVP" hw="in" pos="PREP">in </w><w c5="AT0" hw="a" pos="ART">a </w><w c5="NN1" hw="letter" pos="SUBST">letter </w><w c5="ORD" hw="last" pos="ADJ">last </w><w c5="NN1" hw="month" pos="SUBST">month </w><w c5="CJT" hw="that" pos="CONJ">that </w><w c5="DPS" hw="they" pos="PRON">their </w><w c5="NN1" hw="application" pos="SUBST">application </w><w c5="VBD" hw="be" pos="VERB">was </w><c c5="PUQ">‘</c><w c5="AJ0" hw="unlikely" pos="ADJ">unlikely </w><w c5="TO0" hw="to" pos="PREP">to </w><w c5="VVI" hw="succeed" pos="VERB">succeed</w><c c5="PUQ">’ </c><w c5="CJS" hw="before" pos="CONJ">before </w><w c5="PNP" hw="they" pos="PRON">they </w><w c5="VHD" hw="have" pos="VERB">had </w><w c5="AV0" hw="even" pos="ADV">even </w><w c5="VVN" hw="submit" pos="VERB">submitted </w><w c5="NN2-VVZ" hw="estimate" pos="SUBST">estimates </w><w c5="PRP" hw="from" pos="PREP">from </w><w c5="NN1" hw="insurance" pos="SUBST">insurance </w><w c5="NN2" hw="company" pos="SUBST">companies </w><w c5="PRF" hw="of" pos="PREP">of </w><w c5="DTQ" hw="what" pos="PRON">what </w><w c5="DPS" hw="they" pos="PRON">their </w><w c5="NN2" hw="child" pos="SUBST">children</w><w c5="POS" hw="'s" pos="UNC">'s </w><w c5="NN1" hw="education" pos="SUBST">education </w><w c5="VBD" hw="be" pos="VERB">was </w><w c5="AJ0" hw="likely" pos="ADJ">likely </w><w c5="TO0" hw="to" pos="PREP">to </w><w c5="VVI" hw="cost" pos="VERB">cost</w><c c5="PUN">.</c></s></p><p>
<s n="7"><c c5="PUQ">‘</c><w c5="PNP" hw="they" pos="PRON">They </w><w c5="VVB" hw="keep" pos="VERB">keep </w><w c5="VVG" hw="say" pos="VERB">saying </w><w c5="CJT" hw="that" pos="CONJ">that </w><w c5="PNP" hw="we" pos="PRON">we </w><w c5="VM0" hw="should" pos="VERB">should </w><w c5="VVI" hw="apply" pos="VERB">apply </w><w c5="PRP" hw="to" pos="PREP">to </w><w c5="AT0" hw="the" pos="ART">the </w><w c5="NP0" hw="raf" pos="SUBST">RAF </w><w c5="AJ0" hw="benevolent" pos="ADJ">Benevolent </w><w c5="NN1" hw="fund" pos="SUBST">Fund </w><w c5="CJC" hw="and" pos="CONJ">and </w><w c5="PNP" hw="it" pos="PRON">it </w><w c5="VVZ" hw="depend" pos="VERB">depends </w><w c5="PRP" hw="on" pos="PREP">on </w><w c5="CJS" hw="whether" pos="CONJ">whether </w><w c5="PNP" hw="we" pos="PRON">we </w><w c5="VHB" hw="have" pos="VERB">have </w><w c5="VVN" hw="get" pos="VERB">got </w><w c5="NN1" hw="money" pos="SUBST">money </w><w c5="PRP" hw="in" pos="PREP">in </w><w c5="AT0" hw="the" pos="ART">the </w><w c5="NN1" hw="bank" pos="SUBST">bank</w><c c5="PUN">, </c><w c5="AV0" hw="etc" pos="ADV">etc</w><c c5="PUN">,</c><c c5="PUQ">’ </c><w c5="VVD" hw="say" pos="VERB">said </w><w c5="NP0" hw="mrs" pos="SUBST">Mrs </w><w c5="NP0" hw="lennox" pos="SUBST">Lennox </w><w c5="PRP" hw="at" pos="PREP">at </w><w c5="DPS" hw="she" pos="PRON">her </w><w c5="NN1" hw="home" pos="SUBST">home </w><w c5="PRP" hw="near" pos="PREP">near </w><w c5="NP0" hw="tadcaster" pos="SUBST">Tadcaster</w><c c5="PUN">, </c><w c5="NN1" hw="north" pos="SUBST">north </w><w c5="NP0" hw="yorks" pos="SUBST">Yorks</w><c c5="PUN">.</c></s>
<s n="8"><c c5="PUQ">‘</c><w c5="AVQ" hw="why" pos="ADV">Why </w><w c5="VM0" hw="should" pos="VERB">should </w><w c5="PNP" hw="it" pos="PRON">it </w><w c5="VVI" hw="matter" pos="VERB">matter </w><w c5="DTQ" hw="what" pos="PRON">what </w><w c5="PNP" hw="we" pos="PRON">we </w><w c5="VHB" hw="have" pos="VERB">have </w><w c5="VVN" hw="get" pos="VERB">got </w><w c5="PRP" hw="in" pos="PREP">in </w><w c5="AT0" hw="the" pos="ART">the </w><w c5="NN1" hw="bank" pos="SUBST">bank</w><c c5="PUN">?</c></s>
<s n="9"><w c5="PNP" hw="we" pos="PRON">We </w><w c5="VDB" hw="do" pos="VERB">do</w><w c5="XX0" hw="not" pos="ADV">n't </w><w c5="VVI" hw="believe" pos="VERB">believe </w><w c5="DT0-CJT" hw="that" pos="ADJ">that </w><w c5="VBD" hw="be" pos="VERB">was </w><w c5="DTQ" hw="what" pos="PRON">what </w><w c5="AT0" hw="the" pos="ART">the </w><w c5="NN1" hw="public" pos="SUBST">public </w><w c5="VVN-VVD" hw="intend" pos="VERB">intended </w><w c5="CJS" hw="when" pos="CONJ">when </w><w c5="PNP" hw="they" pos="PRON">they </w><w c5="VVD" hw="donate" pos="VERB">donated </w><w c5="PRP" hw="to" pos="PREP">to </w><w c5="AT0" hw="the" pos="ART">the </w><w c5="NN1" hw="trust" pos="SUBST">Trust</w><c c5="PUN">.</c><c c5="PUQ">’</c></s></p><p>
<s n="10"><w c5="AV0" hw="however" pos="ADV">However</w><c c5="PUN">, </c><w c5="NP0" hw="raf" pos="SUBST">RAF </w><w c5="CJC" hw="and" pos="CONJ">and </w><w c5="NP0" hw="gulf" pos="SUBST">Gulf </w><w c5="NN1-VVB" hw="trust" pos="SUBST">Trust </w><w c5="NN2" hw="spokesman" pos="SUBST">spokesmen </w><w c5="VVD" hw="say" pos="VERB">said </w><w c5="AT0" hw="the" pos="ART">the </w><w c5="NN1" hw="charity" pos="SUBST">charity </w><w c5="NN2" hw="law" pos="SUBST">laws </w><w c5="PRP" hw="under" pos="PREP">under </w><w c5="DTQ" hw="which" pos="PRON">which </w><w c5="AT0" hw="the" pos="ART">the </w><w c5="NN1" hw="trust" pos="SUBST">trust </w><w c5="VBD" hw="be" pos="VERB">was </w><w c5="VVN" hw="establish" pos="VERB">established </w><w c5="VVB" hw="allow" pos="VERB">allow </w><w c5="PRP" hw="for" pos="PREP">for </w><w c5="NN1" hw="payment" pos="SUBST">payment </w><w c5="AV0" hw="only" pos="ADV">only </w><w c5="PRP" hw="in" pos="PREP">in </w><w c5="NN2" hw="case" pos="SUBST">cases </w><w c5="PRF" hw="of" pos="PREP">of </w><w c5="NN1" hw="need" pos="SUBST">need</w><c c5="PUN">, </c><w c5="CJC" hw="and" pos="CONJ">and </w><w c5="NN1" hw="education" pos="SUBST">education </w><w c5="NN2" hw="trust" pos="SUBST">trusts </w><w c5="VDB" hw="do" pos="VERB">do </w><w c5="XX0" hw="not" pos="ADV">not </w><w c5="VVI" hw="qualify" pos="VERB">qualify </w><w c5="PRP" hw="for" pos="PREP">for </w><w c5="DT0" hw="this" pos="ADJ">this</w><c c5="PUN">.</c></s>
<s n="11"><c c5="PUQ">‘</c><w c5="CJS" hw="if" pos="CONJ">If </w><w c5="PNP" hw="they" pos="PRON">they </w><w c5="VVB" hw="wish" pos="VERB">wish </w><w c5="TO0" hw="to" pos="PREP">to </w><w c5="VHI" hw="have" pos="VERB">have </w><w c5="DPS" hw="they" pos="PRON">their </w><w c5="NN2" hw="child" pos="SUBST">children </w><w c5="AV0" hw="privately" pos="ADV">privately </w><w c5="VVN-AJ0" hw="educate" pos="VERB">educated </w><w c5="CJC" hw="and" pos="CONJ">and </w><w c5="PNP" hw="they" pos="PRON">they </w><w c5="VVB" hw="feel" pos="VERB">feel </w><w c5="PNP" hw="they" pos="PRON">they </w><w c5="VM0" hw="can" pos="VERB">ca</w><w c5="XX0" hw="not" pos="ADV">n't </w><w c5="VVI" hw="afford" pos="VERB">afford </w><w c5="PNP" hw="it" pos="PRON">it</w><c c5="PUN">, </c><w c5="CJS-AVQ" hw="when" pos="CONJ">when </w><w c5="AT0" hw="the" pos="ART">the </w><w c5="NN1" hw="time" pos="SUBST">time </w><w c5="VVZ" hw="come" pos="VERB">comes </w><w c5="PNP" hw="they" pos="PRON">they </w><w c5="VM0" hw="can" pos="VERB">can </w><w c5="VVI" hw="talk" pos="VERB">talk </w><w c5="PRP" hw="to" pos="PREP">to </w><w c5="AT0" hw="the" pos="ART">the </w><w c5="AJ0" hw="benevolent" pos="ADJ">benevolent </w><w c5="NN1" hw="fund" pos="SUBST">fund</w><c c5="PUN">,</c><c c5="PUQ">’ </c><w c5="PNP" hw="he" pos="PRON">he </w><w c5="VVD" hw="say" pos="VERB">said</w><c c5="PUN">.</c></s>
<s n="12"><c c5="PUQ">‘</c><w c5="NN0" hw="people" pos="SUBST">People </w><w c5="VDD" hw="do" pos="VERB">did</w><w c5="XX0" hw="not" pos="ADV">n't </w><w c5="VVI" hw="contribute" pos="VERB">contribute </w><w c5="PRP" hw="towards" pos="PREP">towards </w><w c5="AT0" hw="an" pos="ART">an </w><w c5="NN1" hw="education" pos="SUBST">education </w><w c5="NN1-VVB" hw="trust" pos="SUBST">trust</w><c c5="PUN">.</c><c c5="PUQ">’</c></s>
<s n="13"><w c5="AT0" hw="the" pos="ART">The </w><w c5="AJ0" hw="hardened" pos="ADJ">hardened </w><w c5="NN1" hw="government" pos="SUBST">government </w><w c5="NN1" hw="attitude" pos="SUBST">attitude </w><w c5="VBD" hw="be" pos="VERB">was </w><w c5="VVN" hw="reflect" pos="VERB">reflected </w><w c5="PRP" hw="by" pos="PREP">by </w><w c5="NP0" hw="mr" pos="SUBST">Mr </w><w c5="NP0" hw="archie" pos="SUBST">Archie </w><w c5="NP0" hw="hamilton" pos="SUBST">Hamilton</w><c c5="PUN">, </c><w c5="NP0" hw="mp" pos="SUBST">MP</w><c c5="PUN">, </c><w c5="AJ0" hw="armed" pos="ADJ">Armed </w><w c5="NN2" hw="force" pos="SUBST">Forces </w><w c5="NN1-VVB" hw="minister" pos="SUBST">Minister</w><c c5="PUN">.</c></s>
<s n="14"><w c5="NP0" hw="mr" pos="SUBST">Mr </w><w c5="NP0" hw="hamilton" pos="SUBST">Hamilton </w><w c5="VVD" hw="meet" pos="VERB">met </w><w c5="AT0" hw="the" pos="ART">the </w><w c5="CRD" hw="three" pos="ADJ">three </w><w c5="NN2" hw="widow" pos="SUBST">widows </w><c c5="PUN">— </c><w c5="NP0" hw="mrs" pos="SUBST">Mrs </w><w c5="NP0" hw="lennox" pos="SUBST">Lennox</w><c c5="PUN">, </c><w c5="NP0" hw="mrs" pos="SUBST">Mrs </w><w c5="NP0" hw="elizabeth" pos="SUBST">Elizabeth </w><w c5="NP0" hw="weeks" pos="SUBST">Weeks </w><w c5="CJC" hw="and" pos="CONJ">and </w><w c5="NP0" hw="mrs" pos="SUBST">Mrs </w><w c5="NP0" hw="lyn" pos="SUBST">Lyn </w><w c5="NP0" hw="hicks" pos="SUBST">Hicks </w><c c5="PUN">— </c><w c5="PRP" hw="at" pos="PREP">at </w><w c5="AT0" hw="the" pos="ART">the </w><w c5="NN1" hw="mod" pos="SUBST">MoD </w><w c5="PRP" hw="in" pos="PREP">in </w><w c5="NP0" hw="january" pos="SUBST">January </w><w c5="AVQ" hw="when" pos="ADV">when </w><w c5="PNP" hw="he" pos="PRON">he </w><w c5="VVD" hw="indicate" pos="VERB">indicated </w><w c5="AT0" hw="a" pos="ART">a </w><w c5="NN1" hw="compromise" pos="SUBST">compromise </w><w c5="VM0" hw="could" pos="VERB">could </w><w c5="VBI" hw="be" pos="VERB">be </w><w c5="VVN" hw="reach" pos="VERB">reached</w><c c5="PUN">.</c></s></p><p>
<s n="15"><w c5="AV0" hw="however" pos="ADV">However</w><c c5="PUN">, </c><w c5="PNP" hw="he" pos="PRON">he </w><w c5="VVD" hw="say" pos="VERB">said </w><w c5="DT0" hw="this" pos="ADJ">this </w><w c5="NN1" hw="week" pos="SUBST">week</w><c c5="PUN">: </c><c c5="PUQ">‘</c><w c5="PNP" hw="they" pos="PRON">They </w><w c5="VM0" hw="would" pos="VERB">would </w><w c5="VVI" hw="like" pos="VERB">like </w><w c5="DT0" hw="some" pos="ADJ">some </w><w c5="NN1-VVB" hw="guarantee" pos="SUBST">guarantee </w><w c5="PRP" hw="for" pos="PREP">for </w><w c5="AT0" hw="the" pos="ART">the </w><w c5="NN1-AJ0" hw="future" pos="SUBST">future</w><c c5="PUN">…</c></s>
<s n="16"><w c5="CJC" hw="but" pos="CONJ">But </w><w c5="DT0" hw="that" pos="ADJ">that</w><w c5="VBZ" hw="be" pos="VERB">'s </w><w c5="XX0" hw="not" pos="ADV">not </w><w c5="AT0" hw="the" pos="ART">the </w><w c5="NN1" hw="way" pos="SUBST">way </w><w c5="AT0" hw="the" pos="ART">the </w><w c5="NN1" hw="trust" pos="SUBST">trust </w><w c5="VBZ" hw="be" pos="VERB">is </w><w c5="VVN" hw="set" pos="VERB">set </w><w c5="AVP" hw="up" pos="ADV">up</w><c c5="PUN">.</c></s>
<s n="17"><w c5="PNP" hw="we" pos="PRON">We </w><w c5="VHB" hw="have" pos="VERB">have </w><w c5="VVN" hw="learn" pos="VERB">learned </w><w c5="XX0" hw="not" pos="ADV">not </w><w c5="TO0" hw="to" pos="PREP">to </w><w c5="VVI" hw="repeat" pos="VERB">repeat </w><w c5="AT0" hw="the" pos="ART">the </w><w c5="NN1" hw="south" pos="SUBST">South </w><w c5="NP0" hw="atlantic" pos="SUBST">Atlantic </w><w c5="NN1" hw="fund" pos="SUBST">Fund </w><c c5="PUL">(</c><w c5="CJS-AVQ" hw="when" pos="CONJ">when </w><w c5="AV0" hw="too" pos="ADV">too </w><w c5="DT0" hw="much" pos="ADJ">much </w><w c5="NN1" hw="compensation" pos="SUBST">compensation </w><w c5="NN1" hw="money" pos="SUBST">money </w><w c5="VBD" hw="be" pos="VERB">was </w><w c5="VVN" hw="hand" pos="VERB">handed </w><w c5="AVP" hw="out" pos="ADV">out </w><w c5="AV0" hw="quickly" pos="ADV">quickly</w><c c5="PUR">)</c><c c5="PUN">.</c></s>
<s n="18"><w c5="CJC" hw="but" pos="CONJ">But </w><w c5="PNP" hw="i" pos="PRON">I </w><w c5="VBD" hw="be" pos="VERB">was </w><w c5="AV0" hw="certainly" pos="ADV">certainly </w><w c5="VVG" hw="hope" pos="VERB">hoping </w><w c5="CJT" hw="that" pos="CONJ">that </w><w c5="PNP" hw="they" pos="PRON">they </w><c c5="PUL">[</c><w c5="AT0" hw="the" pos="ART">the </w><w c5="NN2" hw="widow" pos="SUBST">widows</w><c c5="PUR">]</c><w c5="VM0" hw="might" pos="VERB">might </w><w c5="VVI" hw="get" pos="VERB">get </w><w c5="AT0" hw="a" pos="ART">a </w><w c5="AJC" hw="good" pos="ADJ">better </w><w c5="NN1" hw="response" pos="SUBST">response</w><c c5="PUN">.</c></s>
<s n="19"><w c5="PNP" hw="i" pos="PRON">I </w><w c5="VVB" hw="think" pos="VERB">think </w><w c5="AT0" hw="the" pos="ART">the </w><w c5="NN1" hw="public" pos="SUBST">public </w><w c5="VVZ" hw="want" pos="VERB">wants </w><w c5="TO0" hw="to" pos="PREP">to </w><w c5="VVI" hw="know" pos="VERB">know </w><w c5="CJT" hw="that" pos="CONJ">that </w><w c5="DT0" hw="all" pos="ADJ">all </w><w c5="DT0" hw="those" pos="ADJ">those </w><w c5="NN0" hw="people" pos="SUBST">people</w><c c5="PUN">, </c><w c5="CJC" hw="and" pos="CONJ">and </w><w c5="DPS" hw="they" pos="PRON">their </w><w c5="NN2" hw="family" pos="SUBST">families</w><c c5="PUN">, </c><w c5="PNQ" hw="who" pos="PRON">who </w><w c5="VVD" hw="suffer" pos="VERB">suffered </w><w c5="PRP" hw="in" pos="PREP">in </w><w c5="AT0" hw="the" pos="ART">the </w><w c5="NN1" hw="war" pos="SUBST">war </w><w c5="VM0" hw="will" pos="VERB">will </w><w c5="VBI" hw="be" pos="VERB">be </w><w c5="VVN" hw="look" pos="VERB">looked </w><w c5="PRP" hw="after" pos="PREP">after </w><w c5="PRP" hw="for" pos="PREP">for </w><w c5="AT0" hw="the" pos="ART">the </w><w c5="NN1" hw="rest" pos="SUBST">rest </w><w c5="PRF" hw="of" pos="PREP">of </w><w c5="DPS" hw="they" pos="PRON">their </w><w c5="NN2" hw="life" pos="SUBST">lives</w><c c5="PUN">.</c><c c5="PUQ">’</c></s></p><p>
<s n="20"><w c5="NP0" hw="mrs" pos="SUBST">Mrs </w><w c5="NP0" hw="lennox" pos="SUBST">Lennox</w><w c5="POS" hw="'s" pos="UNC">'s </w><w c5="AJ0-NN1" hw="conservative" pos="ADJ">Conservative </w><w c5="NN1" hw="mp" pos="SUBST">MP</w><c c5="PUN">, </c><w c5="NP0" hw="mr" pos="SUBST">Mr </w><w c5="NP0" hw="michael" pos="SUBST">Michael </w><w c5="NP0" hw="alison" pos="SUBST">Alison</w><c c5="PUN">, </c><w c5="VVD" hw="say" pos="VERB">said</w><c c5="PUN">: </c><c c5="PUQ">‘</c><w c5="DTQ" hw="what" pos="PRON">What </w><w c5="PNP" hw="we" pos="PRON">we </w><w c5="VHB" hw="have" pos="VERB">have </w><w c5="VHN" hw="have" pos="VERB">had </w><w c5="AV0" hw="so" pos="ADV">so </w><w c5="AV0" hw="far" pos="ADV">far </w><w c5="VBZ" hw="be" pos="VERB">is </w><w c5="AT0" hw="a" pos="ART">a </w><w c5="AJ0" hw="red" pos="ADJ">red </w><w c5="NN1" hw="light" pos="SUBST">light </w><w c5="PRP" hw="on" pos="PREP">on </w><w c5="AT0" hw="the" pos="ART">the </w><w c5="NN1" hw="road" pos="SUBST">road</w><c c5="PUN">.</c></s>
<s n="21"><w c5="CJC" hw="but" pos="CONJ">But </w><w c5="AJ0" hw="red" pos="ADJ">red </w><w c5="NN2" hw="light" pos="SUBST">lights </w><w c5="VVB" hw="go" pos="VERB">go </w><w c5="AJ0" hw="yellow" pos="ADJ">yellow </w><w c5="CJC" hw="and" pos="CONJ">and </w><w c5="AV0" hw="then" pos="ADV">then </w><w c5="AJ0-NN1" hw="green" pos="ADJ">green</w><c c5="PUN">.</c></s></p><p>
<s n="22"><c c5="PUQ">‘</c><w c5="PNP" hw="i" pos="PRON">I </w><w c5="VVB" hw="think" pos="VERB">think </w><w c5="DT0" hw="this" pos="ADJ">this </w><w c5="VBZ" hw="be" pos="VERB">is </w><w c5="AT0" hw="a" pos="ART">a </w><w c5="AJ0" hw="temporary" pos="ADJ">temporary </w><w c5="NN1-VVB" hw="hold" pos="SUBST">hold </w><w c5="AVP" hw="up" pos="ADV">up</w><c c5="PUN">.</c></s>
<s n="23"><w c5="PNP" hw="i" pos="PRON">I </w><w c5="VVB" hw="understand" pos="VERB">understand </w><w c5="AT0" hw="the" pos="ART">the </w><w c5="NP0-NN1" hw="gulf" pos="SUBST">Gulf </w><w c5="NN1" hw="trust" pos="SUBST">Trust</w><w c5="POS" hw="'s" pos="UNC">'s </w><w c5="NN1" hw="anxiety" pos="SUBST">anxiety</w><c c5="PUN">, </c><w c5="CJC" hw="but" pos="CONJ">but </w><w c5="PNP" hw="i" pos="PRON">I </w><w c5="VVB" hw="think" pos="VERB">think </w><w c5="PNP" hw="they" pos="PRON">they </w><w c5="VHB" hw="have" pos="VERB">have </w><w c5="XX0" hw="not" pos="ADV">not </w><w c5="AV0" hw="really" pos="ADV">really </w><w c5="VVN" hw="focus" pos="VERB">focused </w><w c5="PRP" hw="on" pos="PREP">on </w><w c5="DT0" hw="this" pos="ADJ">this </w><w c5="NN1" hw="case" pos="SUBST">case </w><w c5="CJC" hw="or" pos="CONJ">or </w><w c5="VVD" hw="hear" pos="VERB">heard </w><w c5="AT0" hw="the" pos="ART">the </w><w c5="NN1" hw="reasonableness" pos="SUBST">reasonableness </w><w c5="PRF" hw="of" pos="PREP">of </w><w c5="AJ0" hw="advanced" pos="ADJ">advanced </w><w c5="NN2" hw="payment" pos="SUBST">payments</w><c c5="PUN">.</c><c c5="PUQ">’</c></s></p></div></wtext></bncDoc>
