<bncDoc xml:id="AJE"><teiHeader><fileDesc><titleStmt><title>  Daily Telegraph, electronic edition of 1992-04-09: Applied Science pages. Sample containing about 535 words from a periodical (domain: applied science) </title><respStmt><resp> Data capture and transcription </resp><name> Oxford University Press </name> </respStmt></titleStmt><editionStmt><edition>BNC XML Edition, December 2006</edition></editionStmt><extent> 535 tokens; 539 w-units; 20 s-units </extent><publicationStmt><distributor>Distributed under licence by Oxford University Computing Services on behalf of the BNC Consortium.</distributor><availability> This material is protected by international copyright laws and may not be copied or redistributed in any way. Consult the BNC Web Site at http://www.natcorp.ox.ac.uk for full licencing and distribution conditions.</availability><idno type="bnc">AJE</idno><idno type="old"> DfAppS </idno></publicationStmt><sourceDesc><bibl><title>Daily Telegraph, electronic edition of 1992-04-09: Applied Science pages.</title> <imprint n="DAILYT1"><publisher>The Daily Telegraph plc</publisher> <pubPlace>London</pubPlace> <date value="1992">1992</date> </imprint> </bibl></sourceDesc></fileDesc><encodingDesc><tagsDecl><namespace name=""><tagUsage gi="c" occurs="55"/><tagUsage gi="div" occurs="1"/><tagUsage gi="head" occurs="2"/><tagUsage gi="mw" occurs="3"/><tagUsage gi="p" occurs="14"/><tagUsage gi="s" occurs="20"/><tagUsage gi="w" occurs="539"/></namespace></tagsDecl></encodingDesc><profileDesc><creation date="1992"> </creation><textClass><catRef targets="WRI ALLTIM3 ALLAVA2 ALLTYP3 WRIAAG0 WRIAD0 WRIASE3 WRIATY2 WRIAUD3 WRIDOM3 WRILEV2 WRIMED2 WRIPP5 WRISAM0 WRISTA3 WRITAS3"/><classCode scheme="DLEE">W newsp brdsht nat: science</classCode><keywords><term> (none) </term></keywords></textClass></profileDesc><revisionDesc><change date="2006-10-21" who="#OUCS">Tag usage updated for BNC-XML</change><change date="2000-12-13" who="#OUCS">Last check for BNC World first release</change><change date="2000-09-06" who="#OUCS">Redo tagusage tables</change><change date="2000-09-01" who="#OUCS">Check all tagcounts</change><change date="2000-06-23" who="#OUCS">Resequenced s-units and added headers</change><change date="2000-01-21" who="#OUCS">Added date info</change><change date="2000-01-09" who="#OUCS">Updated all catrefs</change><change date="2000-01-08" who="#OUCS">Updated source title</change><change date="2000-01-08" who="#OUCS">Updated titles</change><change date="1999-12-25" who="#OUCS">corrected tagUsage</change><change date="1999-09-13" who="#UCREL">POS codes revised for BNC-2; header updated</change><change date="1994-11-24" who="#dominic">Initial accession to corpus</change></revisionDesc></teiHeader>
<wtext type="NEWS"><div level="1"><head type="MAIN">
<s n="1"><w c5="NP0-NN1" hw="mengele" pos="SUBST">Mengele </w><w c5="VVD" hw="die" pos="VERB">died </w><w c5="PRP" hw="in" pos="PREP">in </w><w c5="CRD" hw="1979" pos="ADJ">1979</w><c c5="PUN">, </c><w c5="VVZ" hw="say" pos="VERB">says </w><w c5="NN1" hw="pioneer" pos="SUBST">pioneer </w><w c5="PRF" hw="of" pos="PREP">of </w><w c5="NN1" hw="dna" pos="SUBST">DNA </w><w c5="NN1" hw="testing" pos="SUBST">testing</w></s></head><head type="BYLINE">
<s n="2"><w c5="PRP" hw="by" pos="PREP">By </w><w c5="NP0" hw="robin" pos="SUBST">Robin </w><w c5="NP0-NN1" hw="gedye" pos="SUBST">Gedye </w><w c5="PRP" hw="in" pos="PREP">in </w><w c5="NP0" hw="frankfurt" pos="SUBST">Frankfurt</w></s></head><p>
<s n="3"><w c5="NN2" hw="test" pos="SUBST">TESTS </w><w c5="PRP" hw="on" pos="PREP">on </w><w c5="AT0" hw="the" pos="ART">the </w><w c5="NN2" hw="remains" pos="SUBST">remains </w><w c5="PRF" hw="of" pos="PREP">of </w><w c5="NP0" hw="josef" pos="SUBST">Josef </w><w c5="NP0" hw="mengele" pos="SUBST">Mengele </w><w c5="VVB" hw="show" pos="VERB">show </w><w c5="AT0" hw="the" pos="ART">the </w><w c5="NP0" hw="auschwitz" pos="SUBST">Auschwitz </w><w c5="NN1" hw="concentration" pos="SUBST">concentration </w><w c5="NN1" hw="camp" pos="SUBST">camp </w><w c5="NN1" hw="doctor" pos="SUBST">doctor </w><w c5="VVD" hw="die" pos="VERB">died </w><w c5="PRP" hw="in" pos="PREP">in </w><w c5="CRD" hw="1979" pos="ADJ">1979</w><c c5="PUN">, </c><w c5="AJ0" hw="british" pos="ADJ">British </w><w c5="NN2" hw="scientist" pos="SUBST">scientists </w><w c5="VVD" hw="say" pos="VERB">said </w><w c5="AV0" hw="yesterday" pos="ADV">yesterday</w><c c5="PUN">.</c></s></p><p>
<s n="4"><w c5="NP0" hw="professor" pos="SUBST">Professor </w><w c5="NP0" hw="alec" pos="SUBST">Alec </w><w c5="NP0" hw="jeffreys" pos="SUBST">Jeffreys</w><c c5="PUN">, </c><w c5="PNQ" hw="who" pos="PRON">who </w><w c5="VVD" hw="pioneer" pos="VERB">pioneered </w><w c5="AJ0" hw="genetic" pos="ADJ">genetic </w><w c5="NN1" hw="fingerprinting" pos="SUBST">fingerprinting</w><c c5="PUN">, </c><w c5="VVD" hw="say" pos="VERB">said </w><w c5="NN2" hw="test" pos="SUBST">tests </w><w c5="PRP" hw="on" pos="PREP">on </w><w c5="AT0" hw="a" pos="ART">a </w><w c5="NN1" hw="leg" pos="SUBST">leg </w><w c5="NN1" hw="bone" pos="SUBST">bone </w><w c5="PRP" hw="from" pos="PREP">from </w><w c5="AT0" hw="a" pos="ART">a </w><w c5="NN1-AJ0" hw="grave" pos="SUBST">grave </w><w c5="PRP" hw="in" pos="PREP">in </w><w c5="NP0" hw="brazil" pos="SUBST">Brazil </w><w c5="VHD" hw="have" pos="VERB">had </w><c c5="PUQ">‘</c><w c5="VVN" hw="prove" pos="VERB">proved </w><w c5="XX0" hw="not" pos="ADV">not </w><w c5="AV0" hw="absolutely" pos="ADV">absolutely</w><c c5="PUN">, </c><w c5="CJC" hw="but" pos="CONJ">but </w><w c5="PRP" hw="beyond" pos="PREP">beyond </w><w c5="AJ0" hw="reasonable" pos="ADJ">reasonable </w><w c5="NN1" hw="doubt" pos="SUBST">doubt </w><w c5="CJC" hw="and" pos="CONJ">and </w><w c5="PRP" hw="with" pos="PREP">with </w><w c5="AT0" hw="a" pos="ART">a </w><w c5="AJ0" hw="high" pos="ADJ">high </w><w c5="NN1" hw="level" pos="SUBST">level </w><w c5="PRF" hw="of" pos="PREP">of </w><w c5="NN1" hw="certainty" pos="SUBST">certainty</w><c c5="PUQ">’ </c><w c5="CJT" hw="that" pos="CONJ">that </w><w c5="AT0" hw="the" pos="ART">the </w><w c5="NN2" hw="remains" pos="SUBST">remains </w><w c5="VBD" hw="be" pos="VERB">were </w><w c5="DT0" hw="those" pos="ADJ">those </w><w c5="PRF" hw="of" pos="PREP">of </w><w c5="NP0-NN1" hw="mengele" pos="SUBST">Mengele</w><c c5="PUN">.</c></s></p><p>
<s n="5"><c c5="PUQ">‘</c><w c5="AT0" hw="the" pos="ART">The </w><w c5="NN2" hw="result" pos="SUBST">results </w><w c5="VVB" hw="show" pos="VERB">show </w><w c5="CJT" hw="that" pos="CONJ">that </w><w c5="PNP" hw="we" pos="PRON">we </w><w c5="VM0" hw="can" pos="VERB">can </w><w c5="VBI" hw="be" pos="VERB">be </w><w c5="CRD" hw="99" pos="ADJ">99 </w><mw c5="NN0"><w c5="UNC" hw="per" pos="UNC">per </w><w c5="UNC" hw="cent" pos="UNC">cent </w></mw><w c5="AJ0" hw="certain" pos="ADJ">certain </w><w c5="CJT" hw="that" pos="CONJ">that </w><w c5="DT0" hw="these" pos="ADJ">these </w><w c5="VBB" hw="be" pos="VERB">are </w><w c5="AT0" hw="the" pos="ART">the </w><w c5="NN2" hw="remains" pos="SUBST">remains </w><w c5="PRF" hw="of" pos="PREP">of </w><w c5="NP0" hw="josef" pos="SUBST">Josef </w><w c5="NP0" hw="mengele" pos="SUBST">Mengele </w><mw c5="PRP"><w c5="AV0" hw="rather" pos="ADV">rather </w><w c5="CJS" hw="than" pos="CONJ">than </w></mw><w c5="AT0" hw="the" pos="ART">the </w><w c5="NN2" hw="remains" pos="SUBST">remains </w><w c5="PRF" hw="of" pos="PREP">of </w><w c5="PNI" hw="someone" pos="PRON">someone </w><w c5="PNQ" hw="who" pos="PRON">who </w><w c5="AV0" hw="coincidentally" pos="ADV">coincidentally </w><w c5="VHD" hw="have" pos="VERB">had </w><w c5="AV0" hw="precisely" pos="ADV">precisely </w><w c5="AT0" hw="the" pos="ART">the </w><w c5="DT0" hw="same" pos="ADJ">same </w><w c5="AJ0" hw="genetic" pos="ADJ">genetic </w><w c5="NN1" hw="makeup" pos="SUBST">makeup</w><c c5="PUN">.</c><c c5="PUQ">’</c></s></p><p>
<s n="6"><w c5="NP0" hw="prof" pos="SUBST">Prof </w><w c5="NP0" hw="jeffreys" pos="SUBST">Jeffreys </w><w c5="VVD" hw="say" pos="VERB">said </w><w c5="PNP" hw="he" pos="PRON">he </w><w c5="VHD" hw="have" pos="VERB">had </w><w c5="XX0" hw="not" pos="ADV">not </w><w c5="VBN" hw="be" pos="VERB">been </w><w c5="VVN" hw="ask" pos="VERB">asked </w><w c5="TO0" hw="to" pos="PREP">to </w><w c5="VVI" hw="consider" pos="VERB">consider </w><w c5="AT0" hw="the" pos="ART">the </w><w c5="NN1" hw="possibility" pos="SUBST">possibility</w><c c5="PUN">, </c><w c5="VVN" hw="suggest" pos="VERB">suggested </w><w c5="PRP" hw="by" pos="PREP">by </w><w c5="NN2" hw="sceptic" pos="SUBST">sceptics</w><c c5="PUN">, </c><w c5="CJT" hw="that" pos="CONJ">that </w><w c5="AT0" hw="the" pos="ART">the </w><w c5="NN2" hw="sample" pos="SUBST">samples </w><w c5="VM0" hw="might" pos="VERB">might </w><w c5="VHI" hw="have" pos="VERB">have </w><w c5="VVN" hw="belong" pos="VERB">belonged </w><w c5="PRP" hw="to" pos="PREP">to </w><w c5="NP0" hw="mengele" pos="SUBST">Mengele</w><w c5="POS" hw="'s" pos="UNC">'s </w><w c5="NN1" hw="brother" pos="SUBST">brother </w><w c5="NP0" hw="karl" pos="SUBST">Karl</w><c c5="PUN">, </c><w c5="PNQ" hw="who" pos="PRON">who </w><w c5="VVD" hw="die" pos="VERB">died </w><w c5="PRP" hw="in" pos="PREP">in </w><w c5="NP0" hw="germany" pos="SUBST">Germany </w><w c5="PRP" hw="in" pos="PREP">in </w><w c5="CRD" hw="1949" pos="ADJ">1949</w><c c5="PUN">.</c></s></p><p>
<s n="7"><w c5="PRP" hw="in" pos="PREP">In </w><w c5="AT0" hw="the" pos="ART">the </w><w c5="NN2" hw="test" pos="SUBST">tests</w><c c5="PUN">, </c><w c5="NP0" hw="prof" pos="SUBST">Prof </w><w c5="NP0" hw="jeffreys" pos="SUBST">Jeffreys </w><w c5="VHD" hw="have" pos="VERB">had </w><w c5="TO0" hw="to" pos="PREP">to </w><w c5="VVI" hw="match" pos="VERB">match </w><w c5="AT0" hw="a" pos="ART">a </w><w c5="AJ0" hw="minuscule" pos="ADJ">minuscule </w><w c5="NN1" hw="fragment" pos="SUBST">fragment </w><w c5="PRF" hw="of" pos="PREP">of </w><w c5="NN1" hw="dna" pos="SUBST">DNA </w><w c5="PRP" hw="from" pos="PREP">from </w><w c5="NP0" hw="mengele" pos="SUBST">Mengele</w><w c5="POS" hw="'s" pos="UNC">'s </w><w c5="NN1" hw="leg" pos="SUBST">leg </w><w c5="NN1" hw="bone" pos="SUBST">bone </w><w c5="PRP" hw="with" pos="PREP">with </w><w c5="NN1" hw="blood" pos="SUBST">blood </w><w c5="NN2-VVZ" hw="sample" pos="SUBST">samples </w><w c5="PRP" hw="from" pos="PREP">from </w><w c5="DPS" hw="he" pos="PRON">his </w><w c5="NN1" hw="son" pos="SUBST">son </w><w c5="NP0" hw="rolf" pos="SUBST">Rolf</w><c c5="PUN">.</c></s></p><p>
<s n="8"><w c5="AT0" hw="the" pos="ART">The </w><w c5="NN1" hw="announcement" pos="SUBST">announcement </w><w c5="VVZ" hw="conclude" pos="VERB">concludes </w><w c5="AT0" hw="a" pos="ART">a </w><w c5="AJ0" hw="33-year" pos="ADJ">33-year </w><w c5="AJ0" hw="worldwide" pos="ADJ">worldwide </w><w c5="NN1-VVB" hw="hunt" pos="SUBST">hunt </w><w c5="PRP" hw="for" pos="PREP">for </w><w c5="NP0" hw="mengele" pos="SUBST">Mengele</w><c c5="PUN">, </c><w c5="PNQ" hw="who" pos="PRON">who </w><w c5="VVD" hw="stand" pos="VERB">stood </w><w c5="PRP" hw="on" pos="PREP">on </w><w c5="AT0" hw="the" pos="ART">the </w><w c5="AJ0-NN1" hw="unloading" pos="ADJ">unloading </w><w c5="NN1" hw="ramp" pos="SUBST">ramp </w><w c5="PRP" hw="at" pos="PREP">at </w><w c5="NP0" hw="auschwitz" pos="SUBST">Auschwitz </w><w c5="VVG" hw="send" pos="VERB">sending </w><w c5="NN2" hw="jew" pos="SUBST">Jews </w><w c5="VVN-VVD" hw="leave" pos="VERB">left </w><w c5="PRP" hw="to" pos="PREP">to </w><w c5="AT0" hw="the" pos="ART">the </w><w c5="NN1" hw="gas" pos="SUBST">gas </w><w c5="NN2" hw="chamber" pos="SUBST">chambers </w><w c5="CJC" hw="or" pos="CONJ">or </w><w c5="AV0" hw="right" pos="ADV">right </w><w c5="PRP" hw="to" pos="PREP">to </w><w c5="AT0" hw="the" pos="ART">the </w><w c5="NN1" hw="camp" pos="SUBST">camp </w><w c5="PRP" hw="with" pos="PREP">with </w><w c5="AT0" hw="a" pos="ART">a </w><w c5="NN1" hw="flick" pos="SUBST">flick </w><w c5="PRF" hw="of" pos="PREP">of </w><w c5="DPS" hw="he" pos="PRON">his </w><w c5="NN1" hw="thumb" pos="SUBST">thumb</w><c c5="PUN">.</c></s></p><p>
<s n="9"><w c5="NP0" hw="herr" pos="SUBST">Herr </w><w c5="NP0" hw="hans-eberhard" pos="SUBST">Hans-Eberhard </w><w c5="NP0" hw="klein" pos="SUBST">Klein</w><c c5="PUN">, </c><w c5="AT0" hw="the" pos="ART">the </w><w c5="NP0" hw="frankfurt" pos="SUBST">Frankfurt </w><w c5="NN1" hw="prosecutor" pos="SUBST">prosecutor </w><w c5="PNQ" hw="who" pos="PRON">who </w><w c5="VVD" hw="lead" pos="VERB">led </w><w c5="AT0" hw="the" pos="ART">the </w><w c5="NN1" hw="search" pos="SUBST">search</w><c c5="PUN">, </c><w c5="VVD" hw="say" pos="VERB">said</w><c c5="PUN">: </c><c c5="PUQ">‘</c><w c5="PNP" hw="i" pos="PRON">I </w><w c5="VBB" hw="be" pos="VERB">am </w><w c5="AJ0" hw="glad" pos="ADJ">glad </w><w c5="PNP" hw="it" pos="PRON">it </w><w c5="VBZ" hw="be" pos="VERB">is </w><w c5="AVP" hw="over" pos="ADV">over</w><c c5="PUN">, </c><w c5="CJC" hw="but" pos="CONJ">but </w><w c5="PNP" hw="i" pos="PRON">I </w><w c5="VM0" hw="would" pos="VERB">would </w><w c5="AV0" hw="rather" pos="ADV">rather </w><w c5="VHI" hw="have" pos="VERB">have </w><w c5="VHN" hw="have" pos="VERB">had </w><w c5="AT0" hw="a" pos="ART">a </w><w c5="AJ0" hw="live" pos="ADJ">live </w><w c5="NN1-NP0" hw="mengele" pos="SUBST">Mengele </w><w c5="CJS" hw="than" pos="CONJ">than </w><w c5="AT0" hw="a" pos="ART">a </w><w c5="AJ0" hw="dead" pos="ADJ">dead </w><w c5="PNI" hw="one" pos="PRON">one </w><mw c5="CJS"><w c5="AV0" hw="so" pos="ADV">so </w><w c5="CJT" hw="that" pos="CONJ">that </w></mw><w c5="DT0" hw="some" pos="ADJ">some </w><w c5="PRF" hw="of" pos="PREP">of </w><w c5="AT0" hw="the" pos="ART">the </w><w c5="CRD" hw="thousands" pos="ADJ">thousands </w><w c5="PNQ" hw="who" pos="PRON">who </w><w c5="VVD" hw="suffer" pos="VERB">suffered </w><w c5="PRP" hw="under" pos="PREP">under </w><w c5="PNP" hw="he" pos="PRON">him </w><w c5="VM0" hw="could" pos="VERB">could </w><w c5="VHI" hw="have" pos="VERB">have </w><w c5="VVN" hw="gain" pos="VERB">gained </w><w c5="DT0" hw="some" pos="ADJ">some </w><w c5="AJ0" hw="little" pos="ADJ">little </w><w c5="NN1" hw="satisfaction" pos="SUBST">satisfaction </w><w c5="PRP" hw="from" pos="PREP">from </w><w c5="AT0" hw="a" pos="ART">a </w><w c5="NN1" hw="trial" pos="SUBST">trial</w><c c5="PUN">.</c><c c5="PUQ">’</c></s></p><p>
<s n="10"><w c5="NP0" hw="herr" pos="SUBST">Herr </w><w c5="NP0" hw="klein" pos="SUBST">Klein </w><w c5="VVD" hw="say" pos="VERB">said </w><w c5="NP0" hw="mengele" pos="SUBST">Mengele</w><w c5="POS" hw="'s" pos="UNC">'s </w><w c5="ORD" hw="first" pos="ADJ">first </w><w c5="NN1" hw="wife" pos="SUBST">wife </w><w c5="NP0" hw="irene" pos="SUBST">Irene </w><w c5="CJC" hw="and" pos="CONJ">and </w><w c5="DPS" hw="they" pos="PRON">their </w><w c5="NN1" hw="son" pos="SUBST">son </w><w c5="NP0" hw="rolf" pos="SUBST">Rolf</w><c c5="PUN">, </c><w c5="AT0" hw="the" pos="ART">the </w><w c5="AJ0" hw="only" pos="ADJ">only </w><w c5="NN1" hw="family" pos="SUBST">family </w><w c5="NN1" hw="member" pos="SUBST">member </w><w c5="AV0" hw="publicly" pos="ADV">publicly </w><w c5="TO0" hw="to" pos="PREP">to </w><w c5="VVI" hw="condemn" pos="VERB">condemn </w><w c5="NP0-NN1" hw="josef" pos="SUBST">Josef </w><w c5="NP0-NN1" hw="mengele" pos="SUBST">Mengele </w><w c5="PRP" hw="for" pos="PREP">for </w><w c5="DPS" hw="he" pos="PRON">his </w><w c5="NN2" hw="crime" pos="SUBST">crimes</w><c c5="PUN">, </c><w c5="VHD" hw="have" pos="VERB">had </w><w c5="AV0" hw="initially" pos="ADV">initially </w><w c5="VVN" hw="refuse" pos="VERB">refused </w><w c5="TO0" hw="to" pos="PREP">to </w><w c5="VVI" hw="give" pos="VERB">give </w><w c5="NN2" hw="sample" pos="SUBST">samples </w><w c5="PRF" hw="of" pos="PREP">of </w><w c5="DPS" hw="they" pos="PRON">their </w><w c5="NN1" hw="blood" pos="SUBST">blood </w><w c5="PRP" hw="for" pos="PREP">for </w><w c5="AT0" hw="the" pos="ART">the </w><w c5="NN1" hw="dna" pos="SUBST">DNA </w><w c5="NN2" hw="test" pos="SUBST">tests</w><c c5="PUN">.</c></s>
<s n="11"><w c5="PNP" hw="they" pos="PRON">They </w><w c5="VVD" hw="relent" pos="VERB">relented </w><w c5="CJS" hw="when" pos="CONJ">when </w><w c5="PNP" hw="it" pos="PRON">it </w><w c5="VBD" hw="be" pos="VERB">was </w><w c5="VVN" hw="explain" pos="VERB">explained </w><w c5="CJT" hw="that" pos="CONJ">that </w><w c5="AT0" hw="the" pos="ART">the </w><w c5="NN1" hw="alternative" pos="SUBST">alternative </w><w c5="VBD" hw="be" pos="VERB">was </w><w c5="TO0" hw="to" pos="PREP">to </w><w c5="VVI" hw="exhume" pos="VERB">exhume </w><w c5="AT0" hw="the" pos="ART">the </w><w c5="NN2" hw="body" pos="SUBST">bodies </w><w c5="PRF" hw="of" pos="PREP">of </w><w c5="AJ0" hw="other" pos="ADJ">other </w><w c5="NN2" hw="relative" pos="SUBST">relatives</w><c c5="PUN">.</c></s></p><p>
<s n="12"><w c5="VVB" hw="josef" pos="VERB">Josef </w><w c5="NP0" hw="mengele" pos="SUBST">Mengele </w><w c5="VVD" hw="die" pos="VERB">died </w><w c5="PRF" hw="of" pos="PREP">of </w><w c5="AT0" hw="a" pos="ART">a </w><w c5="NN1" hw="heart" pos="SUBST">heart </w><w c5="NN1" hw="attack" pos="SUBST">attack </w><w c5="PRP" hw="aged" pos="PREP">aged </w><w c5="CRD" hw="68" pos="ADJ">68 </w><w c5="CJS" hw="while" pos="CONJ">while </w><w c5="VVG" hw="bthe" pos="VERB">bathing </w><w c5="PRP" hw="in" pos="PREP">in </w><w c5="AT0" hw="the" pos="ART">the </w><w c5="NN1" hw="sea" pos="SUBST">sea </w><w c5="PRP" hw="off" pos="PREP">off </w><w c5="NP0" hw="bertioga" pos="SUBST">Bertioga</w><c c5="PUN">, </c><w c5="NN1" hw="south" pos="SUBST">south </w><w c5="PRF" hw="of" pos="PREP">of </w><w c5="NP0" hw="sao" pos="SUBST">Sao </w><w c5="NP0" hw="paolo" pos="SUBST">Paolo</w><c c5="PUN">, </c><w c5="NP0" hw="brazil" pos="SUBST">Brazil</w><c c5="PUN">, </c><w c5="PRP" hw="on" pos="PREP">on </w><w c5="NP0" hw="feb" pos="SUBST">Feb </w><w c5="CRD" hw="7" pos="ADJ">7</w><c c5="PUN">, </c><w c5="CRD" hw="1979" pos="ADJ">1979</w><c c5="PUN">.</c></s>
<s n="13"><w c5="PNP" hw="he" pos="PRON">He </w><w c5="VBD" hw="be" pos="VERB">was </w><w c5="VVN" hw="bury" pos="VERB">buried </w><w c5="AT0" hw="the" pos="ART">the </w><w c5="AJ0" hw="following" pos="ADJ">following </w><w c5="NN1" hw="day" pos="SUBST">day </w><w c5="PRP" hw="under" pos="PREP">under </w><w c5="AT0" hw="the" pos="ART">the </w><w c5="NN1" hw="name" pos="SUBST">name </w><w c5="PRF" hw="of" pos="PREP">of </w><w c5="NP0" hw="wolfgang" pos="SUBST">Wolfgang </w><w c5="NP0" hw="gerhard" pos="SUBST">Gerhard</w><c c5="PUN">, </c><w c5="AT0" hw="an" pos="ART">an </w><w c5="AJ0" hw="austrian" pos="ADJ">Austrian </w><w c5="NN1" hw="nazi" pos="SUBST">Nazi </w><w c5="PNQ" hw="who" pos="PRON">who </w><w c5="VVD" hw="befriend" pos="VERB">befriended </w><w c5="PNP" hw="he" pos="PRON">him </w><w c5="PRP" hw="in" pos="PREP">in </w><w c5="NP0" hw="brazil" pos="SUBST">Brazil </w><w c5="CJC" hw="and" pos="CONJ">and </w><w c5="VVD" hw="give" pos="VERB">gave </w><w c5="PNP" hw="he" pos="PRON">him </w><w c5="DPS" hw="he" pos="PRON">his </w><w c5="NN1" hw="identity" pos="SUBST">identity </w><w c5="NN2" hw="paper" pos="SUBST">papers </w><w c5="PRP" hw="before" pos="PREP">before </w><w c5="VVG" hw="return" pos="VERB">returning </w><w c5="PRP" hw="to" pos="PREP">to </w><w c5="NP0" hw="vienna" pos="SUBST">Vienna</w><c c5="PUN">.</c></s></p><p>
<s n="14"><w c5="NP0" hw="herr" pos="SUBST">Herr </w><w c5="NP0" hw="klein" pos="SUBST">Klein </w><w c5="VVD" hw="say" pos="VERB">said </w><w c5="PNP" hw="he" pos="PRON">he </w><w c5="VM0" hw="could" pos="VERB">could </w><w c5="XX0" hw="not" pos="ADV">not </w><w c5="VVI" hw="confirm" pos="VERB">confirm </w><w c5="CJT" hw="that" pos="CONJ">that </w><w c5="NP0" hw="mengele" pos="SUBST">Mengele </w><w c5="VHD" hw="have" pos="VERB">had </w><w c5="VVN" hw="return" pos="VERB">returned </w><w c5="AV0" hw="twice" pos="ADV">twice </w><w c5="PRP" hw="to" pos="PREP">to </w><w c5="NP0" hw="germany" pos="SUBST">Germany </w><w c5="PRP" hw="during" pos="PREP">during </w><w c5="DPS" hw="he" pos="PRON">his </w><w c5="NN2" hw="year" pos="SUBST">years </w><w c5="PRP" hw="in" pos="PREP">in </w><w c5="NP0" hw="south" pos="SUBST">South </w><w c5="AJ0" hw="american" pos="ADJ">American </w><w c5="NN1" hw="exile" pos="SUBST">exile </w><c c5="PUN">— </c><w c5="AV0" hw="once" pos="ADV">once </w><w c5="PRP" hw="for" pos="PREP">for </w><w c5="AT0" hw="the" pos="ART">the </w><w c5="NN1" hw="funeral" pos="SUBST">funeral </w><w c5="PRF" hw="of" pos="PREP">of </w><w c5="DPS" hw="he" pos="PRON">his </w><w c5="NN1" hw="mother" pos="SUBST">mother </w><c c5="PUN">— </c><w c5="CJC" hw="but" pos="CONJ">but </w><w c5="PNP" hw="he" pos="PRON">he </w><w c5="VVD" hw="know" pos="VERB">knew </w><w c5="CJT" hw="that" pos="CONJ">that </w><w c5="PNP" hw="he" pos="PRON">he </w><w c5="VHD" hw="have" pos="VERB">had </w><w c5="VVN" hw="escape" pos="VERB">escaped </w><w c5="PRP" hw="to" pos="PREP">to </w><w c5="NP0" hw="argentina" pos="SUBST">Argentina </w><w c5="AV0" hw="immediately" pos="ADV">immediately </w><w c5="PRP-CJS" hw="after" pos="PREP">after </w><w c5="AT0" hw="the" pos="ART">the </w><w c5="NN1" hw="war" pos="SUBST">war</w><c c5="PUN">.</c></s></p><p>
<s n="15"><w c5="PRP" hw="in" pos="PREP">In </w><w c5="CRD" hw="1959" pos="ADJ">1959</w><c c5="PUN">, </c><w c5="CRD" hw="three" pos="ADJ">three </w><w c5="NN2" hw="year" pos="SUBST">years </w><w c5="CJS" hw="after" pos="CONJ">after </w><w c5="PNP" hw="he" pos="PRON">he </w><w c5="VVD" hw="apply" pos="VERB">applied </w><w c5="PRP" hw="for" pos="PREP">for </w><w c5="AJ0" hw="german" pos="ADJ">German </w><w c5="NN2" hw="paper" pos="SUBST">papers </w><w c5="PRP" hw="under" pos="PREP">under </w><w c5="DPS" hw="he" pos="PRON">his </w><w c5="DT0" hw="own" pos="ADJ">own </w><w c5="NN1" hw="name" pos="SUBST">name </w><w c5="PRP" hw="at" pos="PREP">at </w><w c5="AT0" hw="the" pos="ART">the </w><w c5="AJ0-NN1" hw="german" pos="ADJ">German </w><w c5="NN1" hw="embassy" pos="SUBST">embassy</w><c c5="PUN">, </c><w c5="PNP" hw="he" pos="PRON">he </w><w c5="VVD" hw="flee" pos="VERB">fled </w><w c5="PRP" hw="to" pos="PREP">to </w><w c5="NP0" hw="paraguay" pos="SUBST">Paraguay </w><w c5="PRP" hw="as" pos="PREP">as </w><w c5="AT0" hw="the" pos="ART">the </w><w c5="NP0" hw="frankfurt" pos="SUBST">Frankfurt </w><w c5="NN2" hw="authority" pos="SUBST">authorities </w><w c5="VVD" hw="issue" pos="VERB">issued </w><w c5="AT0" hw="the" pos="ART">the </w><w c5="ORD" hw="first" pos="ADJ">first </w><w c5="NN1-VVB" hw="warrant" pos="SUBST">warrant </w><w c5="PRP" hw="for" pos="PREP">for </w><w c5="DPS" hw="he" pos="PRON">his </w><w c5="NN1" hw="arrest" pos="SUBST">arrest</w><c c5="PUN">.</c></s>
<s n="16"><w c5="PRP" hw="in" pos="PREP">In </w><w c5="CRD" hw="1961" pos="ADJ">1961 </w><w c5="PNP" hw="he" pos="PRON">he </w><w c5="VVD" hw="travel" pos="VERB">travelled </w><w c5="PRP" hw="to" pos="PREP">to </w><w c5="NP0" hw="brazil" pos="SUBST">Brazil </w><w c5="AVQ" hw="where" pos="ADV">where </w><w c5="PNP" hw="he" pos="PRON">he </w><w c5="VVD" hw="live" pos="VERB">lived </w><w c5="ORD" hw="first" pos="ADJ">first </w><w c5="PRP" hw="under" pos="PREP">under </w><w c5="AT0" hw="the" pos="ART">the </w><w c5="NN1" hw="name" pos="SUBST">name </w><w c5="NP0" hw="peter" pos="SUBST">Peter </w><w c5="NP0-NN1" hw="hochbichler" pos="SUBST">Hochbichler </w><w c5="PRP" hw="until" pos="PREP">until </w><w c5="VVG" hw="take" pos="VERB">taking </w><w c5="AT0" hw="the" pos="ART">the </w><w c5="NN1" hw="name" pos="SUBST">name </w><w c5="NP0" hw="gerhard" pos="SUBST">Gerhard </w><w c5="PRP" hw="in" pos="PREP">in </w><w c5="CRD" hw="1976" pos="ADJ">1976</w><c c5="PUN">.</c></s></p><p>
<s n="17"><w c5="PRP" hw="during" pos="PREP">During </w><w c5="DPS" hw="he" pos="PRON">his </w><w c5="NN1" hw="time" pos="SUBST">time </w><w c5="PRP" hw="in" pos="PREP">in </w><w c5="NP0" hw="brazil" pos="SUBST">Brazil </w><w c5="PNP" hw="he" pos="PRON">he </w><w c5="VBD" hw="be" pos="VERB">was </w><w c5="VVN" hw="shelter" pos="VERB">sheltered </w><w c5="PRP" hw="by" pos="PREP">by </w><w c5="NP0-NN1" hw="wolfram" pos="SUBST">Wolfram </w><w c5="CJC" hw="and" pos="CONJ">and </w><w c5="NP0" hw="liselotte" pos="SUBST">Liselotte </w><w c5="NP0-NN1" hw="bossert" pos="SUBST">Bossert</w><c c5="PUN">, </c><w c5="AT0" hw="an" pos="ART">an </w><w c5="AJ0" hw="austrian" pos="ADJ">Austrian </w><w c5="NN1" hw="couple" pos="SUBST">couple </w><w c5="VVN" hw="introduce" pos="VERB">introduced </w><w c5="PRP" hw="to" pos="PREP">to </w><w c5="PNP" hw="he" pos="PRON">him </w><w c5="PRP" hw="by" pos="PREP">by </w><w c5="NP0" hw="gerhard" pos="SUBST">Gerhard</w><c c5="PUN">, </c><w c5="PNQ" hw="who" pos="PRON">who </w><w c5="VBD" hw="be" pos="VERB">were </w><w c5="PRP" hw="with" pos="PREP">with </w><w c5="PNP" hw="he" pos="PRON">him </w><w c5="PRP" hw="on" pos="PREP">on </w><w c5="AT0" hw="the" pos="ART">the </w><w c5="NN1" hw="day" pos="SUBST">day </w><w c5="PNP" hw="he" pos="PRON">he </w><w c5="VVD" hw="die" pos="VERB">died</w><c c5="PUN">.</c></s></p><p>
<s n="18"><w c5="NP0-NN1" hw="mengele" pos="SUBST">Mengele</w><w c5="POS" hw="'s" pos="UNC">'s </w><w c5="NN1" hw="family" pos="SUBST">family</w><c c5="PUN">, </c><w c5="PNQ" hw="who" pos="PRON">who </w><w c5="AV0" hw="still" pos="ADV">still </w><w c5="VVB" hw="run" pos="VERB">run </w><w c5="AT0" hw="a" pos="ART">a </w><w c5="NN1" hw="machine" pos="SUBST">machine </w><w c5="NN1" hw="factory" pos="SUBST">factory </w><w c5="PRP" hw="in" pos="PREP">in </w><w c5="DPS" hw="he" pos="PRON">his </w><w c5="NN1" hw="home" pos="SUBST">home </w><w c5="NN1" hw="town" pos="SUBST">town </w><w c5="PRF" hw="of" pos="PREP">of </w><w c5="NP0" hw="gunzburg" pos="SUBST">Gunzburg</w><c c5="PUN">, </c><w c5="VVN-VVD" hw="keep" pos="VERB">kept </w><w c5="PRP" hw="in" pos="PREP">in </w><w c5="AJ0" hw="regular" pos="ADJ">regular </w><w c5="NN1" hw="touch" pos="SUBST">touch </w><w c5="PRP" hw="with" pos="PREP">with </w><w c5="PNP" hw="he" pos="PRON">him </w><w c5="PRP-AVP" hw="through" pos="PREP">through </w><w c5="NN2" hw="letter" pos="SUBST">letters</w><c c5="PUN">.</c></s>
<s n="19"><w c5="DPS" hw="he" pos="PRON">His </w><w c5="NN1" hw="son" pos="SUBST">son </w><w c5="NP0" hw="rolf" pos="SUBST">Rolf</w><c c5="PUN">, </c><w c5="PNQ" hw="who" pos="PRON">who </w><w c5="VVD" hw="disown" pos="VERB">disowned </w><w c5="PNP" hw="he" pos="PRON">him </w><w c5="PRP" hw="after" pos="PREP">after </w><w c5="VVG" hw="fail" pos="VERB">failing </w><w c5="TO0" hw="to" pos="PREP">to </w><w c5="VVI" hw="extract" pos="VERB">extract </w><w c5="DT0" hw="any" pos="ADJ">any </w><w c5="NN2" hw="sign" pos="SUBST">signs </w><w c5="PRF" hw="of" pos="PREP">of </w><w c5="NN1" hw="remorse" pos="SUBST">remorse </w><w c5="PRP" hw="from" pos="PREP">from </w><w c5="PNP" hw="he" pos="PRON">him</w><c c5="PUN">, </c><w c5="VVD" hw="visit" pos="VERB">visited </w><w c5="PNP" hw="he" pos="PRON">him </w><w c5="PRP" hw="in" pos="PREP">in </w><w c5="CRD" hw="1977" pos="ADJ">1977</w><c c5="PUN">.</c></s></p><p>
<s n="20"><w c5="NP0" hw="israel" pos="SUBST">Israel</w><w c5="POS" hw="'s" pos="UNC">'s </w><w c5="NN1" hw="justice" pos="SUBST">Justice </w><w c5="NN1" hw="ministry" pos="SUBST">Ministry </w><w c5="VVD" hw="say" pos="VERB">said </w><w c5="AV0" hw="yesterday" pos="ADV">yesterday </w><w c5="PNP" hw="it" pos="PRON">it </w><w c5="VVD-AJ0" hw="accept" pos="VERB">accepted </w><w c5="NN1" hw="evidence" pos="SUBST">evidence </w><w c5="CJT" hw="that" pos="CONJ">that </w><w c5="NP0" hw="mengele" pos="SUBST">Mengele </w><w c5="VBZ" hw="be" pos="VERB">is </w><w c5="AJ0" hw="dead" pos="ADJ">dead</w><c c5="PUN">.</c></s></p></div></wtext></bncDoc>
