<bncDoc xml:id="AJK"><teiHeader><fileDesc><titleStmt><title>  Daily Telegraph, electronic edition of 1992-04-09: Applied Science pages. Sample containing about 1966 words from a periodical (domain: natural sciences) </title><respStmt><resp> Data capture and transcription </resp><name> Oxford University Press </name> </respStmt></titleStmt><editionStmt><edition>BNC XML Edition, December 2006</edition></editionStmt><extent> 1966 tokens; 1975 w-units; 92 s-units </extent><publicationStmt><distributor>Distributed under licence by Oxford University Computing Services on behalf of the BNC Consortium.</distributor><availability> This material is protected by international copyright laws and may not be copied or redistributed in any way. Consult the BNC Web Site at http://www.natcorp.ox.ac.uk for full licencing and distribution conditions.</availability><idno type="bnc">AJK</idno><idno type="old"> DfPurS </idno></publicationStmt><sourceDesc><bibl><title>Daily Telegraph, electronic edition of 1992-04-09: Applied Science pages.</title> <imprint n="DAILYT1"><publisher>The Daily Telegraph plc</publisher> <pubPlace>London</pubPlace> <date value="1992">1992</date> </imprint> </bibl></sourceDesc></fileDesc><encodingDesc><tagsDecl><namespace name=""><tagUsage gi="c" occurs="208"/><tagUsage gi="div" occurs="6"/><tagUsage gi="head" occurs="12"/><tagUsage gi="mw" occurs="11"/><tagUsage gi="p" occurs="62"/><tagUsage gi="s" occurs="92"/><tagUsage gi="w" occurs="1975"/></namespace></tagsDecl></encodingDesc><profileDesc><creation date="1992"> </creation><textClass><catRef targets="WRI ALLTIM3 ALLAVA2 ALLTYP3 WRIAAG0 WRIAD0 WRIASE3 WRIATY2 WRIAUD3 WRIDOM2 WRILEV2 WRIMED2 WRIPP5 WRISAM0 WRISTA3 WRITAS3"/><classCode scheme="DLEE">W newsp brdsht nat: science</classCode><keywords><term> (none) </term></keywords></textClass></profileDesc><revisionDesc><change date="2006-10-21" who="#OUCS">Tag usage updated for BNC-XML</change><change date="2000-12-13" who="#OUCS">Last check for BNC World first release</change><change date="2000-09-06" who="#OUCS">Redo tagusage tables</change><change date="2000-09-01" who="#OUCS">Check all tagcounts</change><change date="2000-06-23" who="#OUCS">Resequenced s-units and added headers</change><change date="2000-01-21" who="#OUCS">Added date info</change><change date="2000-01-09" who="#OUCS">Updated all catrefs</change><change date="2000-01-08" who="#OUCS">Updated source title</change><change date="2000-01-08" who="#OUCS">Updated titles</change><change date="1999-12-25" who="#OUCS">corrected tagUsage</change><change date="1999-09-13" who="#UCREL">POS codes revised for BNC-2; header updated</change><change date="1994-11-24" who="#dominic">Initial accession to corpus</change></revisionDesc></teiHeader>
<wtext type="NEWS"><div level="1"><head type="MAIN">
<s n="1"><w c5="AJ0" hw="pioneering" pos="ADJ">Pioneering </w><w c5="NN1" hw="operation" pos="SUBST">operation </w><w c5="CJT" hw="that" pos="CONJ">that </w><w c5="VVD" hw="bring" pos="VERB">brought </w><w c5="NN1" hw="grief" pos="SUBST">grief </w><w c5="CJC" hw="and" pos="CONJ">and </w><w c5="NN1" hw="joy" pos="SUBST">joy</w></s></head><head type="BYLINE">
<s n="2"><w c5="PRP" hw="by" pos="PREP">By </w><w c5="NP0" hw="wendy" pos="SUBST">Wendy </w><w c5="NP0" hw="holden" pos="SUBST">Holden</w></s></head><p>
<s n="3"><w c5="CRD" hw="seven" pos="ADJ">SEVEN </w><w c5="NN2" hw="year" pos="SUBST">years </w><w c5="AV0" hw="ago" pos="ADV">ago </w><w c5="AV0" hw="tomorrow" pos="ADV">tomorrow</w><c c5="PUN">, </c><w c5="NP0" hw="carly" pos="SUBST">Carly </w><w c5="NP0" hw="reich" pos="SUBST">Reich</w><c c5="PUN">, </c><w c5="AT0" hw="a" pos="ART">a </w><w c5="AJ0" hw="siamese" pos="ADJ">Siamese </w><w c5="NN1" hw="twin" pos="SUBST">twin </w><w c5="VVN" hw="separate" pos="VERB">separated </w><w c5="PRP" hw="in" pos="PREP">in </w><w c5="AT0" hw="a" pos="ART">a </w><w c5="AJ0" hw="pioneering" pos="ADJ">pioneering </w><w c5="NN1" hw="operation" pos="SUBST">operation</w><c c5="PUN">, </c><w c5="VVD" hw="give" pos="VERB">gave </w><w c5="AVP" hw="up" pos="ADV">up </w><w c5="DPS" hw="she" pos="PRON">her </w><w c5="NN1" hw="fight" pos="SUBST">fight </w><w c5="PRP" hw="for" pos="PREP">for </w><w c5="NN1" hw="life" pos="SUBST">life</w><c c5="PUN">.</c></s></p><p>
<s n="4"><w c5="NN1" hw="holly" pos="SUBST">Holly</w><c c5="PUN">, </c><w c5="DPS" hw="she" pos="PRON">her </w><w c5="NN1" hw="twin" pos="SUBST">twin</w><c c5="PUN">, </c><w c5="AV0" hw="now" pos="ADV">now </w><w c5="CRD" hw="seven" pos="ADJ">seven </w><w c5="CJC" hw="and" pos="CONJ">and </w><w c5="VVG-NN1" hw="live" pos="VERB">living </w><w c5="PRP" hw="with" pos="PREP">with </w><w c5="DPS" hw="she" pos="PRON">her </w><w c5="NN2" hw="parent" pos="SUBST">parents </w><w c5="PRP" hw="in" pos="PREP">in </w><w c5="NP0" hw="houston" pos="SUBST">Houston</w><c c5="PUN">, </c><w c5="NP0" hw="texas" pos="SUBST">Texas</w><c c5="PUN">, </c><w c5="VM0" hw="will" pos="VERB">will </w><w c5="VVI" hw="remember" pos="VERB">remember </w><w c5="PNI" hw="nothing" pos="PRON">nothing </w><w c5="PRF" hw="of" pos="PREP">of </w><w c5="AT0" hw="the" pos="ART">the </w><w c5="NN1" hw="sadness" pos="SUBST">sadness </w><w c5="CJT" hw="that" pos="CONJ">that </w><w c5="VVD" hw="mar" pos="VERB">marred </w><w c5="DPS" hw="she" pos="PRON">her </w><w c5="NN1" hw="recovery" pos="SUBST">recovery</w><c c5="PUN">.</c></s></p><p>
<s n="5"><w c5="PNP" hw="she" pos="PRON">She </w><w c5="VBD" hw="be" pos="VERB">was </w><w c5="AT0" hw="the" pos="ART">the </w><w c5="ORD" hw="first" pos="ADJ">first </w><w c5="AJ0" hw="siamese" pos="ADJ">Siamese </w><w c5="NN1" hw="twin" pos="SUBST">twin </w><w c5="PRF" hw="of" pos="PREP">of </w><w c5="DPS" hw="she" pos="PRON">her </w><w c5="NN1" hw="kind" pos="SUBST">kind </w><w c5="PRP" hw="after" pos="PREP">after </w><w c5="AT0" hw="an" pos="ART">an </w><w c5="NN1" hw="operation" pos="SUBST">operation </w><w c5="PRP" hw="in" pos="PREP">in </w><w c5="NP0" hw="march" pos="SUBST">March </w><w c5="CRD" hw="1985" pos="ADJ">1985 </w><w c5="VVD-VVN" hw="perform" pos="VERB">performed </w><w c5="PRP" hw="at" pos="PREP">at </w><w c5="NP0" hw="great" pos="SUBST">Great </w><w c5="NP0" hw="ormond" pos="SUBST">Ormond </w><w c5="NP0" hw="street" pos="SUBST">Street </w><w c5="NN1" hw="hospital" pos="SUBST">Hospital </w><w c5="PRP" hw="by" pos="PREP">by </w><w c5="NP0" hw="prof" pos="SUBST">Prof </w><w c5="NP0" hw="spitz" pos="SUBST">Spitz</w><c c5="PUN">.</c></s></p><p>
<s n="6"><w c5="PRP" hw="at" pos="PREP">At </w><w c5="AV0" hw="just" pos="ADV">just </w><w c5="AT0" hw="a" pos="ART">a </w><w c5="DT0" hw="few" pos="ADJ">few </w><w c5="NN2" hw="day" pos="SUBST">days </w><w c5="AJ0" hw="old" pos="ADJ">old</w><c c5="PUN">, </c><w c5="PNP" hw="she" pos="PRON">she </w><w c5="CJC" hw="and" pos="CONJ">and </w><w c5="NP0" hw="carly" pos="SUBST">Carly</w><c c5="PUN">, </c><w c5="PNQ" hw="who" pos="PRON">who </w><w c5="VBD" hw="be" pos="VERB">were </w><w c5="VVN" hw="bear" pos="VERB">born </w><w c5="PRP" hw="in" pos="PREP">in </w><w c5="NP0" hw="rush" pos="SUBST">Rush </w><w c5="AJ0" hw="green" pos="ADJ">Green </w><w c5="NN1" hw="hospital" pos="SUBST">Hospital</w><c c5="PUN">, </c><w c5="NP0" hw="romford" pos="SUBST">Romford</w><c c5="PUN">, </c><w c5="NP0" hw="essex" pos="SUBST">Essex</w><c c5="PUN">, </c><w c5="VVN-VVD" hw="join" pos="VERB">joined </w><w c5="PRP" hw="at" pos="PREP">at </w><w c5="AT0" hw="the" pos="ART">the </w><w c5="NN1" hw="chest" pos="SUBST">chest </w><w c5="CJC" hw="and" pos="CONJ">and </w><w c5="AJ0" hw="upper" pos="ADJ">upper </w><w c5="NN1" hw="abdomen" pos="SUBST">abdomen</w><c c5="PUN">, </c><w c5="VVG" hw="share" pos="VERB">sharing </w><w c5="AT0" hw="a" pos="ART">a </w><w c5="NN1" hw="liver" pos="SUBST">liver </w><w c5="NN1" hw="heart" pos="SUBST">heart </w><w c5="NN1" hw="cavity" pos="SUBST">cavity</w><c c5="PUN">, </c><w c5="VBD" hw="be" pos="VERB">were </w><w c5="VVN" hw="separate" pos="VERB">separated </w><w c5="PRP" hw="in" pos="PREP">in </w><w c5="CRD" hw="seven" pos="ADJ">seven </w><w c5="NN2" hw="hour" pos="SUBST">hours </w><w c5="PRF" hw="of" pos="PREP">of </w><w c5="NN1" hw="surgery" pos="SUBST">surgery</w><c c5="PUN">.</c></s></p><p>
<s n="7"><w c5="NN1" hw="holly" pos="SUBST">Holly </w><w c5="VHD" hw="have" pos="VERB">had </w><w c5="AT0" hw="a" pos="ART">a </w><w c5="AJ0" hw="normal" pos="ADJ">normal </w><w c5="NN1" hw="heart" pos="SUBST">heart </w><w c5="CJC" hw="and" pos="CONJ">and </w><w c5="VVD" hw="make" pos="VERB">made </w><w c5="AJ0" hw="good" pos="ADJ">good </w><w c5="NN1" hw="progress" pos="SUBST">progress </w><w c5="CJC" hw="but" pos="CONJ">but </w><w c5="AV0" hw="carly" pos="ADV">Carly</w><c c5="PUN">, </c><w c5="PNQ" hw="who" pos="PRON">who </w><w c5="VHD" hw="have" pos="VERB">had </w><w c5="AT0" hw="a" pos="ART">a </w><w c5="NN1" hw="heart" pos="SUBST">heart </w><w c5="NN1-VVB" hw="defect" pos="SUBST">defect</w><c c5="PUN">, </c><w c5="VVD" hw="die" pos="VERB">died </w><w c5="PRP" hw="on" pos="PREP">on </w><w c5="NP0" hw="april" pos="SUBST">April </w><w c5="CRD" hw="10" pos="ADJ">10 </w><w c5="CRD" hw="1985" pos="ADJ">1985</w><c c5="PUN">, </c><w c5="PRP" hw="after" pos="PREP">after </w><w c5="AT0" hw="a" pos="ART">a </w><w c5="AJ0" hw="three-hour" pos="ADJ">three-hour </w><w c5="NN1" hw="operation" pos="SUBST">operation </w><w c5="TO0" hw="to" pos="PREP">to </w><w c5="VVI" hw="clear" pos="VERB">clear </w><w c5="AT0" hw="a" pos="ART">a </w><w c5="NN1" hw="bile" pos="SUBST">bile </w><w c5="NN1-VVB" hw="duct" pos="SUBST">duct</w><c c5="PUN">.</c></s></p><p>
<s n="8"><w c5="NP0" hw="mr" pos="SUBST">Mr </w><w c5="NP0" hw="ronnie" pos="SUBST">Ronnie </w><w c5="NP0" hw="reich" pos="SUBST">Reich </w><w c5="CJC" hw="and" pos="CONJ">and </w><w c5="DPS" hw="he" pos="PRON">his </w><w c5="NN1" hw="wife" pos="SUBST">wife </w><w c5="NP0" hw="gillian" pos="SUBST">Gillian </w><w c5="VVD" hw="take" pos="VERB">took </w><w c5="NN1" hw="holly" pos="SUBST">Holly </w><w c5="NN1" hw="home" pos="SUBST">home </w><w c5="CRD" hw="five" pos="ADJ">five </w><w c5="NN2" hw="month" pos="SUBST">months </w><w c5="AV0" hw="later" pos="ADV">later</w><c c5="PUN">.</c></s>
<s n="9"><w c5="PRP" hw="at" pos="PREP">At </w><w c5="AT0" hw="the" pos="ART">the </w><w c5="NN1" hw="time" pos="SUBST">time</w><c c5="PUN">, </c><w c5="NP0" hw="mrs" pos="SUBST">Mrs </w><w c5="NP0" hw="reich" pos="SUBST">Reich</w><c c5="PUN">, </c><w c5="AV0" hw="then" pos="ADV">then </w><w c5="CRD" hw="30" pos="ADJ">30</w><c c5="PUN">, </c><w c5="VVD" hw="say" pos="VERB">said</w><c c5="PUN">: </c><c c5="PUQ">‘</c><w c5="PNP" hw="i" pos="PRON">I </w><w c5="AV0" hw="never" pos="ADV">never </w><w c5="VVD" hw="think" pos="VERB">thought </w><w c5="DT0" hw="this" pos="ADJ">this </w><w c5="NN1" hw="day" pos="SUBST">day </w><w c5="VM0" hw="would" pos="VERB">would </w><w c5="VVI" hw="come" pos="VERB">come</w><c c5="PUN">.</c></s>
<s n="10"><w c5="PNP" hw="i" pos="PRON">I </w><w c5="VDB" hw="do" pos="VERB">do</w><w c5="XX0" hw="not" pos="ADV">n't </w><w c5="VVI" hw="think" pos="VERB">think </w><w c5="AT0" hw="the" pos="ART">the </w><w c5="NN2" hw="doctor" pos="SUBST">doctors </w><w c5="AV0" hw="really" pos="ADV">really </w><w c5="VVN-VVD" hw="believe" pos="VERB">believed </w><w c5="CJT" hw="that" pos="CONJ">that </w><w c5="PNP" hw="she" pos="PRON">she </w><w c5="VM0" hw="could" pos="VERB">could </w><w c5="VBI" hw="be" pos="VERB">be </w><w c5="VVN" hw="save" pos="VERB">saved</w><c c5="PUN">.</c><c c5="PUQ">’</c></s></p><p>
<s n="11"><w c5="PRP" hw="for" pos="PREP">For </w><w c5="CRD" hw="three" pos="ADJ">three </w><w c5="NN2" hw="month" pos="SUBST">months </w><w c5="NP0" hw="mrs" pos="SUBST">Mrs </w><w c5="NP0" hw="reich" pos="SUBST">Reich </w><w c5="VVD" hw="nurse" pos="VERB">nursed </w><w c5="NN1" hw="holly" pos="SUBST">Holly </w><w c5="AVP" hw="back" pos="ADV">back </w><w c5="PRP" hw="to" pos="PREP">to </w><w c5="NN1" hw="health" pos="SUBST">health </w><w c5="PRP" hw="at" pos="PREP">at </w><w c5="DPS" hw="she" pos="PRON">her </w><w c5="NN2" hw="parent" pos="SUBST">parents</w><w c5="POS" hw="'" pos="UNC">' </w><w c5="NN1" hw="home" pos="SUBST">home </w><w c5="PRP" hw="in" pos="PREP">in </w><w c5="NP0" hw="dagenham" pos="SUBST">Dagenham</w><c c5="PUN">, </c><w c5="NP0" hw="essex" pos="SUBST">Essex</w><c c5="PUN">.</c></s>
<s n="12"><w c5="PRP" hw="in" pos="PREP">In </w><w c5="NP0" hw="november" pos="SUBST">November </w><w c5="CRD" hw="1985" pos="ADJ">1985</w><c c5="PUN">, </c><w c5="PNP" hw="she" pos="PRON">she </w><w c5="VVD" hw="take" pos="VERB">took </w><w c5="PNP" hw="she" pos="PRON">her </w><w c5="AV0" hw="home" pos="ADV">home </w><w c5="PRP" hw="to" pos="PREP">to </w><w c5="NP0" hw="mr" pos="SUBST">Mr </w><w c5="NP0" hw="reich" pos="SUBST">Reich</w><c c5="PUN">, </c><w c5="AT0" hw="an" pos="ART">an </w><w c5="AJ0" hw="american" pos="ADJ">American </w><w c5="NN1" hw="electrician" pos="SUBST">electrician </w><w c5="PRP" hw="in" pos="PREP">in </w><w c5="NP0" hw="texas" pos="SUBST">Texas</w><c c5="PUN">.</c></s></p><p>
<s n="13"><w c5="AT0" hw="the" pos="ART">The </w><w c5="NN1" hw="team" pos="SUBST">team </w><w c5="PRF" hw="of" pos="PREP">of </w><w c5="CRD" hw="28" pos="ADJ">28 </w><w c5="AJ0" hw="medical" pos="ADJ">medical</w><c c5="PUN">, </c><w c5="VVG-AJ0" hw="nurse" pos="VERB">nursing </w><w c5="CJC" hw="and" pos="CONJ">and </w><w c5="AJ0" hw="technical" pos="ADJ">technical </w><w c5="NN0" hw="staff" pos="SUBST">staff </w><w c5="PRP" hw="at" pos="PREP">at </w><w c5="NP0" hw="great" pos="SUBST">Great </w><w c5="NP0" hw="ormond" pos="SUBST">Ormond </w><w c5="NP0" hw="street" pos="SUBST">Street</w><c c5="PUN">, </c><w c5="VVD" hw="fear" pos="VERB">feared </w><w c5="DT0" hw="both" pos="ADJ">both </w><w c5="NN2" hw="child" pos="SUBST">children </w><w c5="VM0" hw="would" pos="VERB">would </w><w c5="VBI" hw="be" pos="VERB">be </w><w c5="VVN" hw="lose" pos="VERB">lost </w><w c5="PRP" hw="at" pos="PREP">at </w><w c5="CRD" hw="one" pos="ADJ">one </w><w c5="NN1" hw="point" pos="SUBST">point </w><w c5="PRP" hw="in" pos="PREP">in </w><w c5="AT0" hw="the" pos="ART">the </w><w c5="NN1" hw="operation" pos="SUBST">operation</w><c c5="PUN">.</c></s></p><p>
<s n="14"><w c5="VVN" hw="bear" pos="VERB">Born </w><w c5="PRP" hw="with" pos="PREP">with </w><w c5="AT0" hw="a" pos="ART">a </w><w c5="AJ0" hw="combined" pos="ADJ">combined </w><w c5="NN1" hw="weight" pos="SUBST">weight </w><w c5="PRF" hw="of" pos="PREP">of </w><w c5="NN0" hw="7½lb" pos="UNC">7½lb</w><c c5="PUN">, </c><w c5="PNP" hw="they" pos="PRON">they </w><w c5="VBD" hw="be" pos="VERB">were </w><w c5="VVN" hw="separate" pos="VERB">separated </w><w c5="CJS" hw="after" pos="CONJ">after </w><w c5="NN2" hw="doctor" pos="SUBST">doctors </w><w c5="VVD" hw="fear" pos="VERB">feared </w><w c5="AT0" hw="the" pos="ART">the </w><w c5="NN1" hw="twin" pos="SUBST">twin </w><w c5="PRP" hw="with" pos="PREP">with </w><w c5="AT0" hw="the" pos="ART">the </w><w c5="AJ0" hw="malformed" pos="ADJ">malformed </w><w c5="NN1" hw="heart" pos="SUBST">heart </w><w c5="VM0" hw="might" pos="VERB">might </w><w c5="VVI" hw="become" pos="VERB">become </w><w c5="AV0" hw="desperately" pos="ADV">desperately </w><w c5="AJ0" hw="ill" pos="ADJ">ill</w><c c5="PUN">, </c><w c5="VVG" hw="force" pos="VERB">forcing </w><w c5="AT0" hw="an" pos="ART">an </w><w c5="NN1" hw="emergency" pos="SUBST">emergency </w><w c5="NN1" hw="operation" pos="SUBST">operation</w><c c5="PUN">.</c></s></p></div><div level="1"><head type="MAIN">
<s n="15"><w c5="NN2" hw="cliff" pos="SUBST">Cliffs </w><w c5="VBB" hw="be" pos="VERB">are </w><w c5="NN2" hw="tomb" pos="SUBST">tombs </w><w c5="PRP" hw="for" pos="PREP">for </w><w c5="AJ0" hw="ancient" pos="ADJ">ancient </w><w c5="NN2" hw="alga" pos="SUBST">algae</w></s></head><head type="BYLINE">
<s n="16"><w c5="PRP" hw="by" pos="PREP">By </w><w c5="NP0" hw="roger" pos="SUBST">Roger </w><w c5="NP0" hw="highfield" pos="SUBST">Highfield </w><w c5="NN1" hw="science" pos="SUBST">Science </w><w c5="NN1" hw="editor" pos="SUBST">Editor</w></s></head><p>
<s n="17"><w c5="AT0" hw="the" pos="ART">THE </w><w c5="AJ0" hw="white" pos="ADJ">white </w><w c5="NN2" hw="cliff" pos="SUBST">cliffs </w><w c5="PRF" hw="of" pos="PREP">of </w><w c5="NP0" hw="dover" pos="SUBST">Dover </w><w c5="VBB" hw="be" pos="VERB">are </w><w c5="NN2" hw="graveyard" pos="SUBST">graveyards </w><w c5="VVG" hw="consist" pos="VERB">consisting </w><w c5="PRF" hw="of" pos="PREP">of </w><w c5="CRD" hw="trillions" pos="ADJ">trillions </w><w c5="PRF" hw="of" pos="PREP">of </w><w c5="NN2" hw="coccolith" pos="SUBST">coccoliths</w><c c5="PUN">, </c><w c5="NN2" hw="skeleton" pos="SUBST">skeletons </w><w c5="PRF" hw="of" pos="PREP">of </w><w c5="AJ0" hw="microscopic" pos="ADJ">microscopic </w><w c5="AJ0" hw="marine" pos="ADJ">marine </w><w c5="NN2" hw="alga" pos="SUBST">algae </w><w c5="CJT" hw="that" pos="CONJ">that </w><w c5="VVB-NN1" hw="help" pos="VERB">help </w><w c5="VVI" hw="control" pos="VERB">control </w><w c5="AT0" hw="the" pos="ART">the </w><w c5="NN1" hw="climate" pos="SUBST">climate</w><c c5="PUN">.</c></s></p><p>
<s n="18"><w c5="PRP" hw="in" pos="PREP">In </w><w c5="AV0" hw="today" pos="ADV">today</w><w c5="POS" hw="'s" pos="UNC">'s </w><w c5="NN1" hw="issue" pos="SUBST">issue </w><w c5="PRF" hw="of" pos="PREP">of </w><w c5="NN1" hw="nature" pos="SUBST">Nature</w><c c5="PUN">, </c><w c5="AT0" hw="a" pos="ART">a </w><w c5="NN1" hw="team" pos="SUBST">team </w><w c5="PRF" hw="of" pos="PREP">of </w><w c5="NN2" hw="scientist" pos="SUBST">scientists </w><w c5="PRP" hw="at" pos="PREP">at </w><w c5="AT0" hw="the" pos="ART">the </w><w c5="NN1" hw="university" pos="SUBST">University </w><w c5="PRF" hw="of" pos="PREP">of </w><w c5="NP0" hw="bath" pos="SUBST">Bath </w><w c5="CJC" hw="and" pos="CONJ">and </w><w c5="AT0" hw="the" pos="ART">the </w><w c5="AJ0" hw="natural" pos="ADJ">Natural </w><w c5="NN1" hw="history" pos="SUBST">History </w><w c5="NN1" hw="museum" pos="SUBST">Museum </w><w c5="VHZ" hw="have" pos="VERB">has </w><w c5="VVN" hw="take" pos="VERB">taken </w><w c5="AT0" hw="the" pos="ART">the </w><w c5="ORD" hw="first" pos="ADJ">first </w><w c5="NN1-VVB" hw="step" pos="SUBST">step </w><w c5="TO0" hw="to" pos="PREP">to </w><w c5="VVI" hw="explain" pos="VERB">explain </w><w c5="AVQ" hw="why" pos="ADV">why </w><w c5="DPS" hw="they" pos="PRON">their </w><w c5="NN2" hw="shape" pos="SUBST">shapes </w><w c5="VM0" hw="can" pos="VERB">can </w><w c5="VBI" hw="be" pos="VERB">be </w><w c5="AV0" hw="as" pos="ADV">as </w><w c5="AJ0" hw="diverse" pos="ADJ">diverse </w><w c5="CJC" hw="and" pos="CONJ">and </w><w c5="AJ0-VVG" hw="striking" pos="ADJ">striking </w><w c5="CJS" hw="as" pos="CONJ">as </w><w c5="DT0" hw="those" pos="ADJ">those </w><w c5="PRF" hw="of" pos="PREP">of </w><w c5="NN2" hw="snowflake" pos="SUBST">snowflakes</w><c c5="PUN">.</c></s>
<s n="19"><w c5="AT0" hw="the" pos="ART">The </w><w c5="NN1-VVB" hw="find" pos="SUBST">find </w><w c5="VM0" hw="could" pos="VERB">could </w><w c5="VVI" hw="show" pos="VERB">show </w><w c5="AVQ" hw="how" pos="ADV">how </w><w c5="AT0" hw="the" pos="ART">the </w><w c5="AJ0" hw="vast" pos="ADJ">vast </w><w c5="NN1" hw="range" pos="SUBST">range </w><w c5="PRF" hw="of" pos="PREP">of </w><w c5="AJ0" hw="armoured" pos="ADJ">armoured </w><w c5="NN2" hw="alga" pos="SUBST">algae </w><w c5="VVD" hw="evolve" pos="VERB">evolved </w><w c5="PRP" hw="from" pos="PREP">from </w><w c5="AT0" hw="a" pos="ART">a </w><w c5="AJ0" hw="single" pos="ADJ">single </w><w c5="NN1" hw="ancestor" pos="SUBST">ancestor </w><w c5="CRD" hw="230" pos="ADJ">230 </w><w c5="CRD" hw="million" pos="ADJ">million </w><w c5="NN2" hw="year" pos="SUBST">years </w><w c5="AV0" hw="ago" pos="ADV">ago</w><c c5="PUN">, </c><w c5="PNI" hw="one" pos="PRON">one </w><w c5="VVD-VVN" hw="shape" pos="VERB">shaped </w><w c5="PRP" hw="like" pos="PREP">like </w><w c5="AT0" hw="a" pos="ART">a </w><w c5="NN1" hw="sphere" pos="SUBST">sphere </w><w c5="VVG" hw="bristle" pos="VERB">bristling </w><w c5="PRP" hw="with" pos="PREP">with </w><w c5="DTQ" hw="what" pos="PRON">what </w><w c5="VVB" hw="look" pos="VERB">look </w><w c5="PRP" hw="like" pos="PREP">like </w><w c5="NN1-AJ0" hw="washing-up" pos="SUBST">washing-up </w><w c5="NN2" hw="bowl" pos="SUBST">bowls</w><c c5="PUN">.</c></s></p><p>
<s n="20"><w c5="PNP" hw="it" pos="PRON">It </w><w c5="VM0" hw="could" pos="VERB">could </w><w c5="AV0" hw="also" pos="ADV">also </w><w c5="VVI" hw="throw" pos="VERB">throw </w><w c5="NN1-AJ0" hw="light" pos="SUBST">light </w><w c5="PRP" hw="on" pos="PREP">on </w><w c5="AT0" hw="the" pos="ART">the </w><w c5="NN1" hw="process" pos="SUBST">process </w><w c5="PRP" hw="by" pos="PREP">by </w><w c5="DTQ" hw="which" pos="PRON">which </w><w c5="PNP" hw="they" pos="PRON">they </w><w c5="VVB" hw="trap" pos="VERB">trap </w><w c5="NN1" hw="carbon" pos="SUBST">carbon </w><w c5="NN1" hw="dioxide" pos="SUBST">dioxide </w><w c5="PRP" hw="in" pos="PREP">in </w><w c5="AT0" hw="the" pos="ART">the </w><w c5="NN1" hw="atmosphere" pos="SUBST">atmosphere</w><c c5="PUN">.</c></s></p><p>
<s n="21"><c c5="PUQ">‘</c><w c5="PNP" hw="they" pos="PRON">They </w><w c5="VBB" hw="be" pos="VERB">are </w><w c5="AV0" hw="very" pos="ADV">very </w><w c5="AJ0" hw="important" pos="ADJ">important </w><w c5="PRP" hw="to" pos="PREP">to </w><w c5="NN1" hw="science" pos="SUBST">science</w><c c5="PUN">,</c><c c5="PUQ">’ </c><w c5="VVD" hw="say" pos="VERB">said </w><w c5="NP0" hw="dr" pos="SUBST">Dr </w><w c5="NP0" hw="jeremy" pos="SUBST">Jeremy </w><w c5="NP0" hw="young" pos="SUBST">Young</w><c c5="PUN">, </c><w c5="PRF" hw="of" pos="PREP">of </w><w c5="AT0" hw="the" pos="ART">the </w><w c5="NN1" hw="museum" pos="SUBST">museum</w><c c5="PUN">.</c></s>
<s n="22"><c c5="PUQ">‘</c><w c5="PNP" hw="they" pos="PRON">They </w><w c5="VVB" hw="play" pos="VERB">play </w><w c5="AT0" hw="a" pos="ART">a </w><w c5="NN1" hw="role" pos="SUBST">role </w><w c5="PRP" hw="in" pos="PREP">in </w><w c5="AJ0" hw="global" pos="ADJ">global </w><w c5="NN1" hw="warming" pos="SUBST">warming </w><w c5="CJC" hw="and" pos="CONJ">and </w><w c5="PNP" hw="they" pos="PRON">they </w><w c5="VBB" hw="be" pos="VERB">are </w><w c5="AJ0" hw="important" pos="ADJ">important </w><w c5="PRP" hw="for" pos="PREP">for </w><w c5="VVG-NN1" hw="date" pos="VERB">dating </w><w c5="NN2" hw="rock" pos="SUBST">rocks </w><w c5="PRP" hw="for" pos="PREP">for </w><w c5="AT0" hw="the" pos="ART">the </w><w c5="NN1" hw="oil" pos="SUBST">oil </w><w c5="NN1" hw="industry" pos="SUBST">industry</w><c c5="PUN">.</c><c c5="PUQ">’</c></s>
<s n="23"><w c5="AT0" hw="the" pos="ART">The </w><w c5="NN2" hw="alga" pos="SUBST">algae</w><c c5="PUN">, </c><w c5="VVN" hw="know" pos="VERB">known </w><w c5="PRP" hw="as" pos="PREP">as </w><w c5="NP0" hw="coccolithophores" pos="SUBST">Coccolithophores</w><c c5="PUN">, </c><w c5="VVB" hw="take" pos="VERB">take </w><w c5="AVP" hw="up" pos="ADV">up </w><w c5="AJ0" hw="huge" pos="ADJ">huge </w><w c5="NN2" hw="amount" pos="SUBST">amounts </w><w c5="PRF" hw="of" pos="PREP">of </w><w c5="AT0" hw="the" pos="ART">the </w><w c5="NN1" hw="carbon" pos="SUBST">carbon </w><w c5="NN1" hw="dioxide" pos="SUBST">dioxide </w><w c5="VVN" hw="link" pos="VERB">linked </w><w c5="PRP" hw="with" pos="PREP">with </w><w c5="AJ0" hw="global" pos="ADJ">global </w><w c5="NN1" hw="warming" pos="SUBST">warming</w><c c5="PUN">.</c></s></p><p>
<s n="24"><w c5="PNP" hw="they" pos="PRON">They </w><w c5="VVB" hw="use" pos="VERB">use </w><w c5="PNP" hw="it" pos="PRON">it </w><w c5="TO0" hw="to" pos="PREP">to </w><w c5="VVI" hw="fashion" pos="VERB">fashion </w><w c5="AT0" hw="the" pos="ART">the </w><w c5="NN2" hw="coccolith" pos="SUBST">coccoliths </w><w c5="VVN" hw="show" pos="VERB">shown </w><w c5="AV0" hw="here" pos="ADV">here</w><c c5="PUN">, </c><w c5="DPS" hw="they" pos="PRON">their </w><w c5="AJ0" hw="armoured" pos="ADJ">armoured </w><w c5="NN2" hw="skeleton" pos="SUBST">skeletons </w><w c5="VVN-VVD" hw="make" pos="VERB">made </w><w c5="PRF" hw="of" pos="PREP">of </w><w c5="NN1" hw="chalk" pos="SUBST">chalk </w><w c5="CJC" hw="or" pos="CONJ">or </w><w c5="NN1" hw="calcium" pos="SUBST">calcium </w><w c5="NN1" hw="carbonate" pos="SUBST">carbonate </w><w c5="NN2" hw="plate" pos="SUBST">plates</w><c c5="PUN">.</c></s>
<s n="25"><w c5="CJS" hw="if" pos="CONJ">If </w><w c5="PNP" hw="you" pos="PRON">you </w><w c5="VVD" hw="examine" pos="VERB">examined </w><w c5="NP0" hw="dover" pos="SUBST">Dover</w><w c5="POS" hw="'s" pos="UNC">'s </w><w c5="NN1" hw="chalk" pos="SUBST">chalk </w><w c5="NN2" hw="cliff" pos="SUBST">cliffs </w><w c5="PRP" hw="with" pos="PREP">with </w><w c5="AT0" hw="an" pos="ART">an </w><w c5="NN1" hw="electron" pos="SUBST">electron </w><w c5="NN1" hw="microscope" pos="SUBST">microscope </w><w c5="PNP" hw="you" pos="PRON">you </w><w c5="VM0" hw="would" pos="VERB">would </w><w c5="VVI" hw="see" pos="VERB">see </w><w c5="DPS" hw="they" pos="PRON">their </w><w c5="NN1" hw="myriad" pos="SUBST">myriad </w><w c5="NN2-VVZ" hw="form" pos="SUBST">forms</w><c c5="PUN">, </c><w c5="PRP" hw="about" pos="PREP">about </w><w c5="CRD" hw="one" pos="ADJ">one </w><w c5="NN1" hw="millionth" pos="SUBST">millionth </w><w c5="PRF" hw="of" pos="PREP">of </w><w c5="AT0" hw="a" pos="ART">a </w><w c5="NN1" hw="metre" pos="SUBST">metre </w><w c5="AV0" hw="across" pos="ADV">across</w><c c5="PUN">, </c><w c5="AT0" hw="the" pos="ART">the </w><w c5="NN2" hw="remains" pos="SUBST">remains </w><w c5="PRF" hw="of" pos="PREP">of </w><w c5="CRD" hw="trillions" pos="ADJ">trillions </w><w c5="PRF" hw="of" pos="PREP">of </w><w c5="DT0" hw="these" pos="ADJ">these </w><w c5="AJ0" hw="microscopic" pos="ADJ">microscopic </w><w c5="NN2" hw="plant" pos="SUBST">plants</w><c c5="PUN">.</c></s></p><p>
<s n="26"><w c5="PRP" hw="in" pos="PREP">In </w><w c5="AV0" hw="today" pos="ADV">today</w><w c5="POS" hw="'s" pos="UNC">'s </w><w c5="NN1" hw="nature" pos="SUBST">Nature</w><c c5="PUN">, </c><w c5="NP0" hw="professor" pos="SUBST">Professor </w><w c5="NP0" hw="stephen" pos="SUBST">Stephen </w><w c5="NP0" hw="mann" pos="SUBST">Mann </w><w c5="CJC" hw="and" pos="CONJ">and </w><w c5="NP0" hw="dr" pos="SUBST">Dr </w><w c5="NP0" hw="jon" pos="SUBST">Jon </w><w c5="NP0" hw="didymus" pos="SUBST">Didymus </w><w c5="PRP" hw="from" pos="PREP">from </w><w c5="NP0" hw="bath" pos="SUBST">Bath </w><w c5="NN1" hw="university" pos="SUBST">University</w><c c5="PUN">, </c><w c5="VVG" hw="work" pos="VERB">working </w><w c5="PRP" hw="with" pos="PREP">with </w><w c5="NP0" hw="dr" pos="SUBST">Dr </w><w c5="NP0" hw="young" pos="SUBST">Young </w><w c5="CJC" hw="and" pos="CONJ">and </w><w c5="NN2" hw="colleague" pos="SUBST">colleagues </w><w c5="PRP" hw="at" pos="PREP">at </w><w c5="AT0" hw="the" pos="ART">the </w><w c5="AJ0" hw="natural" pos="ADJ">Natural </w><w c5="NN1" hw="history" pos="SUBST">History </w><w c5="NN1" hw="museum" pos="SUBST">Museum</w><c c5="PUN">, </c><w c5="VHB" hw="have" pos="VERB">have </w><w c5="VVN" hw="find" pos="VERB">found </w><w c5="CJT" hw="that" pos="CONJ">that </w><mw c5="PRP"><w c5="PRP" hw="in" pos="PREP">in </w><w c5="NN1" hw="spite" pos="SUBST">spite </w><w c5="PRF" hw="of" pos="PREP">of </w></mw><w c5="DPS" hw="they" pos="PRON">their </w><w c5="AJ0" hw="varied" pos="ADJ">varied </w><w c5="NN1" hw="appearance" pos="SUBST">appearance</w><c c5="PUN">, </c><w c5="AT0" hw="the" pos="ART">the </w><w c5="NN1" hw="chalk" pos="SUBST">chalk </w><w c5="NN2" hw="crystal" pos="SUBST">crystals </w><w c5="PRF" hw="of" pos="PREP">of </w><w c5="DTQ" hw="which" pos="PRON">which </w><w c5="PNP" hw="they" pos="PRON">they </w><w c5="VBB" hw="be" pos="VERB">are </w><w c5="VVN" hw="build" pos="VERB">built </w><w c5="VBB" hw="be" pos="VERB">are </w><w c5="VVN" hw="organise" pos="VERB">organised </w><w c5="PRP" hw="in" pos="PREP">in </w><w c5="AT0" hw="the" pos="ART">the </w><w c5="DT0" hw="same" pos="ADJ">same </w><w c5="NN1" hw="way" pos="SUBST">way </w><w c5="PRP" hw="at" pos="PREP">at </w><w c5="AT0" hw="the" pos="ART">the </w><w c5="AJ0" hw="atomic" pos="ADJ">atomic </w><w c5="NN1" hw="level" pos="SUBST">level</w><c c5="PUN">.</c></s>
<s n="27"><c c5="PUQ">‘</c><w c5="PNP" hw="they" pos="PRON">They </w><w c5="VHB" hw="have" pos="VERB">have </w><w c5="AT0" hw="a" pos="ART">a </w><w c5="AV0" hw="very" pos="ADV">very </w><w c5="AJ0" hw="complex" pos="ADJ">complex </w><w c5="NN1" hw="structure" pos="SUBST">structure </w><w c5="CJC" hw="and" pos="CONJ">and </w><w c5="PRP" hw="at" pos="PREP">at </w><w c5="ORD" hw="first" pos="ADJ">first </w><w c5="NN1" hw="sight" pos="SUBST">sight </w><w c5="PNP" hw="they" pos="PRON">they </w><w c5="VVB" hw="appear" pos="VERB">appear </w><w c5="XX0" hw="not" pos="ADV">not </w><w c5="TO0" hw="to" pos="PREP">to </w><w c5="VBI" hw="be" pos="VERB">be </w><w c5="VVN" hw="connect" pos="VERB">connected </w><w c5="PRP" hw="in" pos="PREP">in </w><w c5="DT0" hw="any" pos="ADJ">any </w><w c5="NN1" hw="way" pos="SUBST">way</w><c c5="PUN">,</c><c c5="PUQ">’ </c><w c5="VVD" hw="say" pos="VERB">said </w><w c5="NP0" hw="professor" pos="SUBST">Professor </w><w c5="NP0" hw="mann" pos="SUBST">Mann</w><c c5="PUN">.</c></s></p><p>
<s n="28"><w c5="AT0" hw="the" pos="ART">The </w><w c5="NN2" hw="scientist" pos="SUBST">scientists </w><w c5="VVD" hw="analyse" pos="VERB">analysed </w><w c5="DPS" hw="they" pos="PRON">their </w><w c5="NN1" hw="crystal" pos="SUBST">crystal </w><w c5="NN1" hw="structure" pos="SUBST">structure </w><w c5="PRP" hw="by" pos="PREP">by </w><w c5="VVG" hw="measure" pos="VERB">measuring </w><w c5="AVQ" hw="how" pos="ADV">how </w><w c5="AT0" hw="the" pos="ART">the </w><w c5="NN2" hw="coccolith" pos="SUBST">coccoliths </w><w c5="VVB" hw="scatter" pos="VERB">scatter </w><w c5="AJ0" hw="light" pos="ADJ">light </w><w c5="NN2" hw="ray" pos="SUBST">rays </w><w c5="CJC" hw="and" pos="CONJ">and </w><w c5="NN2" hw="electron" pos="SUBST">electrons </w><w c5="CJC" hw="and" pos="CONJ">and </w><w c5="VVD" hw="find" pos="VERB">found </w><w c5="CJT" hw="that" pos="CONJ">that </w><w c5="PNP" hw="they" pos="PRON">they </w><w c5="DT0" hw="all" pos="ADJ">all </w><w c5="VVD" hw="share" pos="VERB">shared </w><w c5="AJ0" hw="common" pos="ADJ">common </w><w c5="NN2" hw="feature" pos="SUBST">features </w><w c5="PRF" hw="of" pos="PREP">of </w><w c5="NN1" hw="crystal" pos="SUBST">crystal </w><w c5="NN1" hw="organisation" pos="SUBST">organisation </w><w c5="PRP" hw="throughout" pos="PREP">throughout </w><w c5="DPS" hw="they" pos="PRON">their </w><w c5="NN1" hw="history" pos="SUBST">history</w><c c5="PUN">.</c></s>
<s n="29"><c c5="PUQ">‘</c><w c5="AT0" hw="the" pos="ART">The </w><w c5="NN2" hw="crystal" pos="SUBST">crystals </w><w c5="AV0" hw="always" pos="ADV">always </w><w c5="VVB" hw="grow" pos="VERB">grow </w><w c5="PRP-AVP" hw="in" pos="PREP">in </w><w c5="AT0" hw="the" pos="ART">the </w><w c5="DT0" hw="same" pos="ADJ">same </w><w c5="NN1" hw="direction" pos="SUBST">direction </w><w c5="CJC" hw="and" pos="CONJ">and </w><w c5="AV0" hw="then" pos="ADV">then </w><w c5="PNP" hw="they" pos="PRON">they </w><w c5="VBB" hw="be" pos="VERB">are </w><w c5="VVN-AJ0" hw="shape" pos="VERB">shaped</w><c c5="PUN">,</c><c c5="PUQ">’ </c><w c5="PNP" hw="they" pos="PRON">they </w><w c5="VVB" hw="say" pos="VERB">say</w><c c5="PUN">.</c></s></p><p>
<s n="30"><w c5="PNP" hw="they" pos="PRON">They </w><w c5="VVB" hw="believe" pos="VERB">believe </w><w c5="CJT" hw="that" pos="CONJ">that </w><w c5="DT0" hw="each" pos="ADJ">each </w><w c5="NN1" hw="armour" pos="SUBST">armour </w><w c5="NN1" hw="plate" pos="SUBST">plate </w><w c5="VBZ" hw="be" pos="VERB">is </w><w c5="VVN" hw="form" pos="VERB">formed </w><w c5="PRP" hw="from" pos="PREP">from </w><w c5="AT0" hw="a" pos="ART">a </w><w c5="NN1" hw="ring" pos="SUBST">ring </w><w c5="PRF" hw="of" pos="PREP">of </w><w c5="CRD" hw="20" pos="ADJ">20 </w><w c5="PRP" hw="to" pos="PREP">to </w><w c5="CRD" hw="30" pos="ADJ">30 </w><w c5="AJ0" hw="single" pos="ADJ">single </w><w c5="NN1" hw="chalk" pos="SUBST">chalk </w><w c5="NN2" hw="crystal" pos="SUBST">crystals</w><c c5="PUN">, </c><w c5="PRP" hw="with" pos="PREP">with </w><w c5="DT0" hw="each" pos="ADJ">each </w><w c5="AJ0" hw="adjacent" pos="ADJ">adjacent </w><w c5="NN1" hw="crystal" pos="SUBST">crystal </w><w c5="VVG" hw="grow" pos="VERB">growing </w><w c5="PRP-AVP" hw="in" pos="PREP">in </w><w c5="AJ0" hw="alternate" pos="ADJ">alternate </w><w c5="NN2" hw="direction" pos="SUBST">directions</w><c c5="PUN">.</c></s></p><p>
<s n="31"><w c5="AV0" hw="however" pos="ADV">However</w><c c5="PUN">, </c><w c5="CJS" hw="though" pos="CONJ">though </w><w c5="PNP" hw="they" pos="PRON">they </w><w c5="AV0" hw="now" pos="ADV">now </w><w c5="VVB" hw="understand" pos="VERB">understand </w><w c5="AT0" hw="the" pos="ART">the </w><w c5="AJ0" hw="atomic" pos="ADJ">atomic </w><w c5="NN1" hw="organisation" pos="SUBST">organisation </w><w c5="PRF" hw="of" pos="PREP">of </w><w c5="AT0" hw="the" pos="ART">the </w><w c5="NN2" hw="plate" pos="SUBST">plates</w><c c5="PUN">, </c><w c5="NP0" hw="professor" pos="SUBST">Professor </w><w c5="NP0" hw="mann" pos="SUBST">Mann </w><w c5="VVD" hw="say" pos="VERB">said </w><w c5="DT0" hw="more" pos="ADJ">more </w><w c5="NN1" hw="work" pos="SUBST">work </w><w c5="VHD" hw="have" pos="VERB">had </w><w c5="TO0" hw="to" pos="PREP">to </w><w c5="VBI" hw="be" pos="VERB">be </w><w c5="VDN" hw="do" pos="VERB">done </w><w c5="TO0" hw="to" pos="PREP">to </w><w c5="VVI" hw="find" pos="VERB">find </w><w c5="AVP" hw="out" pos="ADV">out </w><w c5="AVQ" hw="how" pos="ADV">how </w><w c5="AT0" hw="the" pos="ART">the </w><w c5="NN1" hw="cell" pos="SUBST">cell </w><w c5="VVD" hw="provide" pos="VERB">provided </w><w c5="AT0" hw="a" pos="ART">a </w><w c5="NN1" hw="template" pos="SUBST">template </w><w c5="PRP" hw="for" pos="PREP">for </w><w c5="AT0" hw="the" pos="ART">the </w><w c5="AJ0" hw="exotic" pos="ADJ">exotic </w><w c5="NN2" hw="shape" pos="SUBST">shapes </w><w c5="TO0" hw="to" pos="PREP">to </w><w c5="VVI" hw="emerge" pos="VERB">emerge</w><c c5="PUN">.</c></s></p><p>
<s n="32"><w c5="NN2" hw="bloom" pos="SUBST">Blooms </w><w c5="PRF" hw="of" pos="PREP">of </w><w c5="AJ0" hw="certain" pos="ADJ">certain </w><w c5="NN0" hw="species" pos="SUBST">species </w><w c5="PRF" hw="of" pos="PREP">of </w><w c5="NN2" hw="coccolithophore" pos="SUBST">coccolithophores </w><w c5="VBB" hw="be" pos="VERB">are </w><w c5="AV0" hw="so" pos="ADV">so </w><w c5="AJ0" hw="vast" pos="ADJ">vast </w><w c5="CJT" hw="that" pos="CONJ">that </w><w c5="PNP" hw="they" pos="PRON">they </w><w c5="VM0" hw="can" pos="VERB">can </w><w c5="VBI" hw="be" pos="VERB">be </w><w c5="VVN" hw="see" pos="VERB">seen </w><w c5="PRP" hw="from" pos="PREP">from </w><w c5="NN1" hw="space" pos="SUBST">space </w><w c5="CJC" hw="and" pos="CONJ">and</w><c c5="PUN">, </c><w c5="PRP" hw="as" pos="PREP">as </w><w c5="AT0" hw="a" pos="ART">a </w><w c5="NN1" hw="result" pos="SUBST">result</w><c c5="PUN">, </c><w c5="VM0" hw="will" pos="VERB">will </w><w c5="VVI" hw="provide" pos="VERB">provide </w><w c5="NN1" hw="information" pos="SUBST">information </w><w c5="PRP" hw="on" pos="PREP">on </w><w c5="AJ0" hw="global" pos="ADJ">global </w><w c5="AJ0" hw="climatic" pos="ADJ">climatic </w><w c5="NN2" hw="change" pos="SUBST">changes</w><c c5="PUN">.</c></s></p><p>
<s n="33"><mw c5="AV0"><w c5="AVP" hw="up" pos="ADV">Up </w><w c5="PRP" hw="to" pos="PREP">to </w></mw><w c5="CRD" hw="100" pos="ADJ">100 </w><w c5="CRD" hw="million" pos="ADJ">million </w><w c5="VM0" hw="can" pos="VERB">can </w><w c5="VVI" hw="occur" pos="VERB">occur </w><w c5="PRP" hw="per" pos="PREP">per </w><w c5="NN1" hw="litre" pos="SUBST">litre </w><w c5="PRF" hw="of" pos="PREP">of </w><w c5="NN1" hw="sea" pos="SUBST">sea </w><w c5="NN1" hw="water" pos="SUBST">water</w><c c5="PUN">, </c><w c5="PRP" hw="as" pos="PREP">as </w><w c5="AT0" hw="a" pos="ART">a </w><w c5="NN1" hw="result" pos="SUBST">result </w><w c5="PRF" hw="of" pos="PREP">of </w><w c5="NN2" hw="bloom" pos="SUBST">blooms </w><w c5="VVG" hw="measure" pos="VERB">measuring </w><w c5="DT0" hw="several" pos="ADJ">several </w><w c5="CRD" hw="hundred" pos="ADJ">hundred </w><w c5="NN2" hw="mile" pos="SUBST">miles </w><w c5="AV0" hw="across" pos="ADV">across</w><c c5="PUN">.</c></s>
<s n="34"><w c5="DT0" hw="this" pos="ADJ">This </w><w c5="VVZ" hw="make" pos="VERB">makes </w><w c5="AT0" hw="the" pos="ART">the </w><w c5="NN1" hw="water" pos="SUBST">water </w><w c5="VVI" hw="appear" pos="VERB">appear </w><w c5="AJ0" hw="chalky" pos="ADJ">chalky </w><w c5="AJ0-NN1" hw="white" pos="ADJ">white </w><w c5="CJS" hw="when" pos="CONJ">when </w><w c5="VVN" hw="see" pos="VERB">seen </w><w c5="PRP" hw="from" pos="PREP">from </w><w c5="AT0" hw="an" pos="ART">an </w><w c5="AJ0" hw="orbiting" pos="ADJ">orbiting </w><w c5="NN1" hw="satellite" pos="SUBST">satellite</w><c c5="PUN">.</c></s></p></div><div level="1"><head type="MAIN">
<s n="35"><w c5="AJ0" hw="new" pos="ADJ">New </w><w c5="NN1" hw="vaccine" pos="SUBST">vaccine </w><w c5="VM0" hw="will" pos="VERB">will </w><w c5="VVI" hw="protect" pos="VERB">protect </w><w c5="PRP" hw="against" pos="PREP">against </w><w c5="NN1" hw="pneumonia" pos="SUBST">pneumonia</w></s></head><head type="BYLINE">
<s n="36"><w c5="PRP" hw="by" pos="PREP">By </w><w c5="NP0" hw="peter" pos="SUBST">Peter </w><w c5="NP0" hw="pallot" pos="SUBST">Pallot</w><c c5="PUN">, </c><w c5="NN1" hw="health" pos="SUBST">Health </w><w c5="NN2" hw="service" pos="SUBST">Services </w><w c5="NN0" hw="staff" pos="SUBST">Staff</w></s></head><p>
<s n="37"><w c5="NN2" hw="scientist" pos="SUBST">SCIENTISTS </w><w c5="VHB" hw="have" pos="VERB">have </w><w c5="VVN" hw="develop" pos="VERB">developed </w><w c5="AT0" hw="a" pos="ART">a </w><w c5="NN1" hw="vaccine" pos="SUBST">vaccine </w><w c5="PRP" hw="against" pos="PREP">against </w><w c5="NN2" hw="type" pos="SUBST">types </w><w c5="PRF" hw="of" pos="PREP">of </w><w c5="NN1" hw="pneumonia" pos="SUBST">pneumonia</w><c c5="PUN">, </c><w c5="NN1" hw="meningitis" pos="SUBST">meningitis </w><w c5="CJC" hw="and" pos="CONJ">and </w><w c5="NN1" hw="blood" pos="SUBST">blood </w><w c5="NN1-VVG" hw="poisoning" pos="SUBST">poisoning </w><w c5="DTQ" hw="which" pos="PRON">which </w><w c5="VVB-NN1" hw="claim" pos="VERB">claim </w><w c5="CRD" hw="thousands" pos="ADJ">thousands </w><w c5="PRF" hw="of" pos="PREP">of </w><w c5="NN2" hw="life" pos="SUBST">lives </w><w c5="PRP" hw="in" pos="PREP">in </w><w c5="NP0" hw="britain" pos="SUBST">Britain </w><w c5="AT0" hw="a" pos="ART">a </w><w c5="NN1" hw="year" pos="SUBST">year </w><w c5="CJC" hw="and" pos="CONJ">and </w><w c5="CRD" hw="10" pos="ADJ">10 </w><w c5="CRD" hw="million" pos="ADJ">million </w><w c5="NN2" hw="life" pos="SUBST">lives </w><w c5="AV0" hw="worldwide" pos="ADV">worldwide</w><c c5="PUN">.</c></s></p><p>
<s n="38"><w c5="AT0" hw="the" pos="ART">The </w><w c5="NN1" hw="advance" pos="SUBST">advance </w><w c5="VBZ" hw="be" pos="VERB">is </w><w c5="TO0" hw="to" pos="PREP">to </w><w c5="VBI" hw="be" pos="VERB">be </w><w c5="VVN" hw="announce" pos="VERB">announced </w><w c5="AV0" hw="today" pos="ADV">today </w><w c5="PRP" hw="by" pos="PREP">by </w><w c5="NP0" hw="prof" pos="SUBST">Prof </w><w c5="NP0" hw="graham" pos="SUBST">Graham </w><w c5="NP0" hw="boulois" pos="SUBST">Boulois</w><c c5="PUN">, </c><w c5="NN1" hw="head" pos="SUBST">head </w><w c5="PRF" hw="of" pos="PREP">of </w><w c5="NN1" hw="microbiology" pos="SUBST">microbiology </w><w c5="PRP" hw="at" pos="PREP">at </w><w c5="NP0" hw="leicester" pos="SUBST">Leicester </w><w c5="NN1" hw="university" pos="SUBST">University</w><c c5="PUN">, </c><w c5="PNQ" hw="who" pos="PRON">who </w><w c5="VVZ" hw="hope" pos="VERB">hopes </w><w c5="AT0" hw="the" pos="ART">the </w><w c5="NN1" hw="vaccine" pos="SUBST">vaccine </w><w c5="VM0" hw="will" pos="VERB">will </w><w c5="VBI" hw="be" pos="VERB">be </w><w c5="VVN" hw="give" pos="VERB">given </w><w c5="AV0" hw="routinely" pos="ADV">routinely </w><w c5="PRP" hw="to" pos="PREP">to </w><w c5="NN2" hw="child" pos="SUBST">children </w><w c5="TO0" hw="to" pos="PREP">to </w><w c5="VVI" hw="protect" pos="VERB">protect </w><w c5="PRP" hw="against" pos="PREP">against </w><w c5="NN1" hw="meningitis" pos="SUBST">meningitis</w><c c5="PUN">.</c></s></p><p>
<s n="39"><w c5="AT0" hw="the" pos="ART">The </w><w c5="NN1" hw="bacterium" pos="SUBST">bacterium </w><w c5="NN1" hw="streptococcus" pos="SUBST">Streptococcus </w><w c5="NN2" hw="pneumoniae" pos="SUBST">pneumoniae </w><w c5="VVZ" hw="cause" pos="VERB">causes </w><w c5="AV0" hw="about" pos="ADV">about </w><w c5="AT0" hw="a" pos="ART">a </w><w c5="ORD" hw="third" pos="ADJ">third </w><w c5="PRF" hw="of" pos="PREP">of </w><w c5="DT0" hw="some" pos="ADJ">some </w><w c5="CRD" hw="3,000" pos="ADJ">3,000 </w><w c5="AJ0" hw="annual" pos="ADJ">annual </w><w c5="NN1" hw="meningitis" pos="SUBST">meningitis </w><w c5="NN2" hw="case" pos="SUBST">cases </w><w c5="CJC" hw="and" pos="CONJ">and </w><w c5="AT0" hw="an" pos="ART">an </w><w c5="AJ0" hw="estimated" pos="ADJ">estimated </w><w c5="CRD" hw="250" pos="ADJ">250 </w><w c5="NN2" hw="death" pos="SUBST">deaths </w><w c5="PRP" hw="in" pos="PREP">in </w><w c5="NP0" hw="england" pos="SUBST">England </w><w c5="CJC" hw="and" pos="CONJ">and </w><w c5="NP0" hw="wales" pos="SUBST">Wales</w><c c5="PUN">.</c></s></p><p>
<s n="40"><w c5="CJC" hw="but" pos="CONJ">But </w><w c5="NP0" hw="prof" pos="SUBST">Prof </w><w c5="NP0" hw="boulois" pos="SUBST">Boulois </w><w c5="VVD" hw="say" pos="VERB">said </w><w c5="AT0" hw="the" pos="ART">the </w><w c5="NN1" hw="vaccine" pos="SUBST">vaccine </w><w c5="VM0" hw="would" pos="VERB">would </w><w c5="VVI" hw="save" pos="VERB">save </w><w c5="DT0" hw="most" pos="ADJ">most </w><w c5="NN2" hw="life" pos="SUBST">lives </w><w c5="PRP" hw="by" pos="PREP">by </w><w c5="VVG" hw="protect" pos="VERB">protecting </w><w c5="PRP" hw="against" pos="PREP">against </w><w c5="AT0" hw="the" pos="ART">the </w><w c5="AV0" hw="most" pos="ADV">most </w><w c5="AJ0" hw="common" pos="ADJ">common </w><w c5="NN1" hw="type" pos="SUBST">type </w><w c5="PRF" hw="of" pos="PREP">of </w><w c5="NN1" hw="pneumonia" pos="SUBST">pneumonia</w><c c5="PUN">, </c><w c5="DTQ" hw="which" pos="PRON">which </w><w c5="AV0" hw="often" pos="ADV">often </w><w c5="VVD" hw="follow" pos="VERB">followed </w><w c5="NN1" hw="influenza" pos="SUBST">influenza </w><w c5="CJC" hw="and" pos="CONJ">and </w><w c5="VBD" hw="be" pos="VERB">was </w><w c5="AV0" hw="widely" pos="ADV">widely </w><w c5="VVN-VVD" hw="misdiagnose" pos="VERB">misdiagnosed</w><c c5="PUN">.</c></s></p><p>
<s n="41"><w c5="PNP" hw="it" pos="PRON">It </w><w c5="VM0" hw="would" pos="VERB">would </w><w c5="AV0" hw="also" pos="ADV">also </w><w c5="VVI" hw="protect" pos="VERB">protect </w><w c5="PRP" hw="against" pos="PREP">against </w><w c5="NN1" hw="septicaemia" pos="SUBST">septicaemia </w><w c5="PRP" hw="in" pos="PREP">in </w><w c5="DTQ" hw="which" pos="PRON">which </w><w c5="NN2" hw="bacterium" pos="SUBST">bacteria </w><w c5="VVB" hw="multiply" pos="VERB">multiply </w><w c5="AJ0" hw="unchecked" pos="ADJ">unchecked </w><w c5="PRP" hw="in" pos="PREP">in </w><w c5="AT0" hw="the" pos="ART">the </w><w c5="NN1" hw="blood" pos="SUBST">blood</w><c c5="PUN">, </c><w c5="AV0" hw="possibly" pos="ADV">possibly </w><w c5="VVG" hw="cause" pos="VERB">causing </w><w c5="NN1" hw="death" pos="SUBST">death </w><w c5="PRP" hw="without" pos="PREP">without </w><w c5="AJ0" hw="prompt" pos="ADJ">prompt </w><w c5="NN1" hw="treatment" pos="SUBST">treatment</w><c c5="PUN">.</c></s></p><p>
<s n="42"><w c5="AT0" hw="a" pos="ART">A </w><w c5="AV0" hw="moderately" pos="ADV">moderately </w><w c5="AJ0" hw="effective" pos="ADJ">effective </w><w c5="NN1" hw="vaccine" pos="SUBST">vaccine </w><w c5="VVZ" hw="exist" pos="VERB">exists </w><w c5="PRP" hw="against" pos="PREP">against </w><w c5="DT0" hw="some" pos="ADJ">some </w><w c5="NN2" hw="type" pos="SUBST">types </w><w c5="PRF" hw="of" pos="PREP">of </w><w c5="AJ0" hw="streptococcal" pos="ADJ">streptococcal </w><w c5="NN1" hw="pneumonia" pos="SUBST">pneumonia</w><c c5="PUN">.</c></s>
<s n="43"><w c5="CJC" hw="but" pos="CONJ">But </w><w c5="NP0" hw="prof" pos="SUBST">Prof </w><w c5="NP0" hw="boulois" pos="SUBST">Boulois </w><w c5="VVD" hw="say" pos="VERB">said </w><w c5="PNP" hw="he" pos="PRON">he </w><w c5="CJC" hw="and" pos="CONJ">and </w><w c5="NN2" hw="colleague" pos="SUBST">colleagues </w><w c5="NP0" hw="dr" pos="SUBST">Dr </w><w c5="NP0" hw="peter" pos="SUBST">Peter </w><w c5="NP0" hw="andrew" pos="SUBST">Andrew </w><w c5="CJC" hw="and" pos="CONJ">and </w><w c5="NP0" hw="dr" pos="SUBST">Dr </w><w c5="NP0" hw="tim" pos="SUBST">Tim </w><w c5="NP0" hw="mitchell" pos="SUBST">Mitchell </w><w c5="VHD" hw="have" pos="VERB">had </w><w c5="VVN" hw="discover" pos="VERB">discovered </w><w c5="AT0" hw="a" pos="ART">a </w><w c5="AJ0" hw="common" pos="ADJ">common </w><w c5="NN1" hw="component" pos="SUBST">component </w><w c5="PRP" hw="in" pos="PREP">in </w><w c5="DT0" hw="all" pos="ADJ">all </w><w c5="CRD" hw="83" pos="ADJ">83 </w><w c5="NN2" hw="type" pos="SUBST">types </w><w c5="PRF" hw="of" pos="PREP">of </w><w c5="AT0" hw="the" pos="ART">the </w><w c5="NN1" hw="organism" pos="SUBST">organism</w><c c5="PUN">.</c></s></p><p>
<s n="44"><w c5="AT0" hw="the" pos="ART">The </w><w c5="NN1" hw="component" pos="SUBST">component </w><w c5="VHD" hw="have" pos="VERB">had </w><w c5="VBN" hw="be" pos="VERB">been </w><w c5="AV0" hw="genetically" pos="ADV">genetically </w><w c5="VVN" hw="engineer" pos="VERB">engineered </w><w c5="TO0" hw="to" pos="PREP">to </w><w c5="VVI" hw="produce" pos="VERB">produce </w><w c5="AT0" hw="a" pos="ART">a </w><w c5="NN1" hw="vaccine" pos="SUBST">vaccine </w><w c5="AV0" hw="highly" pos="ADV">highly </w><w c5="AJ0" hw="effective" pos="ADJ">effective </w><w c5="PRP" hw="against" pos="PREP">against </w><w c5="DT0" hw="all" pos="ADJ">all </w><w c5="NN2" hw="strain" pos="SUBST">strains</w><c c5="PUN">.</c></s></p><p>
<s n="45"><w c5="AT0" hw="the" pos="ART">The </w><w c5="AJ0" hw="dutch" pos="ADJ">Dutch </w><w c5="NN1" hw="institute" pos="SUBST">Institute </w><w c5="PRF" hw="of" pos="PREP">of </w><w c5="AJ0" hw="public" pos="ADJ">Public </w><w c5="NN1" hw="health" pos="SUBST">Health </w><w c5="VHZ" hw="have" pos="VERB">has </w><w c5="VVN" hw="split" pos="VERB">split </w><w c5="AT0" hw="a" pos="ART">a </w><w c5="NN0" hw="£300,000" pos="UNC">£300,000 </w><w c5="NN1-VVB" hw="grant" pos="SUBST">grant </w><w c5="PRP" hw="between" pos="PREP">between </w><w c5="NP0" hw="prof" pos="SUBST">Prof </w><w c5="NP0" hw="boulois" pos="SUBST">Boulois </w><w c5="CJC" hw="and" pos="CONJ">and </w><w c5="NN2" hw="researcher" pos="SUBST">researchers </w><w c5="PRP" hw="in" pos="PREP">in </w><w c5="NP0" hw="adelaide" pos="SUBST">Adelaide</w><c c5="PUN">, </c><w c5="NP0" hw="australia" pos="SUBST">Australia</w><c c5="PUN">, </c><w c5="PNQ" hw="who" pos="PRON">who </w><w c5="VBB" hw="be" pos="VERB">are </w><w c5="VVG" hw="collaborate" pos="VERB">collaborating </w><w c5="TO0" hw="to" pos="PREP">to </w><w c5="VVI" hw="develop" pos="VERB">develop </w><w c5="AT0" hw="the" pos="ART">the </w><w c5="NN1" hw="vaccine" pos="SUBST">vaccine </w><w c5="AV0" hw="further/far" pos="ADV">further</w><c c5="PUN">.</c></s></p><p>
<s n="46"><w c5="AT0" hw="the" pos="ART">The </w><w c5="NN1" hw="institute" pos="SUBST">institute </w><w c5="VM0" hw="will" pos="VERB">will </w><w c5="VVI" hw="hold" pos="VERB">hold </w><w c5="AT0" hw="the" pos="ART">the </w><w c5="NN1" hw="patent" pos="SUBST">patent </w><w c5="CJC" hw="and" pos="CONJ">and </w><w c5="VVB" hw="distribute" pos="VERB">distribute </w><w c5="AT0" hw="the" pos="ART">the </w><w c5="NN2" hw="royalty" pos="SUBST">royalties</w><c c5="PUN">.</c></s>
<s n="47"><w c5="PNP" hw="it" pos="PRON">It </w><w c5="VM0" hw="will" pos="VERB">will </w><w c5="AV0" hw="also" pos="ADV">also </w><w c5="VVI" hw="arrange" pos="VERB">arrange </w><w c5="NN2" hw="test" pos="SUBST">tests </w><w c5="PRP" hw="on" pos="PREP">on </w><w c5="NN2" hw="volunteer" pos="SUBST">volunteers </w><mw c5="AV0"><w c5="PRP" hw="in" pos="PREP">in </w><w c5="NN1" hw="order" pos="SUBST">order </w></mw><w c5="TO0" hw="to" pos="PREP">to </w><w c5="VVI" hw="establish" pos="VERB">establish </w><w c5="NN1" hw="safety" pos="SUBST">safety </w><w c5="CJC" hw="and" pos="CONJ">and </w><w c5="NN1" hw="effectiveness" pos="SUBST">effectiveness</w><c c5="PUN">.</c></s></p><p>
<s n="48"><w c5="AT0" hw="the" pos="ART">The </w><w c5="NN2" hw="researcher" pos="SUBST">researchers</w><c c5="PUN">, </c><w c5="PNQ" hw="who" pos="PRON">who </w><w c5="VHB" hw="have" pos="VERB">have </w><w c5="VBN" hw="be" pos="VERB">been </w><w c5="VVG" hw="study" pos="VERB">studying </w><w c5="AT0" hw="the" pos="ART">the </w><w c5="NN1" hw="organism" pos="SUBST">organism </w><w c5="PRP" hw="for" pos="PREP">for </w><mw c5="AV0"><w c5="AV0" hw="more" pos="ADV">more </w><w c5="CJS" hw="than" pos="CONJ">than </w></mw><w c5="CRD" hw="eight" pos="ADJ">eight </w><w c5="NN2" hw="year" pos="SUBST">years</w><c c5="PUN">, </c><w c5="VVB" hw="say" pos="VERB">say </w><w c5="PNP" hw="it" pos="PRON">it </w><w c5="VM0" hw="will" pos="VERB">will </w><w c5="VBI" hw="be" pos="VERB">be </w><w c5="DT0" hw="several" pos="ADJ">several </w><w c5="NN2" hw="year" pos="SUBST">years </w><w c5="CJS" hw="before" pos="CONJ">before </w><w c5="AT0" hw="a" pos="ART">a </w><w c5="NN1" hw="vaccine" pos="SUBST">vaccine </w><w c5="VVZ" hw="become" pos="VERB">becomes </w><w c5="AV0" hw="widely" pos="ADV">widely </w><w c5="AJ0" hw="available" pos="ADJ">available</w><c c5="PUN">.</c></s></p><p>
<s n="49"><c c5="PUQ">‘</c><w c5="AT0" hw="the" pos="ART">The </w><w c5="NN1" hw="organism" pos="SUBST">organism </w><w c5="VBZ" hw="be" pos="VERB">is </w><w c5="AT0" hw="the" pos="ART">the </w><w c5="AJ0" hw="only" pos="ADJ">only </w><w c5="AJ0" hw="bacterial" pos="ADJ">bacterial </w><w c5="NN1" hw="infection" pos="SUBST">infection </w><w c5="TO0" hw="to" pos="PREP">to </w><w c5="VVI" hw="feature" pos="VERB">feature </w><w c5="PRP" hw="in" pos="PREP">in </w><w c5="AT0" hw="the" pos="ART">the </w><w c5="AJ0" hw="top" pos="ADJ">top </w><w c5="CRD" hw="10" pos="ADJ">10 </w><w c5="NN2" hw="killer" pos="SUBST">killers </w><w c5="PRP" hw="in" pos="PREP">in </w><w c5="AT0" hw="the" pos="ART">the </w><w c5="AJ0" hw="western" pos="ADJ">Western </w><w c5="NN1" hw="world" pos="SUBST">World</w><c c5="PUN">,</c><c c5="PUQ">’ </c><w c5="VVD" hw="say" pos="VERB">said </w><w c5="NP0" hw="prof" pos="SUBST">Prof </w><w c5="NP0" hw="boulois" pos="SUBST">Boulois</w><c c5="PUN">.</c></s></p><p>
<s n="50"><c c5="PUQ">‘</c><w c5="PNP" hw="it" pos="PRON">It </w><w c5="VBZ" hw="be" pos="VERB">is </w><w c5="AV0" hw="extremely" pos="ADV">extremely </w><w c5="AJ0" hw="prevalent" pos="ADJ">prevalent </w><w c5="PRP" hw="in" pos="PREP">in </w><w c5="AJ0-VVG" hw="developing" pos="ADJ">developing </w><w c5="NN2" hw="country" pos="SUBST">countries</w><c c5="PUN">.</c></s>
<s n="51"><w c5="PNP" hw="it" pos="PRON">It </w><w c5="VBZ" hw="be" pos="VERB">is </w><w c5="AT0" hw="a" pos="ART">a </w><w c5="AJ0" hw="serious" pos="ADJ">serious </w><w c5="NN1" hw="threat" pos="SUBST">threat </w><w c5="PRP" hw="to" pos="PREP">to </w><w c5="AT0" hw="the" pos="ART">the </w><w c5="AJ0" hw="elderly" pos="ADJ">elderly </w><w c5="CJC" hw="and" pos="CONJ">and </w><w c5="PRP" hw="to" pos="PREP">to </w><w c5="AJ0" hw="young" pos="ADJ">young </w><w c5="NN2" hw="child" pos="SUBST">children</w><c c5="PUN">.</c><c c5="PUQ">’</c></s></p><p>
<s n="52"><w c5="NN0" hw="people" pos="SUBST">People </w><w c5="PNQ" hw="who" pos="PRON">who </w><w c5="VHB" hw="have" pos="VERB">have </w><w c5="AT0" hw="a" pos="ART">a </w><w c5="AJ0" hw="poor" pos="ADJ">poor </w><w c5="AJ0" hw="immune" pos="ADJ">immune </w><w c5="NN1" hw="system" pos="SUBST">system </w><w c5="PRP" hw="through" pos="PREP">through </w><w c5="NN2" hw="disease" pos="SUBST">diseases </w><mw c5="PRP"><w c5="DT0" hw="such" pos="ADJ">such </w><w c5="PRP" hw="as" pos="PREP">as </w></mw><w c5="NN2" hw="aid" pos="SUBST">Aids </w><w c5="CJC" hw="or" pos="CONJ">or </w><w c5="CJS" hw="because" pos="CONJ">because </w><w c5="PNP" hw="they" pos="PRON">they </w><w c5="VBB" hw="be" pos="VERB">are </w><w c5="VVG" hw="take" pos="VERB">taking </w><w c5="NN1" hw="medication" pos="SUBST">medication </w><w c5="VBB" hw="be" pos="VERB">are </w><w c5="AV0" hw="also" pos="ADV">also </w><w c5="PRP" hw="at" pos="PREP">at </w><w c5="NN1" hw="risk" pos="SUBST">risk</w><c c5="PUN">.</c></s></p><p>
<s n="53"><w c5="CJS" hw="as" pos="CONJ">As </w><w c5="AV0" hw="often" pos="ADV">often </w><w c5="VVZ" hw="happen" pos="VERB">happens </w><w c5="PRP" hw="with" pos="PREP">with </w><w c5="AJ0" hw="medical" pos="ADJ">medical </w><w c5="NN2" hw="advance" pos="SUBST">advances</w><c c5="PUN">, </c><w c5="AT0" hw="the" pos="ART">the </w><w c5="NN2" hw="scientist" pos="SUBST">scientists </w><w c5="VVD" hw="stumble" pos="VERB">stumbled </w><w c5="PRP" hw="across" pos="PREP">across </w><w c5="AT0" hw="the" pos="ART">the </w><w c5="NN1" hw="vaccine" pos="SUBST">vaccine </w><w c5="PRP" hw="by" pos="PREP">by </w><w c5="NN1" hw="chance" pos="SUBST">chance</w><c c5="PUN">.</c></s></p><p>
<s n="54"><c c5="PUQ">‘</c><w c5="PNP" hw="we" pos="PRON">We </w><w c5="VBD" hw="be" pos="VERB">were </w><w c5="AV0" hw="originally" pos="ADV">originally </w><w c5="VVG" hw="study" pos="VERB">studying </w><w c5="AVQ" hw="how" pos="ADV">how </w><w c5="DT0" hw="this" pos="ADJ">this </w><w c5="NN1" hw="organism" pos="SUBST">organism </w><w c5="VVZ" hw="cause" pos="VERB">causes </w><w c5="NN1" hw="disease" pos="SUBST">disease </w><w c5="CJC" hw="and" pos="CONJ">and </w><w c5="AT0" hw="the" pos="ART">the </w><w c5="NN1" hw="vaccine" pos="SUBST">vaccine </w><w c5="AV0" hw="possibly" pos="ADV">possibly </w><w c5="VVD" hw="come" pos="VERB">came </w><mw c5="PRP"><w c5="AVP" hw="out" pos="ADV">out </w><w c5="PRF" hw="of" pos="PREP">of </w></mw><w c5="DT0" hw="that" pos="ADJ">that </w><w c5="NN1" hw="research" pos="SUBST">research</w><c c5="PUN">,</c><c c5="PUQ">’ </c><w c5="PNP" hw="he" pos="PRON">he </w><w c5="VVD" hw="say" pos="VERB">said</w><c c5="PUN">.</c></s></p><p>
<s n="55"><w c5="ORD" hw="last" pos="ADJ">Last </w><w c5="NN1" hw="night" pos="SUBST">night </w><w c5="AT0" hw="the" pos="ART">the </w><w c5="NN1" hw="meningitis" pos="SUBST">Meningitis </w><w c5="NN1-VVB" hw="trust" pos="SUBST">Trust</w><c c5="PUN">, </c><w c5="VVN" hw="base" pos="VERB">based </w><w c5="PRP" hw="in" pos="PREP">in </w><w c5="NP0" hw="stroud" pos="SUBST">Stroud</w><c c5="PUN">, </c><w c5="NP0" hw="gloucestershire" pos="SUBST">Gloucestershire</w><c c5="PUN">, </c><w c5="VVD-VVN" hw="welcome" pos="VERB">welcomed </w><w c5="NN2" hw="move" pos="SUBST">moves </w><w c5="PRP" hw="towards" pos="PREP">towards </w><w c5="AT0" hw="a" pos="ART">a </w><w c5="NN1" hw="vaccine" pos="SUBST">vaccine </w><w c5="PRP" hw="against" pos="PREP">against </w><w c5="AT0" hw="a" pos="ART">a </w><w c5="NN1" hw="strain" pos="SUBST">strain </w><w c5="DTQ" hw="which" pos="PRON">which </w><w c5="VVD" hw="account" pos="VERB">accounted </w><w c5="PRP" hw="for" pos="PREP">for </w><w c5="CRD" hw="82" pos="ADJ">82 </w><w c5="PRF" hw="of" pos="PREP">of </w><w c5="CRD" hw="246" pos="ADJ">246 </w><w c5="NN1" hw="meningitis" pos="SUBST">meningitis </w><w c5="NN2" hw="death" pos="SUBST">deaths </w><w c5="PRP" hw="in" pos="PREP">in </w><w c5="NP0" hw="england" pos="SUBST">England </w><w c5="CJC" hw="and" pos="CONJ">and </w><w c5="NP0" hw="wales" pos="SUBST">Wales </w><w c5="PRP" hw="in" pos="PREP">in </w><w c5="CRD" hw="1989" pos="ADJ">1989</w><c c5="PUN">.</c></s></p></div><div level="1"><head type="MAIN">
<s n="56"><w c5="NN1" hw="vasectomy" pos="SUBST">Vasectomy </w><w c5="NN2" hw="reversal" pos="SUBST">reversals </w><w c5="PRP" hw="in" pos="PREP">in </w><w c5="NN1" hw="demand" pos="SUBST">demand</w></s></head><head type="BYLINE">
<s n="57"><w c5="PRP" hw="by" pos="PREP">By </w><w c5="NP0" hw="david" pos="SUBST">David </w><w c5="NP0" hw="fletcher" pos="SUBST">Fletcher </w><w c5="NN1" hw="health" pos="SUBST">Health </w><w c5="NN2" hw="service" pos="SUBST">Services </w><w c5="NN1" hw="correspondent" pos="SUBST">Correspondent</w></s></head><p>
<s n="58"><w c5="NN1" hw="vasectomy" pos="SUBST">VASECTOMY </w><w c5="NN2" hw="operation" pos="SUBST">operations</w><c c5="PUN">, </c><w c5="AV0" hw="once" pos="ADV">once </w><w c5="VVN" hw="regard" pos="VERB">regarded </w><w c5="PRP" hw="as" pos="PREP">as </w><w c5="AT0" hw="an" pos="ART">an </w><w c5="AJ0" hw="irrevocable" pos="ADJ">irrevocable </w><w c5="NN1" hw="form" pos="SUBST">form </w><w c5="PRF" hw="of" pos="PREP">of </w><w c5="AJ0" hw="male" pos="ADJ">male </w><w c5="NN1" hw="sterilisation" pos="SUBST">sterilisation</w><c c5="PUN">, </c><w c5="VBB" hw="be" pos="VERB">are </w><w c5="AV0" hw="increasingly" pos="ADV">increasingly </w><w c5="VBG" hw="be" pos="VERB">being </w><w c5="VVN" hw="reverse" pos="VERB">reversed </w><w c5="CJS" hw="as" pos="CONJ">as </w><w c5="DT0" hw="more" pos="ADJ">more </w><w c5="NN2" hw="man" pos="SUBST">men </w><w c5="VVB-NN1" hw="remarry" pos="VERB">remarry </w><w c5="CJC" hw="and" pos="CONJ">and </w><w c5="VVB" hw="change" pos="VERB">change </w><w c5="DPS" hw="they" pos="PRON">their </w><w c5="NN2" hw="mind" pos="SUBST">minds </w><w c5="PRP" hw="about" pos="PREP">about </w><w c5="AJ0-VVG" hw="wanting" pos="ADJ">wanting </w><w c5="NN2" hw="child" pos="SUBST">children</w><c c5="PUN">.</c></s></p><p>
<s n="59"><w c5="ZZ0" hw="a" pos="SUBST">A </w><w c5="NP0" hw="london" pos="SUBST">London </w><w c5="NN1" hw="clinic" pos="SUBST">clinic </w><w c5="VVG" hw="specialise" pos="VERB">specialising </w><w c5="PRP" hw="in" pos="PREP">in </w><w c5="NN1" hw="reversal" pos="SUBST">reversal </w><w c5="NN2" hw="operation" pos="SUBST">operations </w><w c5="VVD" hw="say" pos="VERB">said </w><w c5="AV0" hw="yesterday" pos="ADV">yesterday </w><w c5="CJT" hw="that" pos="CONJ">that </w><mw c5="AV0"><w c5="AV0" hw="more" pos="ADV">more </w><w c5="CJS" hw="than" pos="CONJ">than </w></mw><w c5="CRD" hw="six" pos="ADJ">six </w><mw c5="PRP"><w c5="AVP" hw="out" pos="ADV">out </w><w c5="PRF" hw="of" pos="PREP">of </w></mw><w c5="CRD" hw="10" pos="ADJ">10 </w><w c5="NN2" hw="operation" pos="SUBST">operations </w><w c5="VBB" hw="be" pos="VERB">are </w><w c5="AV0" hw="now" pos="ADV">now </w><w c5="AJ0" hw="successful" pos="ADJ">successful </w><w c5="VVN" hw="compare" pos="VERB">compared </w><w c5="PRP" hw="with" pos="PREP">with </w><w c5="DT0" hw="fewer" pos="ADJ">fewer </w><w c5="CJS" hw="than" pos="CONJ">than </w><w c5="CRD" hw="two" pos="ADJ">two </w><mw c5="PRP"><w c5="AVP" hw="out" pos="ADV">out </w><w c5="PRF" hw="of" pos="PREP">of </w></mw><w c5="CRD" hw="10" pos="ADJ">10 </w><w c5="AV0" hw="only" pos="ADV">only </w><w c5="CRD" hw="three" pos="ADJ">three </w><w c5="CJC" hw="or" pos="CONJ">or </w><w c5="CRD" hw="four" pos="ADJ">four </w><w c5="NN2" hw="year" pos="SUBST">years </w><w c5="AV0" hw="ago" pos="ADV">ago</w><c c5="PUN">.</c></s></p><p>
<s n="60"><w c5="NP0" hw="miss" pos="SUBST">Miss </w><w c5="NP0" hw="jacquie" pos="SUBST">Jacquie </w><w c5="NP0" hw="sullivan" pos="SUBST">Sullivan</w><c c5="PUN">, </c><w c5="AJ0" hw="managing" pos="ADJ">managing </w><w c5="NN1" hw="director" pos="SUBST">director </w><w c5="PRF" hw="of" pos="PREP">of </w><w c5="AT0" hw="the" pos="ART">the </w><w c5="NN1" hw="clinic" pos="SUBST">clinic</w><c c5="PUN">, </c><w c5="AT0" hw="the" pos="ART">the </w><w c5="AJ0" hw="surgical" pos="ADJ">Surgical </w><w c5="AJ0" hw="advisory" pos="ADJ">Advisory </w><w c5="NN1" hw="service" pos="SUBST">Service</w><c c5="PUN">, </c><w c5="VVD" hw="say" pos="VERB">said </w><w c5="AT0" hw="the" pos="ART">the </w><w c5="AJ0" hw="improving" pos="ADJ">improving </w><w c5="NN1" hw="success" pos="SUBST">success </w><w c5="NN1" hw="rate" pos="SUBST">rate </w><w c5="VBD" hw="be" pos="VERB">was </w><w c5="AT0" hw="the" pos="ART">the </w><w c5="NN1" hw="result" pos="SUBST">result </w><w c5="PRF" hw="of" pos="PREP">of </w><w c5="NN2" hw="advance" pos="SUBST">advances </w><w c5="PRP" hw="in" pos="PREP">in </w><w c5="NN1" hw="micro-surgery" pos="SUBST">micro-surgery </w><w c5="VVN-VVD" hw="couple" pos="VERB">coupled </w><w c5="PRP" hw="with" pos="PREP">with </w><w c5="AJC" hw="good" pos="ADJ">better </w><w c5="AJ0" hw="post-operative" pos="ADJ">post-operative </w><w c5="NN1" hw="care" pos="SUBST">care</w><c c5="PUN">.</c></s></p><p>
<s n="61"><w c5="AV0" hw="about" pos="ADV">About </w><w c5="CRD" hw="40,000" pos="ADJ">40,000 </w><w c5="NN2" hw="man" pos="SUBST">men </w><w c5="AT0" hw="a" pos="ART">a </w><w c5="NN1" hw="year" pos="SUBST">year </w><w c5="VVB" hw="undergo" pos="VERB">undergo </w><w c5="NN1" hw="vasectomy" pos="SUBST">vasectomy</w><c c5="PUN">, </c><w c5="CJC" hw="but" pos="CONJ">but </w><w c5="PRP" hw="with" pos="PREP">with </w><w c5="PNI-CRD" hw="one" pos="PRON">one </w><w c5="PRP" hw="in" pos="PREP">in </w><w c5="CRD" hw="three" pos="ADJ">three </w><w c5="NN2" hw="marriage" pos="SUBST">marriages </w><w c5="VVG" hw="end" pos="VERB">ending </w><w c5="PRP" hw="in" pos="PREP">in </w><w c5="NN1" hw="divorce" pos="SUBST">divorce</w><c c5="PUN">, </c><w c5="VVG-AJ0" hw="increase" pos="VERB">increasing </w><w c5="NN2" hw="number" pos="SUBST">numbers </w><w c5="VBB" hw="be" pos="VERB">are </w><w c5="VVG" hw="form" pos="VERB">forming </w><w c5="AJ0" hw="new" pos="ADJ">new </w><w c5="NN2" hw="relationship" pos="SUBST">relationships </w><w c5="CJC" hw="and" pos="CONJ">and </w><w c5="VVG-AJ0" hw="want" pos="VERB">wanting </w><w c5="TO0" hw="to" pos="PREP">to </w><w c5="VHI" hw="have" pos="VERB">have </w><w c5="AT0" hw="a" pos="ART">a </w><w c5="ORD" hw="second" pos="ADJ">second </w><w c5="NN1" hw="family" pos="SUBST">family</w><c c5="PUN">.</c></s></p><p>
<s n="62"><w c5="NP0" hw="miss" pos="SUBST">Miss </w><w c5="NP0" hw="sullivan" pos="SUBST">Sullivan </w><w c5="VVD" hw="say" pos="VERB">said</w><c c5="PUN">: </c><c c5="PUQ">‘</c><w c5="AT0" hw="the" pos="ART">The </w><w c5="AJ0" hw="typical" pos="ADJ">typical </w><w c5="NN1" hw="person" pos="SUBST">person </w><w c5="VVG" hw="come" pos="VERB">coming </w><w c5="PRP" hw="to" pos="PREP">to </w><w c5="PNP" hw="we" pos="PRON">us </w><w c5="VBZ" hw="be" pos="VERB">is </w><w c5="AT0" hw="a" pos="ART">a </w><w c5="AJ0" hw="divorced" pos="ADJ">divorced </w><w c5="NN1" hw="man" pos="SUBST">man </w><w c5="PRP" hw="in" pos="PREP">in </w><w c5="DPS" hw="he" pos="PRON">his </w><w c5="CRD" hw="30s" pos="ADJ">30s </w><w c5="CJC" hw="or" pos="CONJ">or </w><w c5="CRD" hw="40s" pos="ADJ">40s </w><w c5="PNQ" hw="who" pos="PRON">who </w><w c5="VHZ" hw="have" pos="VERB">has </w><w c5="VVN" hw="remarry" pos="VERB">remarried</w><c c5="PUN">, </c><w c5="AV0" hw="often" pos="ADV">often </w><w c5="PRP" hw="to" pos="PREP">to </w><w c5="AT0" hw="a" pos="ART">a </w><w c5="NN1" hw="woman" pos="SUBST">woman </w><w c5="PRP" hw="in" pos="PREP">in </w><w c5="DPS" hw="she" pos="PRON">her </w><w c5="CRD" hw="20s" pos="ADJ">20s</w><c c5="PUN">, </c><w c5="CJC" hw="and" pos="CONJ">and </w><w c5="VVZ" hw="want" pos="VERB">wants </w><w c5="TO0" hw="to" pos="PREP">to </w><w c5="VVI" hw="start" pos="VERB">start </w><w c5="AT0" hw="a" pos="ART">a </w><w c5="NN1" hw="family" pos="SUBST">family</w><c c5="PUN">.</c></s></p><p>
<s n="63"><c c5="PUQ">‘</c><w c5="PNP" hw="we" pos="PRON">We </w><w c5="VM0" hw="can" pos="VERB">can</w><w c5="XX0" hw="not" pos="ADV">not </w><w c5="VVI" hw="forecast" pos="VERB">forecast </w><w c5="AT0" hw="the" pos="ART">the </w><w c5="NN1" hw="success" pos="SUBST">success </w><w c5="PRF" hw="of" pos="PREP">of </w><w c5="AT0" hw="a" pos="ART">a </w><w c5="NN1" hw="reversal" pos="SUBST">reversal </w><w c5="NN1" hw="operation" pos="SUBST">operation </w><w c5="PRP" hw="in" pos="PREP">in </w><w c5="AT0" hw="an" pos="ART">an </w><w c5="AJ0" hw="individual" pos="ADJ">individual </w><w c5="NN1" hw="case" pos="SUBST">case</w><c c5="PUN">, </c><w c5="CJC" hw="but" pos="CONJ">but </w><w c5="PNP" hw="we" pos="PRON">we </w><w c5="VM0" hw="can" pos="VERB">can </w><w c5="AV0" hw="now" pos="ADV">now </w><w c5="VVI" hw="tell" pos="VERB">tell </w><w c5="DT0" hw="each" pos="ADJ">each </w><w c5="NN1" hw="patient" pos="SUBST">patient </w><w c5="CJT" hw="that" pos="CONJ">that </w><w c5="PNP" hw="it" pos="PRON">it </w><w c5="VBZ" hw="be" pos="VERB">is </w><w c5="AV0" hw="more" pos="ADV">more </w><w c5="AV0-AJ0" hw="likely" pos="ADV">likely </w><w c5="AT0" hw="the" pos="ART">the </w><w c5="NN1" hw="operation" pos="SUBST">operation </w><w c5="VM0" hw="will" pos="VERB">will </w><w c5="VVI" hw="succeed" pos="VERB">succeed </w><w c5="CJS" hw="than" pos="CONJ">than </w><w c5="VVB" hw="fail" pos="VERB">fail</w><c c5="PUN">,</c><c c5="PUQ">’ </c><w c5="PNP" hw="she" pos="PRON">she </w><w c5="VVD" hw="say" pos="VERB">said</w><c c5="PUN">.</c></s></p><p>
<s n="64"><w c5="AT0" hw="the" pos="ART">The </w><w c5="NN1" hw="reversal" pos="SUBST">reversal </w><w c5="NN1" hw="operation" pos="SUBST">operation </w><w c5="VBZ" hw="be" pos="VERB">is </w><w c5="VVN" hw="carry" pos="VERB">carried </w><w c5="AVP" hw="out" pos="ADV">out </w><w c5="PRP" hw="as" pos="PREP">as </w><w c5="AT0" hw="a" pos="ART">a </w><w c5="NN1" hw="day" pos="SUBST">day </w><w c5="NN1" hw="treatment" pos="SUBST">treatment </w><w c5="PRP" hw="under" pos="PREP">under </w><w c5="AJ0" hw="local" pos="ADJ">local </w><w c5="NN1" hw="anaesthetic" pos="SUBST">anaesthetic </w><w c5="PRP" hw="at" pos="PREP">at </w><w c5="AT0" hw="a" pos="ART">a </w><w c5="NN1" hw="cost" pos="SUBST">cost </w><w c5="PRF" hw="of" pos="PREP">of </w><w c5="NN0" hw="£950" pos="UNC">£950 </w><w c5="PRP" hw="plus" pos="PREP">plus </w><w c5="DT0" hw="another" pos="ADJ">another </w><w c5="NN0" hw="£50" pos="UNC">£50 </w><w c5="PRP" hw="to" pos="PREP">to </w><w c5="NN0" hw="£100" pos="UNC">£100 </w><w c5="PRP" hw="for" pos="PREP">for </w><w c5="NN1" hw="pathology" pos="SUBST">pathology </w><w c5="NN2" hw="service" pos="SUBST">services</w><c c5="PUN">.</c></s></p></div><div level="1"><head type="MAIN">
<s n="65"><w c5="VVB" hw="move" pos="VERB">Move </w><w c5="TO0" hw="to" pos="PREP">to </w><w c5="VVI" hw="save" pos="VERB">save </w><w c5="AJ0" hw="red" pos="ADJ">red </w><w c5="NN1" hw="kite" pos="SUBST">kite </w><w c5="PRP" hw="under" pos="PREP">under </w><w c5="NN1" hw="threat" pos="SUBST">threat</w></s></head><head type="BYLINE">
<s n="66"><w c5="PRP" hw="by" pos="PREP">By </w><w c5="NP0" hw="toby" pos="SUBST">Toby </w><w c5="NP0" hw="moore" pos="SUBST">Moore </w><w c5="NN1" hw="environment" pos="SUBST">Environment </w><w c5="NN1" hw="correspondent" pos="SUBST">Correspondent</w></s></head><p>
<s n="67"><w c5="AT0" hw="the" pos="ART">THE </w><w c5="NN1" hw="ministry" pos="SUBST">MINISTRY </w><w c5="PRF" hw="of" pos="PREP">of </w><w c5="NN1" hw="agriculture" pos="SUBST">Agriculture </w><w c5="VHZ" hw="have" pos="VERB">has </w><w c5="VBN" hw="be" pos="VERB">been </w><w c5="VVN" hw="accuse" pos="VERB">accused </w><w c5="PRF" hw="of" pos="PREP">of </w><w c5="VVG-AJ0" hw="threaten" pos="VERB">threatening </w><w c5="NN2" hw="effort" pos="SUBST">efforts </w><w c5="TO0" hw="to" pos="PREP">to </w><w c5="VVI" hw="save" pos="VERB">save </w><w c5="AJ0" hw="endangered" pos="ADJ">endangered </w><w c5="AJ0-NN1" hw="red" pos="ADJ">red </w><w c5="NN2" hw="kite" pos="SUBST">kites </w><w c5="PRP" hw="in" pos="PREP">in </w><w c5="NP0" hw="england" pos="SUBST">England </w><w c5="PRP" hw="by" pos="PREP">by </w><w c5="VVG" hw="take" pos="VERB">taking </w><w c5="CRD" hw="three" pos="ADJ">three </w><w c5="NN2" hw="month" pos="SUBST">months </w><w c5="TO0" hw="to" pos="PREP">to </w><w c5="VVI" hw="discover" pos="VERB">discover </w><w c5="CJT" hw="that" pos="CONJ">that </w><w c5="AT0" hw="a" pos="ART">a </w><w c5="AJ0" hw="dead" pos="ADJ">dead </w><w c5="NN1" hw="bird" pos="SUBST">bird </w><w c5="VBD" hw="be" pos="VERB">was </w><w c5="AV0" hw="illegally" pos="ADV">illegally </w><w c5="VVN-VVD" hw="poison" pos="VERB">poisoned</w><c c5="PUN">.</c></s></p><p>
<s n="68"><w c5="AT0" hw="the" pos="ART">The </w><w c5="AJ0" hw="royal" pos="ADJ">Royal </w><w c5="NN1" hw="society" pos="SUBST">Society </w><w c5="PRP" hw="for" pos="PREP">for </w><w c5="AT0" hw="the" pos="ART">the </w><w c5="NN1" hw="protection" pos="SUBST">Protection </w><w c5="PRF" hw="of" pos="PREP">of </w><w c5="NP0" hw="birds" pos="SUBST">Birds </w><w c5="VVZ" hw="say" pos="VERB">says </w><w c5="AT0" hw="the" pos="ART">the </w><w c5="NN1" hw="ministry" pos="SUBST">Ministry </w><w c5="AV0" hw="now" pos="ADV">now </w><w c5="VHZ" hw="have" pos="VERB">has </w><w c5="AV0" hw="only" pos="ADV">only </w><w c5="CRD" hw="three" pos="ADJ">three </w><w c5="NN2" hw="month" pos="SUBST">months </w><w c5="TO0" hw="to" pos="PREP">to </w><w c5="VVI" hw="find" pos="VERB">find </w><w c5="AT0" hw="the" pos="ART">the </w><w c5="NN1" hw="person" pos="SUBST">person </w><w c5="AJ0" hw="responsible" pos="ADJ">responsible </w><w c5="CJC" hw="and" pos="CONJ">and </w><w c5="VVB" hw="mount" pos="VERB">mount </w><w c5="AT0" hw="a" pos="ART">a </w><w c5="NN1" hw="prosecution" pos="SUBST">prosecution</w><c c5="PUN">.</c></s></p><p>
<s n="69"><w c5="AT0" hw="the" pos="ART">The </w><w c5="AJ0" hw="dead" pos="ADJ">dead </w><w c5="NN1" hw="bird" pos="SUBST">bird</w><c c5="PUN">, </c><w c5="CRD" hw="one" pos="ADJ">one </w><w c5="PRF" hw="of" pos="PREP">of </w><w c5="DT0" hw="fewer" pos="ADJ">fewer </w><w c5="CJS" hw="than" pos="CONJ">than </w><w c5="CRD" hw="200" pos="ADJ">200 </w><w c5="AJ0" hw="surviving" pos="ADJ">surviving </w><w c5="AJ0-NN1" hw="red" pos="ADJ">red </w><w c5="NN2" hw="kite" pos="SUBST">kites </w><w c5="PRP" hw="in" pos="PREP">in </w><w c5="NP0" hw="britain" pos="SUBST">Britain </w><w c5="CJC" hw="and" pos="CONJ">and </w><w c5="VVN" hw="tag" pos="VERB">tagged </w><w c5="PRP" hw="by" pos="PREP">by </w><w c5="AT0" hw="the" pos="ART">the </w><w c5="NP0" hw="rspb" pos="SUBST">RSPB</w><c c5="PUN">, </c><w c5="VBD" hw="be" pos="VERB">was </w><w c5="VVN" hw="find" pos="VERB">found </w><w c5="PRP" hw="on" pos="PREP">on </w><w c5="NN1" hw="farmland" pos="SUBST">farmland </w><w c5="PRP" hw="near" pos="PREP">near </w><w c5="NP0" hw="st" pos="SUBST">St </w><w c5="NP0" hw="austell" pos="SUBST">Austell</w><c c5="PUN">, </c><w c5="NP0" hw="cornwall" pos="SUBST">Cornwall</w><c c5="PUN">, </c><w c5="PRP" hw="on" pos="PREP">on </w><w c5="NP0" hw="dec" pos="SUBST">Dec </w><w c5="CRD" hw="16" pos="ADJ">16</w><c c5="PUN">.</c></s></p><p>
<s n="70"><w c5="PNP" hw="it" pos="PRON">It </w><w c5="VBD" hw="be" pos="VERB">was </w><w c5="VVN" hw="report" pos="VERB">reported </w><w c5="PRP" hw="to" pos="PREP">to </w><w c5="AT0" hw="the" pos="ART">the </w><w c5="NN1" hw="ministry" pos="SUBST">Ministry </w><w c5="PRP" hw="within" pos="PREP">within </w><w c5="NN2" hw="day" pos="SUBST">days</w><c c5="PUN">, </c><w c5="CJC" hw="but" pos="CONJ">but </w><w c5="AT0" hw="the" pos="ART">the </w><w c5="NN1" hw="cause" pos="SUBST">cause </w><w c5="PRF" hw="of" pos="PREP">of </w><w c5="NN1" hw="death" pos="SUBST">death </w><w c5="VBD" hw="be" pos="VERB">was </w><w c5="XX0" hw="not" pos="ADV">not </w><w c5="VVN" hw="confirm" pos="VERB">confirmed </w><w c5="PRP" hw="by" pos="PREP">by </w><w c5="NN2" hw="scientist" pos="SUBST">scientists </w><w c5="PRP" hw="until" pos="PREP">until </w><w c5="NP0" hw="mid-march" pos="SUBST">mid-March</w><c c5="PUN">.</c></s></p><p>
<s n="71"><w c5="AT0" hw="the" pos="ART">The </w><w c5="NN1" hw="delay" pos="SUBST">delay </w><w c5="VHZ" hw="have" pos="VERB">has </w><w c5="VVN" hw="infuriate" pos="VERB">infuriated </w><w c5="AT0" hw="the" pos="ART">the </w><w c5="NP0" hw="rspb" pos="SUBST">RSPB</w><c c5="PUN">, </c><w c5="DTQ" hw="which" pos="PRON">which </w><w c5="VVZ" hw="believe" pos="VERB">believes </w><w c5="PNP" hw="it" pos="PRON">it </w><w c5="VHZ" hw="have" pos="VERB">has </w><w c5="AJ0" hw="serious" pos="ADJ">serious </w><w c5="NN2" hw="implication" pos="SUBST">implications </w><w c5="PRP" hw="for" pos="PREP">for </w><w c5="AT0" hw="a" pos="ART">a </w><w c5="NN1" hw="recovery" pos="SUBST">recovery </w><w c5="NN1" hw="programme" pos="SUBST">programme </w><w c5="TO0" hw="to" pos="PREP">to </w><w c5="VVI" hw="save" pos="VERB">save </w><w c5="AT0" hw="the" pos="ART">the </w><w c5="NN0" hw="species" pos="SUBST">species</w><c c5="PUN">.</c></s></p><p>
<s n="72"><c c5="PUQ">‘</c><mw c5="PRP"><w c5="CJS" hw="because" pos="CONJ">Because </w><w c5="PRF" hw="of" pos="PREP">of </w></mw><w c5="AT0" hw="the" pos="ART">the </w><w c5="NN1" hw="delay" pos="SUBST">delay </w><w c5="PRP" hw="in" pos="PREP">in </w><w c5="VVG" hw="establish" pos="VERB">establishing </w><w c5="AT0" hw="the" pos="ART">the </w><w c5="NN1" hw="cause" pos="SUBST">cause </w><w c5="PRF" hw="of" pos="PREP">of </w><w c5="NN1" hw="death" pos="SUBST">death </w><w c5="EX0" hw="there" pos="PRON">there </w><w c5="VBZ" hw="be" pos="VERB">is </w><w c5="AV0" hw="now" pos="ADV">now </w><w c5="AV0" hw="very" pos="ADV">very </w><w c5="DT0" hw="little" pos="ADJ">little </w><w c5="NN1" hw="time" pos="SUBST">time </w><w c5="VVD-VVN" hw="leave" pos="VERB">left </w><w c5="TO0" hw="to" pos="PREP">to </w><w c5="VVI" hw="find" pos="VERB">find </w><w c5="AVP" hw="out" pos="ADV">out </w><w c5="PNQ" hw="who" pos="PRON">who </w><w c5="VBD" hw="be" pos="VERB">was </w><w c5="AJ0" hw="responsible" pos="ADJ">responsible </w><w c5="CJC" hw="and" pos="CONJ">and </w><w c5="TO0" hw="to" pos="PREP">to </w><w c5="VVI" hw="initiate" pos="VERB">initiate </w><w c5="AT0" hw="a" pos="ART">a </w><w c5="NN1" hw="prosecution" pos="SUBST">prosecution </w><w c5="CJS" hw="if" pos="CONJ">if </w><w c5="AJ0" hw="appropriate" pos="ADJ">appropriate</w><c c5="PUN">,</c><c c5="PUQ">’ </c><w c5="VVD" hw="say" pos="VERB">said </w><w c5="NP0" hw="mr" pos="SUBST">Mr </w><w c5="NP0" hw="andy" pos="SUBST">Andy </w><w c5="NP0" hw="jones" pos="SUBST">Jones</w><c c5="PUN">, </c><w c5="NN1" hw="head" pos="SUBST">head </w><w c5="PRF" hw="of" pos="PREP">of </w><w c5="NN2" hw="investigation" pos="SUBST">investigations </w><w c5="PRP" hw="at" pos="PREP">at </w><w c5="AT0" hw="the" pos="ART">the </w><w c5="NP0" hw="rspb" pos="SUBST">RSPB</w><c c5="PUN">.</c></s></p><p>
<s n="73"><c c5="PUQ">‘</c><w c5="AT0" hw="the" pos="ART">The </w><w c5="AJ0" hw="scottish" pos="ADJ">Scottish </w><w c5="NN1" hw="office" pos="SUBST">Office </w><w c5="NN1" hw="agriculture" pos="SUBST">Agriculture </w><w c5="CJC" hw="and" pos="CONJ">and </w><w c5="NN2" hw="fishery" pos="SUBST">Fisheries </w><w c5="NN1" hw="department" pos="SUBST">Department </w><w c5="VM0" hw="can" pos="VERB">can </w><w c5="VVI" hw="establish" pos="VERB">establish </w><w c5="NN1" hw="cause" pos="SUBST">cause </w><w c5="PRF" hw="of" pos="PREP">of </w><w c5="NN1" hw="death" pos="SUBST">death </w><w c5="PRP" hw="within" pos="PREP">within </w><w c5="CRD" hw="two" pos="ADJ">two </w><w c5="NN2" hw="day" pos="SUBST">days</w><c c5="PUN">.</c></s>
<s n="74"><w c5="PNP" hw="they" pos="PRON">They </w><w c5="VM0" hw="must" pos="VERB">must </w><w c5="VDI" hw="do" pos="VERB">do </w><w c5="DT0" hw="that" pos="ADJ">that </w><w c5="AVP" hw="down" pos="ADV">down </w><w c5="AV0" hw="here" pos="ADV">here</w><c c5="PUN">.</c><c c5="PUQ">’</c></s></p><p>
<s n="75"><w c5="AT0" hw="the" pos="ART">The </w><w c5="NN1" hw="wildlife" pos="SUBST">Wildlife </w><w c5="CJC" hw="and" pos="CONJ">and </w><w c5="NN1" hw="countryside" pos="SUBST">Countryside </w><w c5="NN1" hw="act" pos="SUBST">Act </w><w c5="PRF" hw="of" pos="PREP">of </w><w c5="CRD" hw="1981" pos="ADJ">1981 </w><w c5="VVZ" hw="stipulate" pos="VERB">stipulates </w><w c5="CJT" hw="that" pos="CONJ">that </w><w c5="NN2" hw="prosecution" pos="SUBST">prosecutions </w><w c5="VM0" hw="must" pos="VERB">must </w><w c5="VBI" hw="be" pos="VERB">be </w><w c5="VVN" hw="bring" pos="VERB">brought </w><w c5="PRP" hw="within" pos="PREP">within </w><w c5="CRD" hw="six" pos="ADJ">six </w><w c5="NN2" hw="month" pos="SUBST">months </w><w c5="PRF" hw="of" pos="PREP">of </w><w c5="AT0" hw="the" pos="ART">the </w><w c5="NN1" hw="discovery" pos="SUBST">discovery </w><w c5="PRF" hw="of" pos="PREP">of </w><w c5="AT0" hw="a" pos="ART">a </w><w c5="NN1" hw="carcass" pos="SUBST">carcass</w><c c5="PUN">.</c></s></p><p>
<s n="76"><w c5="AT0" hw="the" pos="ART">The </w><w c5="NN1" hw="killing" pos="SUBST">killing </w><w c5="PRF" hw="of" pos="PREP">of </w><w c5="AT0" hw="the" pos="ART">the </w><w c5="NN1" hw="bird" pos="SUBST">bird </w><w c5="VVD-VVN" hw="cause" pos="VERB">caused </w><w c5="NN1" hw="dismay" pos="SUBST">dismay </w><w c5="PRP" hw="to" pos="PREP">to </w><w c5="AT0" hw="the" pos="ART">the </w><w c5="NP0" hw="rspb" pos="SUBST">RSPB </w><w c5="CJS" hw="because" pos="CONJ">because </w><w c5="PNP" hw="it" pos="PRON">it </w><w c5="VBD" hw="be" pos="VERB">was </w><w c5="VVN" hw="release" pos="VERB">released </w><w c5="PRP" hw="in" pos="PREP">in </w><w c5="NP0" hw="scotland" pos="SUBST">Scotland </w><w c5="CJC" hw="and" pos="CONJ">and </w><w c5="VBZ" hw="be" pos="VERB">is </w><w c5="VVN" hw="think" pos="VERB">thought </w><w c5="TO0" hw="to" pos="PREP">to </w><w c5="VBI" hw="be" pos="VERB">be </w><w c5="AT0" hw="the" pos="ART">the </w><w c5="ORD" hw="first" pos="ADJ">first </w><w c5="TO0" hw="to" pos="PREP">to </w><w c5="VHI" hw="have" pos="VERB">have </w><w c5="VVN" hw="make" pos="VERB">made </w><w c5="DPS" hw="it" pos="PRON">its </w><w c5="NN1" hw="way" pos="SUBST">way </w><w c5="PRP" hw="to" pos="PREP">to </w><w c5="AJ0" hw="southern" pos="ADJ">southern </w><w c5="NP0" hw="england" pos="SUBST">England </w><w c5="PRP" hw="from" pos="PREP">from </w><w c5="AT0" hw="a" pos="ART">a </w><w c5="NN1" hw="release" pos="SUBST">release </w><w c5="NN1" hw="programme" pos="SUBST">programme</w><c c5="PUN">.</c></s></p><p>
<s n="77"><w c5="AT0" hw="the" pos="ART">The </w><w c5="NP0" hw="rspb" pos="SUBST">RSPB </w><w c5="VBZ" hw="be" pos="VERB">is </w><w c5="AV0" hw="jointly" pos="ADV">jointly </w><w c5="VVG" hw="mount" pos="VERB">mounting </w><w c5="AT0" hw="a" pos="ART">a </w><w c5="NN1" hw="recovery" pos="SUBST">recovery </w><w c5="NN1" hw="programme" pos="SUBST">programme </w><w c5="PRP" hw="for" pos="PREP">for </w><w c5="AT0" hw="the" pos="ART">the </w><w c5="NN2" hw="bird" pos="SUBST">birds </w><w c5="PRP" hw="with" pos="PREP">with </w><w c5="NN1" hw="government" pos="SUBST">Government </w><w c5="NN1" hw="environment" pos="SUBST">environment </w><w c5="NN2" hw="agency" pos="SUBST">agencies</w><c c5="PUN">.</c></s></p><p>
<s n="78"><w c5="NN1" hw="government" pos="SUBST">Government </w><w c5="NN2" hw="scientist" pos="SUBST">scientists </w><w c5="VVD-VVN" hw="find" pos="VERB">found </w><w c5="NN2" hw="trace" pos="SUBST">traces </w><w c5="PRF" hw="of" pos="PREP">of </w><w c5="NN1" hw="alphachloralose" pos="SUBST">alphachloralose</w><c c5="PUN">, </c><w c5="AT0" hw="a" pos="ART">a </w><w c5="AV0" hw="strictly" pos="ADV">strictly </w><w c5="VVN-AJ0" hw="control" pos="VERB">controlled </w><w c5="NN1" hw="pesticide" pos="SUBST">pesticide </w><w c5="VM0" hw="used" pos="VERB">used </w><w c5="TO0" hw="to" pos="PREP">to </w><w c5="VVI" hw="kill" pos="VERB">kill </w><w c5="NN2" hw="rat" pos="SUBST">rats</w><c c5="PUN">, </c><w c5="NN2" hw="mouse" pos="SUBST">mice </w><w c5="CJC" hw="and" pos="CONJ">and </w><w c5="NN2" hw="pigeon" pos="SUBST">pigeons</w><c c5="PUN">.</c></s></p><p>
<s n="79"><w c5="AJ0" hw="red" pos="ADJ">Red </w><w c5="NN2" hw="kite" pos="SUBST">kites </w><w c5="VBB" hw="be" pos="VERB">are </w><w c5="CRD" hw="one" pos="ADJ">one </w><w c5="PRF" hw="of" pos="PREP">of </w><w c5="AT0" hw="the" pos="ART">the </w><w c5="AV0" hw="most" pos="ADV">most </w><w c5="AJ0" hw="protected" pos="ADJ">protected </w><w c5="CJC" hw="and" pos="CONJ">and </w><w c5="AJ0" hw="endangered" pos="ADJ">endangered </w><w c5="NN0" hw="species" pos="SUBST">species </w><w c5="PRP" hw="in" pos="PREP">in </w><w c5="NP0" hw="britain" pos="SUBST">Britain</w><c c5="PUN">.</c></s>
<s n="80"><w c5="PNP" hw="they" pos="PRON">They </w><w c5="VBB" hw="be" pos="VERB">are </w><w c5="AT0" hw="the" pos="ART">the </w><w c5="NN1" hw="subject" pos="SUBST">subject </w><w c5="PRF" hw="of" pos="PREP">of </w><w c5="AT0" hw="an" pos="ART">an </w><w c5="AJ0" hw="intensive" pos="ADJ">intensive </w><w c5="NN1" hw="release" pos="SUBST">release </w><w c5="NN1" hw="programme" pos="SUBST">programme </w><w c5="PRP" hw="in" pos="PREP">in </w><w c5="AJ0" hw="central" pos="ADJ">central </w><w c5="NP0" hw="wales" pos="SUBST">Wales </w><w c5="CJS-AVQ" hw="where" pos="CONJ">where </w><w c5="EX0" hw="there" pos="PRON">there </w><w c5="VBB" hw="be" pos="VERB">are </w><w c5="AV0" hw="just" pos="ADV">just </w><w c5="CRD" hw="70" pos="ADJ">70 </w><w c5="NN1" hw="breeding" pos="SUBST">breeding </w><w c5="NN2" hw="pair" pos="SUBST">pairs</w><c c5="PUN">.</c></s></p></div><div level="1"><head type="MAIN">
<s n="81"><w c5="AJ0" hw="waste-water" pos="ADJ">Waste-water </w><w c5="NN1" hw="cycle" pos="SUBST">cycle </w><w c5="NN1-VVB" hw="hope" pos="SUBST">hope </w><w c5="PRP" hw="for" pos="PREP">for </w><w c5="NN2" hw="farmer" pos="SUBST">farmers</w></s></head><head type="BYLINE">
<s n="82"><w c5="PRP" hw="by" pos="PREP">By </w><w c5="NP0" hw="david" pos="SUBST">David </w><w c5="NP0" hw="brown" pos="SUBST">Brown</w><c c5="PUN">, </c><w c5="NN1" hw="agriculture" pos="SUBST">Agriculture </w><w c5="NN1" hw="correspondent" pos="SUBST">Correspondent</w></s></head><p>
<s n="83"><w c5="NN1" hw="drought" pos="SUBST">DROUGHT </w><w c5="AJ0" hw="stricken" pos="ADJ">stricken </w><w c5="NN2" hw="farmer" pos="SUBST">farmers </w><w c5="VM0" hw="may" pos="VERB">may </w><w c5="VBI" hw="be" pos="VERB">be </w><w c5="AJ0" hw="able" pos="ADJ">able </w><w c5="TO0" hw="to" pos="PREP">to </w><w c5="VVI" hw="use" pos="VERB">use </w><w c5="AT0" hw="the" pos="ART">the </w><w c5="DT0" hw="same" pos="ADJ">same </w><w c5="NN1" hw="water" pos="SUBST">water </w><w c5="NN1" hw="time" pos="SUBST">time </w><w c5="PRP" hw="after" pos="PREP">after </w><w c5="NN1" hw="time" pos="SUBST">time </w><w c5="TO0" hw="to" pos="PREP">to </w><w c5="VVI" hw="grow" pos="VERB">grow </w><w c5="NN2" hw="crop" pos="SUBST">crops </w><w c5="CJS" hw="if" pos="CONJ">if </w><w c5="NN2" hw="experiment" pos="SUBST">experiments </w><w c5="PRP" hw="by" pos="PREP">by </w><w c5="NN2" hw="scientist" pos="SUBST">scientists </w><w c5="PRP" hw="in" pos="PREP">in </w><w c5="NP0" hw="hampshire" pos="SUBST">Hampshire </w><w c5="VBB" hw="be" pos="VERB">are </w><w c5="AJ0" hw="successful" pos="ADJ">successful</w><c c5="PUN">.</c></s></p><p>
<s n="84"><w c5="AT0" hw="the" pos="ART">The </w><w c5="NN1" hw="work" pos="SUBST">work </w><w c5="VBZ" hw="be" pos="VERB">is </w><w c5="VVN" hw="aim" pos="VERB">aimed </w><w c5="PRP" hw="at" pos="PREP">at </w><w c5="VVG" hw="develop" pos="VERB">developing </w><w c5="AT0" hw="a" pos="ART">a </w><w c5="NN1" hw="method" pos="SUBST">method </w><w c5="PRF" hw="of" pos="PREP">of </w><w c5="VVG" hw="clean" pos="VERB">cleaning </w><w c5="AVP" hw="up" pos="ADV">up </w><w c5="CJC" hw="and" pos="CONJ">and </w><w c5="VVG-AJ0" hw="recirculate" pos="VERB">recirculating </w><w c5="NN1" hw="water" pos="SUBST">water </w><w c5="VVN" hw="use" pos="VERB">used </w><w c5="TO0" hw="to" pos="PREP">to </w><w c5="VVI" hw="irrigate" pos="VERB">irrigate </w><w c5="NN2" hw="plant" pos="SUBST">plants </w><w c5="PRP" hw="in" pos="PREP">in </w><w c5="NN2" hw="glasshouse" pos="SUBST">glasshouses </w><w c5="TO0" hw="to" pos="PREP">to </w><w c5="VVI" hw="minimise" pos="VERB">minimise </w><w c5="AT0" hw="the" pos="ART">the </w><w c5="NN1" hw="need" pos="SUBST">need </w><w c5="PRP" hw="for" pos="PREP">for </w><w c5="AJ0" hw="fresh" pos="ADJ">fresh </w><w c5="NN2" hw="supply" pos="SUBST">supplies</w><c c5="PUN">.</c></s></p><p>
<s n="85"><w c5="NN2" hw="grower" pos="SUBST">Growers </w><w c5="PRP" hw="in" pos="PREP">in </w><w c5="AT0" hw="the" pos="ART">the </w><w c5="NN1" hw="south" pos="SUBST">South </w><w c5="CJC" hw="and" pos="CONJ">and </w><w c5="NN1" hw="east" pos="SUBST">East </w><w c5="VBB" hw="be" pos="VERB">are </w><w c5="AJ0" hw="keen" pos="ADJ">keen </w><w c5="TO0" hw="to" pos="PREP">to </w><w c5="VVI" hw="recycle" pos="VERB">recycle </w><w c5="AT0" hw="the" pos="ART">the </w><w c5="AJ0-NN1" hw="surplus" pos="ADJ">surplus </w><w c5="NN1" hw="irrigation" pos="SUBST">irrigation </w><w c5="NN1" hw="water" pos="SUBST">water </w><w c5="CJT" hw="that" pos="CONJ">that </w><w c5="VVZ" hw="run" pos="VERB">runs </w><w c5="PRP-AVP" hw="off" pos="PREP">off </w><w c5="NN0" hw="fruit" pos="SUBST">fruit</w><c c5="PUN">, </c><w c5="NN1" hw="vegetable" pos="SUBST">vegetable </w><w c5="CJC" hw="and" pos="CONJ">and </w><w c5="NN1" hw="nursery" pos="SUBST">nursery </w><w c5="NN2" hw="plant" pos="SUBST">plants </w><w c5="PRP" hw="in" pos="PREP">in </w><w c5="NN2" hw="glasshouse" pos="SUBST">glasshouses</w><c c5="PUN">, </c><w c5="CJC" hw="but" pos="CONJ">but </w><w c5="PRP" hw="by" pos="PREP">by </w><w c5="VDG" hw="do" pos="VERB">doing </w><w c5="AV0" hw="so" pos="ADV">so </w><w c5="PNP" hw="they" pos="PRON">they </w><w c5="VVB" hw="risk" pos="VERB">risk </w><w c5="AJ0-VVG" hw="re-cycling" pos="ADJ">re-cycling </w><w c5="AJ0" hw="expensive" pos="ADJ">expensive </w><w c5="NN2" hw="disease" pos="SUBST">diseases </w><w c5="DTQ" hw="which" pos="PRON">which </w><w c5="VM0" hw="could" pos="VERB">could </w><w c5="VVI" hw="wipe" pos="VERB">wipe </w><w c5="AVP" hw="out" pos="ADV">out </w><w c5="DPS" hw="they" pos="PRON">their </w><w c5="NN2" hw="crop" pos="SUBST">crops</w><c c5="PUN">.</c></s></p><p>
<s n="86"><w c5="AV0" hw="now" pos="ADV">Now </w><w c5="NN2" hw="scientist" pos="SUBST">scientists </w><w c5="PRP" hw="at" pos="PREP">at </w><w c5="AT0" hw="the" pos="ART">the </w><w c5="AJ0-NN1" hw="government-supported" pos="ADJ">Government-supported </w><w c5="NN1" hw="horticulture" pos="SUBST">Horticulture </w><w c5="NN1-VVB" hw="research" pos="SUBST">Research </w><w c5="AJ0" hw="international" pos="ADJ">International </w><w c5="NN1" hw="research" pos="SUBST">research </w><w c5="NN1" hw="station" pos="SUBST">station </w><w c5="PRP" hw="at" pos="PREP">at </w><w c5="NP0" hw="efford" pos="SUBST">Efford</w><c c5="PUN">, </c><w c5="PRP" hw="near" pos="PREP">near </w><w c5="NP0" hw="lymington" pos="SUBST">Lymington</w><c c5="PUN">, </c><w c5="VBB" hw="be" pos="VERB">are </w><w c5="VVG" hw="try" pos="VERB">trying </w><w c5="TO0" hw="to" pos="PREP">to </w><w c5="VVI" hw="find" pos="VERB">find </w><w c5="AJ0" hw="efficient" pos="ADJ">efficient </w><w c5="NN2" hw="method" pos="SUBST">methods </w><w c5="PRF" hw="of" pos="PREP">of </w><w c5="VVG" hw="purify" pos="VERB">purifying </w><w c5="AT0" hw="the" pos="ART">the </w><w c5="NN1-AJ0" hw="waste" pos="SUBST">waste </w><w c5="NN1" hw="water" pos="SUBST">water</w><c c5="PUN">.</c></s>
<s n="87"><w c5="PNP" hw="they" pos="PRON">They </w><w c5="VVB" hw="say" pos="VERB">say </w><w c5="CJT" hw="that" pos="CONJ">that </w><w c5="AT0" hw="the" pos="ART">the </w><w c5="NN1" hw="water" pos="SUBST">water </w><w c5="VM0" hw="may" pos="VERB">may </w><w c5="VHI" hw="have" pos="VERB">have </w><w c5="TO0" hw="to" pos="PREP">to </w><w c5="VBI" hw="be" pos="VERB">be </w><w c5="VVN" hw="treat" pos="VERB">treated </w><w c5="PRP" hw="with" pos="PREP">with </w><w c5="NN1" hw="chlorine" pos="SUBST">chlorine</w><c c5="PUN">, </c><w c5="VVD" hw="blast" pos="VERB">blasted </w><w c5="PRP" hw="with" pos="PREP">with </w><w c5="AJ0" hw="ultra-violet" pos="ADJ">ultra-violet </w><w c5="NN1" hw="light" pos="SUBST">light</w><c c5="PUN">, </c><w c5="AJ0-VVN" hw="pasteurised" pos="ADJ">pasteurised </w><w c5="CJC" hw="and" pos="CONJ">and </w><w c5="VVN-AJ0" hw="give" pos="VERB">given </w><w c5="AJ0" hw="other" pos="ADJ">other </w><w c5="NN2" hw="treatment" pos="SUBST">treatments </w><w c5="CJS" hw="before" pos="CONJ">before </w><w c5="PNP" hw="it" pos="PRON">it </w><w c5="VM0" hw="can" pos="VERB">can </w><w c5="VBI" hw="be" pos="VERB">be </w><w c5="VVN" hw="re-use" pos="VERB">re-used</w><c c5="PUN">.</c></s></p><p>
<s n="88"><w c5="AT0" hw="the" pos="ART">The </w><w c5="NN2" hw="scientist" pos="SUBST">scientists </w><w c5="VBB" hw="be" pos="VERB">are </w><w c5="VVG" hw="examine" pos="VERB">examining </w><w c5="AT0" hw="the" pos="ART">the </w><w c5="NN1" hw="rate" pos="SUBST">rate </w><w c5="PRP" hw="at" pos="PREP">at </w><w c5="DTQ" hw="which" pos="PRON">which </w><w c5="NN1" hw="disease" pos="SUBST">disease </w><w c5="VVZ" hw="spread" pos="VERB">spreads </w><w c5="PRP" hw="among" pos="PREP">among </w><w c5="NN2" hw="plant" pos="SUBST">plants </w><w c5="PRP" hw="within" pos="PREP">within </w><w c5="NN1" hw="recirculation" pos="SUBST">recirculation </w><w c5="NN2" hw="system" pos="SUBST">systems </w><w c5="PRP" hw="in" pos="PREP">in </w><w c5="NN2" hw="glasshouse" pos="SUBST">glasshouses</w><c c5="PUN">.</c></s>
<s n="89"><w c5="DT0" hw="another" pos="ADJ">Another </w><w c5="NN1" hw="problem" pos="SUBST">problem </w><w c5="VBZ" hw="be" pos="VERB">is </w><w c5="AVQ" hw="how" pos="ADV">how </w><w c5="TO0" hw="to" pos="PREP">to </w><w c5="VVI" hw="modify" pos="VERB">modify </w><w c5="AT0" hw="the" pos="ART">the </w><w c5="NN2" hw="level" pos="SUBST">levels </w><w c5="PRF" hw="of" pos="PREP">of </w><w c5="NN2" hw="nutrient" pos="SUBST">nutrients </w><w c5="DTQ" hw="which" pos="PRON">which </w><w c5="VBB" hw="be" pos="VERB">are </w><w c5="AV0" hw="often" pos="ADV">often </w><w c5="VVN" hw="include" pos="VERB">included </w><w c5="PRP" hw="in" pos="PREP">in </w><w c5="AJ0" hw="hydroponic" pos="ADJ">hydroponic </w><w c5="NN2" hw="system" pos="SUBST">systems </w><w c5="AVQ-CJS" hw="where" pos="ADV">where </w><w c5="NN2" hw="plant" pos="SUBST">plants </w><w c5="VBB" hw="be" pos="VERB">are </w><w c5="VVN" hw="grow" pos="VERB">grown </w><w c5="PRP" hw="in" pos="PREP">in </w><w c5="NN1" hw="water" pos="SUBST">water </w><mw c5="PRP"><w c5="AV0" hw="instead" pos="ADV">instead </w><w c5="PRF" hw="of" pos="PREP">of </w></mw><w c5="NN1" hw="soil" pos="SUBST">soil</w><c c5="PUN">.</c></s>
<s n="90"><w c5="AV0" hw="already" pos="ADV">Already </w><w c5="PNP" hw="they" pos="PRON">they </w><w c5="VHB" hw="have" pos="VERB">have </w><w c5="VVN" hw="find" pos="VERB">found </w><w c5="CJT" hw="that" pos="CONJ">that </w><w c5="NN2" hw="grower" pos="SUBST">growers </w><w c5="PNQ" hw="who" pos="PRON">who </w><w c5="VVB" hw="want" pos="VERB">want </w><w c5="TO0" hw="to" pos="PREP">to </w><w c5="VVI" hw="invest" pos="VERB">invest </w><w c5="PRP" hw="in" pos="PREP">in </w><w c5="NN1" hw="water" pos="SUBST">water </w><w c5="NN1" hw="collection" pos="SUBST">collection </w><w c5="CJC" hw="and" pos="CONJ">and </w><w c5="NN1" hw="recirculation" pos="SUBST">recirculation </w><w c5="NN2" hw="system" pos="SUBST">systems </w><w c5="VM0" hw="may" pos="VERB">may </w><w c5="VHI" hw="have" pos="VERB">have </w><w c5="TO0" hw="to" pos="PREP">to </w><w c5="VVI" hw="spend" pos="VERB">spend </w><w c5="AJ0" hw="considerable" pos="ADJ">considerable </w><w c5="NN2" hw="sum" pos="SUBST">sums </w><w c5="PRP" hw="on" pos="PREP">on </w><w c5="NN2" hw="facility" pos="SUBST">facilities </w><w c5="TO0" hw="to" pos="PREP">to </w><w c5="VVI" hw="clean" pos="VERB">clean </w><w c5="AVP" hw="up" pos="ADV">up </w><w c5="AT0" hw="the" pos="ART">the </w><w c5="NN1" hw="water" pos="SUBST">water</w><c c5="PUN">.</c></s></p><p>
<s n="91"><w c5="EX0" hw="there" pos="PRON">There </w><w c5="VBB" hw="be" pos="VERB">are </w><w c5="AV0" hw="too" pos="ADV">too </w><w c5="DT0" hw="few" pos="ADJ">few </w><w c5="NN1" hw="farm" pos="SUBST">farm </w><w c5="NN2" hw="pond" pos="SUBST">ponds </w><w c5="TO0" hw="to" pos="PREP">to </w><w c5="VVI" hw="help" pos="VERB">help </w><w c5="NN2" hw="grower" pos="SUBST">growers </w><w c5="VVI" hw="beat" pos="VERB">beat </w><w c5="AJ0" hw="seasonal" pos="ADJ">seasonal </w><w c5="NN1" hw="water" pos="SUBST">water </w><w c5="NN2" hw="shortage" pos="SUBST">shortages</w><c c5="PUN">, </c><w c5="AT0" hw="a" pos="ART">a </w><w c5="NN1" hw="water" pos="SUBST">water </w><w c5="NN1" hw="consultant" pos="SUBST">consultant </w><w c5="VVD" hw="say" pos="VERB">said </w><w c5="AV0" hw="yesterday" pos="ADV">yesterday</w><c c5="PUN">.</c></s></p><p>
<s n="92"><w c5="VVG" hw="comment" pos="VERB">Commenting </w><w c5="PRP" hw="on" pos="PREP">on </w><w c5="NN2" hw="warning" pos="SUBST">warnings </w><w c5="CJT" hw="that" pos="CONJ">that </w><w c5="NP0" hw="east" pos="SUBST">East </w><w c5="NP0" hw="anglia" pos="SUBST">Anglia </w><w c5="VVZ" hw="face" pos="VERB">faces </w><w c5="AT0" hw="a" pos="ART">a </w><w c5="ORD" hw="fourth" pos="ADJ">fourth </w><w c5="NN1" hw="year" pos="SUBST">year </w><w c5="PRF" hw="of" pos="PREP">of </w><w c5="NN1" hw="drought" pos="SUBST">drought </w><w c5="CJC" hw="and" pos="CONJ">and </w><w c5="NN2" hw="restriction" pos="SUBST">restrictions </w><w c5="PRP" hw="on" pos="PREP">on </w><w c5="AT0" hw="the" pos="ART">the </w><w c5="NN1" hw="use" pos="SUBST">use </w><w c5="PRF" hw="of" pos="PREP">of </w><w c5="NN1" hw="water" pos="SUBST">water </w><w c5="PRP" hw="for" pos="PREP">for </w><w c5="VVG-AJ0" hw="irrigate" pos="VERB">irrigating </w><w c5="NN2" hw="crop" pos="SUBST">crops</w><c c5="PUN">, </c><w c5="NP0" hw="mr" pos="SUBST">Mr </w><w c5="NP0" hw="peter" pos="SUBST">Peter </w><w c5="NP0" hw="ferguson" pos="SUBST">Ferguson</w><c c5="PUN">, </c><w c5="AT0" hw="a" pos="ART">a </w><w c5="NN1" hw="director" pos="SUBST">director </w><w c5="PRF" hw="of" pos="PREP">of </w><w c5="NP0-NN1" hw="halcrow" pos="SUBST">Halcrow</w><c c5="PUN">, </c><w c5="AT0" hw="a" pos="ART">a </w><w c5="NN1" hw="firm" pos="SUBST">firm </w><w c5="PRF" hw="of" pos="PREP">of </w><w c5="AJ0-VVG" hw="consulting" pos="ADJ">consulting </w><w c5="NN2" hw="engineer" pos="SUBST">engineers</w><c c5="PUN">, </c><w c5="PRP" hw="in" pos="PREP">in </w><w c5="NP0" hw="colchester" pos="SUBST">Colchester</w><c c5="PUN">, </c><w c5="NP0" hw="essex" pos="SUBST">Essex</w><c c5="PUN">, </c><w c5="VVD" hw="say" pos="VERB">said</w><c c5="PUN">: </c><c c5="PUQ">‘</c><w c5="NN1" hw="farm" pos="SUBST">Farm </w><w c5="NN2" hw="pond" pos="SUBST">ponds </w><w c5="VVB" hw="provide" pos="VERB">provide </w><w c5="NN1" hw="storage" pos="SUBST">storage </w><w c5="PRP" hw="for" pos="PREP">for </w><w c5="NN1" hw="surface" pos="SUBST">surface </w><w c5="CJC" hw="or" pos="CONJ">or </w><w c5="NN1-AJ0" hw="ground" pos="SUBST">ground </w><w c5="NN1" hw="water" pos="SUBST">water </w><w c5="NN2" hw="source" pos="SUBST">sources </w><w c5="CJC" hw="and" pos="CONJ">and </w><w c5="VM0" hw="can" pos="VERB">can </w><w c5="VBI" hw="be" pos="VERB">be </w><w c5="VVN" hw="fill" pos="VERB">filled </w><w c5="PRP" hw="at" pos="PREP">at </w><w c5="NN2" hw="time" pos="SUBST">times </w><w c5="PRF" hw="of" pos="PREP">of </w><w c5="AT0" hw="the" pos="ART">the </w><w c5="NN1" hw="year" pos="SUBST">year </w><w c5="AVQ" hw="when" pos="ADV">when </w><w c5="EX0" hw="there" pos="PRON">there </w><w c5="VBZ" hw="be" pos="VERB">is </w><w c5="DT0" hw="more" pos="ADJ">more </w><w c5="NN1" hw="water" pos="SUBST">water </w><w c5="CJS" hw="than" pos="CONJ">than </w><w c5="AT0" hw="the" pos="ART">the </w><w c5="NN2" hw="crop" pos="SUBST">crops </w><w c5="VVB" hw="require" pos="VERB">require</w><c c5="PUN">.</c><c c5="PUQ">’</c></s></p></div></wtext></bncDoc>
