<bncDoc xml:id="AJS"><teiHeader><fileDesc><titleStmt><title>  Daily Telegraph, electronic edition of 1992-04-10: Applied Science pages. Sample containing about 1097 words from a periodical (domain: natural sciences) </title><respStmt><resp> Data capture and transcription </resp><name> Oxford University Press </name> </respStmt></titleStmt><editionStmt><edition>BNC XML Edition, December 2006</edition></editionStmt><extent> 1097 tokens; 1103 w-units; 56 s-units </extent><publicationStmt><distributor>Distributed under licence by Oxford University Computing Services on behalf of the BNC Consortium.</distributor><availability> This material is protected by international copyright laws and may not be copied or redistributed in any way. Consult the BNC Web Site at http://www.natcorp.ox.ac.uk for full licencing and distribution conditions.</availability><idno type="bnc">AJS</idno><idno type="old"> DgPurS </idno></publicationStmt><sourceDesc><bibl><title>Daily Telegraph, electronic edition of 1992-04-10: Applied Science pages.</title> <imprint n="DAILYT1"><publisher>The Daily Telegraph plc</publisher> <pubPlace>London</pubPlace> <date value="1992">1992</date> </imprint> </bibl></sourceDesc></fileDesc><encodingDesc><tagsDecl><namespace name=""><tagUsage gi="c" occurs="115"/><tagUsage gi="div" occurs="4"/><tagUsage gi="head" occurs="6"/><tagUsage gi="mw" occurs="7"/><tagUsage gi="p" occurs="18"/><tagUsage gi="s" occurs="56"/><tagUsage gi="w" occurs="1103"/></namespace></tagsDecl></encodingDesc><profileDesc><creation date="1992"> </creation><textClass><catRef targets="WRI ALLTIM3 ALLAVA2 ALLTYP3 WRIAAG0 WRIAD0 WRIASE3 WRIATY2 WRIAUD3 WRIDOM2 WRILEV2 WRIMED2 WRIPP5 WRISAM0 WRISTA3 WRITAS3"/><classCode scheme="DLEE">W newsp brdsht nat: science</classCode><keywords><term> (none) </term></keywords></textClass></profileDesc><revisionDesc><change date="2006-10-21" who="#OUCS">Tag usage updated for BNC-XML</change><change date="2000-12-13" who="#OUCS">Last check for BNC World first release</change><change date="2000-09-06" who="#OUCS">Redo tagusage tables</change><change date="2000-09-01" who="#OUCS">Check all tagcounts</change><change date="2000-06-23" who="#OUCS">Resequenced s-units and added headers</change><change date="2000-01-21" who="#OUCS">Added date info</change><change date="2000-01-09" who="#OUCS">Updated all catrefs</change><change date="2000-01-08" who="#OUCS">Updated source title</change><change date="2000-01-08" who="#OUCS">Updated titles</change><change date="1999-12-25" who="#OUCS">corrected tagUsage</change><change date="1999-09-13" who="#UCREL">POS codes revised for BNC-2; header updated</change><change date="1994-11-24" who="#dominic">Initial accession to corpus</change></revisionDesc></teiHeader>
<wtext type="NEWS"><div level="1"><head type="MAIN">
<s n="1"><w c5="NN1" hw="discovery" pos="SUBST">Discovery </w><w c5="NN2-VVZ" hw="offer" pos="SUBST">offers </w><w c5="VVB-NN1" hw="hope" pos="VERB">hope </w><w c5="PRP" hw="in" pos="PREP">in </w><w c5="NN1" hw="quest" pos="SUBST">quest </w><w c5="PRP" hw="for" pos="PREP">for </w><w c5="NP0" hw="alzheimer" pos="SUBST">Alzheimer</w><w c5="POS" hw="'s" pos="UNC">'s </w><w c5="NN1" hw="cure" pos="SUBST">cure</w></s></head><head type="BYLINE">
<s n="2"><w c5="PRP" hw="by" pos="PREP">By </w><w c5="NP0" hw="roger" pos="SUBST">Roger </w><w c5="NP0" hw="highfield" pos="SUBST">Highfield</w><c c5="PUN">, </c><w c5="NN1" hw="science" pos="SUBST">Science </w><w c5="NN1" hw="editor" pos="SUBST">Editor</w></s></head><p>
<s n="3"><w c5="AT0" hw="a" pos="ART">A </w><w c5="NN1" hw="mechanism" pos="SUBST">MECHANISM </w><w c5="PRP" hw="by" pos="PREP">by </w><w c5="DTQ" hw="which" pos="PRON">which </w><w c5="NP0" hw="alzheimer" pos="SUBST">Alzheimer</w><w c5="POS" hw="'s" pos="UNC">'s </w><w c5="NN1" hw="disease" pos="SUBST">disease</w><c c5="PUN">, </c><w c5="NN1" hw="scrapie" pos="SUBST">scrapie </w><w c5="CJC" hw="and" pos="CONJ">and </w><w c5="AJ0" hw="mad" pos="ADJ">mad </w><w c5="NN1" hw="cow" pos="SUBST">cow </w><w c5="NN1" hw="disease" pos="SUBST">disease </w><w c5="VVB-NN1" hw="kill" pos="VERB">kill </w><w c5="NN1" hw="brain" pos="SUBST">brain </w><w c5="NN2" hw="cell" pos="SUBST">cells </w><w c5="VHZ" hw="have" pos="VERB">has </w><w c5="VBN" hw="be" pos="VERB">been </w><w c5="VVN" hw="identify" pos="VERB">identified</w><c c5="PUN">.</c></s>
<s n="4"><w c5="AT0" hw="a" pos="ART">A </w><w c5="NN1" hw="team" pos="SUBST">team </w><w c5="PRP" hw="at" pos="PREP">at </w><w c5="NP0" hw="st" pos="SUBST">St </w><w c5="NP0" hw="mary" pos="SUBST">Mary</w><w c5="POS" hw="'s" pos="UNC">'s </w><w c5="NN1" hw="hospital" pos="SUBST">Hospital </w><w c5="AJ0" hw="medical" pos="ADJ">Medical </w><w c5="NN1" hw="school" pos="SUBST">School </w><w c5="AV0" hw="recently" pos="ADV">recently </w><w c5="VVN" hw="identify" pos="VERB">identified </w><w c5="AT0" hw="the" pos="ART">the </w><w c5="ORD" hw="first" pos="ADJ">first </w><w c5="NN1" hw="gene" pos="SUBST">gene </w><w c5="AJ0" hw="involved" pos="ADJ">involved </w><w c5="PRP" hw="in" pos="PREP">in </w><w c5="AT0" hw="a" pos="ART">a </w><w c5="NN1" hw="form" pos="SUBST">form </w><w c5="PRF" hw="of" pos="PREP">of </w><w c5="NP0" hw="alzheimer" pos="SUBST">Alzheimer</w><w c5="POS" hw="'s" pos="UNC">'s </w><w c5="NN1" hw="disease" pos="SUBST">disease</w><c c5="PUN">, </c><w c5="AT0" hw="the" pos="ART">the </w><w c5="AJ0" hw="main" pos="ADJ">main </w><w c5="NN1" hw="cause" pos="SUBST">cause </w><w c5="PRF" hw="of" pos="PREP">of </w><w c5="NN1" hw="dementia" pos="SUBST">dementia </w><w c5="PRP" hw="in" pos="PREP">in </w><w c5="AT0" hw="the" pos="ART">the </w><w c5="AJ0" hw="elderly" pos="ADJ">elderly</w><c c5="PUN">.</c></s>
<s n="5"><w c5="CJC" hw="but" pos="CONJ">But </w><w c5="PNP" hw="it" pos="PRON">it </w><w c5="VHZ" hw="have" pos="VERB">has </w><w c5="VBN" hw="be" pos="VERB">been </w><w c5="AT0" hw="a" pos="ART">a </w><w c5="NN1" hw="mystery" pos="SUBST">mystery </w><w c5="AVQ" hw="how" pos="ADV">how </w><w c5="DT0" hw="this" pos="ADJ">this </w><w c5="CJC" hw="and" pos="CONJ">and </w><w c5="AJ0" hw="spongiform" pos="ADJ">spongiform </w><w c5="NN2" hw="encephalopathy" pos="SUBST">encephalopathies</w><c c5="PUN">, </c><mw c5="PRP"><w c5="DT0" hw="such" pos="ADJ">such </w><w c5="PRP" hw="as" pos="PREP">as </w></mw><w c5="AJ0" hw="mad" pos="ADJ">mad </w><w c5="NN1" hw="cow" pos="SUBST">cow</w><c c5="PUN">, </c><w c5="VVB" hw="kill" pos="VERB">kill </w><w c5="NN1" hw="brain" pos="SUBST">brain </w><w c5="NN2" hw="cell" pos="SUBST">cells</w><c c5="PUN">.</c></s>
<s n="6"><w c5="PRP" hw="at" pos="PREP">At </w><w c5="AT0" hw="a" pos="ART">a </w><w c5="NN1" hw="meeting" pos="SUBST">meeting </w><w c5="AV0" hw="yesterday" pos="ADV">yesterday </w><w c5="PRF" hw="of" pos="PREP">of </w><w c5="AT0" hw="the" pos="ART">the </w><w c5="AJ0" hw="biochemical" pos="ADJ">Biochemical </w><w c5="NN1" hw="society" pos="SUBST">Society </w><w c5="PRP" hw="in" pos="PREP">in </w><w c5="NP0" hw="southampton" pos="SUBST">Southampton </w><w c5="NN1" hw="university" pos="SUBST">University</w><c c5="PUN">, </c><w c5="NP0" hw="prof" pos="SUBST">Prof </w><w c5="NP0" hw="john" pos="SUBST">John </w><w c5="NP0" hw="mayer" pos="SUBST">Mayer </w><w c5="PRF" hw="of" pos="PREP">of </w><w c5="AT0" hw="the" pos="ART">the </w><w c5="NN1" hw="queen" pos="SUBST">Queen</w><w c5="POS" hw="'s" pos="UNC">'s </w><w c5="AJ0" hw="medical" pos="ADJ">Medical </w><w c5="NN1" hw="centre" pos="SUBST">Centre </w><w c5="PRP" hw="in" pos="PREP">in </w><w c5="NP0" hw="nottingham" pos="SUBST">Nottingham </w><w c5="VVD" hw="say" pos="VERB">said </w><w c5="DPS" hw="he" pos="PRON">his </w><w c5="NN1" hw="team" pos="SUBST">team </w><w c5="VHD" hw="have" pos="VERB">had </w><w c5="VVN" hw="show" pos="VERB">shown </w><w c5="NN1" hw="scrapie" pos="SUBST">scrapie </w><w c5="VVZ" hw="cause" pos="VERB">causes </w><w c5="AT0" hw="a" pos="ART">a </w><w c5="NN1" hw="protein" pos="SUBST">protein </w><w c5="NN1" hw="build-up" pos="SUBST">build-up </w><w c5="PRP" hw="in" pos="PREP">in </w><w c5="AT0" hw="the" pos="ART">the </w><c c5="PUQ">‘</c><w c5="NN1-AJ0" hw="waste" pos="SUBST">waste </w><w c5="NN1" hw="disposal" pos="SUBST">disposal </w><w c5="NN1" hw="system" pos="SUBST">system</w><c c5="PUQ">’ </c><w c5="PRF" hw="of" pos="PREP">of </w><w c5="NN1" hw="brain" pos="SUBST">brain </w><w c5="NN2" hw="cell" pos="SUBST">cells</w><c c5="PUN">.</c></s>
<s n="7"><w c5="DT0" hw="this" pos="ADJ">This</w><c c5="PUN">, </c><w c5="PRP" hw="in" pos="PREP">in </w><w c5="NN1" hw="turn" pos="SUBST">turn</w><c c5="PUN">, </c><w c5="VVZ" hw="explode" pos="VERB">explodes </w><w c5="TO0" hw="to" pos="PREP">to </w><w c5="VVI" hw="release" pos="VERB">release </w><w c5="AT0" hw="a" pos="ART">a </w><w c5="NN1" hw="cocktail" pos="SUBST">cocktail </w><w c5="PRF" hw="of" pos="PREP">of </w><w c5="AJ0" hw="digestive" pos="ADJ">digestive </w><w c5="NN2" hw="enzyme" pos="SUBST">enzymes </w><w c5="PRP" hw="into" pos="PREP">into </w><w c5="AT0" hw="the" pos="ART">the </w><w c5="NN1" hw="cell" pos="SUBST">cell</w><c c5="PUN">.</c></s>
<s n="8"><w c5="NP0" hw="prof" pos="SUBST">Prof </w><w c5="NP0" hw="mayer" pos="SUBST">Mayer </w><w c5="VVD" hw="say" pos="VERB">said </w><w c5="DT0" hw="this" pos="ADJ">this </w><w c5="AJ0" hw="new" pos="ADJ">new </w><w c5="NN1" hw="understanding" pos="SUBST">understanding</w><c c5="PUN">, </c><w c5="AT0" hw="the" pos="ART">the </w><w c5="ORD" hw="first" pos="ADJ">first </w><w c5="AJ0" hw="clear" pos="ADJ">clear </w><w c5="NN1" hw="evidence" pos="SUBST">evidence </w><w c5="PRP" hw="for" pos="PREP">for </w><w c5="AT0" hw="the" pos="ART">the </w><w c5="NN1" hw="mechanism" pos="SUBST">mechanism </w><w c5="PRF" hw="of" pos="PREP">of </w><w c5="NN1" hw="cell" pos="SUBST">cell </w><w c5="NN1" hw="death" pos="SUBST">death </w><w c5="PRP" hw="in" pos="PREP">in </w><w c5="DT0" hw="these" pos="ADJ">these </w><w c5="AJ0" hw="neuro-degenerative" pos="ADJ">neuro-degenerative </w><w c5="NN2" hw="disease" pos="SUBST">diseases</w><c c5="PUN">, </c><w c5="VM0" hw="should" pos="VERB">should </w><w c5="VVI" hw="pave" pos="VERB">pave </w><w c5="AT0" hw="the" pos="ART">the </w><w c5="NN1" hw="way" pos="SUBST">way </w><w c5="PRP" hw="for" pos="PREP">for </w><w c5="AJ0" hw="new" pos="ADJ">new </w><w c5="NN2" hw="drug" pos="SUBST">drugs </w><w c5="CJC" hw="and" pos="CONJ">and </w><w c5="NN2" hw="treatment" pos="SUBST">treatments</w><c c5="PUN">.</c></s>
<s n="9"><w c5="NP0" hw="prof" pos="SUBST">Prof </w><w c5="NP0" hw="mayer" pos="SUBST">Mayer </w><w c5="VVZ" hw="believe" pos="VERB">believes </w><w c5="AT0" hw="a" pos="ART">a </w><w c5="AJ0" hw="similar" pos="ADJ">similar </w><w c5="NN1" hw="mechanism" pos="SUBST">mechanism </w><w c5="VVZ" hw="kill" pos="VERB">kills </w><w c5="NN1" hw="nerve" pos="SUBST">nerve </w><w c5="NN2" hw="cell" pos="SUBST">cells </w><w c5="PRP" hw="in" pos="PREP">in </w><w c5="AJ0" hw="degenerative" pos="ADJ">degenerative </w><w c5="NN2" hw="disease" pos="SUBST">diseases </w><mw c5="PRP"><w c5="DT0" hw="such" pos="ADJ">such </w><w c5="PRP" hw="as" pos="PREP">as </w></mw><w c5="NP0" hw="gerstmann-straussler" pos="SUBST">Gerstmann-Straussler </w><w c5="NN1" hw="syndrome" pos="SUBST">syndrome </w><w c5="CJC" hw="and" pos="CONJ">and </w><w c5="NP0" hw="creutzfeldt-jakob" pos="SUBST">Creutzfeldt-Jakob </w><w c5="NN1" hw="disease" pos="SUBST">disease</w><c c5="PUN">, </c><w c5="AT0" hw="the" pos="ART">the </w><w c5="AJ0-NN1" hw="human" pos="ADJ">human </w><w c5="NN1" hw="equivalent" pos="SUBST">equivalent </w><w c5="PRF" hw="of" pos="PREP">of </w><w c5="AJ0" hw="mad" pos="ADJ">mad </w><w c5="NN1" hw="cow" pos="SUBST">cow</w><c c5="PUN">.</c></s>
<s n="10"><w c5="DT0" hw="these" pos="ADJ">These </w><w c5="AJ0" hw="degenerative" pos="ADJ">degenerative </w><w c5="NN2" hw="disease" pos="SUBST">diseases </w><c c5="PUN">— </c><w c5="AJ0" hw="spongiform" pos="ADJ">spongiform </w><w c5="NN2" hw="encephalopathy" pos="SUBST">encephalopathies </w><c c5="PUN">— </c><w c5="VHB" hw="have" pos="VERB">have </w><w c5="VBN" hw="be" pos="VERB">been </w><w c5="VVN" hw="link" pos="VERB">linked </w><w c5="PRP" hw="to" pos="PREP">to </w><w c5="AT0" hw="the" pos="ART">the </w><w c5="NN1" hw="production" pos="SUBST">production </w><w c5="PRF" hw="of" pos="PREP">of </w><w c5="AJ0" hw="abnormal" pos="ADJ">abnormal </w><w c5="NN2" hw="protein" pos="SUBST">proteins </w><w c5="PRP" hw="in" pos="PREP">in </w><w c5="AT0" hw="the" pos="ART">the </w><w c5="NN1" hw="brain" pos="SUBST">brain</w><c c5="PUN">.</c></s>
<s n="11"><w c5="PRP" hw="in" pos="PREP">In </w><w c5="AV0" hw="today" pos="ADV">today</w><w c5="POS" hw="'s" pos="UNC">'s </w><w c5="NN1" hw="issue" pos="SUBST">issue </w><w c5="PRF" hw="of" pos="PREP">of </w><w c5="NN1" hw="science" pos="SUBST">Science</w><c c5="PUN">, </c><w c5="NP0" hw="dr" pos="SUBST">Dr </w><w c5="NP0" hw="john" pos="SUBST">John </w><w c5="NP0" hw="hardy" pos="SUBST">Hardy </w><w c5="PRF" hw="of" pos="PREP">of </w><w c5="NP0" hw="st" pos="SUBST">St </w><w c5="NP0" hw="mary" pos="SUBST">Mary</w><w c5="POS" hw="'s" pos="UNC">'s </w><w c5="VVZ" hw="explain" pos="VERB">explains </w><w c5="AVQ" hw="how" pos="ADV">how </w><w c5="NN1" hw="cell" pos="SUBST">cell </w><w c5="NN1" hw="death" pos="SUBST">death </w><w c5="PRP" hw="in" pos="PREP">in </w><w c5="NP0" hw="alzheimer" pos="SUBST">Alzheimer</w><w c5="POS" hw="'s" pos="UNC">'s </w><w c5="VBZ" hw="be" pos="VERB">is </w><w c5="VVN" hw="link" pos="VERB">linked </w><w c5="PRP" hw="to" pos="PREP">to </w><w c5="AT0" hw="a" pos="ART">a </w><w c5="NN1" hw="build-up" pos="SUBST">build-up </w><w c5="PRF" hw="of" pos="PREP">of </w><w c5="NN1-AJ0" hw="beta-amyloid" pos="SUBST">beta-amyloid </w><w c5="CJT" hw="that" pos="CONJ">that </w><w c5="VVZ" hw="disrupt" pos="VERB">disrupts </w><w c5="NN1" hw="calcium" pos="SUBST">calcium </w><w c5="NN1" hw="metabolism" pos="SUBST">metabolism</w><c c5="PUN">.</c></s>
<s n="12"><w c5="NP0" hw="dr" pos="SUBST">Dr </w><w c5="NP0" hw="hardy" pos="SUBST">Hardy </w><w c5="VVD" hw="say" pos="VERB">said </w><w c5="PNP" hw="he" pos="PRON">he </w><w c5="CJC" hw="and" pos="CONJ">and </w><w c5="NP0" hw="prof" pos="SUBST">Prof </w><w c5="NP0" hw="mayer" pos="SUBST">Mayer </w><c c5="PUQ">‘</c><w c5="AV0" hw="almost" pos="ADV">almost </w><w c5="VVB" hw="agree" pos="VERB">agree</w><c c5="PUQ">’ </c><w c5="PRP-AVP" hw="on" pos="PREP">on </w><w c5="AT0" hw="the" pos="ART">the </w><w c5="NN1" hw="mechanism" pos="SUBST">mechanism </w><w c5="PRF" hw="of" pos="PREP">of </w><w c5="NN1" hw="cell" pos="SUBST">cell </w><w c5="NN1" hw="death" pos="SUBST">death</w><c c5="PUN">, </c><w c5="CJS" hw="though" pos="CONJ">though </w><w c5="PNP" hw="he" pos="PRON">he </w><w c5="VBD" hw="be" pos="VERB">was </w><w c5="XX0" hw="not" pos="ADV">not </w><w c5="AJ0" hw="convinced" pos="ADJ">convinced </w><w c5="PNP" hw="it" pos="PRON">it </w><w c5="VBZ" hw="be" pos="VERB">is </w><w c5="AJ0" hw="common" pos="ADJ">common </w><w c5="PRP" hw="to" pos="PREP">to </w><w c5="NP0" hw="alzheimer" pos="SUBST">Alzheimer</w><w c5="POS" hw="'s" pos="UNC">'s </w><w c5="CJC" hw="and" pos="CONJ">and </w><w c5="AT0" hw="the" pos="ART">the </w><w c5="AJ0" hw="spongiform" pos="ADJ">spongiform </w><w c5="NN2" hw="encephalopathy" pos="SUBST">encephalopathies</w><c c5="PUN">, </c><w c5="DTQ" hw="which" pos="PRON">which </w><w c5="VBB" hw="be" pos="VERB">are </w><w c5="AJ0" hw="different" pos="ADJ">different </w><w c5="NN2" hw="disease" pos="SUBST">diseases</w><c c5="PUN">.</c></s>
<s n="13"><w c5="VVG" hw="work" pos="VERB">Working </w><w c5="PRP" hw="with" pos="PREP">with </w><w c5="NP0" hw="dr" pos="SUBST">Dr </w><w c5="NP0" hw="graham" pos="SUBST">Graham </w><w c5="NP0" hw="lennox" pos="SUBST">Lennox</w><c c5="PUN">, </c><w c5="NP0" hw="prof" pos="SUBST">Prof </w><w c5="NP0" hw="mayer" pos="SUBST">Mayer </w><w c5="VVD" hw="make" pos="VERB">made </w><w c5="DPS" hw="he" pos="PRON">his </w><w c5="NN1" hw="discovery" pos="SUBST">discovery </w><w c5="PRP" hw="through" pos="PREP">through </w><w c5="AT0" hw="a" pos="ART">a </w><w c5="NN1" hw="test" pos="SUBST">test </w><w c5="TO0" hw="to" pos="PREP">to </w><w c5="VVI" hw="highlight" pos="VERB">highlight </w><w c5="AT0" hw="the" pos="ART">the </w><w c5="NN1" hw="damage" pos="SUBST">damage </w><w c5="PRP" hw="by" pos="PREP">by </w><w c5="VVG" hw="study" pos="VERB">studying </w><w c5="AT0" hw="the" pos="ART">the </w><w c5="NN1" hw="action" pos="SUBST">action </w><w c5="PRF" hw="of" pos="PREP">of </w><w c5="AT0" hw="a" pos="ART">a </w><w c5="NN1" hw="protein" pos="SUBST">protein </w><w c5="VVN" hw="call" pos="VERB">called </w><w c5="NN1" hw="ubiquitin" pos="SUBST">ubiquitin</w><c c5="PUN">, </c><w c5="DTQ" hw="which" pos="PRON">which </w><w c5="VBZ" hw="be" pos="VERB">is </w><w c5="VVN" hw="produce" pos="VERB">produced </w><w c5="TO0" hw="to" pos="PREP">to </w><w c5="VVI" hw="label" pos="VERB">label </w><w c5="AJ0" hw="damaged" pos="ADJ">damaged </w><w c5="NN1" hw="cell" pos="SUBST">cell </w><w c5="NN2" hw="component" pos="SUBST">components </w><w c5="CJS" hw="so" pos="CONJ">so </w><w c5="PNP" hw="they" pos="PRON">they </w><w c5="VM0" hw="can" pos="VERB">can </w><w c5="VBI" hw="be" pos="VERB">be </w><w c5="VVN" hw="cart" pos="VERB">carted </w><w c5="AV0" hw="away" pos="ADV">away </w><w c5="PRP" hw="for" pos="PREP">for </w><w c5="NN1" hw="disposal" pos="SUBST">disposal</w><c c5="PUN">.</c></s>
<s n="14"><w c5="PRP" hw="into" pos="PREP">Into </w><w c5="AJ0" hw="scrapie-affected" pos="ADJ">scrapie-affected </w><w c5="NN2" hw="cell" pos="SUBST">cells </w><w c5="PNP" hw="they" pos="PRON">they </w><w c5="VVD" hw="introduce" pos="VERB">introduced </w><w c5="AJ0" hw="tiny" pos="ADJ">tiny </w><w c5="NN1" hw="gold" pos="SUBST">gold </w><w c5="NN2" hw="particle" pos="SUBST">particles </w><w c5="VVN" hw="tether" pos="VERB">tethered </w><w c5="PRP" hw="to" pos="PREP">to </w><w c5="AT0" hw="a" pos="ART">a </w><w c5="NN1" hw="protein" pos="SUBST">protein </w><w c5="CJT" hw="that" pos="CONJ">that </w><w c5="VVZ" hw="stick" pos="VERB">sticks </w><w c5="PRP" hw="to" pos="PREP">to </w><w c5="VVG-AJ0" hw="work" pos="VERB">working </w><w c5="NN1" hw="ubiquitin" pos="SUBST">ubiquitin</w><c c5="PUN">.</c></s>
<s n="15"><w c5="CJS" hw="when" pos="CONJ">When </w><w c5="PNP" hw="they" pos="PRON">they </w><w c5="VVD" hw="examine" pos="VERB">examined </w><w c5="AT0" hw="the" pos="ART">the </w><w c5="NN2" hw="cell" pos="SUBST">cells </w><w c5="PRP" hw="under" pos="PREP">under </w><w c5="AT0" hw="an" pos="ART">an </w><w c5="NN1" hw="electron" pos="SUBST">electron </w><w c5="NN1" hw="microscope" pos="SUBST">microscope</w><c c5="PUN">, </c><w c5="AT0" hw="the" pos="ART">the </w><w c5="NN1" hw="gold" pos="SUBST">gold </w><w c5="AV0" hw="only" pos="ADV">only </w><w c5="VVN-VVD" hw="highlight" pos="VERB">highlighted </w><w c5="AJ0" hw="abnormal" pos="ADJ">abnormal </w><w c5="NN2" hw="protein" pos="SUBST">proteins </w><w c5="PRP" hw="in" pos="PREP">in </w><w c5="AT0" hw="the" pos="ART">the </w><w c5="NN1-AJ0" hw="waste" pos="SUBST">waste </w><w c5="NN1" hw="disposal" pos="SUBST">disposal </w><w c5="NN1" hw="organ" pos="SUBST">organ </w><w c5="PRF" hw="of" pos="PREP">of </w><w c5="AT0" hw="the" pos="ART">the </w><w c5="NN1" hw="cell" pos="SUBST">cell</w><c c5="PUN">, </c><w c5="VVN-VVD" hw="call" pos="VERB">called </w><w c5="AT0" hw="the" pos="ART">the </w><w c5="NN1" hw="lysosome" pos="SUBST">lysosome</w><c c5="PUN">.</c></s>
<s n="16"><w c5="AT0" hw="the" pos="ART">The </w><w c5="NN1" hw="lysosome" pos="SUBST">lysosome </w><w c5="VBZ" hw="be" pos="VERB">is </w><w c5="VVN" hw="call" pos="VERB">called </w><w c5="AT0" hw="a" pos="ART">a </w><c c5="PUQ">‘</c><w c5="NN1" hw="suicide" pos="SUBST">suicide </w><w c5="NN1" hw="bag" pos="SUBST">bag</w><c c5="PUQ">’ </c><w c5="VVD" hw="say" pos="VERB">said </w><w c5="NP0" hw="prof" pos="SUBST">Prof </w><w c5="NP0" hw="mayer" pos="SUBST">Mayer</w><c c5="PUN">, </c><w c5="XX0" hw="not" pos="ADV">not </w><w c5="AV0" hw="only" pos="ADV">only </w><w c5="CJS" hw="because" pos="CONJ">because </w><w c5="PNP" hw="it" pos="PRON">it </w><w c5="VVZ" hw="digest" pos="VERB">digests </w><w c5="DT0" hw="any" pos="ADJ">any </w><w c5="NN1-AJ0" hw="waste" pos="SUBST">waste </w><w c5="NN2" hw="material" pos="SUBST">materials </w><w c5="PRP" hw="by" pos="PREP">by </w><w c5="AT0" hw="the" pos="ART">the </w><w c5="NN1" hw="use" pos="SUBST">use </w><w c5="PRF" hw="of" pos="PREP">of </w><w c5="AJ0" hw="powerful" pos="ADJ">powerful </w><w c5="NN2" hw="enzyme" pos="SUBST">enzymes </w><w c5="CJC" hw="but" pos="CONJ">but </w><w c5="AV0" hw="also" pos="ADV">also </w><w c5="CJS" hw="because" pos="CONJ">because </w><w c5="DT0" hw="this" pos="ADJ">this </w><w c5="NN1" hw="cocktail" pos="SUBST">cocktail </w><w c5="VM0" hw="can" pos="VERB">can </w><w c5="VVI" hw="kill" pos="VERB">kill </w><w c5="AVP" hw="off" pos="ADV">off </w><w c5="AT0" hw="the" pos="ART">the </w><w c5="NN1" hw="cell" pos="SUBST">cell</w><c c5="PUN">.</c></s>
<s n="17"><w c5="AT0" hw="the" pos="ART">The </w><w c5="AJ0" hw="abnormal" pos="ADJ">abnormal </w><w c5="NN2" hw="protein" pos="SUBST">proteins </w><w c5="VVN" hw="produce" pos="VERB">produced </w><w c5="PRP" hw="by" pos="PREP">by </w><w c5="DT0" hw="these" pos="ADJ">these </w><w c5="AJ0" hw="degenerative" pos="ADJ">degenerative </w><w c5="NN2" hw="disease" pos="SUBST">diseases </w><w c5="VBB" hw="be" pos="VERB">are </w><w c5="AV0" hw="relatively" pos="ADV">relatively </w><w c5="AJ0" hw="indigestible" pos="ADJ">indigestible</w><c c5="PUN">, </c><w c5="CJS" hw="so" pos="CONJ">so </w><w c5="PNP" hw="they" pos="PRON">they </w><w c5="VVB" hw="build" pos="VERB">build </w><w c5="AVP" hw="up" pos="ADV">up </w><w c5="PRP" hw="in" pos="PREP">in </w><w c5="AT0" hw="the" pos="ART">the </w><w c5="NN1" hw="lysosome" pos="SUBST">lysosome</w><c c5="PUN">.</c></s>
<s n="18"><w c5="AT0" hw="the" pos="ART">The </w><w c5="NN1" hw="release" pos="SUBST">release </w><w c5="PRF" hw="of" pos="PREP">of </w><w c5="AT0" hw="the" pos="ART">the </w><w c5="AJ0" hw="digestive" pos="ADJ">digestive </w><w c5="NN2" hw="enzyme" pos="SUBST">enzymes </w><w c5="VVZ" hw="lead" pos="VERB">leads </w><w c5="PRP" hw="to" pos="PREP">to </w><w c5="NN1" hw="cell" pos="SUBST">cell </w><w c5="NN1" hw="death" pos="SUBST">death</w><c c5="PUN">.</c></s></p></div><div level="1"><head type="MAIN">
<s n="19"><w c5="ITJ" hw="pow" pos="INTERJ">PoW </w><w c5="NN1" hw="truth" pos="SUBST">truth </w><w c5="NN1" hw="drug" pos="SUBST">drug </w><w c5="VM0" hw="used" pos="VERB">used </w><w c5="TO0" hw="to" pos="PREP">to </w><w c5="VVI" hw="simulate" pos="VERB">simulate </w><w c5="NN2" hw="symptom" pos="SUBST">symptoms</w></s></head><head type="BYLINE">
<s n="20"><w c5="PRP" hw="by" pos="PREP">By </w><w c5="NP0" hw="david" pos="SUBST">DAVID </w><w c5="NP0" hw="fletcher" pos="SUBST">FLETCHER</w></s></head><p>
<s n="21"><w c5="AT0" hw="a" pos="ART">A </w><c c5="PUQ">‘</c><w c5="NN1" hw="truth" pos="SUBST">TRUTH</w><c c5="PUQ">’ </c><w c5="NN1" hw="drug" pos="SUBST">drug </w><w c5="VVN-VVD" hw="use" pos="VERB">used </w><w c5="PRP" hw="on" pos="PREP">on </w><w c5="AJ0" hw="british" pos="ADJ">British </w><w c5="NN2" hw="prisoner" pos="SUBST">prisoners </w><w c5="PRP" hw="by" pos="PREP">by </w><w c5="AT0" hw="the" pos="ART">the </w><w c5="NN2" hw="nazi" pos="SUBST">Nazis </w><w c5="VBZ" hw="be" pos="VERB">is </w><w c5="VVG" hw="bring" pos="VERB">bringing </w><w c5="AJ0" hw="new" pos="ADJ">new </w><w c5="NN1" hw="hope" pos="SUBST">hope </w><w c5="PRP" hw="to" pos="PREP">to </w><w c5="NN2" hw="sufferer" pos="SUBST">sufferers </w><w c5="PRP" hw="from" pos="PREP">from </w><w c5="NP0" hw="alzheimers" pos="SUBST">Alzheimers </w><w c5="NN1" hw="disease" pos="SUBST">Disease</w><c c5="PUN">, </c><w c5="AT0" hw="the" pos="ART">the </w><w c5="NN1" hw="conference" pos="SUBST">conference </w><w c5="VBD" hw="be" pos="VERB">was </w><w c5="VVN" hw="tell" pos="VERB">told</w><c c5="PUN">.</c></s></p><p>
<s n="22"><w c5="NP0" hw="dr" pos="SUBST">Dr </w><w c5="NP0" hw="keith" pos="SUBST">Keith </w><w c5="NP0" hw="wesnes" pos="SUBST">Wesnes</w><c c5="PUN">, </c><w c5="NN1" hw="director" pos="SUBST">director </w><w c5="PRF" hw="of" pos="PREP">of </w><w c5="AT0" hw="a" pos="ART">a </w><w c5="NN1" hw="drug" pos="SUBST">drug </w><w c5="NN1" hw="research" pos="SUBST">research </w><w c5="NN1" hw="company" pos="SUBST">company </w><w c5="PRP" hw="in" pos="PREP">in </w><w c5="NP0" hw="reading" pos="SUBST">Reading</w><c c5="PUN">, </c><w c5="VVD-VVN" hw="describe" pos="VERB">described </w><w c5="AVQ" hw="how" pos="ADV">how </w><w c5="NN1-VVB" hw="scopolamine" pos="SUBST">scopolamine </w><w c5="VM0" hw="can" pos="VERB">can </w><w c5="VBI" hw="be" pos="VERB">be </w><w c5="VVN" hw="use" pos="VERB">used </w><w c5="TO0" hw="to" pos="PREP">to </w><w c5="VVI" hw="induce" pos="VERB">induce </w><w c5="AT0" hw="the" pos="ART">the </w><w c5="NN2" hw="symptom" pos="SUBST">symptoms </w><w c5="PRF" hw="of" pos="PREP">of </w><w c5="AT0" hw="the" pos="ART">the </w><w c5="NN1" hw="disease" pos="SUBST">disease </w><w c5="PRP" hw="in" pos="PREP">in </w><w c5="AJ0" hw="healthy" pos="ADJ">healthy </w><w c5="NN2" hw="volunteer" pos="SUBST">volunteers</w><c c5="PUN">.</c></s></p><p>
<s n="23"><w c5="PNP" hw="it" pos="PRON">It </w><w c5="VVZ" hw="cause" pos="VERB">causes </w><w c5="PNP" hw="they" pos="PRON">them </w><w c5="TO0" hw="to" pos="PREP">to </w><w c5="VVI" hw="suffer" pos="VERB">suffer </w><w c5="AJ0" hw="temporary" pos="ADJ">temporary </w><w c5="NN2" hw="lapse" pos="SUBST">lapses </w><w c5="PRF" hw="of" pos="PREP">of </w><w c5="NN1" hw="memory" pos="SUBST">memory </w><w c5="CJC" hw="and" pos="CONJ">and </w><w c5="TO0" hw="to" pos="PREP">to </w><w c5="VHI" hw="have" pos="VERB">have </w><w c5="NN1" hw="difficulty" pos="SUBST">difficulty </w><w c5="PRP" hw="in" pos="PREP">in </w><w c5="VVG" hw="concentrate" pos="VERB">concentrating </w><w c5="PRP" hw="for" pos="PREP">for </w><w c5="AT0" hw="a" pos="ART">a </w><w c5="AJ0" hw="short" pos="ADJ">short </w><w c5="NN1" hw="period" pos="SUBST">period </w><w c5="PRF" hw="of" pos="PREP">of </w><w c5="CRD" hw="two" pos="ADJ">two </w><w c5="PRP" hw="to" pos="PREP">to </w><w c5="CRD" hw="three" pos="ADJ">three </w><w c5="NN2" hw="hour" pos="SUBST">hours</w><c c5="PUN">.</c></s></p><p>
<s n="24"><w c5="PRP" hw="during" pos="PREP">During </w><w c5="DT0" hw="this" pos="ADJ">this </w><w c5="NN1" hw="time" pos="SUBST">time </w><w c5="PNP" hw="they" pos="PRON">they </w><w c5="VBB" hw="be" pos="VERB">are </w><w c5="VVN-AJ0" hw="give" pos="VERB">given </w><w c5="NN2" hw="drug" pos="SUBST">drugs </w><w c5="NN1" hw="thought" pos="SUBST">thought </w><w c5="TO0" hw="to" pos="PREP">to </w><w c5="VBI" hw="be" pos="VERB">be </w><w c5="AJ0" hw="effective" pos="ADJ">effective </w><w c5="PRP" hw="against" pos="PREP">against </w><w c5="NP0" hw="alzheimers" pos="SUBST">Alzheimers </w><c c5="PUN">— </c><w c5="DTQ" hw="which" pos="PRON">which </w><w c5="AV0" hw="also" pos="ADV">also </w><w c5="VVZ" hw="cause" pos="VERB">causes </w><w c5="NN1" hw="memory" pos="SUBST">memory </w><w c5="NN1" hw="loss" pos="SUBST">loss </w><w c5="CJC" hw="and" pos="CONJ">and </w><w c5="NN1" hw="lack" pos="SUBST">lack </w><w c5="PRF" hw="of" pos="PREP">of </w><w c5="NN1" hw="attention" pos="SUBST">attention </w><c c5="PUN">— </c><w c5="TO0" hw="to" pos="PREP">to </w><w c5="VVI" hw="assess" pos="VERB">assess </w><w c5="DPS" hw="they" pos="PRON">their </w><w c5="NN1" hw="efficacy" pos="SUBST">efficacy</w><c c5="PUN">.</c></s>
<s n="25"><w c5="NP0" hw="dr" pos="SUBST">Dr </w><w c5="NP0" hw="wesnes" pos="SUBST">Wesnes </w><w c5="VVD" hw="say" pos="VERB">said </w><w c5="CJT" hw="that" pos="CONJ">that </w><w c5="VVG" hw="use" pos="VERB">using </w><w c5="NN2" hw="volunteer" pos="SUBST">volunteers </w><w c5="PRP" hw="with" pos="PREP">with </w><c c5="PUQ">‘</c><w c5="AJ0" hw="fake" pos="ADJ">fake</w><c c5="PUQ">’ </c><w c5="NP0" hw="alzheimers" pos="SUBST">Alzheimers </w><w c5="NN1" hw="disease" pos="SUBST">Disease </w><w c5="VVD" hw="enable" pos="VERB">enabled </w><w c5="AT0" hw="a" pos="ART">a </w><w c5="AJ0" hw="new" pos="ADJ">new </w><w c5="NN1" hw="drug" pos="SUBST">drug </w><w c5="TO0" hw="to" pos="PREP">to </w><w c5="VBI" hw="be" pos="VERB">be </w><w c5="VVN" hw="evaluate" pos="VERB">evaluated </w><w c5="PRP" hw="within" pos="PREP">within </w><w c5="CRD" hw="three" pos="ADJ">three </w><w c5="NN2" hw="month" pos="SUBST">months </w><w c5="VVN" hw="compare" pos="VERB">compared </w><w c5="PRP" hw="with" pos="PREP">with </w><w c5="AT0" hw="the" pos="ART">the </w><w c5="CRD" hw="three" pos="ADJ">three </w><w c5="PRP" hw="to" pos="PREP">to </w><w c5="CRD" hw="five" pos="ADJ">five </w><w c5="NN2" hw="year" pos="SUBST">years </w><w c5="PRP" hw="for" pos="PREP">for </w><w c5="AT0" hw="a" pos="ART">a </w><w c5="AJ0" hw="full-scale" pos="ADJ">full-scale </w><w c5="NN1" hw="trial" pos="SUBST">trial </w><w c5="PRP" hw="on" pos="PREP">on </w><c c5="PUQ">‘</c><w c5="AJ0" hw="real" pos="ADJ">real</w><c c5="PUQ">’</c><w c5="NN2" hw="patient" pos="SUBST">patients</w><c c5="PUN">.</c></s></p><p>
<s n="26"><w c5="NN1-VVB" hw="scopolamine" pos="SUBST">Scopolamine </w><w c5="VBZ" hw="be" pos="VERB">is </w><w c5="VVN-AJ0" hw="use" pos="VERB">used </w><w c5="PRP" hw="for" pos="PREP">for </w><w c5="NN1" hw="travel" pos="SUBST">travel </w><w c5="NN1" hw="sickness" pos="SUBST">sickness</w><c c5="PUN">.</c></s></p><p>
<s n="27"><w c5="NP0" hw="dr" pos="SUBST">Dr </w><w c5="NP0" hw="wesnes" pos="SUBST">Wesnes </w><w c5="VVD" hw="say" pos="VERB">said </w><w c5="PNP" hw="it" pos="PRON">it </w><w c5="VBD" hw="be" pos="VERB">was </w><w c5="AT0" hw="a" pos="ART">a </w><w c5="AV0" hw="well" pos="ADV">well </w><w c5="VVN-AJ0" hw="test" pos="VERB">tested </w><w c5="NN1" hw="drug" pos="SUBST">drug </w><w c5="DTQ" hw="which" pos="PRON">which </w><w c5="AV0" hw="only" pos="ADV">only </w><w c5="VVD-VVN" hw="cause" pos="VERB">caused </w><w c5="NP0" hw="alzheimer" pos="SUBST">Alzheimer </w><w c5="NN1" hw="type" pos="SUBST">type </w><w c5="NN2" hw="symptom" pos="SUBST">symptoms </w><w c5="CJS" hw="when" pos="CONJ">when </w><w c5="VVN" hw="inject" pos="VERB">injected </w><mw c5="PRP"><w c5="AV0" hw="rather" pos="ADV">rather </w><w c5="CJS" hw="than" pos="CONJ">than </w></mw><w c5="VBG" hw="be" pos="VERB">being </w><w c5="VVN" hw="take" pos="VERB">taken </w><w c5="AV0" hw="orally" pos="ADV">orally </w><w c5="PRP-CJS" hw="as" pos="PREP">as </w><w c5="AT0" hw="a" pos="ART">a </w><w c5="NN1" hw="travel" pos="SUBST">travel </w><w c5="NN1" hw="sickness" pos="SUBST">sickness </w><w c5="NN1-VVB" hw="remedy" pos="SUBST">remedy</w><c c5="PUN">…</c></s></p><p>
<s n="28"><w c5="NN2" hw="drug" pos="SUBST">Drugs </w><w c5="VVN" hw="evaluate" pos="VERB">evaluated </w><w c5="PRP" hw="by" pos="PREP">by </w><w c5="DT0" hw="this" pos="ADJ">this </w><w c5="NN1" hw="method" pos="SUBST">method </w><w c5="VVB" hw="include" pos="VERB">include </w><w c5="NN1" hw="d-cycloserine" pos="SUBST">D-cycloserine </w><w c5="DTQ" hw="which" pos="PRON">which </w><w c5="VBZ" hw="be" pos="VERB">is </w><w c5="VVN" hw="think" pos="VERB">thought </w><w c5="TO0" hw="to" pos="PREP">to </w><w c5="VBI" hw="be" pos="VERB">be </w><w c5="AJ0" hw="involved" pos="ADJ">involved </w><w c5="PRP" hw="in" pos="PREP">in </w><w c5="AT0" hw="the" pos="ART">the </w><w c5="NN1" hw="formation" pos="SUBST">formation </w><w c5="PRF" hw="of" pos="PREP">of </w><w c5="NN1" hw="memory" pos="SUBST">memory</w><c c5="PUN">.</c></s>
<s n="29"><w c5="PRP" hw="after" pos="PREP">After </w><w c5="VVG" hw="show" pos="VERB">showing </w><w c5="AJ0" hw="promising" pos="ADJ">promising </w><w c5="NN2" hw="result" pos="SUBST">results </w><w c5="PRP" hw="on" pos="PREP">on </w><c c5="PUQ">‘</c><w c5="AJ0" hw="fake" pos="ADJ">fake</w><c c5="PUQ">’ </c><w c5="NN2" hw="patient" pos="SUBST">patients</w><c c5="PUN">, </c><w c5="PNP" hw="it" pos="PRON">it </w><w c5="VBZ" hw="be" pos="VERB">is </w><w c5="AV0" hw="now" pos="ADV">now </w><w c5="VBG" hw="be" pos="VERB">being </w><w c5="VVN" hw="use" pos="VERB">used </w><w c5="PRP" hw="in" pos="PREP">in </w><w c5="AT0" hw="a" pos="ART">a </w><w c5="AJ0" hw="full-scale" pos="ADJ">full-scale </w><w c5="NN1" hw="trial" pos="SUBST">trial </w><w c5="PRF" hw="of" pos="PREP">of </w><mw c5="AV0"><w c5="AV0" hw="more" pos="ADV">more </w><w c5="CJS" hw="than" pos="CONJ">than </w></mw><w c5="CRD" hw="1,000" pos="ADJ">1,000 </w><w c5="AJ0" hw="genuine" pos="ADJ">genuine </w><w c5="NN2" hw="sufferer" pos="SUBST">sufferers</w><c c5="PUN">.</c></s></p></div><div level="1"><head type="MAIN">
<s n="30"><w c5="NN1" hw="letter" pos="SUBST">Letter </w><w c5="PRP" hw="to" pos="PREP">to </w><w c5="AT0" hw="the" pos="ART">the </w><w c5="NN1" hw="editor" pos="SUBST">Editor</w><c c5="PUN">: </c><w c5="NN1" hw="film" pos="SUBST">Film </w><w c5="NN1" hw="fable" pos="SUBST">fable</w></s></head><p>
<s n="31"><w c5="NN1" hw="sir" pos="SUBST">SIR </w><c c5="PUN">— </c><w c5="DPS" hw="you" pos="PRON">Your </w><w c5="AJ0" hw="agricultural" pos="ADJ">agricultural </w><w c5="NN1" hw="correspondent" pos="SUBST">correspondent</w><w c5="POS" hw="'s" pos="UNC">'s </w><w c5="NN1" hw="report" pos="SUBST">report </w><w c5="PRP" hw="on" pos="PREP">on </w><w c5="AT0" hw="the" pos="ART">the </w><w c5="NN2" hw="goat" pos="SUBST">goats </w><w c5="PRF" hw="of" pos="PREP">of </w><w c5="NP0" hw="snowdonia" pos="SUBST">Snowdonia </w><w c5="CJC" hw="and" pos="CONJ">and </w><w c5="DPS" hw="they" pos="PRON">their </w><w c5="NN2" hw="origin" pos="SUBST">origins </w><c c5="PUL">(</c><w c5="NP0" hw="april" pos="SUBST">April </w><w c5="CRD" hw="2" pos="ADJ">2</w><c c5="PUR">) </c><w c5="VBZ" hw="be" pos="VERB">is </w><w c5="AV0" hw="less" pos="ADV">less </w><w c5="AJ0" hw="exciting" pos="ADJ">exciting </w><w c5="CJS" hw="than" pos="CONJ">than </w><w c5="AT0" hw="the" pos="ART">the </w><w c5="NN1" hw="folklore" pos="SUBST">folklore </w><w c5="VVN-VVD" hw="relate" pos="VERB">related </w><w c5="PRP" hw="to" pos="PREP">to </w><w c5="PNP" hw="i" pos="PRON">me </w><w c5="PRP" hw="as" pos="PREP">as </w><w c5="AT0" hw="a" pos="ART">a </w><w c5="AJ0" hw="small" pos="ADJ">small </w><w c5="NN1" hw="boy" pos="SUBST">boy </w><w c5="PRP" hw="by" pos="PREP">by </w><w c5="AT0" hw="a" pos="ART">a </w><w c5="AJ0" hw="welsh" pos="ADJ">Welsh </w><w c5="NN1" hw="shepherd" pos="SUBST">shepherd</w><c c5="PUN">.</c></s></p><p>
<s n="32"><mw c5="PRP"><w c5="VVG" hw="accord" pos="VERB">According </w><w c5="PRP" hw="to" pos="PREP">to </w></mw><w c5="PNP" hw="he" pos="PRON">him</w><c c5="PUN">, </c><w c5="AT0" hw="the" pos="ART">the </w><w c5="NN2" hw="goat" pos="SUBST">goats </w><w c5="VBD" hw="be" pos="VERB">were </w><w c5="VVN" hw="import" pos="VERB">imported </w><w c5="PRP" hw="from" pos="PREP">from </w><w c5="NP0" hw="india" pos="SUBST">India </w><w c5="TO0" hw="to" pos="PREP">to </w><w c5="VVI" hw="provide" pos="VERB">provide </w><w c5="AJ0" hw="additional" pos="ADJ">additional </w><w c5="NN1" hw="realism" pos="SUBST">realism </w><w c5="PRP" hw="for" pos="PREP">for </w><w c5="AT0" hw="the" pos="ART">the </w><w c5="NN1" hw="filming" pos="SUBST">filming </w><w c5="PRF" hw="of" pos="PREP">of </w><w c5="AT0" hw="the" pos="ART">the </w><w c5="NN1" hw="north" pos="SUBST">North </w><w c5="NN1" hw="west" pos="SUBST">West </w><w c5="NN1" hw="frontier" pos="SUBST">Frontier </w><w c5="NN1" hw="epic" pos="SUBST">epic</w><c c5="PUN">, </c><w c5="AT0" hw="the" pos="ART">The </w><w c5="NN1" hw="drum" pos="SUBST">Drum</w><c c5="PUN">, </c><w c5="PRP" hw="in" pos="PREP">in </w><w c5="CRD" hw="1938" pos="ADJ">1938</w><c c5="PUN">.</c></s>
<s n="33"><w c5="PNP" hw="they" pos="PRON">They </w><w c5="VVD" hw="escape" pos="VERB">escaped </w><w c5="TO0" hw="to" pos="PREP">to </w><w c5="VVI" hw="run" pos="VERB">run </w><w c5="AJ0-AV0" hw="wild" pos="ADJ">wild </w><w c5="PRP" hw="on" pos="PREP">on </w><w c5="AT0" hw="the" pos="ART">the </w><w c5="NN2" hw="hill" pos="SUBST">hills </w><w c5="PRP" hw="around" pos="PREP">around </w><w c5="NP0" hw="cwm" pos="SUBST">Cwm </w><w c5="NP0" hw="buchan" pos="SUBST">Buchan</w><c c5="PUN">.</c></s>
<s n="34"><w c5="NP0" hw="brig" pos="SUBST">Brig </w><w c5="NP0" hw="tim" pos="SUBST">TIM </w><w c5="NP0" hw="bevan" pos="SUBST">BEVAN </w><w c5="NP0" hw="ottawa" pos="SUBST">Ottawa</w></s></p></div><div level="1"><head type="MAIN">
<s n="35"><w c5="NN1" hw="letter" pos="SUBST">Letter </w><w c5="PRP" hw="to" pos="PREP">to </w><w c5="AT0" hw="the" pos="ART">the </w><w c5="NN1" hw="editor" pos="SUBST">Editor</w><c c5="PUN">: </c><w c5="AJ0" hw="sad" pos="ADJ">Sad </w><w c5="NN1" hw="trick" pos="SUBST">trick </w><w c5="VVN-VVD" hw="play" pos="VERB">played </w><w c5="PRP" hw="on" pos="PREP">on </w><w c5="NN1" hw="brightness" pos="SUBST">Brightness</w></s></head><p>
<s n="36"><w c5="NN1" hw="sir" pos="SUBST">SIR </w><c c5="PUN">— </c><w c5="NP0" hw="britain" pos="SUBST">Britain </w><w c5="VVZ" hw="lead" pos="VERB">leads </w><w c5="AT0" hw="the" pos="ART">the </w><w c5="NN1" hw="world" pos="SUBST">world </w><w c5="PRP" hw="in" pos="PREP">in </w><w c5="VVG" hw="recognise" pos="VERB">recognising </w><w c5="CJT" hw="that" pos="CONJ">that </w><w c5="NN2" hw="mammal" pos="SUBST">mammals </w><w c5="PRP" hw="with" pos="PREP">with </w><w c5="NN2" hw="brain" pos="SUBST">brains </w><w c5="AV0" hw="as" pos="ADV">as </w><w c5="AJ0" hw="large" pos="ADJ">large </w><w c5="CJC" hw="and" pos="CONJ">and </w><w c5="AJ0-NN1" hw="complex" pos="ADJ">complex </w><w c5="CJS" hw="as" pos="CONJ">as </w><w c5="PNP" hw="ours" pos="PRON">ours </w><w c5="VBB" hw="be" pos="VERB">are </w><w c5="AJ0" hw="entitled" pos="ADJ">entitled </w><w c5="PRP" hw="to" pos="PREP">to </w><w c5="AT0" hw="the" pos="ART">the </w><w c5="NN1" hw="freedom" pos="SUBST">freedom </w><w c5="PNP" hw="we" pos="PRON">we </w><w c5="NN2" hw="human" pos="SUBST">humans </w><w c5="AV0" hw="so" pos="ADV">so </w><w c5="AV0" hw="ardently" pos="ADV">ardently </w><w c5="VVB" hw="strive" pos="VERB">strive </w><w c5="PRP" hw="for" pos="PREP">for</w><c c5="PUN">.</c></s>
<s n="37"><w c5="AT0" hw="the" pos="ART">The </w><w c5="NN1" hw="public" pos="SUBST">public </w><w c5="VVD-VVN" hw="dip" pos="VERB">dipped </w><w c5="AV0-AJ0" hw="deep" pos="ADV">deep </w><w c5="PRP" hw="into" pos="PREP">into </w><w c5="DPS" hw="they" pos="PRON">their </w><w c5="NN2" hw="pocket" pos="SUBST">pockets </w><w c5="TO0" hw="to" pos="PREP">to </w><w c5="VVI" hw="set" pos="VERB">set </w><w c5="AJ0" hw="free" pos="ADJ">free </w><w c5="NP0" hw="rocky" pos="SUBST">Rocky</w><c c5="PUN">, </c><w c5="AT0" hw="a" pos="ART">a </w><w c5="NN1" hw="dolphin" pos="SUBST">dolphin </w><w c5="PNQ" hw="who" pos="PRON">who </w><w c5="VHD" hw="have" pos="VERB">had </w><w c5="VVN" hw="spend" pos="VERB">spent </w><w c5="DT0" hw="all" pos="ADJ">all </w><w c5="DPS" hw="he" pos="PRON">his </w><w c5="NN1" hw="adult" pos="SUBST">adult </w><w c5="NN1" hw="life" pos="SUBST">life </w><w c5="PRP" hw="in" pos="PREP">in </w><w c5="NN1" hw="captivity" pos="SUBST">captivity</w><c c5="PUN">.</c></s></p><p>
<s n="38"><w c5="PRP" hw="in" pos="PREP">In </w><w c5="NP0" hw="january" pos="SUBST">January </w><w c5="CRD" hw="1991" pos="ADJ">1991</w><c c5="PUN">, </c><w c5="NP0" hw="rocky" pos="SUBST">Rocky </w><w c5="VBD" hw="be" pos="VERB">was </w><w c5="AV0" hw="successfully" pos="ADV">successfully </w><w c5="VVN" hw="restore" pos="VERB">restored </w><w c5="PRP" hw="to" pos="PREP">to </w><w c5="DPS" hw="he" pos="PRON">his </w><w c5="AJ0" hw="natural" pos="ADJ">natural </w><w c5="NN1" hw="habitat" pos="SUBST">habitat </w><w c5="CJC" hw="and" pos="CONJ">and </w><w c5="VBD" hw="be" pos="VERB">was </w><w c5="AV0" hw="quickly" pos="ADV">quickly </w><w c5="VVN" hw="follow" pos="VERB">followed </w><w c5="PRP" hw="by" pos="PREP">by </w><w c5="NP0" hw="missie" pos="SUBST">Missie </w><w c5="CJC" hw="and" pos="CONJ">and </w><w c5="NP0-NN1" hw="silver" pos="SUBST">Silver </w><w c5="PRP" hw="from" pos="PREP">from </w><w c5="NP0" hw="brighton" pos="SUBST">Brighton</w><c c5="PUN">.</c></s>
<s n="39"><w c5="PNP" hw="it" pos="PRON">It </w><w c5="VBD" hw="be" pos="VERB">was </w><w c5="AV0" hw="therefore" pos="ADV">therefore </w><w c5="PRP" hw="with" pos="PREP">with </w><w c5="AJ0" hw="great" pos="ADJ">great </w><w c5="NN1" hw="joy" pos="SUBST">joy </w><w c5="CJT" hw="that" pos="CONJ">that </w><w c5="DT0" hw="most" pos="ADJ">most </w><w c5="NN0" hw="people" pos="SUBST">people </w><w c5="PRP" hw="in" pos="PREP">in </w><w c5="NP0" hw="britain" pos="SUBST">Britain </w><w c5="VVD" hw="greet" pos="VERB">greeted </w><w c5="AT0" hw="the" pos="ART">the </w><w c5="AJ0" hw="recent" pos="ADJ">recent </w><w c5="NN1" hw="news" pos="SUBST">news </w><w c5="CJT" hw="that" pos="CONJ">that </w><w c5="CRD" hw="three" pos="ADJ">three </w><w c5="NP0-NN1" hw="beluga" pos="SUBST">Beluga </w><w c5="NN2" hw="whale" pos="SUBST">whales</w><c c5="PUN">, </c><w c5="DTQ" hw="which" pos="PRON">which </w><w c5="VBB" hw="be" pos="VERB">are </w><w c5="AV0" hw="closely" pos="ADV">closely </w><w c5="VVN" hw="relate" pos="VERB">related </w><w c5="PRP" hw="to" pos="PREP">to </w><w c5="NN2" hw="dolphin" pos="SUBST">dolphins</w><c c5="PUN">, </c><w c5="VHD" hw="have" pos="VERB">had </w><w c5="VVN" hw="make" pos="VERB">made </w><w c5="DPS" hw="they" pos="PRON">their </w><w c5="DT0" hw="own" pos="ADJ">own </w><w c5="NN1" hw="bid" pos="SUBST">bid </w><w c5="PRP" hw="for" pos="PREP">for </w><w c5="NN1" hw="freedom" pos="SUBST">freedom</w><c c5="PUN">.</c></s>
<s n="40"><w c5="PNP" hw="they" pos="PRON">They </w><w c5="VHD" hw="have" pos="VERB">had </w><w c5="VVN" hw="escape" pos="VERB">escaped </w><w c5="PRP" hw="from" pos="PREP">from </w><w c5="NP0-NN1" hw="sebastopol" pos="SUBST">Sebastopol </w><w c5="CJC" hw="and" pos="CONJ">and </w><w c5="VBD" hw="be" pos="VERB">were </w><mw c5="AV0"><w c5="PRP" hw="at" pos="PREP">at </w><w c5="AJ0" hw="large" pos="ADJ">large </w></mw><w c5="PRP" hw="in" pos="PREP">in </w><w c5="AT0" hw="the" pos="ART">the </w><w c5="NP0" hw="black" pos="SUBST">Black </w><w c5="NP0" hw="sea" pos="SUBST">Sea</w><c c5="PUN">.</c></s></p><p>
<s n="41"><w c5="DT0" hw="many" pos="ADJ">Many </w><w c5="PRF" hw="of" pos="PREP">of </w><w c5="PNP" hw="we" pos="PRON">us </w><w c5="VVD" hw="see" pos="VERB">saw </w><w c5="DT0" hw="this" pos="ADJ">this </w><w c5="PRP" hw="as" pos="PREP">as </w><w c5="AT0" hw="an" pos="ART">an </w><w c5="NN1" hw="opportunity" pos="SUBST">opportunity </w><w c5="PRP" hw="for" pos="PREP">for </w><w c5="NN1" hw="mankind" pos="SUBST">mankind </w><w c5="TO0" hw="to" pos="PREP">to </w><w c5="VVI" hw="make" pos="VERB">make </w><w c5="AT0" hw="a" pos="ART">a </w><w c5="AJ0" hw="small" pos="ADJ">small </w><w c5="NN1" hw="gesture" pos="SUBST">gesture </w><w c5="PRF" hw="of" pos="PREP">of </w><w c5="NN1" hw="recompense" pos="SUBST">recompense </w><w c5="PRP" hw="to" pos="PREP">to </w><w c5="AT0" hw="the" pos="ART">the </w><w c5="NN2" hw="cetacean" pos="SUBST">cetaceans </w><c c5="PUL">(</c><w c5="AT0" hw="the" pos="ART">the </w><w c5="NN1" hw="whale" pos="SUBST">whale </w><w c5="NN1" hw="family" pos="SUBST">family</w><c c5="PUR">) </c><w c5="PRP" hw="for" pos="PREP">for </w><w c5="AT0" hw="the" pos="ART">the </w><w c5="NN2" hw="abuse" pos="SUBST">abuses </w><w c5="PNP" hw="we" pos="PRON">we </w><w c5="VHD" hw="have" pos="VERB">had </w><w c5="VVN" hw="inflict" pos="VERB">inflicted </w><w c5="PRP" hw="upon" pos="PREP">upon </w><w c5="PNP" hw="they" pos="PRON">them</w><c c5="PUN">.</c></s></p><p>
<s n="42"><w c5="AV0" hw="surely" pos="ADV">Surely </w><w c5="PNP" hw="we" pos="PRON">we </w><w c5="VM0" hw="could" pos="VERB">could </w><w c5="VVI" hw="return" pos="VERB">return </w><w c5="NN1" hw="brightness" pos="SUBST">Brightness </w><w c5="AT0" hw="the" pos="ART">the </w><w c5="NP0-NN1" hw="beluga" pos="SUBST">Beluga </w><w c5="PRP" hw="to" pos="PREP">to </w><w c5="DPS" hw="she" pos="PRON">her </w><w c5="DT0" hw="own" pos="ADJ">own </w><w c5="AJ0" hw="genetic" pos="ADJ">genetic </w><w c5="NN1" hw="family" pos="SUBST">family </w><w c5="PRP" hw="in" pos="PREP">in </w><w c5="AT0" hw="the" pos="ART">the </w><w c5="AJ0" hw="arctic" pos="ADJ">Arctic</w><c c5="PUN">?</c></s>
<s n="43"><w c5="PNP" hw="we" pos="PRON">We</w><c c5="PUN">, </c><w c5="AT0" hw="the" pos="ART">the </w><w c5="AJ0" hw="british" pos="ADJ">British</w><c c5="PUN">, </c><w c5="VHD" hw="have" pos="VERB">had </w><w c5="AT0" hw="the" pos="ART">the </w><w c5="NN1" hw="expertise" pos="SUBST">expertise</w><c c5="PUN">.</c></s>
<s n="44"><w c5="PNP" hw="we" pos="PRON">We </w><w c5="VM0" hw="could" pos="VERB">could </w><w c5="VVI" hw="mobilise" pos="VERB">mobilise </w><w c5="AT0" hw="the" pos="ART">the </w><w c5="NN2" hw="resource" pos="SUBST">resources </w><w c5="CJC" hw="and" pos="CONJ">and </w><w c5="PNP" hw="we" pos="PRON">we </w><w c5="VHD" hw="have" pos="VERB">had </w><w c5="AT0" hw="the" pos="ART">the </w><w c5="AJ0" hw="moral" pos="ADJ">moral </w><w c5="NN1" hw="drive" pos="SUBST">drive</w><c c5="PUN">.</c></s>
<s n="45"><w c5="AV0" hw="so" pos="ADV">So </w><w c5="NN2" hw="plan" pos="SUBST">plans </w><w c5="VBD" hw="be" pos="VERB">were </w><w c5="VVN" hw="lay" pos="VERB">laid </w><w c5="TO0" hw="to" pos="PREP">to </w><w c5="VDI" hw="do" pos="VERB">do </w><w c5="PNP" hw="it" pos="PRON">it</w><c c5="PUN">.</c></s></p><p>
<s n="46"><w c5="CJC" hw="but" pos="CONJ">But </w><w c5="NN1" hw="brightness" pos="SUBST">Brightness </w><w c5="VHZ" hw="have" pos="VERB">has </w><w c5="VVN" hw="become" pos="VERB">become </w><w c5="AT0" hw="a" pos="ART">a </w><w c5="NN1-AJ0" hw="money-spinner" pos="SUBST">money-spinner</w><c c5="PUN">; </c><w c5="AT0" hw="the" pos="ART">the </w><w c5="NN2" hw="russian" pos="SUBST">Russians </w><w c5="VHB" hw="have" pos="VERB">have </w><w c5="VVN" hw="become" pos="VERB">become </w><w c5="NN2" hw="capitalist" pos="SUBST">capitalists</w><c c5="PUN">; </c><w c5="CJC" hw="and" pos="CONJ">and </w><w c5="AT0" hw="the" pos="ART">the </w><w c5="NP0-NN1" hw="beluga" pos="SUBST">Beluga </w><w c5="VHZ" hw="have" pos="VERB">has </w><w c5="VVN" hw="become" pos="VERB">become </w><w c5="AT0" hw="a" pos="ART">a </w><w c5="NN1" hw="pawn" pos="SUBST">pawn </w><w c5="PRP" hw="in" pos="PREP">in </w><w c5="AT0" hw="an" pos="ART">an </w><w c5="AJ0" hw="international" pos="ADJ">international </w><w c5="NN1" hw="game" pos="SUBST">game</w><c c5="PUN">.</c></s>
<s n="47"><w c5="AT0" hw="the" pos="ART">The </w><w c5="NN2" hw="turk" pos="SUBST">Turks </w><w c5="VVD-VVN" hw="allow" pos="VERB">allowed </w><w c5="AT0" hw="a" pos="ART">a </w><w c5="AJ0" hw="russian" pos="ADJ">Russian </w><w c5="NN1" hw="ship" pos="SUBST">ship </w><w c5="PRP" hw="into" pos="PREP">into </w><w c5="DPS" hw="they" pos="PRON">their </w><w c5="NN2" hw="water" pos="SUBST">waters</w><c c5="PUN">.</c></s>
<s n="48"><w c5="PRP" hw="on" pos="PREP">On </w><w c5="NP0" hw="april" pos="SUBST">April </w><w c5="CRD" hw="6" pos="ADJ">6 </w><w c5="NN1" hw="brightness" pos="SUBST">Brightness </w><w c5="VBD" hw="be" pos="VERB">was </w><w c5="VVN-AJ0" hw="lasooe" pos="VERB">lasooed </w><w c5="CJC" hw="and" pos="CONJ">and </w><w c5="PRP" hw="after" pos="PREP">after </w><w c5="VVG" hw="struggle" pos="VERB">struggling </w><w c5="PRP" hw="for" pos="PREP">for </w><w c5="DT0" hw="half" pos="ADJ">half </w><w c5="AT0" hw="an" pos="ART">an </w><w c5="NN1" hw="hour" pos="SUBST">hour </w><w c5="VBD" hw="be" pos="VERB">was </w><w c5="AV0" hw="ignominiously" pos="ADV">ignominiously </w><w c5="VVN" hw="haul" pos="VERB">hauled </w><w c5="PRP" hw="from" pos="PREP">from </w><w c5="AT0" hw="the" pos="ART">the </w><w c5="NN1" hw="water" pos="SUBST">water</w><c c5="PUN">.</c></s></p><p>
<s n="49"><w c5="NN1" hw="brightness" pos="SUBST">Brightness</w><w c5="POS" hw="'s" pos="UNC">'s </w><w c5="NN1" hw="destiny" pos="SUBST">destiny </w><c c5="PUN">— </c><w c5="CJS" hw="so" pos="CONJ">so </w><w c5="PNP" hw="we" pos="PRON">we </w><w c5="VBD" hw="be" pos="VERB">were </w><w c5="VVN" hw="inform" pos="VERB">informed </w><c c5="PUN">— </c><w c5="VBD" hw="be" pos="VERB">was </w><w c5="TO0" hw="to" pos="PREP">to </w><w c5="VBI" hw="be" pos="VERB">be </w><w c5="VVN" hw="return" pos="VERB">returned </w><w c5="PRP" hw="to" pos="PREP">to </w><w c5="NN1" hw="prison" pos="SUBST">prison </w><w c5="CJS-AVQ" hw="where" pos="CONJ">where </w><w c5="PNP" hw="she" pos="PRON">she </w><w c5="VM0" hw="will" pos="VERB">will </w><w c5="VHI" hw="have" pos="VERB">have </w><w c5="TO0" hw="to" pos="PREP">to </w><w c5="VVI" hw="perform" pos="VERB">perform </w><w c5="AJ0" hw="mindless" pos="ADJ">mindless </w><w c5="NN2" hw="trick" pos="SUBST">tricks </w><w c5="PRP" hw="for" pos="PREP">for </w><w c5="AT0" hw="the" pos="ART">the </w><w c5="NN1" hw="entertainment" pos="SUBST">entertainment </w><w c5="PRF" hw="of" pos="PREP">of </w><w c5="AJ0" hw="rouble-paying" pos="ADJ">rouble-paying </w><w c5="NN2" hw="human" pos="SUBST">humans</w><c c5="PUN">.</c></s></p><p>
<s n="50"><w c5="AV0" hw="however" pos="ADV">However</w><c c5="PUN">, </c><w c5="PNP" hw="she" pos="PRON">she </w><w c5="VM0" hw="can" pos="VERB">can </w><w c5="VVI" hw="rest" pos="VERB">rest </w><w c5="AJ0" hw="assured" pos="ADJ">assured </w><w c5="CJT" hw="that" pos="CONJ">that </w><w c5="PNP" hw="we" pos="PRON">we </w><w c5="VM0" hw="will" pos="VERB">will </w><w c5="XX0" hw="not" pos="ADV">not </w><w c5="VVI" hw="let" pos="VERB">let </w><w c5="AT0" hw="the" pos="ART">the </w><w c5="NN1" hw="matter" pos="SUBST">matter </w><w c5="VVI" hw="rest" pos="VERB">rest</w><c c5="PUN">.</c></s>
<s n="51"><w c5="EX0" hw="there" pos="PRON">There </w><w c5="VBZ" hw="be" pos="VERB">is </w><w c5="AT0" hw="a" pos="ART">a </w><w c5="AV0" hw="rapidly" pos="ADV">rapidly </w><w c5="AJ0" hw="growing" pos="ADJ">growing </w><w c5="NN1" hw="number" pos="SUBST">number </w><w c5="PRP" hw="in" pos="PREP">in </w><w c5="NP0" hw="britain" pos="SUBST">Britain </w><w c5="PNQ" hw="who" pos="PRON">who </w><w c5="VVB" hw="regard" pos="VERB">regard </w><w c5="NN2" hw="dolphin" pos="SUBST">dolphins </w><w c5="PRP" hw="in" pos="PREP">in </w><w c5="NN1" hw="captivity" pos="SUBST">captivity </w><w c5="CJS" hw="as" pos="CONJ">as </w><w c5="AJ0" hw="similar" pos="ADJ">similar </w><w c5="PRP" hw="to" pos="PREP">to </w><w c5="NN2" hw="human" pos="SUBST">humans </w><w c5="PRP" hw="in" pos="PREP">in </w><w c5="NN1" hw="slavery" pos="SUBST">slavery</w><c c5="PUN">.</c></s>
<s n="52"><w c5="CJS" hw="when" pos="CONJ">When </w><w c5="DT0" hw="such" pos="ADJ">such </w><w c5="NN1" hw="practice" pos="SUBST">practice </w><w c5="ORD" hw="first" pos="ADJ">first </w><w c5="VVD" hw="occur" pos="VERB">occurred </w><w c5="PNP" hw="it" pos="PRON">it </w><w c5="VM0" hw="could" pos="VERB">could </w><w c5="VBI" hw="be" pos="VERB">be </w><w c5="VVN" hw="justify" pos="VERB">justified</w><c c5="PUN">.</c></s>
<s n="53"><w c5="AV0" hw="now" pos="ADV">Now </w><w c5="PNP" hw="we" pos="PRON">we </w><w c5="VVB" hw="know" pos="VERB">know </w><w c5="AV0" hw="more" pos="ADV">more</w><c c5="PUN">, </c><w c5="PNP" hw="it" pos="PRON">it </w><w c5="VM0" hw="can" pos="VERB">can</w><w c5="XX0" hw="not" pos="ADV">not</w><c c5="PUN">, </c><w c5="CJC" hw="and" pos="CONJ">and </w><w c5="AV0" hw="therefore" pos="ADV">therefore </w><w c5="VM0" hw="must" pos="VERB">must </w><w c5="VBI" hw="be" pos="VERB">be </w><w c5="VVN" hw="stop" pos="VERB">stopped</w><c c5="PUN">.</c></s>
<s n="54"><w c5="AT0" hw="the" pos="ART">The </w><w c5="NN1" hw="spirit" pos="SUBST">spirit </w><w c5="CJT" hw="that" pos="CONJ">that </w><w c5="VVD-AJ0" hw="motivate" pos="VERB">motivated </w><w c5="NP0" hw="william" pos="SUBST">William </w><w c5="NP0" hw="wilberforce" pos="SUBST">Wilberforce </w><w c5="VBZ" hw="be" pos="VERB">is </w><w c5="AV0" hw="still" pos="ADV">still </w><w c5="AJ0" hw="alive" pos="ADJ">alive </w><w c5="PRP" hw="in" pos="PREP">in </w><w c5="NP0" hw="britain" pos="SUBST">Britain </w><w c5="AV0" hw="today" pos="ADV">today</w><c c5="PUN">.</c></s></p><p>
<s n="55"><w c5="NN2" hw="effort" pos="SUBST">Efforts </w><w c5="VM0" hw="will" pos="VERB">will </w><w c5="VVI" hw="continue" pos="VERB">continue </w><w c5="TO0" hw="to" pos="PREP">to </w><w c5="VBI" hw="be" pos="VERB">be </w><w c5="VVN" hw="make" pos="VERB">made </w><w c5="TO0" hw="to" pos="PREP">to </w><w c5="VVI" hw="set" pos="VERB">set </w><w c5="AJ0" hw="free" pos="ADJ">free </w><w c5="NN1" hw="brightness" pos="SUBST">Brightness </w><mw c5="PRP"><w c5="CJS" hw="as" pos="CONJ">as </w><w c5="AV0" hw="well" pos="ADV">well </w><w c5="CJS" hw="as" pos="CONJ">as </w></mw><w c5="DT0" hw="all" pos="ADJ">all </w><w c5="AT0" hw="the" pos="ART">the </w><w c5="AJ0" hw="other" pos="ADJ">other </w><w c5="NN2" hw="whale" pos="SUBST">whales </w><w c5="CJC" hw="and" pos="CONJ">and </w><w c5="NN2" hw="dolphin" pos="SUBST">dolphins </w><w c5="VVN-VVD" hw="condemn" pos="VERB">condemned </w><w c5="PRP" hw="to" pos="PREP">to </w><w c5="AT0" hw="a" pos="ART">a </w><w c5="NN1" hw="life" pos="SUBST">life </w><w c5="PRP" hw="in" pos="PREP">in </w><w c5="DTQ" hw="which" pos="PRON">which </w><w c5="PNP" hw="they" pos="PRON">they </w><w c5="VM0" hw="can" pos="VERB">can</w><w c5="XX0" hw="not" pos="ADV">not </w><w c5="VVI" hw="experience" pos="VERB">experience </w><w c5="AT0" hw="the" pos="ART">the </w><w c5="AJ0" hw="mental" pos="ADJ">mental </w><w c5="NN1" hw="stimulation" pos="SUBST">stimulation </w><w c5="CJT" hw="that" pos="CONJ">that </w><w c5="AV0" hw="only" pos="ADV">only </w><w c5="AT0" hw="the" pos="ART">the </w><w c5="NN2" hw="challenge" pos="SUBST">challenges </w><w c5="CJC" hw="and" pos="CONJ">and </w><w c5="NN2" hw="joy" pos="SUBST">joys </w><w c5="PRF" hw="of" pos="PREP">of </w><w c5="NN1" hw="life" pos="SUBST">life </w><w c5="PRP" hw="in" pos="PREP">in </w><w c5="AT0" hw="the" pos="ART">the </w><w c5="AJ0" hw="open" pos="ADJ">open </w><w c5="NN1" hw="ocean" pos="SUBST">ocean </w><w c5="VM0" hw="can" pos="VERB">can </w><w c5="VVI" hw="provide" pos="VERB">provide</w><c c5="PUN">.</c></s>
<s n="56"><w c5="NP0" hw="dr" pos="SUBST">Dr </w><w c5="NP0" hw="horace" pos="SUBST">HORACE </w><w c5="NP0" hw="dobbs" pos="SUBST">DOBBS </w><w c5="NN1" hw="north" pos="SUBST">North </w><w c5="NP0-NN1" hw="ferriby" pos="SUBST">Ferriby</w><c c5="PUN">, </c><w c5="NP0" hw="humberside" pos="SUBST">Humberside</w></s></p></div></wtext></bncDoc>
