<bncDoc xml:id="AJW"><teiHeader><fileDesc><titleStmt><title>  Daily Telegraph, electronic edition of 1992-04-11: Religious affairs stories. Sample containing about 836 words from a periodical (domain: belief and thought) </title><respStmt><resp> Data capture and transcription </resp><name> Oxford University Press </name> </respStmt></titleStmt><editionStmt><edition>BNC XML Edition, December 2006</edition></editionStmt><extent> 836 tokens; 845 w-units; 32 s-units </extent><publicationStmt><distributor>Distributed under licence by Oxford University Computing Services on behalf of the BNC Consortium.</distributor><availability> This material is protected by international copyright laws and may not be copied or redistributed in any way. Consult the BNC Web Site at http://www.natcorp.ox.ac.uk for full licencing and distribution conditions.</availability><idno type="bnc">AJW</idno><idno type="old"> DhBeli </idno></publicationStmt><sourceDesc><bibl><title>Daily Telegraph, electronic edition of 1992-04-11: Religious affairs stories.</title> <imprint n="DAILYT1"><publisher>The Daily Telegraph plc</publisher> <pubPlace>London</pubPlace> <date value="1992">1992</date> </imprint> </bibl></sourceDesc></fileDesc><encodingDesc><tagsDecl><namespace name=""><tagUsage gi="c" occurs="98"/><tagUsage gi="div" occurs="2"/><tagUsage gi="head" occurs="4"/><tagUsage gi="mw" occurs="5"/><tagUsage gi="p" occurs="13"/><tagUsage gi="s" occurs="32"/><tagUsage gi="w" occurs="845"/></namespace></tagsDecl></encodingDesc><profileDesc><creation date="1992"> </creation><textClass><catRef targets="WRI ALLTIM3 ALLAVA2 ALLTYP3 WRIAAG0 WRIAD0 WRIASE3 WRIATY2 WRIAUD3 WRIDOM8 WRILEV2 WRIMED2 WRIPP5 WRISAM0 WRISTA3 WRITAS3"/><classCode scheme="DLEE">W newsp brdsht nat: social</classCode><keywords><term> (none) </term></keywords></textClass></profileDesc><revisionDesc><change date="2006-10-21" who="#OUCS">Tag usage updated for BNC-XML</change><change date="2000-12-13" who="#OUCS">Last check for BNC World first release</change><change date="2000-09-06" who="#OUCS">Redo tagusage tables</change><change date="2000-09-01" who="#OUCS">Check all tagcounts</change><change date="2000-06-23" who="#OUCS">Resequenced s-units and added headers</change><change date="2000-01-21" who="#OUCS">Added date info</change><change date="2000-01-09" who="#OUCS">Updated all catrefs</change><change date="2000-01-08" who="#OUCS">Updated source title</change><change date="2000-01-08" who="#OUCS">Updated titles</change><change date="1999-12-25" who="#OUCS">corrected tagUsage</change><change date="1999-09-13" who="#UCREL">POS codes revised for BNC-2; header updated</change><change date="1994-11-24" who="#dominic">Initial accession to corpus</change></revisionDesc></teiHeader>
<wtext type="NEWS"><div level="1"><head type="MAIN">
<s n="1"><w c5="NN1" hw="meditation" pos="SUBST">Meditation</w><c c5="PUN">: </c><w c5="VVB-NN1" hw="weep" pos="VERB">Weep </w><w c5="PRP" hw="for" pos="PREP">for </w><w c5="AT0" hw="the" pos="ART">the </w><w c5="NN1" hw="world" pos="SUBST">world</w></s></head><head type="BYLINE">
<s n="2"><w c5="PRP" hw="by" pos="PREP">By </w><w c5="NN1" hw="bishop" pos="SUBST">BISHOP </w><w c5="NP0" hw="george" pos="SUBST">GEORGE </w><w c5="NP0" hw="appleton" pos="SUBST">APPLETON</w></s></head><p>
<s n="3"><w c5="AV0" hw="tomorrow" pos="ADV">TOMORROW</w><c c5="PUN">, </c><w c5="AT0" hw="the" pos="ART">the </w><w c5="NN1" hw="day" pos="SUBST">day </w><w c5="PRF" hw="of" pos="PREP">of </w><w c5="AT0" hw="the" pos="ART">the </w><w c5="NP0" hw="london" pos="SUBST">London </w><w c5="NP0" hw="marathon" pos="SUBST">Marathon</w><c c5="PUN">, </c><w c5="NN2" hw="christian" pos="SUBST">Christians </w><w c5="VM0" hw="will" pos="VERB">will </w><w c5="VVI" hw="think" pos="VERB">think </w><w c5="AV0" hw="also" pos="ADV">also </w><w c5="PRF" hw="of" pos="PREP">of </w><w c5="DT0" hw="another" pos="ADJ">another </w><w c5="AJ0" hw="crowded" pos="ADJ">crowded </w><w c5="NN1" hw="journey" pos="SUBST">journey </w><w c5="PRP" hw="into" pos="PREP">into </w><w c5="AT0" hw="the" pos="ART">the </w><w c5="NN1" hw="capital" pos="SUBST">capital </w><w c5="NN1" hw="city" pos="SUBST">city</w><c c5="PUN">, </c><w c5="AT0" hw="the" pos="ART">the </w><w c5="ORD" hw="last" pos="ADJ">last </w><w c5="NN1" hw="time" pos="SUBST">time </w><w c5="CJT" hw="that" pos="CONJ">that </w><w c5="NP0" hw="jesus" pos="SUBST">Jesus </w><w c5="VVD" hw="go" pos="VERB">went </w><mw c5="PRP"><w c5="AVP" hw="up" pos="ADV">up </w><w c5="PRP" hw="to" pos="PREP">to </w></mw><w c5="NP0" hw="jerusalem" pos="SUBST">Jerusalem </w><w c5="PRP" hw="with" pos="PREP">with </w><w c5="NN2" hw="pilgrim" pos="SUBST">pilgrims </w><w c5="PRP" hw="from" pos="PREP">from </w><w c5="NP0-NN1" hw="galilee" pos="SUBST">Galilee </w><w c5="TO0" hw="to" pos="PREP">to </w><w c5="VVI" hw="take" pos="VERB">take </w><w c5="NN1" hw="part" pos="SUBST">part </w><w c5="PRP" hw="in" pos="PREP">in </w><w c5="AT0" hw="the" pos="ART">the </w><w c5="NN1" hw="passover" pos="SUBST">Passover </w><w c5="NN1" hw="festival" pos="SUBST">festival</w><c c5="PUN">, </c><w c5="DTQ" hw="which" pos="PRON">which </w><w c5="VVD" hw="commemorate" pos="VERB">commemorated </w><w c5="AT0" hw="the" pos="ART">the </w><w c5="NN1" hw="escape" pos="SUBST">escape </w><w c5="PRF" hw="of" pos="PREP">of </w><w c5="DPS" hw="they" pos="PRON">their </w><w c5="NN2" hw="ancestor" pos="SUBST">ancestors </w><w c5="PRP" hw="from" pos="PREP">from </w><w c5="NN1" hw="slavery" pos="SUBST">slavery </w><w c5="PRP" hw="in" pos="PREP">in </w><w c5="VVG" hw="build" pos="VERB">building </w><w c5="AT0" hw="the" pos="ART">the </w><w c5="NN2" hw="pyramid" pos="SUBST">pyramids </w><w c5="PRF" hw="of" pos="PREP">of </w><w c5="NP0" hw="egypt" pos="SUBST">Egypt</w><c c5="PUN">.</c></s></p><p>
<s n="4"><w c5="PNP" hw="it" pos="PRON">It </w><w c5="VVZ" hw="seem" pos="VERB">seems </w><w c5="CJT" hw="that" pos="CONJ">that </w><w c5="NP0" hw="jesus" pos="SUBST">Jesus </w><w c5="PNX" hw="himself" pos="PRON">himself </w><w c5="VVD-VVN" hw="organise" pos="VERB">organised </w><w c5="DT0" hw="this" pos="ADJ">this </w><w c5="ORD" hw="last" pos="ADJ">last </w><w c5="NN1" hw="journey" pos="SUBST">journey</w><c c5="PUN">, </c><w c5="PRP" hw="from" pos="PREP">from </w><w c5="AT0" hw="the" pos="ART">the </w><w c5="NN1" hw="borrowing" pos="SUBST">borrowing </w><w c5="PRF" hw="of" pos="PREP">of </w><w c5="AT0" hw="a" pos="ART">a </w><w c5="NN1" hw="donkey" pos="SUBST">donkey </w><w c5="CJC" hw="and" pos="CONJ">and </w><w c5="DPS" hw="it" pos="PRON">its </w><w c5="NN1" hw="foal" pos="SUBST">foal </w><w c5="PRP" hw="to" pos="PREP">to </w><w c5="AT0" hw="the" pos="ART">the </w><w c5="AJ0" hw="challenging" pos="ADJ">challenging </w><w c5="NN1" hw="protest" pos="SUBST">protest </w><w c5="PRP" hw="against" pos="PREP">against </w><w c5="DTQ" hw="what" pos="PRON">what </w><w c5="VBD" hw="be" pos="VERB">was </w><w c5="VVG" hw="go" pos="VERB">going </w><w c5="AVP" hw="on" pos="ADV">on </w><w c5="PRP" hw="in" pos="PREP">in </w><w c5="AT0" hw="the" pos="ART">the </w><w c5="NP0-NN1" hw="temple" pos="SUBST">Temple </w><w c5="NN2" hw="court" pos="SUBST">courts</w><c c5="PUN">.</c></s>
<s n="5"><w c5="VVG" hw="ride" pos="VERB">Riding </w><w c5="AT0" hw="the" pos="ART">the </w><w c5="NN1" hw="donkey" pos="SUBST">donkey</w><c c5="PUN">, </c><w c5="AT0" hw="a" pos="ART">a </w><w c5="AJ0" hw="humble" pos="ADJ">humble </w><w c5="AJ0" hw="domestic" pos="ADJ">domestic </w><w c5="NN1" hw="animal" pos="SUBST">animal</w><c c5="PUN">, </c><mw c5="PRP"><w c5="AV0" hw="rather" pos="ADV">rather </w><w c5="CJS" hw="than" pos="CONJ">than </w></mw><w c5="AT0" hw="a" pos="ART">a </w><w c5="NN1" hw="horse" pos="SUBST">horse</w><c c5="PUN">, </c><w c5="AT0" hw="the" pos="ART">the </w><w c5="NN1" hw="symbol" pos="SUBST">symbol </w><w c5="PRF" hw="of" pos="PREP">of </w><w c5="NN1" hw="importance" pos="SUBST">importance </w><w c5="CJC" hw="and" pos="CONJ">and </w><w c5="NN1" hw="power" pos="SUBST">power</w><c c5="PUN">, </c><w c5="AT0" hw="the" pos="ART">the </w><w c5="NN1" hw="meaning" pos="SUBST">meaning </w><w c5="VBD" hw="be" pos="VERB">was </w><w c5="VVN" hw="make" pos="VERB">made </w><w c5="AV0" hw="even" pos="ADV">even </w><w c5="AV0" hw="more" pos="ADV">more </w><w c5="AJ0" hw="obvious" pos="ADJ">obvious </w><w c5="PRP" hw="by" pos="PREP">by </w><w c5="AT0" hw="the" pos="ART">the </w><w c5="AJ0" hw="little" pos="ADJ">little </w><w c5="NN1" hw="foal" pos="SUBST">foal </w><w c5="VVG" hw="trot" pos="VERB">trotting </w><w c5="AV0" hw="happily" pos="ADV">happily </w><w c5="PRP" hw="beside" pos="PREP">beside </w><w c5="DPS" hw="it" pos="PRON">its </w><w c5="NN1" hw="mother" pos="SUBST">mother</w><c c5="PUN">.</c></s>
<s n="6"><w c5="AJ0-VVG" hw="preceding" pos="ADJ">Preceding </w><w c5="VBD" hw="be" pos="VERB">were </w><w c5="AT0" hw="the" pos="ART">the </w><w c5="CRD" hw="12" pos="ADJ">12 </w><w c5="NN2" hw="apostle" pos="SUBST">apostles</w><c c5="PUN">, </c><w c5="TO0" hw="to" pos="PREP">to </w><w c5="VVI" hw="signify" pos="VERB">signify </w><w c5="AT0" hw="the" pos="ART">the </w><w c5="CRD" hw="12" pos="ADJ">12 </w><w c5="NN2" hw="tribe" pos="SUBST">tribes</w><c c5="PUN">.</c></s></p><p>
<s n="7"><w c5="AT0" hw="the" pos="ART">The </w><w c5="NN1" hw="approach" pos="SUBST">approach </w><w c5="PRP" hw="to" pos="PREP">to </w><w c5="AT0" hw="the" pos="ART">the </w><w c5="NN1" hw="city" pos="SUBST">city </w><w c5="PRP" hw="with" pos="PREP">with </w><w c5="AT0" hw="the" pos="ART">the </w><w c5="NN1-AJ0" hw="scriptural" pos="SUBST">scriptural </w><w c5="VVZ-NN2" hw="shout" pos="VERB">shouts </w><w c5="AV0" hw="evidently" pos="ADV">evidently </w><w c5="VVD-VVN" hw="attract" pos="VERB">attracted </w><w c5="AT0" hw="the" pos="ART">the </w><w c5="NN1" hw="attention" pos="SUBST">attention </w><w c5="PRF" hw="of" pos="PREP">of </w><w c5="AT0" hw="the" pos="ART">the </w><w c5="NN1" hw="passover" pos="SUBST">Passover </w><w c5="NN2" hw="crowd" pos="SUBST">crowds </w><w c5="AV0" hw="already" pos="ADV">already </w><w c5="PRP" hw="in" pos="PREP">in </w><w c5="AT0" hw="the" pos="ART">the </w><w c5="NN1" hw="city" pos="SUBST">city</w><c c5="PUN">, </c><mw c5="PRP"><w c5="CJS" hw="as" pos="CONJ">as </w><w c5="AV0" hw="well" pos="ADV">well </w><w c5="CJS" hw="as" pos="CONJ">as </w></mw><w c5="AT0" hw="the" pos="ART">the </w><w c5="NN1" hw="disapproval" pos="SUBST">disapproval </w><w c5="PRF" hw="of" pos="PREP">of </w><w c5="AT0" hw="the" pos="ART">the </w><w c5="AJ0" hw="religious" pos="ADJ">religious </w><w c5="NN2" hw="leader" pos="SUBST">leaders </w><w c5="PRF" hw="of" pos="PREP">of </w><w c5="AT0" hw="the" pos="ART">the </w><w c5="NN1" hw="nation" pos="SUBST">nation</w><c c5="PUN">, </c><w c5="PRP" hw="to" pos="PREP">to </w><w c5="DTQ" hw="whose" pos="PRON">whose </w><w c5="AJ0" hw="critical" pos="ADJ">critical </w><w c5="NN2" hw="remark" pos="SUBST">remarks </w><w c5="NP0" hw="jesus" pos="SUBST">Jesus </w><w c5="VVD" hw="retort" pos="VERB">retorted</w><c c5="PUN">: </c><c c5="PUQ">‘</c><w c5="CJS" hw="if" pos="CONJ">If </w><w c5="DT0" hw="these" pos="ADJ">these </w><w c5="VM0" hw="should" pos="VERB">should </w><w c5="VBI" hw="be" pos="VERB">be </w><w c5="AJ0" hw="silent" pos="ADJ">silent </w><w c5="AV0" hw="even" pos="ADV">even </w><w c5="AT0" hw="the" pos="ART">the </w><w c5="AJ0" hw="huge" pos="ADJ">huge </w><w c5="NN2" hw="stone" pos="SUBST">stones </w><w c5="PRF" hw="of" pos="PREP">of </w><w c5="AT0" hw="the" pos="ART">the </w><w c5="NP0-NN1" hw="temple" pos="SUBST">Temple </w><w c5="NN2" hw="wall" pos="SUBST">walls </w><w c5="VM0" hw="would" pos="VERB">would </w><w c5="VVI" hw="cry" pos="VERB">cry </w><w c5="AVP" hw="out" pos="ADV">out</w><c c5="PUN">.</c><c c5="PUQ">’</c></s></p><p>
<s n="8"><w c5="AT0" hw="the" pos="ART">The </w><w c5="NN1" hw="route" pos="SUBST">route </w><w c5="VVN" hw="take" pos="VERB">taken </w><w c5="PRP" hw="into" pos="PREP">into </w><w c5="AT0" hw="the" pos="ART">the </w><w c5="NN1" hw="city" pos="SUBST">city </w><w c5="VBD" hw="be" pos="VERB">was </w><w c5="XX0" hw="not" pos="ADV">not </w><w c5="AT0" hw="the" pos="ART">the </w><w c5="AJS" hw="short" pos="ADJ">shortest </w><w c5="NN1" hw="way" pos="SUBST">way </w><w c5="PRP" hw="from" pos="PREP">from </w><w c5="NP0-NN1" hw="bethany" pos="SUBST">Bethany</w><c c5="PUN">, </c><w c5="CJC" hw="but" pos="CONJ">but </w><w c5="PRP" hw="over" pos="PREP">over </w><w c5="AT0" hw="the" pos="ART">the </w><w c5="NN1" hw="shoulder" pos="SUBST">shoulder </w><w c5="PRF" hw="of" pos="PREP">of </w><w c5="AT0" hw="the" pos="ART">the </w><w c5="NN1" hw="mount" pos="SUBST">Mount </w><w c5="PRF" hw="of" pos="PREP">of </w><w c5="NN2" hw="olive" pos="SUBST">Olives</w><c c5="PUN">.</c></s>
<s n="9"><w c5="CJS" hw="when" pos="CONJ">When </w><w c5="PNP" hw="they" pos="PRON">they </w><w c5="VVD" hw="reach" pos="VERB">reached </w><w c5="AT0" hw="the" pos="ART">the </w><w c5="ORD" hw="first" pos="ADJ">first </w><w c5="NN1" hw="sight" pos="SUBST">sight </w><w c5="PRF" hw="of" pos="PREP">of </w><w c5="AT0" hw="the" pos="ART">the </w><w c5="NN1" hw="city" pos="SUBST">city</w><c c5="PUN">, </c><w c5="PNP" hw="it" pos="PRON">it </w><w c5="VBZ" hw="be" pos="VERB">is </w><w c5="VVN" hw="record" pos="VERB">recorded</w><c c5="PUN">, </c><w c5="NP0" hw="jesus" pos="SUBST">Jesus </w><w c5="VVD" hw="weep" pos="VERB">wept</w><c c5="PUN">, </c><w c5="VVG" hw="exclaim" pos="VERB">exclaiming</w><c c5="PUN">: </c><c c5="PUQ">‘</c><w c5="ITJ" hw="o" pos="INTERJ">O</w><c c5="PUN">, </c><w c5="NP0" hw="jerusalem" pos="SUBST">Jerusalem</w><c c5="PUN">, </c><w c5="NP0" hw="jerusalem" pos="SUBST">Jerusalem</w><c c5="PUN">, </c><w c5="AVQ" hw="how" pos="ADV">how </w><w c5="AV0" hw="often" pos="ADV">often </w><w c5="VM0" hw="would" pos="VERB">would </w><w c5="PNP" hw="i" pos="PRON">I </w><w c5="VHI" hw="have" pos="VERB">have </w><w c5="VVN" hw="gather" pos="VERB">gathered </w><w c5="DPS" hw="thou" pos="PRON">thy </w><w c5="NN2" hw="child" pos="SUBST">children</w><c c5="PUN">, </c><w c5="CJS-PRP" hw="as" pos="CONJ">as </w><w c5="AT0" hw="a" pos="ART">a </w><w c5="NN1" hw="hen" pos="SUBST">hen </w><w c5="VVZ" hw="gather" pos="VERB">gathers </w><w c5="DPS" hw="she" pos="PRON">her </w><w c5="NN2" hw="chick" pos="SUBST">chicks </w><w c5="PRP" hw="under" pos="PREP">under </w><w c5="DPS" hw="she" pos="PRON">her </w><w c5="NN2" hw="wing" pos="SUBST">wings</w><c c5="PUN">, </c><w c5="CJC" hw="and" pos="CONJ">and </w><w c5="PNP" hw="you" pos="PRON">ye </w><w c5="VM0" hw="would" pos="VERB">would </w><w c5="XX0" hw="not" pos="ADV">not</w><c c5="PUN">.</c><c c5="PUQ">’</c></s></p><p>
<s n="10"><w c5="NP0" hw="jesus" pos="SUBST">Jesus </w><w c5="PRP" hw="in" pos="PREP">in </w><w c5="DPS" hw="he" pos="PRON">his </w><w c5="AJ0" hw="risen" pos="ADJ">Risen </w><w c5="VBG" hw="be" pos="VERB">Being </w><w c5="NN1" hw="will" pos="SUBST">will </w><w c5="AV0" hw="still" pos="ADV">still </w><w c5="VBI" hw="be" pos="VERB">be </w><w c5="VVN" hw="grieve" pos="VERB">grieved </w><w c5="PRP" hw="by" pos="PREP">by </w><w c5="DT0" hw="all" pos="ADJ">all </w><w c5="AT0" hw="the" pos="ART">the </w><w c5="NN2" hw="tragedy" pos="SUBST">tragedies</w><c c5="PUN">, </c><w c5="NN2" hw="injustice" pos="SUBST">injustices </w><w c5="CJC" hw="and" pos="CONJ">and </w><w c5="AJ0" hw="selfish" pos="ADJ">selfish </w><w c5="NN2" hw="motivation" pos="SUBST">motivations </w><w c5="PRF" hw="of" pos="PREP">of </w><w c5="AT0" hw="the" pos="ART">the </w><w c5="NN1" hw="world" pos="SUBST">world</w><c c5="PUN">.</c></s>
<s n="11"><w c5="NP0" hw="cardinal" pos="SUBST">Cardinal </w><w c5="NP0" hw="basil" pos="SUBST">Basil </w><w c5="NP0-NN1" hw="hume" pos="SUBST">Hume </w><w c5="VBZ" hw="be" pos="VERB">is </w><w c5="AJ0" hw="untiring" pos="ADJ">untiring </w><w c5="PRP" hw="in" pos="PREP">in </w><w c5="DPS" hw="he" pos="PRON">his </w><w c5="NN1" hw="reminder" pos="SUBST">reminder </w><w c5="CJT" hw="that" pos="CONJ">that </w><w c5="CRD" hw="12" pos="ADJ">12 </w><w c5="CRD" hw="million" pos="ADJ">million </w><w c5="NN2" hw="child" pos="SUBST">children </w><w c5="AV0" hw="under" pos="ADV">under </w><w c5="CRD" hw="five" pos="ADJ">five </w><w c5="VVB" hw="die" pos="VERB">die </w><w c5="AT0" hw="every" pos="ART">every </w><w c5="NN1" hw="year" pos="SUBST">year </w><w c5="PRP" hw="from" pos="PREP">from </w><w c5="NN1" hw="hunger" pos="SUBST">hunger </w><w c5="CJC" hw="and" pos="CONJ">and </w><w c5="NN1" hw="disease" pos="SUBST">disease</w><c c5="PUN">.</c></s>
<s n="12"><w c5="PNP" hw="we" pos="PRON">We </w><w c5="VBB" hw="be" pos="VERB">are </w><w c5="VVN" hw="tell" pos="VERB">told </w><w c5="CJT" hw="that" pos="CONJ">that </w><w c5="AT0" hw="the" pos="ART">the </w><w c5="AJ0" hw="global" pos="ADJ">global </w><w c5="AJ0" hw="military" pos="ADJ">military </w><w c5="NN1" hw="expenditure" pos="SUBST">expenditure </w><w c5="AT0" hw="every" pos="ART">every </w><w c5="NN1" hw="year" pos="SUBST">year </w><w c5="VVZ" hw="amount" pos="VERB">amounts </w><w c5="PRP" hw="to" pos="PREP">to </w><w c5="NN0" hw="£235,000" pos="UNC">£235,000 </w><w c5="CRD" hw="million" pos="ADJ">million</w><c c5="PUN">, </c><w c5="AV0" hw="twice" pos="ADV">twice </w><w c5="AV0" hw="as" pos="ADV">as </w><w c5="DT0" hw="much" pos="ADJ">much </w><w c5="CJS" hw="as" pos="CONJ">as </w><w c5="AT0" hw="the" pos="ART">the </w><w c5="NN2" hw="nation" pos="SUBST">nations </w><w c5="VVB" hw="spend" pos="VERB">spend </w><w c5="PRP-AVP" hw="on" pos="PREP">on </w><w c5="NN1" hw="health" pos="SUBST">health</w><c c5="PUN">, </c><w c5="CJC" hw="and" pos="CONJ">and </w><w c5="AV0" hw="half" pos="ADV">half </w><w c5="AV0" hw="as" pos="ADV">as </w><w c5="AV0" hw="much" pos="ADV">much </w><w c5="AV0" hw="again" pos="ADV">again </w><w c5="CJS" hw="as" pos="CONJ">as </w><w c5="PNP" hw="they" pos="PRON">they </w><w c5="VVB" hw="spend" pos="VERB">spend </w><w c5="PRP-AVP" hw="on" pos="PREP">on </w><w c5="NN1" hw="education" pos="SUBST">education</w><c c5="PUN">.</c></s>
<s n="13"><w c5="PNI" hw="one" pos="PRON">One </w><w c5="VBZ" hw="be" pos="VERB">is </w><w c5="AJ0" hw="dismayed" pos="ADJ">dismayed </w><w c5="TO0" hw="to" pos="PREP">to </w><w c5="VVI" hw="learn" pos="VERB">learn </w><w c5="CJT" hw="that" pos="CONJ">that </w><w c5="CRD" hw="3,000" pos="ADJ">3,000 </w><w c5="CRD" hw="million" pos="ADJ">million </w><w c5="VDB" hw="do" pos="VERB">do </w><w c5="XX0" hw="not" pos="ADV">not </w><w c5="VVI" hw="get" pos="VERB">get </w><w c5="AJ0" hw="pure" pos="ADJ">pure </w><w c5="NN1" hw="drinking" pos="SUBST">drinking </w><w c5="NN1" hw="water" pos="SUBST">water </w><w c5="CJC" hw="and" pos="CONJ">and </w><w c5="AV0" hw="so" pos="ADV">so </w><w c5="VBB" hw="be" pos="VERB">are </w><w c5="AV0" hw="too" pos="ADV">too </w><w c5="AJ0" hw="weak" pos="ADJ">weak </w><w c5="TO0" hw="to" pos="PREP">to </w><w c5="VVI" hw="undertake" pos="VERB">undertake </w><w c5="AT0" hw="the" pos="ART">the </w><w c5="NN1" hw="work" pos="SUBST">work </w><w c5="AJ0" hw="necessary" pos="ADJ">necessary </w><w c5="TO0" hw="to" pos="PREP">to </w><w c5="VVI" hw="grow" pos="VERB">grow </w><w c5="DT0" hw="more" pos="ADJ">more </w><w c5="NN1" hw="food" pos="SUBST">food</w><c c5="PUN">.</c></s>
<s n="14"><w c5="CRD" hw="one" pos="ADJ">One </w><w c5="ORD" hw="last" pos="ADJ">last </w><w c5="AJ0" hw="shattering" pos="ADJ">shattering </w><w c5="NN1" hw="figure" pos="SUBST">figure </w><w c5="VBZ" hw="be" pos="VERB">is </w><w c5="CJT" hw="that" pos="CONJ">that </w><w c5="CRD" hw="700" pos="ADJ">700 </w><w c5="CRD" hw="million" pos="ADJ">million </w><w c5="NN2" hw="adult" pos="SUBST">adults </w><w c5="VM0" hw="can" pos="VERB">can</w><w c5="XX0" hw="not" pos="ADV">not </w><w c5="VVI" hw="read" pos="VERB">read </w><w c5="CJC" hw="or" pos="CONJ">or </w><w c5="VVI" hw="write" pos="VERB">write </w><w c5="CJC" hw="and" pos="CONJ">and </w><w c5="CRD" hw="250" pos="ADJ">250 </w><w c5="CRD" hw="million" pos="ADJ">million </w><w c5="NN2" hw="child" pos="SUBST">children </w><w c5="AV0" hw="under" pos="ADV">under </w><w c5="CRD" hw="14" pos="ADJ">14 </w><w c5="VDB" hw="do" pos="VERB">do </w><w c5="XX0" hw="not" pos="ADV">not </w><w c5="VVI" hw="attend" pos="VERB">attend </w><w c5="NN1" hw="school" pos="SUBST">school</w><c c5="PUN">.</c></s></p><p>
<s n="15"><w c5="TO0" hw="to" pos="PREP">To </w><w c5="VVI" hw="remedy" pos="VERB">remedy </w><w c5="DT0" hw="these" pos="ADJ">these </w><w c5="AJ0" hw="distressing" pos="ADJ">distressing </w><w c5="NN2" hw="condition" pos="SUBST">conditions</w><c c5="PUN">, </c><w c5="NP0" hw="uno" pos="SUBST">UNO </w><w c5="VHZ" hw="have" pos="VERB">has </w><w c5="VVN" hw="calculate" pos="VERB">calculated </w><w c5="CJT" hw="that" pos="CONJ">that </w><w c5="CJS" hw="if" pos="CONJ">if </w><w c5="AT0" hw="every" pos="ART">every </w><w c5="NN1" hw="country" pos="SUBST">country</w><c c5="PUN">, </c><w c5="AJ0" hw="rich" pos="ADJ">rich </w><w c5="CJC" hw="and" pos="CONJ">and </w><w c5="AJ0" hw="poor" pos="ADJ">poor</w><c c5="PUN">, </c><w c5="VVD" hw="give" pos="VERB">gave </w><w c5="CRD" hw="0.7" pos="ADJ">0.7 </w><mw c5="NN0"><w c5="UNC" hw="per" pos="UNC">per </w><w c5="UNC" hw="cent" pos="UNC">cent </w></mw><w c5="PRF" hw="of" pos="PREP">of </w><w c5="DPS" hw="it" pos="PRON">its </w><w c5="AJ0" hw="gross" pos="ADJ">gross </w><w c5="AJ0" hw="national" pos="ADJ">national </w><w c5="NN1" hw="product" pos="SUBST">product</w><c c5="PUN">, </c><w c5="NN1" hw="world" pos="SUBST">world </w><w c5="NN1" hw="poverty" pos="SUBST">poverty </w><w c5="VM0" hw="could" pos="VERB">could </w><w c5="VBI" hw="be" pos="VERB">be </w><w c5="VVN" hw="banish" pos="VERB">banished </w><w c5="PRP" hw="in" pos="PREP">in </w><w c5="AT0" hw="a" pos="ART">a </w><w c5="NN1" hw="generation" pos="SUBST">generation</w><c c5="PUN">.</c></s>
<s n="16"><w c5="VHG" hw="have" pos="VERB">Having </w><w c5="VVN" hw="live" pos="VERB">lived </w><w c5="PRP" hw="for" pos="PREP">for </w><w c5="CRD" hw="20" pos="ADJ">20 </w><w c5="NN2" hw="year" pos="SUBST">years </w><w c5="PRP" hw="in" pos="PREP">in </w><w c5="AT0" hw="a" pos="ART">a </w><w c5="NN1" hw="country" pos="SUBST">country </w><w c5="PRP" hw="in" pos="PREP">in </w><w c5="DTQ" hw="which" pos="PRON">which </w><w c5="AT0" hw="the" pos="ART">the </w><w c5="AJ0" hw="dominant" pos="ADJ">dominant </w><w c5="NN1" hw="religion" pos="SUBST">religion </w><w c5="VBD" hw="be" pos="VERB">was </w><w c5="NN1" hw="buddhism" pos="SUBST">Buddhism</w><c c5="PUN">, </c><w c5="PNP" hw="i" pos="PRON">I </w><w c5="VVB" hw="thank" pos="VERB">thank </w><w c5="NP0" hw="god" pos="SUBST">God </w><w c5="PRP" hw="for" pos="PREP">for </w><w c5="AT0" hw="the" pos="ART">the </w><w c5="NP0" hw="buddha" pos="SUBST">Buddha</w><w c5="POS" hw="'s" pos="UNC">'s </w><w c5="NN1" hw="inspiration" pos="SUBST">inspiration</w><c c5="PUN">: </c><c c5="PUQ">‘</c><w c5="AV0" hw="now" pos="ADV">Now </w><w c5="VM0" hw="may" pos="VERB">may </w><w c5="AT0" hw="every" pos="ART">every </w><w c5="AJ0-NN1" hw="living" pos="ADJ">living </w><w c5="NN1" hw="being" pos="SUBST">being</w><c c5="PUN">, </c><w c5="AJ0" hw="young" pos="ADJ">young </w><w c5="CJC" hw="or" pos="CONJ">or </w><w c5="AJ0" hw="old" pos="ADJ">old</w><c c5="PUN">, </c><w c5="AJ0" hw="weak" pos="ADJ">weak </w><w c5="CJC" hw="or" pos="CONJ">or </w><w c5="AJ0" hw="strong" pos="ADJ">strong</w><c c5="PUN">, </c><w c5="VVG" hw="live" pos="VERB">living </w><w c5="AV0" hw="near" pos="ADV">near </w><w c5="CJC" hw="or" pos="CONJ">or </w><w c5="AV0-AJ0" hw="far" pos="ADV">far</w><c c5="PUN">, </c><w c5="VVN-AJ0" hw="know" pos="VERB">known </w><w c5="CJC" hw="or" pos="CONJ">or </w><w c5="AJ0" hw="unknown" pos="ADJ">unknown</w><c c5="PUN">, </c><w c5="VVG-NN1" hw="live" pos="VERB">living </w><w c5="CJC" hw="or" pos="CONJ">or </w><w c5="VVD-VVN" hw="depart" pos="VERB">departed </w><w c5="CJC" hw="or" pos="CONJ">or </w><w c5="AV0" hw="yet" pos="ADV">yet </w><w c5="AJ0" hw="unborn" pos="ADJ">unborn</w><c c5="PUN">, </c><w c5="VM0" hw="may" pos="VERB">may </w><w c5="AT0" hw="every" pos="ART">every </w><w c5="AJ0" hw="living" pos="ADJ">living </w><w c5="NN1" hw="thing" pos="SUBST">thing </w><w c5="VBI" hw="be" pos="VERB">be </w><w c5="AJ0" hw="full" pos="ADJ">full </w><w c5="PRF" hw="of" pos="PREP">of </w><w c5="NN1" hw="bliss" pos="SUBST">bliss</w><c c5="PUN">.</c><c c5="PUQ">’</c></s></p></div><div level="1"><head type="MAIN">
<s n="17"><w c5="NN1" hw="way" pos="SUBST">Way </w><w c5="PRF" hw="of" pos="PREP">of </w><w c5="AT0" hw="the" pos="ART">the </w><w c5="NN1" hw="world" pos="SUBST">World</w><c c5="PUN">: </c><w c5="VVB" hw="keep" pos="VERB">Keep </w><w c5="PNP" hw="they" pos="PRON">them </w><w c5="VVG" hw="move" pos="VERB">moving</w></s></head><head type="BYLINE">
<s n="18"><w c5="PRP" hw="by" pos="PREP">By </w><w c5="NP0" hw="auberon" pos="SUBST">AUBERON </w><w c5="NP0" hw="waugh" pos="SUBST">WAUGH</w></s></head><p>
<s n="19"><w c5="AT0" hw="a" pos="ART">A </w><w c5="NN1-VVB" hw="despatch" pos="SUBST">DESPATCH </w><w c5="PRP" hw="from" pos="PREP">from </w><w c5="NP0" hw="rome" pos="SUBST">Rome </w><w c5="PRP" hw="in" pos="PREP">in </w><w c5="NP0" hw="thursday" pos="SUBST">Thursday</w><w c5="POS" hw="'s" pos="UNC">'s </w><w c5="NN1" hw="newspaper" pos="SUBST">newspaper </w><w c5="VVD" hw="seem" pos="VERB">seemed </w><w c5="TO0" hw="to" pos="PREP">to </w><w c5="VVI" hw="tell" pos="VERB">tell </w><w c5="PNP" hw="we" pos="PRON">us </w><w c5="CJT" hw="that" pos="CONJ">that </w><w c5="AT0" hw="the" pos="ART">the </w><w c5="NN1-NP0" hw="pope" pos="SUBST">Pope </w><w c5="VHZ" hw="have" pos="VERB">has </w><w c5="VBN" hw="be" pos="VERB">been </w><w c5="VVG" hw="urge" pos="VERB">urging </w><w c5="NN1" hw="sex" pos="SUBST">sex </w><w c5="NN1" hw="education" pos="SUBST">education </w><w c5="PRP" hw="for" pos="PREP">for </w><w c5="NN2" hw="priest" pos="SUBST">priests</w><c c5="PUN">.</c></s>
<s n="20"><w c5="PNP" hw="we" pos="PRON">We </w><w c5="VM0" hw="can" pos="VERB">can </w><w c5="AV0" hw="only" pos="ADV">only </w><w c5="VVI" hw="hope" pos="VERB">hope </w><w c5="CJT" hw="that" pos="CONJ">that </w><w c5="AT0" hw="the" pos="ART">the </w><w c5="NN1" hw="message" pos="SUBST">message </w><w c5="VBD" hw="be" pos="VERB">was </w><w c5="VVN-AJ0" hw="garble" pos="VERB">garbled </w><w c5="PRP" hw="in" pos="PREP">in </w><w c5="NN1" hw="transmission" pos="SUBST">transmission</w><c c5="PUN">, </c><w c5="CJC" hw="or" pos="CONJ">or </w><w c5="AV0" hw="possibly" pos="ADV">possibly </w><w c5="PRP" hw="in" pos="PREP">in </w><w c5="NN1" hw="translation" pos="SUBST">translation </w><w c5="PRP" hw="from" pos="PREP">from </w><w c5="AT0" hw="the" pos="ART">the </w><w c5="NN1" hw="italian" pos="SUBST">Italian </w><c c5="PUN">— </c><w c5="AT0" hw="a" pos="ART">a </w><w c5="AV0" hw="much" pos="ADV">much </w><w c5="AV0" hw="more" pos="ADV">more </w><w c5="AJ0" hw="difficult" pos="ADJ">difficult </w><w c5="NN1" hw="language" pos="SUBST">language </w><w c5="CJS" hw="than" pos="CONJ">than </w><w c5="DT0" hw="many" pos="ADJ">many </w><w c5="VVB" hw="seem" pos="VERB">seem </w><w c5="AJ0-VVN" hw="prepared" pos="ADJ">prepared </w><w c5="TO0" hw="to" pos="PREP">to </w><w c5="VVI" hw="believe" pos="VERB">believe</w><c c5="PUN">.</c></s></p><p>
<s n="21"><w c5="AT0" hw="the" pos="ART">The </w><w c5="NN1" hw="message" pos="SUBST">message </w><w c5="VBZ" hw="be" pos="VERB">is </w><w c5="AV0" hw="apparently" pos="ADV">apparently </w><w c5="VVN" hw="contain" pos="VERB">contained </w><w c5="PRP" hw="in" pos="PREP">in </w><w c5="AT0" hw="a" pos="ART">a </w><w c5="AJ0" hw="220-page" pos="ADJ">220-page </w><w c5="AJ0" hw="apostolic" pos="ADJ">apostolic </w><w c5="NN1" hw="exhortation" pos="SUBST">exhortation </w><w c5="PRP" hw="to" pos="PREP">to </w><w c5="AT0" hw="the" pos="ART">the </w><w c5="NN2" hw="clergy" pos="SUBST">clergy</w><c c5="PUN">, </c><w c5="DT0" hw="most" pos="ADJ">most </w><w c5="PRF" hw="of" pos="PREP">of </w><w c5="DTQ" hw="which" pos="PRON">which </w><w c5="VBZ" hw="be" pos="VERB">is </w><w c5="AJ0" hw="uncontentious" pos="ADJ">uncontentious</w><c c5="PUN">: </c><w c5="NN2" hw="priest" pos="SUBST">priests </w><w c5="VM0" hw="must" pos="VERB">must </w><w c5="VBI" hw="be" pos="VERB">be </w><w c5="AJ0" hw="ascetic" pos="ADJ">ascetic </w><w c5="CJC" hw="and" pos="CONJ">and </w><w c5="AJ0" hw="chaste" pos="ADJ">chaste </w><mw c5="PRP"><w c5="CJS" hw="as" pos="CONJ">as </w><w c5="AV0" hw="well" pos="ADV">well </w><w c5="CJS" hw="as" pos="CONJ">as </w></mw><w c5="AJ0" hw="celibate" pos="ADJ">celibate</w><c c5="PUN">, </c><w c5="VVG" hw="take" pos="VERB">taking </w><w c5="AT0" hw="a" pos="ART">a </w><w c5="AJ0" hw="keen" pos="ADJ">keen </w><w c5="CJC" hw="and" pos="CONJ">and </w><w c5="AJ0" hw="benevolent" pos="ADJ">benevolent </w><w c5="NN1" hw="interest" pos="SUBST">interest </w><w c5="PRP" hw="in" pos="PREP">in </w><w c5="AT0" hw="the" pos="ART">the </w><w c5="AJ0" hw="poor" pos="ADJ">poor </w><w c5="CJC" hw="and" pos="CONJ">and </w><w c5="PRP" hw="in" pos="PREP">in </w><w c5="NN2" hw="sinner" pos="SUBST">sinners</w><c c5="PUN">, </c><w c5="PNQ" hw="who" pos="PRON">who </w><w c5="VBB" hw="be" pos="VERB">are </w><w c5="AT0" hw="the" pos="ART">the </w><w c5="AJ0" hw="poor" pos="ADJ">poor </w><w c5="PRP" hw="in" pos="PREP">in </w><w c5="NN1" hw="spirit" pos="SUBST">spirit</w><c c5="PUN">.</c></s></p><p>
<s n="22"><w c5="CJC" hw="but" pos="CONJ">But </w><w c5="VBZ" hw="be" pos="VERB">is </w><w c5="PNP" hw="it" pos="PRON">it </w><w c5="AV0" hw="really" pos="ADV">really </w><w c5="AT0" hw="a" pos="ART">a </w><w c5="AJ0" hw="good" pos="ADJ">good </w><w c5="NN1" hw="idea" pos="SUBST">idea </w><w c5="CJT" hw="that" pos="CONJ">that </w><w c5="NN2" hw="student" pos="SUBST">students </w><w c5="VM0" hw="should" pos="VERB">should </w><w c5="VBI" hw="be" pos="VERB">be </w><w c5="VVN" hw="teach" pos="VERB">taught </w><w c5="PRP" hw="about" pos="PREP">about </w><w c5="NN1" hw="sex" pos="SUBST">sex </w><w c5="PRP" hw="in" pos="PREP">in </w><w c5="NN2" hw="seminary" pos="SUBST">seminaries</w><c c5="PUN">?</c></s>
<s n="23"><w c5="AT0" hw="the" pos="ART">The </w><w c5="NN1" hw="idea" pos="SUBST">idea </w><w c5="VVZ" hw="seem" pos="VERB">seems </w><w c5="TO0" hw="to" pos="PREP">to </w><w c5="VBI" hw="be" pos="VERB">be </w><w c5="CJT" hw="that" pos="CONJ">that </w><w c5="CJS" hw="if" pos="CONJ">if </w><w c5="NN2" hw="priest" pos="SUBST">priests </w><w c5="VBB" hw="be" pos="VERB">are </w><w c5="VVN" hw="give" pos="VERB">given </w><w c5="AT0" hw="a" pos="ART">a </w><c c5="PUQ">‘</c><w c5="AV0" hw="properly" pos="ADV">properly </w><w c5="VVN-VVD" hw="inform" pos="VERB">informed </w><w c5="AJ0" hw="sexual" pos="ADJ">sexual </w><w c5="NN1" hw="education" pos="SUBST">education</w><c c5="PUQ">’ </c><w c5="DT0" hw="this" pos="ADJ">this </w><w c5="VM0" hw="will" pos="VERB">will </w><w c5="VVI" hw="prevent" pos="VERB">prevent </w><w c5="DPS" hw="they" pos="PRON">their </w><c c5="PUQ">‘</c><w c5="NN1" hw="love" pos="SUBST">love </w><w c5="PRF" hw="of" pos="PREP">of </w><w c5="NN1" hw="chastity" pos="SUBST">chastity</w><c c5="PUQ">’</c><w c5="VBG" hw="be" pos="VERB">being </w><w c5="VVN" hw="displace" pos="VERB">displaced </w><w c5="PRP" hw="by" pos="PREP">by </w><w c5="AT0" hw="the" pos="ART">the </w><w c5="NN2" hw="temptation" pos="SUBST">temptations </w><w c5="PRF" hw="of" pos="PREP">of </w><w c5="AT0" hw="the" pos="ART">the </w><w c5="NN1" hw="flesh" pos="SUBST">flesh</w><c c5="PUN">, </c><w c5="CJC" hw="but" pos="CONJ">but </w><w c5="PNP" hw="i" pos="PRON">I </w><w c5="VVB" hw="see" pos="VERB">see </w><w c5="AT0" hw="no" pos="ART">no </w><w c5="NN1" hw="reason" pos="SUBST">reason </w><w c5="AVQ" hw="why" pos="ADV">why </w><w c5="PNP" hw="it" pos="PRON">it </w><w c5="VM0" hw="should" pos="VERB">should </w><w c5="VHI" hw="have" pos="VERB">have </w><w c5="DT0" hw="this" pos="ADJ">this </w><w c5="NN1" hw="effect" pos="SUBST">effect</w><c c5="PUN">.</c></s></p><p>
<s n="24"><w c5="AT0" hw="the" pos="ART">The </w><w c5="NP0-NN1" hw="pope" pos="SUBST">Pope</w><w c5="POS" hw="'s" pos="UNC">'s </w><w c5="NN1" hw="theory" pos="SUBST">theory </w><w c5="VBZ" hw="be" pos="VERB">is </w><w c5="CJT" hw="that" pos="CONJ">that </w><w c5="NN2" hw="priest" pos="SUBST">priests </w><w c5="VM0" hw="should" pos="VERB">should </w><w c5="VBI" hw="be" pos="VERB">be </w><w c5="AV0" hw="specially" pos="ADV">specially </w><w c5="VVN" hw="educate" pos="VERB">educated </w><w c5="TO0" hw="to" pos="PREP">to </w><w c5="VVI" hw="arm" pos="VERB">arm </w><w c5="PNX" hw="themselves" pos="PRON">themselves </w><w c5="PRP" hw="with" pos="PREP">with </w><c c5="PUQ">‘</c><w c5="DT0" hw="more" pos="ADJ">more </w><w c5="CJS" hw="than" pos="CONJ">than </w><w c5="AJ0" hw="supernatural" pos="ADJ">supernatural </w><w c5="NN0" hw="means" pos="SUBST">means</w><c c5="PUQ">’ </c><w c5="PRP" hw="against" pos="PREP">against </w><w c5="AJ0" hw="possible" pos="ADJ">possible </w><w c5="NN1" hw="temptation" pos="SUBST">temptation</w><c c5="PUN">.</c></s>
<s n="25"><w c5="DTQ" hw="what" pos="PRON">What </w><w c5="VM0" hw="can" pos="VERB">can </w><w c5="PNP" hw="he" pos="PRON">he </w><w c5="VVI" hw="mean" pos="VERB">mean</w><c c5="PUN">?</c></s></p><p>
<s n="26"><w c5="DT0" hw="many" pos="ADJ">Many </w><w c5="NN2" hw="doctor" pos="SUBST">doctors </w><w c5="PRP" hw="in" pos="PREP">in </w><w c5="AT0" hw="the" pos="ART">the </w><w c5="AJ0" hw="post-freudian" pos="ADJ">post-Freudian </w><w c5="NN1" hw="age" pos="SUBST">age </w><w c5="VVB" hw="believe" pos="VERB">believe </w><w c5="CJT" hw="that" pos="CONJ">that </w><w c5="PNI" hw="nothing" pos="PRON">nothing </w><w c5="PRP" hw="but" pos="PREP">but </w><w c5="NN1-VVB" hw="harm" pos="SUBST">harm </w><w c5="VM0" hw="can" pos="VERB">can </w><w c5="VVI" hw="come" pos="VERB">come </w><w c5="PRP" hw="from" pos="PREP">from </w><w c5="NN1" hw="sex" pos="SUBST">sex </w><w c5="NN1" hw="education" pos="SUBST">education</w><c c5="PUN">.</c></s>
<s n="27"><w c5="PNI" hw="one" pos="PRON">One </w><w c5="VHZ" hw="have" pos="VERB">has </w><w c5="AV0" hw="only" pos="ADV">only </w><w c5="TO0" hw="to" pos="PREP">to </w><w c5="VVI" hw="look" pos="VERB">look </w><w c5="PRP" hw="at" pos="PREP">at </w><w c5="AT0" hw="the" pos="ART">the </w><w c5="NP0" hw="united" pos="SUBST">United </w><w c5="NP0" hw="states" pos="SUBST">States</w><c c5="PUN">, </c><w c5="CJS" hw="where" pos="CONJ">where </w><w c5="PNP" hw="they" pos="PRON">they </w><w c5="VVB" hw="take" pos="VERB">take </w><w c5="NN1" hw="sex" pos="SUBST">sex </w><w c5="NN1" hw="education" pos="SUBST">education </w><w c5="AV0" hw="very" pos="ADV">very </w><w c5="AV0" hw="seriously" pos="ADV">seriously </w><w c5="CJC" hw="but" pos="CONJ">but </w><w c5="VVB" hw="seem" pos="VERB">seem </w><w c5="TO0" hw="to" pos="PREP">to </w><w c5="VHI" hw="have" pos="VERB">have </w><w c5="VVN" hw="get" pos="VERB">got </w><w c5="PNI" hw="everything" pos="PRON">everything </w><w c5="AJ0-AV0" hw="wrong" pos="ADJ">wrong</w><c c5="PUN">, </c><w c5="PRP" hw="with" pos="PREP">with </w><w c5="AT0" hw="the" pos="ART">the </w><w c5="AV0" hw="most" pos="ADV">most </w><w c5="AJ0" hw="appalling" pos="ADJ">appalling </w><w c5="NN2" hw="result" pos="SUBST">results </w><w c5="PRP" hw="to" pos="PREP">to </w><w c5="AT0" hw="the" pos="ART">the </w><w c5="NN1" hw="nation" pos="SUBST">nation</w><w c5="POS" hw="'s" pos="UNC">'s </w><w c5="NN1" hw="health" pos="SUBST">health</w><c c5="PUN">.</c></s></p><p>
<s n="28"><w c5="PNP" hw="it" pos="PRON">It </w><w c5="VM0" hw="can" pos="VERB">can </w><w c5="VBI" hw="be" pos="VERB">be </w><w c5="VVN" hw="argue" pos="VERB">argued </w><w c5="CJT" hw="that" pos="CONJ">that </w><w c5="AJ0" hw="american" pos="ADJ">American </w><w c5="NN2" hw="child" pos="SUBST">children </w><w c5="VBB" hw="be" pos="VERB">are </w><w c5="XX0" hw="not" pos="ADV">not </w><w c5="AV0" hw="always" pos="ADV">always </w><w c5="AV0" hw="very" pos="ADV">very </w><w c5="AJ0" hw="intelligent" pos="ADJ">intelligent </w><w c5="CJC" hw="or" pos="CONJ">or </w><w c5="AJ0" hw="easy" pos="ADJ">easy </w><w c5="TO0" hw="to" pos="PREP">to </w><w c5="VVI" hw="teach" pos="VERB">teach</w><c c5="PUN">, </c><w c5="PRP" hw="with" pos="PREP">with </w><w c5="AV0" hw="catastrophically" pos="ADV">catastrophically </w><w c5="AJ0" hw="short" pos="ADJ">short </w><w c5="NN1" hw="attention" pos="SUBST">attention </w><w c5="NN2-VVZ" hw="span" pos="SUBST">spans</w><c c5="PUN">, </c><w c5="CJC" hw="but" pos="CONJ">but </w><w c5="PNI" hw="one" pos="PRON">one </w><w c5="VM0" hw="can" pos="VERB">can </w><w c5="VVI" hw="see" pos="VERB">see </w><w c5="AT0" hw="the" pos="ART">the </w><w c5="NN2" hw="beginning" pos="SUBST">beginnings </w><w c5="PRF" hw="of" pos="PREP">of </w><w c5="AT0" hw="a" pos="ART">a </w><w c5="AJ0" hw="sad" pos="ADJ">sad </w><w c5="NN1" hw="muddle" pos="SUBST">muddle </w><w c5="AV0" hw="even" pos="ADV">even </w><w c5="PRP" hw="in" pos="PREP">in </w><w c5="NP0" hw="england" pos="SUBST">England</w><c c5="PUN">, </c><w c5="PRP" hw="with" pos="PREP">with </w><w c5="AT0" hw="the" pos="ART">the </w><w c5="NN1" hw="publication" pos="SUBST">publication </w><w c5="PRF" hw="of" pos="PREP">of </w><w c5="AT0" hw="a" pos="ART">a </w><w c5="AJ0" hw="homosexual" pos="ADJ">homosexual </w><w c5="NN1" hw="prayer" pos="SUBST">prayer </w><w c5="NN1" hw="book" pos="SUBST">book </w><w c5="VVG" hw="give" pos="VERB">giving </w><w c5="NN2" hw="instruction" pos="SUBST">instructions </w><w c5="PRP" hw="for" pos="PREP">for </w><w c5="AT0" hw="a" pos="ART">a </w><c c5="PUQ">‘</c><w c5="NN1-VVG" hw="coming" pos="SUBST">coming </w><w c5="AVP-PRP" hw="out" pos="ADV">out</w><c c5="PUQ">’ </c><w c5="NN1" hw="liturgy" pos="SUBST">liturgy </w><w c5="ORD" hw="next" pos="ADJ">next </w><w c5="NN1" hw="door" pos="SUBST">door </w><w c5="PRP" hw="to" pos="PREP">to </w><w c5="NN2" hw="prayer" pos="SUBST">prayers </w><w c5="PRP" hw="for" pos="PREP">for </w><w c5="DT0" hw="those" pos="ADJ">those </w><w c5="PNQ" hw="who" pos="PRON">who </w><w c5="AV0" hw="already" pos="ADV">already </w><w c5="VVB" hw="suffer" pos="VERB">suffer </w><w c5="PRP" hw="from" pos="PREP">from </w><w c5="AT0" hw="the" pos="ART">the </w><w c5="AJ0" hw="american" pos="ADJ">American </w><w c5="NN1" hw="disease" pos="SUBST">disease</w><c c5="PUN">.</c></s></p><p>
<s n="29"><w c5="PNP" hw="i" pos="PRON">I </w><w c5="VVB" hw="feel" pos="VERB">feel </w><w c5="AT0" hw="the" pos="ART">the </w><w c5="NN1-NP0" hw="pope" pos="SUBST">Pope </w><w c5="VM0" hw="should" pos="VERB">should </w><w c5="VVI" hw="draw" pos="VERB">draw </w><w c5="DPS" hw="he" pos="PRON">his </w><w c5="NN2" hw="clergy" pos="SUBST">clergy</w><w c5="POS" hw="'s" pos="UNC">'s </w><w c5="NN1" hw="attention" pos="SUBST">attention </w><w c5="AV0" hw="instead" pos="ADV">instead </w><w c5="PRP" hw="to" pos="PREP">to </w><w c5="DT0" hw="these" pos="ADJ">these </w><w c5="AJ0" hw="new" pos="ADJ">new </w><w c5="NN2" hw="thing" pos="SUBST">things </w><w c5="VVN" hw="call" pos="VERB">called </w><w c5="NN2" hw="buzzboard" pos="SUBST">Buzzboards </w><c c5="PUN">— </c><w c5="AJ0" hw="motorised" pos="ADJ">motorised </w><w c5="AJ0-NN1" hw="two-wheel" pos="ADJ">two-wheel </w><w c5="NN2" hw="scooter" pos="SUBST">scooters </w><w c5="PRP" hw="on" pos="PREP">on </w><w c5="DTQ" hw="which" pos="PRON">which </w><w c5="AT0" hw="the" pos="ART">the </w><w c5="NN1" hw="driver" pos="SUBST">driver </w><w c5="VVZ" hw="travel" pos="VERB">travels </w><w c5="AV0" hw="upright" pos="ADV">upright </w><w c5="PRP" hw="at" pos="PREP">at </w><w c5="AT0" hw="a" pos="ART">a </w><w c5="AJ0" hw="dignified" pos="ADJ">dignified </w><w c5="NN1" hw="speed" pos="SUBST">speed </w><w c5="PRF" hw="of" pos="PREP">of </w><w c5="CRD" hw="20" pos="ADJ">20 </w><w c5="NN0" hw="mph" pos="SUBST">mph</w><c c5="PUN">.</c></s>
<s n="30"><w c5="EX0" hw="there" pos="PRON">There </w><w c5="VM0" hw="can" pos="VERB">can </w><w c5="VBI" hw="be" pos="VERB">be </w><w c5="AT0" hw="no" pos="ART">no </w><w c5="NN1" hw="question" pos="SUBST">question </w><w c5="PRF" hw="of" pos="PREP">of </w><w c5="VVG" hw="indulge" pos="VERB">indulging </w><w c5="PRP-AVP" hw="in" pos="PREP">in </w><w c5="AJ0" hw="sexual" pos="ADJ">sexual </w><w c5="NN1" hw="impropriety" pos="SUBST">impropriety </w><w c5="CJS" hw="while" pos="CONJ">while </w><w c5="VVG" hw="drive" pos="VERB">driving </w><w c5="AT0" hw="a" pos="ART">a </w><w c5="NN1" hw="buzzboard" pos="SUBST">Buzzboard</w><c c5="PUN">.</c></s>
<s n="31"><w c5="AT0" hw="an" pos="ART">An </w><w c5="NN1" hw="enthusiast" pos="SUBST">enthusiast </w><w c5="VVZ" hw="point" pos="VERB">points </w><w c5="AVP" hw="out" pos="ADV">out </w><w c5="CJT" hw="that" pos="CONJ">that </w><w c5="DPS" hw="it" pos="PRON">its </w><w c5="AJ0" hw="real" pos="ADJ">real </w><w c5="NN1" hw="attraction" pos="SUBST">attraction </w><w c5="VBZ" hw="be" pos="VERB">is </w><w c5="CJT" hw="that" pos="CONJ">that </w><w c5="PNP" hw="it" pos="PRON">it </w><w c5="VBZ" hw="be" pos="VERB">is </w><w c5="AJ0" hw="fun" pos="ADJ">fun</w><c c5="PUN">: </c><c c5="PUQ">‘</c><w c5="CJS" hw="when" pos="CONJ">When </w><w c5="PNP" hw="you" pos="PRON">you </w><w c5="VVB" hw="ride" pos="VERB">ride </w><w c5="PNP" hw="it" pos="PRON">it </w><w c5="PNP" hw="you" pos="PRON">you </w><w c5="VHB" hw="have" pos="VERB">have </w><w c5="AT0" hw="a" pos="ART">a </w><w c5="AJ0" hw="permanent" pos="ADJ">permanent </w><w c5="NN1" hw="smile" pos="SUBST">smile </w><w c5="PRP" hw="on" pos="PREP">on </w><w c5="DPS" hw="you" pos="PRON">your </w><w c5="NN1" hw="face" pos="SUBST">face</w><c c5="PUN">.</c><c c5="PUQ">’</c></s>
<s n="32"><w c5="AV0" hw="exactly" pos="ADV">Exactly </w><w c5="DTQ" hw="what" pos="PRON">what </w><w c5="AT0" hw="a" pos="ART">a </w><w c5="AJ0" hw="celibate" pos="ADJ">celibate </w><w c5="NN2" hw="clergy" pos="SUBST">clergy </w><w c5="VVZ-NN2" hw="need" pos="VERB">needs</w><c c5="PUN">.</c></s></p></div></wtext></bncDoc>
