<bncDoc xml:id="AH9"><teiHeader><fileDesc><titleStmt><title>  Daily Telegraph, electronic edition of 1992-04-04: Applied Science pages. Sample containing about 378 words from a periodical (domain: applied science) </title><respStmt><resp> Data capture and transcription </resp><name> Oxford University Press </name> </respStmt></titleStmt><editionStmt><edition>BNC XML Edition, December 2006</edition></editionStmt><extent> 378 tokens; 378 w-units; 17 s-units </extent><publicationStmt><distributor>Distributed under licence by Oxford University Computing Services on behalf of the BNC Consortium.</distributor><availability> This material is protected by international copyright laws and may not be copied or redistributed in any way. Consult the BNC Web Site at http://www.natcorp.ox.ac.uk for full licencing and distribution conditions.</availability><idno type="bnc">AH9</idno><idno type="old"> DaAppS </idno></publicationStmt><sourceDesc><bibl><title>Daily Telegraph, electronic edition of 1992-04-04: Applied Science pages.</title> <imprint n="DAILYT1"><publisher>The Daily Telegraph plc</publisher> <pubPlace>London</pubPlace> <date value="1992">1992</date> </imprint> </bibl></sourceDesc></fileDesc><encodingDesc><tagsDecl><namespace name=""><tagUsage gi="c" occurs="51"/><tagUsage gi="div" occurs="1"/><tagUsage gi="head" occurs="2"/><tagUsage gi="mw" occurs="3"/><tagUsage gi="p" occurs="11"/><tagUsage gi="s" occurs="17"/><tagUsage gi="w" occurs="378"/></namespace></tagsDecl></encodingDesc><profileDesc><creation date="1992"> </creation><textClass><catRef targets="WRI ALLTIM3 ALLAVA2 ALLTYP3 WRIAAG0 WRIAD0 WRIASE3 WRIATY2 WRIAUD3 WRIDOM3 WRILEV2 WRIMED2 WRIPP5 WRISAM0 WRISTA3 WRITAS3"/><classCode scheme="DLEE">W newsp brdsht nat: science</classCode><keywords><term> (none) </term></keywords></textClass></profileDesc><revisionDesc><change date="2006-10-21" who="#OUCS">Tag usage updated for BNC-XML</change><change date="2000-12-13" who="#OUCS">Last check for BNC World first release</change><change date="2000-09-06" who="#OUCS">Redo tagusage tables</change><change date="2000-09-01" who="#OUCS">Check all tagcounts</change><change date="2000-06-23" who="#OUCS">Resequenced s-units and added headers</change><change date="2000-01-21" who="#OUCS">Added date info</change><change date="2000-01-09" who="#OUCS">Updated all catrefs</change><change date="2000-01-08" who="#OUCS">Updated source title</change><change date="2000-01-08" who="#OUCS">Updated titles</change><change date="1999-12-25" who="#OUCS">corrected tagUsage</change><change date="1999-09-13" who="#UCREL">POS codes revised for BNC-2; header updated</change><change date="1994-11-24" who="#dominic">Initial accession to corpus</change></revisionDesc></teiHeader>
<wtext type="NEWS"><div level="1"><head type="MAIN">
<s n="1"><w c5="NP0-NN1" hw="aircrew" pos="SUBST">Aircrew</w><w c5="POS" hw="'s" pos="UNC">'s </w><w c5="AJ0-NN1" hw="rocket-propelled" pos="ADJ">rocket-propelled </w><w c5="NN1-VVB" hw="exit" pos="SUBST">exit </w><w c5="PRP" hw="from" pos="PREP">from </w><w c5="VVG-AJ0" hw="plunge" pos="VERB">plunging </w><w c5="NN1" hw="plane" pos="SUBST">plane</w></s></head><head type="BYLINE">
<s n="2"><w c5="PRP" hw="by" pos="PREP">By </w><w c5="NP0" hw="robert" pos="SUBST">Robert </w><w c5="NP0-NN1" hw="bedlow" pos="SUBST">Bedlow</w></s></head><p>
<s n="3"><w c5="CJS" hw="when" pos="CONJ">WHEN </w><w c5="AT0" hw="the" pos="ART">THE </w><w c5="NN1" hw="pilot" pos="SUBST">pilot </w><w c5="PRF" hw="of" pos="PREP">of </w><w c5="AT0" hw="the" pos="ART">the </w><w c5="AJ0" hw="stricken" pos="ADJ">stricken </w><w c5="NP0" hw="us" pos="SUBST">US </w><w c5="NN1" hw="fighter" pos="SUBST">fighter </w><w c5="NN1" hw="plane" pos="SUBST">plane </w><w c5="VVD" hw="pull" pos="VERB">pulled </w><w c5="AT0" hw="the" pos="ART">the </w><w c5="NN1" hw="handle" pos="SUBST">handle </w><w c5="TO0" hw="to" pos="PREP">to </w><w c5="VVI" hw="eject" pos="VERB">eject </w><w c5="PRP" hw="from" pos="PREP">from </w><w c5="DPS" hw="he" pos="PRON">his </w><w c5="CRD" hw="ef-111" pos="ADJ">EF-111 </w><w c5="PRP" hw="on" pos="PREP">on </w><w c5="NP0" hw="thursday" pos="SUBST">Thursday</w><c c5="PUN">, </c><w c5="PNP" hw="he" pos="PRON">he </w><w c5="VBD" hw="be" pos="VERB">was </w><w c5="VVG" hw="acknowledge" pos="VERB">acknowledging </w><w c5="AT0" hw="the" pos="ART">the </w><w c5="AJ0" hw="inevitable" pos="ADJ">inevitable</w><c c5="PUN">; </c><w c5="EX0" hw="there" pos="PRON">there </w><w c5="VBD" hw="be" pos="VERB">was </w><w c5="PNI" hw="nothing" pos="PRON">nothing </w><w c5="AV0" hw="more" pos="ADV">more </w><w c5="PNP" hw="he" pos="PRON">he </w><w c5="VM0" hw="could" pos="VERB">could </w><w c5="VDI" hw="do" pos="VERB">do </w><w c5="TO0" hw="to" pos="PREP">to </w><w c5="VVI" hw="save" pos="VERB">save </w><w c5="DPS" hw="he" pos="PRON">his </w><w c5="NN0" hw="£10" pos="UNC">£10 </w><w c5="CRD" hw="million" pos="ADJ">million </w><c c5="PUQ">‘</c><w c5="AJ0-NN1" hw="raven" pos="ADJ">Raven</w><c c5="PUQ">’ </c><w c5="PRP" hw="from" pos="PREP">from </w><w c5="VVG-AJ0" hw="crash" pos="VERB">crashing</w><c c5="PUN">, </c><w c5="AV0" hw="only" pos="ADV">only </w><w c5="VVB" hw="save" pos="VERB">save </w><w c5="AT0" hw="the" pos="ART">the </w><w c5="NN1" hw="life" pos="SUBST">life </w><w c5="PRF" hw="of" pos="PREP">of </w><w c5="DPS" hw="he" pos="PRON">his </w><w c5="NN1" hw="navigator" pos="SUBST">navigator </w><w c5="CJC" hw="and" pos="CONJ">and </w><w c5="PNX" hw="himself" pos="PRON">himself</w><c c5="PUN">.</c></s></p><p>
<s n="4"><c c5="PUQ">‘</c><w c5="EX0" hw="there" pos="PRON">There </w><w c5="VBZ" hw="be" pos="VERB">is </w><w c5="AT0" hw="no" pos="ART">no </w><w c5="NN1-AJ0" hw="set" pos="SUBST">set </w><w c5="NN1" hw="procedure" pos="SUBST">procedure</w><c c5="PUN">,</c><c c5="PUQ">’ </c><w c5="VVD" hw="say" pos="VERB">said </w><w c5="NP0" hw="mr" pos="SUBST">Mr </w><w c5="NP0" hw="david" pos="SUBST">David </w><w c5="NP0" hw="learmount" pos="SUBST">Learmount</w><c c5="PUN">, </c><w c5="AT0" hw="a" pos="ART">a </w><w c5="DT0" hw="former" pos="ADJ">former </w><w c5="NP0" hw="raf" pos="SUBST">RAF </w><w c5="NN1" hw="pilot" pos="SUBST">pilot </w><w c5="CJC" hw="and" pos="CONJ">and </w><w c5="AV0" hw="now" pos="ADV">now </w><w c5="VVZ" hw="feature" pos="VERB">features </w><w c5="NN1" hw="editor" pos="SUBST">editor </w><w c5="PRF" hw="of" pos="PREP">of </w><w c5="NN1" hw="flight" pos="SUBST">Flight </w><w c5="AJ0" hw="international" pos="ADJ">International</w><c c5="PUN">.</c></s></p><p>
<s n="5"><c c5="PUQ">‘</c><w c5="PNP" hw="you" pos="PRON">You </w><w c5="VVB" hw="use" pos="VERB">use </w><w c5="AT0" hw="the" pos="ART">the </w><w c5="NN1" hw="ejector" pos="SUBST">ejector </w><w c5="CJS" hw="when" pos="CONJ">when </w><w c5="EX0" hw="there" pos="PRON">there </w><w c5="VBZ" hw="be" pos="VERB">is </w><w c5="AT0" hw="no" pos="ART">no </w><w c5="NN1-AJ0" hw="alternative" pos="SUBST">alternative</w><c c5="PUN">; </c><w c5="CJS" hw="when" pos="CONJ">when </w><w c5="PNP" hw="you" pos="PRON">you </w><w c5="VVB" hw="reckon" pos="VERB">reckon </w><w c5="EX0" hw="there" pos="PRON">there </w><w c5="VBZ" hw="be" pos="VERB">is </w><w c5="AT0" hw="no" pos="ART">no </w><w c5="NN1" hw="way" pos="SUBST">way </w><w c5="PRF" hw="of" pos="PREP">of </w><w c5="VVG" hw="control" pos="VERB">controlling </w><w c5="DPS" hw="you" pos="PRON">your </w><w c5="NN0" hw="aircraft" pos="SUBST">aircraft </w><w c5="CJC" hw="and" pos="CONJ">and </w><w c5="PNP" hw="you" pos="PRON">you </w><w c5="VVB" hw="know" pos="VERB">know </w><w c5="PNP" hw="you" pos="PRON">you </w><w c5="VBB" hw="be" pos="VERB">are </w><w c5="VVG" hw="go" pos="VERB">going </w><w c5="TO0" hw="to" pos="PREP">to </w><w c5="VVI" hw="crash" pos="VERB">crash</w><c c5="PUN">.</c><c c5="PUQ">’</c></s></p><p>
<s n="6"><w c5="AJ0-VVG" hw="crashing" pos="ADJ">Crashing </w><w c5="NN2" hw="pilot" pos="SUBST">pilots </w><w c5="AV0" hw="always" pos="ADV">always </w><w c5="VVD" hw="try" pos="VERB">tried </w><w c5="TO0" hw="to" pos="PREP">to </w><w c5="VVI" hw="ensure" pos="VERB">ensure </w><w c5="CJT" hw="that" pos="CONJ">that </w><w c5="DPS" hw="they" pos="PRON">their </w><w c5="NN0" hw="aircraft" pos="SUBST">aircraft </w><w c5="VBD" hw="be" pos="VERB">was </w><w c5="XX0" hw="not" pos="ADV">not </w><w c5="VVG" hw="go" pos="VERB">going </w><w c5="TO0" hw="to" pos="PREP">to </w><w c5="VVI" hw="hit" pos="VERB">hit </w><w c5="DT0" hw="any" pos="ADJ">any </w><w c5="NN0" hw="people" pos="SUBST">people </w><w c5="CJC" hw="or" pos="CONJ">or </w><w c5="NN2" hw="building" pos="SUBST">buildings</w><c c5="PUN">, </c><c c5="PUQ">‘</c><w c5="CJC" hw="but" pos="CONJ">but </w><w c5="AV0" hw="quite" pos="ADV">quite </w><w c5="AV0" hw="often" pos="ADV">often </w><w c5="PNP" hw="they" pos="PRON">they </w><w c5="VVB" hw="leave" pos="VERB">leave </w><w c5="PNP" hw="it" pos="PRON">it </w><w c5="AV0" hw="too" pos="ADV">too </w><w c5="AJ0-AV0" hw="late" pos="ADJ">late </w><w c5="CJC" hw="and" pos="CONJ">and </w><w c5="VVB" hw="die" pos="VERB">die</w><c c5="PUN">.</c><c c5="PUQ">’</c></s>
<s n="7"><w c5="PNP" hw="he" pos="PRON">He </w><w c5="VVD" hw="say" pos="VERB">said </w><w c5="CJT" hw="that" pos="CONJ">that </w><w c5="CJS" hw="if" pos="CONJ">if </w><w c5="AT0" hw="the" pos="ART">the </w><w c5="NN2" hw="report" pos="SUBST">reports </w><w c5="PRP" hw="by" pos="PREP">by </w><w c5="NN1" hw="eye" pos="SUBST">eye </w><w c5="NN2" hw="witness" pos="SUBST">witnesses </w><w c5="VBD" hw="be" pos="VERB">were </w><w c5="AJ0" hw="correct" pos="ADJ">correct </w><c c5="PUN">— </c><w c5="CJC" hw="and" pos="CONJ">and </w><w c5="AV0" hw="normally" pos="ADV">normally </w><w c5="PNP" hw="they" pos="PRON">they </w><w c5="VBB" hw="be" pos="VERB">are </w><w c5="AJ0" hw="unreliable" pos="ADJ">unreliable </w><c c5="PUN">— </c><w c5="AT0" hw="the" pos="ART">the </w><w c5="NN1" hw="jet" pos="SUBST">jet </w><w c5="VBD" hw="be" pos="VERB">was </w><mw c5="PRP"><w c5="AVP" hw="out" pos="ADV">out </w><w c5="PRF" hw="of" pos="PREP">of </w></mw><w c5="NN1" hw="control" pos="SUBST">control</w><c c5="PUN">.</c></s></p><p>
<s n="8"><w c5="PRP" hw="in" pos="PREP">In </w><w c5="DT0" hw="most" pos="ADJ">most </w><w c5="AJ0" hw="military" pos="ADJ">military </w><w c5="NN0" hw="aircraft" pos="SUBST">aircraft</w><c c5="PUN">, </c><w c5="AT0" hw="the" pos="ART">the </w><w c5="NN1" hw="crew" pos="SUBST">crew </w><w c5="VM0" hw="would" pos="VERB">would </w><w c5="VHI" hw="have" pos="VERB">have </w><w c5="VBN" hw="be" pos="VERB">been </w><c c5="PUQ">‘</c><w c5="VVN" hw="bang" pos="VERB">banged </w><w c5="AVP" hw="out" pos="ADV">out</w><c c5="PUQ">’</c><c c5="PUN">.</c></s>
<s n="9"><w c5="AT0" hw="the" pos="ART">The </w><w c5="NN1" hw="procedure" pos="SUBST">procedure </w><w c5="VM0" hw="would" pos="VERB">would </w><w c5="VHI" hw="have" pos="VERB">have </w><w c5="VBN" hw="be" pos="VERB">been </w><w c5="PRP" hw="for" pos="PREP">for </w><w c5="AT0" hw="the" pos="ART">the </w><w c5="NN1" hw="pilot" pos="SUBST">pilot </w><w c5="TO0" hw="to" pos="PREP">to </w><w c5="VVI" hw="pull" pos="VERB">pull </w><w c5="AT0" hw="a" pos="ART">a </w><w c5="NN1" hw="handle" pos="SUBST">handle</w><c c5="PUN">, </c><w c5="VVN" hw="situate" pos="VERB">situated </w><w c5="PRP" hw="between" pos="PREP">between </w><w c5="DPS" hw="he" pos="PRON">his </w><w c5="NN2" hw="leg" pos="SUBST">legs</w><c c5="PUN">, </c><w c5="DTQ" hw="which" pos="PRON">which </w><w c5="VVD" hw="jettison" pos="VERB">jettisoned </w><w c5="AT0" hw="the" pos="ART">the </w><w c5="NN1" hw="canopy" pos="SUBST">canopy </w><w c5="CJS" hw="while" pos="CONJ">while </w><w c5="VVG" hw="activate" pos="VERB">activating </w><w c5="AT0" hw="a" pos="ART">a </w><w c5="NN1" hw="rocket" pos="SUBST">rocket </w><w c5="CJT" hw="that" pos="CONJ">that </w><w c5="VVD" hw="fire" pos="VERB">fired </w><w c5="DPS" hw="he" pos="PRON">his </w><w c5="NN1" hw="seat" pos="SUBST">seat </w><w c5="CJC" hw="and" pos="CONJ">and </w><w c5="DT0" hw="that" pos="ADJ">that </w><w c5="PRF" hw="of" pos="PREP">of </w><w c5="DPS" hw="he" pos="PRON">his </w><w c5="NN1" hw="navigator" pos="SUBST">navigator </w><w c5="AJ0" hw="clear" pos="ADJ">clear </w><w c5="PRF" hw="of" pos="PREP">of </w><w c5="AT0" hw="the" pos="ART">the </w><w c5="NN1" hw="plane" pos="SUBST">plane</w><c c5="PUN">.</c></s></p><p>
<s n="10"><w c5="AT0" hw="the" pos="ART">The </w><w c5="CRD" hw="ef-111" pos="ADJ">EF-111 </w><w c5="VVZ" hw="use" pos="VERB">uses </w><w c5="AT0" hw="a" pos="ART">a </w><w c5="AJ0" hw="general" pos="ADJ">General </w><w c5="NN0" hw="dynamics" pos="SUBST">Dynamics </w><w c5="NN1" hw="ejector" pos="SUBST">ejector </w><w c5="NN1" hw="system" pos="SUBST">system </w><w c5="CJT" hw="that" pos="CONJ">that </w><w c5="VVZ" hw="blow" pos="VERB">blows </w><w c5="AT0" hw="the" pos="ART">the </w><w c5="AJ0" hw="entire" pos="ADJ">entire </w><w c5="NN1" hw="cockpit" pos="SUBST">cockpit </w><mw c5="PRP"><w c5="AV0" hw="away" pos="ADV">away </w><w c5="PRP" hw="from" pos="PREP">from </w></mw><w c5="AT0" hw="the" pos="ART">the </w><w c5="NN1" hw="airframe" pos="SUBST">airframe</w><c c5="PUN">.</c></s></p><p>
<s n="11"><w c5="AT0" hw="the" pos="ART">The </w><w c5="NN1" hw="cockpit" pos="SUBST">cockpit </w><w c5="VBZ" hw="be" pos="VERB">is </w><w c5="AV0" hw="then" pos="ADV">then </w><w c5="VVN" hw="propel" pos="VERB">propelled </w><w c5="PRP" hw="by" pos="PREP">by </w><w c5="AT0" hw="a" pos="ART">a </w><w c5="AJ0" hw="large" pos="ADJ">large </w><w c5="NN1" hw="rocket" pos="SUBST">rocket </w><w c5="CJC" hw="and" pos="CONJ">and </w><w c5="AV0" hw="almost" pos="ADV">almost </w><w c5="AV0" hw="immediately" pos="ADV">immediately </w><w c5="VVN" hw="stabilise" pos="VERB">stabilised </w><w c5="PRP" hw="by" pos="PREP">by </w><w c5="AT0" hw="a" pos="ART">a </w><w c5="AJ0" hw="small" pos="ADJ">small </w><w c5="NN1" hw="drogue" pos="SUBST">drogue</w><c c5="PUN">, </c><w c5="CJC" hw="or" pos="CONJ">or </w><w c5="NN1" hw="parachute" pos="SUBST">parachute</w><c c5="PUN">, </c><w c5="DTQ" hw="which" pos="PRON">which </w><w c5="AV0" hw="then" pos="ADV">then </w><w c5="VVZ" hw="pull" pos="VERB">pulls </w><w c5="AVP" hw="out" pos="ADV">out </w><w c5="AT0" hw="the" pos="ART">the </w><w c5="AJ0" hw="main" pos="ADJ">main </w><w c5="NN1" hw="chute" pos="SUBST">chute</w><c c5="PUN">, </c><w c5="VVD" hw="say" pos="VERB">said </w><w c5="NP0" hw="mr" pos="SUBST">Mr </w><w c5="NP0" hw="brian" pos="SUBST">Brian </w><w c5="NP0" hw="miller" pos="SUBST">Miller</w><c c5="PUN">, </c><w c5="PRF" hw="of" pos="PREP">of </w><w c5="NP0" hw="martin" pos="SUBST">Martin </w><w c5="NP0" hw="baker" pos="SUBST">Baker</w><c c5="PUN">, </c><w c5="AT0" hw="the" pos="ART">the </w><w c5="AJ0" hw="leading" pos="ADJ">leading </w><w c5="NN1" hw="name" pos="SUBST">name </w><w c5="PRP" hw="in" pos="PREP">in </w><w c5="NN1" hw="ejection" pos="SUBST">ejection </w><w c5="NN1" hw="seat" pos="SUBST">seat </w><w c5="NN1" hw="invention" pos="SUBST">invention </w><w c5="CJC" hw="and" pos="CONJ">and </w><w c5="NN1-VVB" hw="manufacture" pos="SUBST">manufacture</w><c c5="PUN">.</c></s></p><p>
<s n="12"><c c5="PUQ">‘</c><w c5="CJS" hw="as" pos="CONJ">As </w><w c5="PNP" hw="it" pos="PRON">it </w><w c5="VVZ" hw="open" pos="VERB">opens </w><w c5="PNP" hw="it" pos="PRON">it </w><w c5="VVZ" hw="trigger" pos="VERB">triggers </w><w c5="NN1" hw="air" pos="SUBST">air </w><w c5="NN1" hw="inflation" pos="SUBST">inflation </w><w c5="NN2" hw="bag" pos="SUBST">bags </w><w c5="PRP" hw="underneath" pos="PREP">underneath </w><w c5="AT0" hw="the" pos="ART">the </w><w c5="NN1" hw="cockpit" pos="SUBST">cockpit </w><w c5="NN1" hw="capsule" pos="SUBST">capsule </w><w c5="TO0" hw="to" pos="PREP">to </w><w c5="VVI" hw="soften" pos="VERB">soften </w><w c5="AT0" hw="the" pos="ART">the </w><w c5="NN1" hw="landing" pos="SUBST">landing </w><w c5="CJC" hw="and" pos="CONJ">and </w><w c5="VVZ" hw="reduce" pos="VERB">reduces </w><w c5="VVG-NN1" hw="land" pos="VERB">landing </w><w c5="NN1" hw="shock" pos="SUBST">shock </w><w c5="PRP" hw="to" pos="PREP">to </w><w c5="AT0" hw="the" pos="ART">the </w><w c5="NN1" hw="crew" pos="SUBST">crew</w><c c5="PUN">.</c></s></p><p>
<s n="13"><c c5="PUQ">‘</c><w c5="DT0" hw="this" pos="ADJ">This </w><w c5="NN1" hw="type" pos="SUBST">type </w><w c5="VBZ" hw="be" pos="VERB">is </w><w c5="AV0" hw="only" pos="ADV">only </w><w c5="VVN" hw="use" pos="VERB">used </w><w c5="PRP" hw="by" pos="PREP">by </w><w c5="CRD" hw="ef-111s" pos="ADJ">EF-111s</w><c c5="PUN">.</c></s>
<s n="14"><w c5="AV0" hw="originally" pos="ADV">Originally </w><w c5="PNP" hw="it" pos="PRON">it </w><w c5="VBD" hw="be" pos="VERB">was </w><w c5="VVN" hw="think" pos="VERB">thought </w><w c5="TO0" hw="to" pos="PREP">to </w><w c5="VVI" hw="give" pos="VERB">give </w><w c5="AJC" hw="good" pos="ADJ">better </w><w c5="NN1" hw="protection" pos="SUBST">protection </w><w c5="PRP" hw="to" pos="PREP">to </w><w c5="AT0" hw="the" pos="ART">the </w><w c5="NN1" hw="crew" pos="SUBST">crew </w><w c5="VVG" hw="eject" pos="VERB">ejecting </w><w c5="PRP" hw="at" pos="PREP">at </w><w c5="AJ0" hw="high" pos="ADJ">high </w><w c5="NN1" hw="speed" pos="SUBST">speed </w><w c5="CJC" hw="and" pos="CONJ">and </w><w c5="VVB" hw="provide" pos="VERB">provide </w><w c5="PNP" hw="they" pos="PRON">them </w><w c5="PRP" hw="with" pos="PREP">with </w><w c5="AT0" hw="a" pos="ART">a </w><c c5="PUQ">‘</c><w c5="AJ0" hw="shirt-sleeve" pos="ADJ">shirt-sleeve</w><c c5="PUQ">’ </c><w c5="NN1" hw="environment" pos="SUBST">environment</w><c c5="PUN">.</c></s>
<s n="15"><w c5="PNP" hw="they" pos="PRON">They </w><w c5="VM0" hw="could" pos="VERB">could </w><w c5="VBI" hw="be" pos="VERB">be </w><w c5="AV0" hw="more" pos="ADV">more </w><w c5="AV0" hw="lightly" pos="ADV">lightly </w><w c5="VVN-AJ0" hw="dress" pos="VERB">dressed </w><w c5="CJS" hw="than" pos="CONJ">than </w><w c5="DT0" hw="those" pos="ADJ">those </w><w c5="VVG" hw="use" pos="VERB">using </w><w c5="AT0" hw="a" pos="ART">a </w><w c5="AJ0" hw="conventional" pos="ADJ">conventional </w><w c5="NN1" hw="ejector" pos="SUBST">ejector </w><w c5="NN1" hw="seat" pos="SUBST">seat</w><c c5="PUN">, </c><w c5="PNQ" hw="who" pos="PRON">who </w><w c5="VHB" hw="have" pos="VERB">have </w><w c5="TO0" hw="to" pos="PREP">to </w><w c5="VVI" hw="wear" pos="VERB">wear </w><w c5="DT0" hw="more" pos="ADJ">more </w><w c5="NN1" hw="safety" pos="SUBST">safety </w><w c5="NN1" hw="equipment" pos="SUBST">equipment</w><c c5="PUN">.</c></s></p><p>
<s n="16"><c c5="PUQ">‘</c><w c5="PNP" hw="it" pos="PRON">It </w><w c5="VBD" hw="be" pos="VERB">was </w><w c5="AV0" hw="also" pos="ADV">also </w><w c5="VVN-VVD" hw="think" pos="VERB">thought </w><w c5="CJT" hw="that" pos="CONJ">that </w><w c5="AT0" hw="the" pos="ART">the </w><w c5="NN1" hw="system" pos="SUBST">system </w><w c5="VM0" hw="would" pos="VERB">would </w><w c5="VVI" hw="provide" pos="VERB">provide </w><w c5="DT0" hw="more" pos="ADJ">more </w><w c5="NN1" hw="flotation" pos="SUBST">flotation </w><w c5="PRP" hw="in" pos="PREP">in </w><w c5="NN1" hw="water" pos="SUBST">water</w><c c5="PUN">, </c><w c5="CJC" hw="and" pos="CONJ">and </w><w c5="VVB" hw="provide" pos="VERB">provide </w><w c5="AJC" hw="good" pos="ADJ">better </w><w c5="NN1" hw="protection" pos="SUBST">protection </w><w c5="CJS" hw="if" pos="CONJ">if </w><w c5="AT0" hw="the" pos="ART">the </w><w c5="NN1" hw="crew" pos="SUBST">crew </w><w c5="VVD" hw="come" pos="VERB">came </w><w c5="AVP" hw="down" pos="ADV">down </w><w c5="PRP" hw="in" pos="PREP">in </w><w c5="NN1" hw="desert" pos="SUBST">desert </w><w c5="CJC" hw="or" pos="CONJ">or </w><w c5="NN1" hw="artic" pos="SUBST">Artic </w><w c5="NN2" hw="condition" pos="SUBST">conditions</w><c c5="PUN">.</c></s></p><p>
<s n="17"><c c5="PUQ">‘</c><w c5="CJC" hw="but" pos="CONJ">But </w><w c5="PNP" hw="it" pos="PRON">it </w><w c5="VBD" hw="be" pos="VERB">was </w><w c5="AV0" hw="never" pos="ADV">never </w><w c5="VVN" hw="take" pos="VERB">taken </w><w c5="AVP" hw="up" pos="ADV">up </w><w c5="CJS" hw="because" pos="CONJ">because </w><w c5="PNP" hw="it" pos="PRON">it </w><w c5="VBZ" hw="be" pos="VERB">is </w><w c5="AV0" hw="slow" pos="ADV">slower </w><mw c5="PRP"><w c5="CJS" hw="because" pos="CONJ">because </w><w c5="PRF" hw="of" pos="PREP">of </w></mw><w c5="DPS" hw="it" pos="PRON">its </w><w c5="NN1" hw="weight" pos="SUBST">weight </w><w c5="CJC" hw="and" pos="CONJ">and </w><w c5="NN1" hw="size" pos="SUBST">size</w><c c5="PUN">.</c><c c5="PUQ">’</c></s></p></div></wtext></bncDoc>
