<bncDoc xml:id="AHE"><teiHeader><fileDesc><titleStmt><title>  Daily Telegraph, electronic edition of 1992-04-04: News and features. Sample containing about 1198 words from a periodical (domain: social science) </title><respStmt><resp> Data capture and transcription </resp><name> Oxford University Press </name> </respStmt></titleStmt><editionStmt><edition>BNC XML Edition, December 2006</edition></editionStmt><extent> 1198 tokens; 1205 w-units; 47 s-units </extent><publicationStmt><distributor>Distributed under licence by Oxford University Computing Services on behalf of the BNC Consortium.</distributor><availability> This material is protected by international copyright laws and may not be copied or redistributed in any way. Consult the BNC Web Site at http://www.natcorp.ox.ac.uk for full licencing and distribution conditions.</availability><idno type="bnc">AHE</idno><idno type="old"> DaSoci </idno></publicationStmt><sourceDesc><bibl><title>Daily Telegraph, electronic edition of 1992-04-04: News and features.</title> <imprint n="DAILYT1"><publisher>The Daily Telegraph plc</publisher> <pubPlace>London</pubPlace> <date value="1992">1992</date> </imprint> </bibl></sourceDesc></fileDesc><encodingDesc><tagsDecl><namespace name=""><tagUsage gi="c" occurs="119"/><tagUsage gi="div" occurs="3"/><tagUsage gi="head" occurs="6"/><tagUsage gi="mw" occurs="8"/><tagUsage gi="p" occurs="32"/><tagUsage gi="s" occurs="47"/><tagUsage gi="w" occurs="1205"/></namespace></tagsDecl></encodingDesc><profileDesc><creation date="1992"> </creation><textClass><catRef targets="WRI ALLTIM3 ALLAVA2 ALLTYP3 WRIAAG0 WRIAD0 WRIASE3 WRIATY2 WRIAUD3 WRIDOM4 WRILEV2 WRIMED2 WRIPP5 WRISAM0 WRISTA3 WRITAS3"/><classCode scheme="DLEE">W newsp brdsht nat: social</classCode><keywords><term> (none) </term></keywords></textClass></profileDesc><revisionDesc><change date="2006-10-21" who="#OUCS">Tag usage updated for BNC-XML</change><change date="2000-12-13" who="#OUCS">Last check for BNC World first release</change><change date="2000-09-06" who="#OUCS">Redo tagusage tables</change><change date="2000-09-01" who="#OUCS">Check all tagcounts</change><change date="2000-06-23" who="#OUCS">Resequenced s-units and added headers</change><change date="2000-01-21" who="#OUCS">Added date info</change><change date="2000-01-09" who="#OUCS">Updated all catrefs</change><change date="2000-01-08" who="#OUCS">Updated source title</change><change date="2000-01-08" who="#OUCS">Updated titles</change><change date="1999-12-25" who="#OUCS">corrected tagUsage</change><change date="1999-09-13" who="#UCREL">POS codes revised for BNC-2; header updated</change><change date="1994-11-24" who="#dominic">Initial accession to corpus</change></revisionDesc></teiHeader>
<wtext type="NEWS"><div level="1"><head type="MAIN">
<s n="1"><w c5="NN2-VVZ" hw="judge" pos="SUBST">Judges </w><w c5="VVB-NN1" hw="order" pos="VERB">order </w><w c5="NN1-VVB" hw="appeal" pos="SUBST">appeal </w><w c5="PRP" hw="into" pos="PREP">into </w><w c5="NN2" hw="explosive" pos="SUBST">explosives </w><w c5="NN1-VVB" hw="case" pos="SUBST">case</w></s></head><head type="BYLINE">
<s n="2"><w c5="PRP" hw="by" pos="PREP">By </w><w c5="NP0" hw="terence" pos="SUBST">Terence </w><w c5="NP0" hw="shaw" pos="SUBST">Shaw</w><c c5="PUN">, </c><w c5="AJ0" hw="legal" pos="ADJ">Legal </w><w c5="NN1" hw="correspondent" pos="SUBST">Correspondent</w></s></head><p>
<s n="3"><w c5="NP0" hw="john" pos="SUBST">JOHN </w><w c5="NP0" hw="berry" pos="SUBST">BERRY</w><c c5="PUN">, </c><w c5="CRD" hw="54" pos="ADJ">54</w><c c5="PUN">, </c><w c5="PNQ" hw="who" pos="PRON">who </w><w c5="VBD" hw="be" pos="VERB">was </w><w c5="VVN" hw="release" pos="VERB">released </w><w c5="PRP" hw="on" pos="PREP">on </w><w c5="NN1" hw="parole" pos="SUBST">parole </w><w c5="ORD" hw="last" pos="ADJ">last </w><w c5="NN1" hw="week" pos="SUBST">week </w><w c5="PRP" hw="after" pos="PREP">after </w><w c5="VVG" hw="serve" pos="VERB">serving </w><w c5="CRD" hw="three" pos="ADJ">three </w><w c5="CJC" hw="and" pos="CONJ">and </w><w c5="AT0" hw="a" pos="ART">a </w><w c5="DT0" hw="half" pos="ADJ">half </w><w c5="NN2" hw="year" pos="SUBST">years </w><w c5="PRF" hw="of" pos="PREP">of </w><w c5="AT0" hw="a" pos="ART">a </w><w c5="AJ0" hw="six-year" pos="ADJ">six-year </w><w c5="NN1" hw="sentence" pos="SUBST">sentence </w><w c5="PRP" hw="for" pos="PREP">for </w><w c5="VVG" hw="make" pos="VERB">making </w><w c5="AJ0" hw="explosive" pos="ADJ">explosive </w><w c5="NN2" hw="device" pos="SUBST">devices</w><c c5="PUN">, </c><w c5="VBZ" hw="be" pos="VERB">is </w><w c5="TO0" hw="to" pos="PREP">to </w><w c5="VHI" hw="have" pos="VERB">have </w><w c5="AT0" hw="a" pos="ART">a </w><w c5="AJ0" hw="new" pos="ADJ">new </w><w c5="NN1" hw="appeal" pos="SUBST">appeal </w><w c5="VVG-NN1" hw="hear" pos="VERB">hearing </w><w c5="PRP" hw="in" pos="PREP">in </w><w c5="DPS" hw="he" pos="PRON">his </w><w c5="AJ0" hw="long-running" pos="ADJ">long-running </w><w c5="AJ0" hw="legal" pos="ADJ">legal </w><w c5="NN1" hw="battle" pos="SUBST">battle </w><w c5="TO0" hw="to" pos="PREP">to </w><w c5="VVI" hw="clear" pos="VERB">clear </w><w c5="DPS" hw="he" pos="PRON">his </w><w c5="NN1" hw="name" pos="SUBST">name</w><c c5="PUN">.</c></s></p><p>
<s n="4"><w c5="CRD" hw="three" pos="ADJ">Three </w><w c5="NN1" hw="court" pos="SUBST">Court </w><w c5="PRF" hw="of" pos="PREP">of </w><w c5="NN1" hw="appeal" pos="SUBST">Appeal </w><w c5="NN2" hw="judge" pos="SUBST">judges </w><w c5="VVN" hw="head" pos="VERB">headed </w><w c5="PRP" hw="by" pos="PREP">by </w><w c5="NP0" hw="lord" pos="SUBST">Lord </w><w c5="NP0" hw="lane" pos="SUBST">Lane</w><c c5="PUN">, </c><w c5="AT0" hw="the" pos="ART">the </w><w c5="NP0" hw="lord" pos="SUBST">Lord </w><w c5="NP0" hw="chief" pos="SUBST">Chief </w><w c5="NP0" hw="justice" pos="SUBST">Justice</w><c c5="PUN">, </c><w c5="VVD" hw="rule" pos="VERB">ruled </w><w c5="AV0" hw="yesterday" pos="ADV">yesterday </w><w c5="CJT" hw="that" pos="CONJ">that </w><w c5="AT0" hw="the" pos="ART">the </w><w c5="NN1" hw="court" pos="SUBST">court </w><w c5="VM0" hw="could" pos="VERB">could </w><w c5="VVI" hw="entertain" pos="VERB">entertain </w><w c5="AT0" hw="a" pos="ART">a </w><w c5="NN1" hw="request" pos="SUBST">request </w><w c5="PRP" hw="by" pos="PREP">by </w><w c5="NP0" hw="mr" pos="SUBST">Mr </w><w c5="NP0" hw="baker" pos="SUBST">Baker</w><c c5="PUN">, </c><w c5="NN1" hw="home" pos="SUBST">Home </w><w c5="NN1" hw="secretary" pos="SUBST">Secretary</w><c c5="PUN">, </c><w c5="PRP" hw="for" pos="PREP">for </w><w c5="AT0" hw="the" pos="ART">the </w><w c5="NN1" hw="case" pos="SUBST">case </w><w c5="TO0" hw="to" pos="PREP">to </w><w c5="VBI" hw="be" pos="VERB">be </w><w c5="VVN" hw="review" pos="VERB">reviewed</w><c c5="PUN">, </c><w c5="PRP" hw="despite" pos="PREP">despite </w><w c5="DPS" hw="it" pos="PRON">its </w><w c5="CRD" hw="1990" pos="ADJ">1990 </w><w c5="AJ0-NN1" hw="ruling" pos="ADJ">ruling </w><w c5="CJT" hw="that" pos="CONJ">that </w><w c5="NP0" hw="berry" pos="SUBST">Berry</w><c c5="PUN">, </c><w c5="AT0" hw="a" pos="ART">a </w><w c5="NP0" hw="norfolk" pos="SUBST">Norfolk </w><w c5="NN1" hw="businessman" pos="SUBST">businessman </w><w c5="CJC" hw="and" pos="CONJ">and </w><w c5="AJ0" hw="ex-royal" pos="ADJ">ex-Royal </w><w c5="AJ0-NN1" hw="marine" pos="ADJ">Marine</w><c c5="PUN">, </c><w c5="VM0" hw="could" pos="VERB">could </w><w c5="XX0" hw="not" pos="ADV">not </w><w c5="VHI" hw="have" pos="VERB">have </w><w c5="DPS" hw="he" pos="PRON">his </w><w c5="NN1" hw="case" pos="SUBST">case </w><w c5="VVN" hw="reopen" pos="VERB">reopened</w><c c5="PUN">.</c></s></p><p>
<s n="5"><w c5="NP0" hw="lord" pos="SUBST">Lord </w><w c5="NP0" hw="lane" pos="SUBST">Lane </w><w c5="VVD" hw="say" pos="VERB">said </w><w c5="DT0" hw="another" pos="ADJ">another </w><w c5="NN1" hw="division" pos="SUBST">division </w><w c5="PRF" hw="of" pos="PREP">of </w><w c5="AT0" hw="the" pos="ART">the </w><w c5="NN1" hw="court" pos="SUBST">court </w><w c5="VHD" hw="have" pos="VERB">had </w><w c5="AV0" hw="then" pos="ADV">then </w><w c5="VVN" hw="feel" pos="VERB">felt </w><w c5="AJ0" hw="powerless" pos="ADJ">powerless </w><w c5="TO0" hw="to" pos="PREP">to </w><w c5="VVI" hw="intervene" pos="VERB">intervene </w><w c5="CJC" hw="and" pos="CONJ">and </w><w c5="VVI" hw="hear" pos="VERB">hear </w><w c5="AJ0" hw="new" pos="ADJ">new </w><w c5="NN2" hw="ground" pos="SUBST">grounds </w><w c5="PRF" hw="of" pos="PREP">of </w><w c5="NN1" hw="appeal" pos="SUBST">appeal </w><w c5="CJS" hw="because" pos="CONJ">because </w><w c5="AT0" hw="the" pos="ART">the </w><w c5="NN2" hw="lords" pos="SUBST">Lords </w><w c5="VVD-AJ0" hw="restore" pos="VERB">restored </w><w c5="NP0" hw="berry" pos="SUBST">Berry</w><w c5="POS" hw="'s" pos="UNC">'s </w><w c5="NN1" hw="conviction" pos="SUBST">conviction </w><w c5="PRP" hw="after" pos="PREP">after </w><w c5="AT0" hw="an" pos="ART">an </w><w c5="AJC" hw="early" pos="ADJ">earlier </w><w c5="AJ0" hw="successful" pos="ADJ">successful </w><w c5="NN1" hw="appeal" pos="SUBST">appeal</w><c c5="PUN">.</c></s></p><p>
<s n="6"><w c5="AT0" hw="the" pos="ART">The </w><w c5="NN2" hw="difficulty" pos="SUBST">difficulties </w><w c5="PRP" hw="in" pos="PREP">in </w><w c5="AT0" hw="the" pos="ART">the </w><w c5="NN1" hw="case" pos="SUBST">case </w><w c5="VBD" hw="be" pos="VERB">were </w><w c5="VVN" hw="cause" pos="VERB">caused </w><w c5="PRP" hw="by" pos="PREP">by </w><w c5="AT0" hw="the" pos="ART">the </w><w c5="NN1" hw="court" pos="SUBST">Court </w><w c5="PRF" hw="of" pos="PREP">of </w><w c5="NN1" hw="appeal" pos="SUBST">Appeal</w><w c5="POS" hw="'s" pos="UNC">'s </w><w c5="AJC" hw="early" pos="ADJ">earlier </w><w c5="NN1" hw="failure" pos="SUBST">failure </w><w c5="TO0" hw="to" pos="PREP">to </w><w c5="VVI" hw="rule" pos="VERB">rule </w><w c5="PRP" hw="on" pos="PREP">on </w><w c5="CRD" hw="two" pos="ADJ">two </w><w c5="PRF" hw="of" pos="PREP">of </w><w c5="NP0" hw="berry" pos="SUBST">Berry</w><w c5="POS" hw="'s" pos="UNC">'s </w><w c5="CRD" hw="three" pos="ADJ">three </w><w c5="NN2" hw="ground" pos="SUBST">grounds </w><w c5="PRF" hw="of" pos="PREP">of </w><w c5="NN1" hw="appeal" pos="SUBST">appeal</w><c c5="PUN">, </c><w c5="VVD" hw="say" pos="VERB">said </w><w c5="NP0" hw="lord" pos="SUBST">Lord </w><w c5="NP0" hw="lane" pos="SUBST">Lane</w><c c5="PUN">, </c><w c5="CJC" hw="but" pos="CONJ">but </w><w c5="DT0" hw="that" pos="ADJ">that </w><w c5="VDD" hw="do" pos="VERB">did </w><w c5="XX0" hw="not" pos="ADV">not </w><w c5="VVI" hw="preclude" pos="VERB">preclude </w><w c5="AT0" hw="the" pos="ART">the </w><w c5="NN1" hw="home" pos="SUBST">Home </w><w c5="NN1" hw="secretary" pos="SUBST">Secretary </w><w c5="PRP" hw="from" pos="PREP">from </w><w c5="VVG" hw="re-open" pos="VERB">re-opening </w><w c5="AT0" hw="the" pos="ART">the </w><w c5="NN1" hw="case" pos="SUBST">case</w><c c5="PUN">.</c></s></p><p>
<s n="7"><w c5="NP0-NN1" hw="berry" pos="SUBST">Berry</w><c c5="PUN">, </c><w c5="PRP" hw="from" pos="PREP">from </w><w c5="NP0" hw="bramerton" pos="SUBST">Bramerton</w><c c5="PUN">, </c><w c5="NP0" hw="norfolk" pos="SUBST">Norfolk</w><c c5="PUN">, </c><w c5="VBD" hw="be" pos="VERB">was </w><w c5="AV0" hw="originally" pos="ADV">originally </w><w c5="VVN" hw="convict" pos="VERB">convicted </w><w c5="PRP" hw="at" pos="PREP">at </w><w c5="NP0" hw="chelmsford" pos="SUBST">Chelmsford </w><w c5="NN1" hw="crown" pos="SUBST">Crown </w><w c5="NN1" hw="court" pos="SUBST">Court </w><w c5="PRP" hw="in" pos="PREP">in </w><w c5="CRD" hw="1983" pos="ADJ">1983 </w><w c5="PRF" hw="of" pos="PREP">of </w><w c5="VVG" hw="make" pos="VERB">making </w><w c5="AJ0" hw="electronic" pos="ADJ">electronic </w><w c5="NN2" hw="timer" pos="SUBST">timers </w><w c5="PRP" hw="for" pos="PREP">for </w><w c5="VVG-AJ0" hw="detonate" pos="VERB">detonating </w><w c5="NN2" hw="bomb" pos="SUBST">bombs</w><c c5="PUN">.</c></s></p><p>
<s n="8"><w c5="PNP" hw="he" pos="PRON">He </w><w c5="VHD" hw="have" pos="VERB">had </w><w c5="VBN" hw="be" pos="VERB">been </w><w c5="VVN" hw="try" pos="VERB">tried </w><w c5="AV0" hw="jointly" pos="ADV">jointly </w><w c5="PRP" hw="with" pos="PREP">with </w><w c5="DT0" hw="another" pos="ADJ">another </w><w c5="NN1" hw="businessman" pos="SUBST">businessman</w><c c5="PUN">, </c><w c5="NP0" hw="jeffrey" pos="SUBST">Jeffrey </w><w c5="NP0" hw="smith" pos="SUBST">Smith</w><c c5="PUN">, </c><w c5="PNQ" hw="who" pos="PRON">who </w><w c5="VBD" hw="be" pos="VERB">was </w><w c5="AV0" hw="eventually" pos="ADV">eventually </w><w c5="VVN" hw="clear" pos="VERB">cleared </w><w c5="PRP" hw="at" pos="PREP">at </w><w c5="AT0" hw="a" pos="ART">a </w><w c5="NN1" hw="retrial" pos="SUBST">retrial</w><c c5="PUN">.</c></s></p><p>
<s n="9"><w c5="NP0" hw="berry" pos="SUBST">Berry</w><w c5="POS" hw="'s" pos="UNC">'s </w><w c5="NN1" hw="conviction" pos="SUBST">conviction </w><w c5="VBD" hw="be" pos="VERB">was </w><w c5="VVN" hw="quash" pos="VERB">quashed </w><w c5="PRP" hw="on" pos="PREP">on </w><w c5="AT0" hw="a" pos="ART">a </w><w c5="AJ0" hw="legal" pos="ADJ">legal </w><w c5="NN1" hw="technicality" pos="SUBST">technicality </w><w c5="PRP" hw="by" pos="PREP">by </w><w c5="AT0" hw="the" pos="ART">the </w><w c5="NN1" hw="court" pos="SUBST">Court </w><w c5="PRF" hw="of" pos="PREP">of </w><w c5="NN1" hw="appeal" pos="SUBST">Appeal </w><w c5="PRP" hw="in" pos="PREP">in </w><w c5="AJ0" hw="early" pos="ADJ">early </w><w c5="CRD" hw="1984" pos="ADJ">1984</w><c c5="PUN">, </c><w c5="CJC" hw="but" pos="CONJ">but </w><w c5="AV0" hw="later" pos="ADV">later </w><w c5="DT0" hw="that" pos="ADJ">that </w><w c5="NN1" hw="year" pos="SUBST">year </w><w c5="AT0" hw="the" pos="ART">the </w><w c5="NN1" hw="house" pos="SUBST">House </w><w c5="PRF" hw="of" pos="PREP">of </w><w c5="NP0" hw="lords" pos="SUBST">Lords </w><w c5="AJ0" hw="restored" pos="ADJ">restored </w><w c5="AT0" hw="the" pos="ART">the </w><w c5="NN1" hw="conviction" pos="SUBST">conviction </w><w c5="PRP" hw="in" pos="PREP">in </w><w c5="VVG" hw="allow" pos="VERB">allowing </w><w c5="AT0" hw="an" pos="ART">an </w><w c5="NN1" hw="appeal" pos="SUBST">appeal </w><w c5="PRP" hw="by" pos="PREP">by </w><w c5="AT0" hw="the" pos="ART">the </w><w c5="NN1" hw="crown" pos="SUBST">Crown</w><c c5="PUN">.</c></s></p><p>
<s n="10"><w c5="PNP" hw="he" pos="PRON">He </w><w c5="VVD" hw="flee" pos="VERB">fled </w><w c5="PRP" hw="to" pos="PREP">to </w><w c5="NP0" hw="spain" pos="SUBST">Spain </w><w c5="CJS" hw="while" pos="CONJ">while </w><w c5="PRP" hw="on" pos="PREP">on </w><w c5="NN1" hw="bail" pos="SUBST">bail </w><w c5="VVG" hw="await" pos="VERB">awaiting </w><w c5="AT0" hw="the" pos="ART">the </w><w c5="NN1" hw="house" pos="SUBST">House </w><w c5="PRF" hw="of" pos="PREP">of </w><w c5="NP0" hw="lords" pos="SUBST">Lords </w><w c5="NN1-AJ0" hw="ruling" pos="SUBST">ruling </w><w c5="CJC" hw="but" pos="CONJ">but </w><w c5="VBD" hw="be" pos="VERB">was </w><w c5="VVN" hw="return" pos="VERB">returned </w><w c5="PRP" hw="to" pos="PREP">to </w><w c5="NP0" hw="england" pos="SUBST">England </w><w c5="PRP" hw="in" pos="PREP">in </w><w c5="CRD" hw="1989" pos="ADJ">1989 </w><w c5="CJC" hw="and" pos="CONJ">and </w><w c5="VVD" hw="resume" pos="VERB">resumed </w><w c5="DPS" hw="he" pos="PRON">his </w><w c5="NN1" hw="sentence" pos="SUBST">sentence</w><c c5="PUN">.</c></s></p></div><div level="1"><head type="MAIN">
<s n="11"><c c5="PUQ">‘</c><w c5="NP0-NN1" hw="temple" pos="SUBST">Temple </w><w c5="PRF" hw="of" pos="PREP">of </w><w c5="AT0" hw="the" pos="ART">the </w><w c5="NN1" hw="law" pos="SUBST">law </w><w c5="VBZ" hw="be" pos="VERB">is </w><w c5="VVG" hw="turn" pos="VERB">turning </w><w c5="PRP" hw="into" pos="PREP">into </w><w c5="AT0" hw="a" pos="ART">a </w><w c5="NN1" hw="casino" pos="SUBST">casino</w><c c5="PUQ">’ </c><w c5="AT0" hw="the" pos="ART">THE </w><w c5="NP0" hw="jason" pos="SUBST">JASON </w><w c5="NP0" hw="donovan" pos="SUBST">DONOVAN </w><w c5="NN1" hw="libel" pos="SUBST">LIBEL </w><w c5="NP0-NN1" hw="case" pos="SUBST">CASE</w><c c5="PUN">: </c><w c5="NN2" hw="damage" pos="SUBST">Damages </w><w c5="NN1" hw="award" pos="SUBST">award </w><w c5="VVZ" hw="reinforce" pos="VERB">reinforces </w><w c5="AT0" hw="the" pos="ART">the </w><w c5="NN1" hw="need" pos="SUBST">need </w><w c5="PRP" hw="for" pos="PREP">for </w><w c5="NN1" hw="reform" pos="SUBST">reform</w><c c5="PUN">, </c><w c5="VVB" hw="say" pos="VERB">say </w><w c5="NN2" hw="lawyer" pos="SUBST">lawyers</w></s></head><head type="BYLINE">
<s n="12"><w c5="PRP" hw="by" pos="PREP">By </w><w c5="NP0" hw="terence" pos="SUBST">Terence </w><w c5="NP0" hw="shaw" pos="SUBST">Shaw</w><c c5="PUN">, </c><w c5="AJ0" hw="legal" pos="ADJ">Legal </w><w c5="NN1" hw="correspondent" pos="SUBST">Correspondent</w></s></head><p>
<s n="13"><w c5="AT0" hw="the" pos="ART">THE </w><w c5="NN0" hw="£200,000" pos="UNC">£200,000 </w><w c5="NN2" hw="damage" pos="SUBST">damages </w><w c5="VVN" hw="award" pos="VERB">awarded </w><w c5="PRP" hw="to" pos="PREP">to </w><w c5="NP0" hw="jason" pos="SUBST">Jason </w><w c5="NP0" hw="donovan" pos="SUBST">Donovan </w><w c5="VM0" hw="will" pos="VERB">will </w><w c5="VBI" hw="be" pos="VERB">be </w><w c5="VVN" hw="see" pos="VERB">seen </w><w c5="PRP" hw="by" pos="PREP">by </w><w c5="DT0" hw="many" pos="ADJ">many </w><w c5="NN2" hw="lawyer" pos="SUBST">lawyers </w><w c5="PRP" hw="as" pos="PREP">as </w><w c5="DT0" hw="another" pos="ADJ">another </w><w c5="NN1" hw="illustration" pos="SUBST">illustration </w><w c5="PRF" hw="of" pos="PREP">of </w><w c5="AT0" hw="the" pos="ART">the </w><w c5="AJ0" hw="urgent" pos="ADJ">urgent </w><w c5="NN1" hw="need" pos="SUBST">need </w><w c5="PRP" hw="for" pos="PREP">for </w><w c5="NN1" hw="libel" pos="SUBST">libel </w><w c5="NN1" hw="law" pos="SUBST">law </w><w c5="NN1" hw="reform" pos="SUBST">reform</w><c c5="PUN">.</c></s>
<s n="14"><w c5="AT0" hw="the" pos="ART">The </w><w c5="NN1" hw="award" pos="SUBST">award </w><w c5="VBD" hw="be" pos="VERB">was </w><w c5="VVN" hw="make" pos="VERB">made </w><w c5="PRP" hw="despite" pos="PREP">despite </w><w c5="CRD" hw="one" pos="ADJ">one </w><w c5="PRF" hw="of" pos="PREP">of </w><w c5="AT0" hw="the" pos="ART">the </w><w c5="AJS" hw="strong" pos="ADJ">strongest </w><w c5="NN2" hw="warning" pos="SUBST">warnings </w><w c5="AV0" hw="ever" pos="ADV">ever </w><w c5="PRP" hw="by" pos="PREP">by </w><w c5="AT0" hw="a" pos="ART">a </w><w c5="NN1" hw="judge" pos="SUBST">judge </w><w c5="PRP" hw="to" pos="PREP">to </w><w c5="AT0" hw="a" pos="ART">a </w><w c5="NN1" hw="libel" pos="SUBST">libel </w><w c5="NN1" hw="jury" pos="SUBST">jury </w><w c5="PRP" hw="about" pos="PREP">about </w><w c5="AJ0" hw="excessive" pos="ADJ">excessive </w><w c5="NN2" hw="pay-out" pos="SUBST">pay-outs</w><c c5="PUN">.</c></s></p><p>
<s n="15"><w c5="PNP" hw="it" pos="PRON">It </w><w c5="VM0" hw="will" pos="VERB">will </w><w c5="VVI" hw="lead" pos="VERB">lead </w><w c5="PRP" hw="to" pos="PREP">to </w><w c5="AJ0" hw="renewed" pos="ADJ">renewed </w><w c5="NN2" hw="demand" pos="SUBST">demands </w><w c5="CJT" hw="that" pos="CONJ">that </w><w c5="AT0" hw="the" pos="ART">the </w><w c5="NN1" hw="judge" pos="SUBST">judge </w><w c5="VM0" hw="should" pos="VERB">should </w><w c5="VVI" hw="fix" pos="VERB">fix </w><w c5="AT0" hw="the" pos="ART">the </w><w c5="NN1" hw="amount" pos="SUBST">amount </w><w c5="PRF" hw="of" pos="PREP">of </w><w c5="NN2" hw="damage" pos="SUBST">damages </w><w c5="CJS" hw="if" pos="CONJ">if </w><w c5="AT0" hw="a" pos="ART">a </w><w c5="NN1" hw="jury" pos="SUBST">jury </w><w c5="VHZ" hw="have" pos="VERB">has </w><w c5="VVN" hw="decide" pos="VERB">decided </w><w c5="DT0-CJT" hw="that" pos="ADJ">that </w><w c5="NN1" hw="defamation" pos="SUBST">defamation </w><w c5="VHZ" hw="have" pos="VERB">has </w><w c5="VBN" hw="be" pos="VERB">been </w><w c5="VVN" hw="prove" pos="VERB">proved </w><w c5="CJC" hw="or" pos="CONJ">or </w><mw c5="AV0"><w c5="PRP" hw="at" pos="PREP">at </w><w c5="AV0" hw="least" pos="ADV">least </w></mw><w c5="VBI" hw="be" pos="VERB">be </w><w c5="VVN-AJ0" hw="give" pos="VERB">given </w><w c5="NN1" hw="power" pos="SUBST">power </w><w c5="TO0" hw="to" pos="PREP">to </w><w c5="VVI" hw="lay" pos="VERB">lay </w><w c5="AVP" hw="down" pos="ADV">down </w><w c5="AJ0-NN1" hw="minimum" pos="ADJ">minimum </w><w c5="CJC" hw="and" pos="CONJ">and </w><w c5="AJ0-NN1" hw="maximum" pos="ADJ">maximum </w><w c5="NN2" hw="limit" pos="SUBST">limits </w><w c5="PRP" hw="for" pos="PREP">for </w><w c5="NN2" hw="jury" pos="SUBST">juries</w><c c5="PUN">.</c></s></p><p>
<s n="16"><w c5="CJS" hw="since" pos="CONJ">Since </w><w c5="AT0" hw="the" pos="ART">the </w><w c5="NN1" hw="court" pos="SUBST">Court </w><w c5="PRF" hw="of" pos="PREP">of </w><w c5="NN1" hw="appeal" pos="SUBST">Appeal </w><w c5="NN1" hw="judgment" pos="SUBST">judgment </w><w c5="PRP" hw="in" pos="PREP">in </w><w c5="AT0" hw="the" pos="ART">the </w><w c5="NP0" hw="sonia" pos="SUBST">Sonia </w><w c5="NP0" hw="sutcliffe" pos="SUBST">Sutcliffe </w><w c5="NN1" hw="case" pos="SUBST">case</w><c c5="PUN">, </c><w c5="CJS-AVQ" hw="when" pos="CONJ">when </w><w c5="NN2" hw="damage" pos="SUBST">damages </w><w c5="PRF" hw="of" pos="PREP">of </w><w c5="NN0" hw="£600,000" pos="UNC">£600,000 </w><w c5="VVN" hw="award" pos="VERB">awarded </w><w c5="PRP" hw="to" pos="PREP">to </w><w c5="AT0" hw="the" pos="ART">the </w><w c5="NN1" hw="wife" pos="SUBST">wife </w><w c5="PRF" hw="of" pos="PREP">of </w><w c5="AT0" hw="the" pos="ART">the </w><w c5="NP0" hw="yorkshire" pos="SUBST">Yorkshire </w><w c5="NN1" hw="ripper" pos="SUBST">Ripper </w><w c5="PRP" hw="against" pos="PREP">against </w><w c5="AJ0" hw="private" pos="ADJ">Private </w><w c5="NN1" hw="eye" pos="SUBST">Eye </w><w c5="VBD" hw="be" pos="VERB">were </w><w c5="VVN" hw="reduce" pos="VERB">reduced </w><w c5="PRP" hw="by" pos="PREP">by </w><w c5="NN1" hw="consent" pos="SUBST">consent </w><w c5="PRP" hw="to" pos="PREP">to </w><w c5="NN0" hw="£60,000" pos="UNC">£60,000</w><c c5="PUN">, </c><w c5="NN2" hw="judge" pos="SUBST">judges </w><w c5="VHB" hw="have" pos="VERB">have </w><w c5="VBN" hw="be" pos="VERB">been </w><w c5="VVN" hw="encourage" pos="VERB">encouraged </w><w c5="TO0" hw="to" pos="PREP">to </w><w c5="VVI" hw="give" pos="VERB">give </w><w c5="AJ0" hw="general" pos="ADJ">general </w><w c5="NN1" hw="guidance" pos="SUBST">guidance </w><w c5="PRP" hw="to" pos="PREP">to </w><w c5="NN2" hw="jury" pos="SUBST">juries</w><c c5="PUN">.</c></s></p><p>
<s n="17"><w c5="NP0" hw="mr" pos="SUBST">Mr </w><w c5="NP0" hw="justice" pos="SUBST">Justice </w><w c5="NP0" hw="drake" pos="SUBST">Drake </w><w c5="VVD" hw="use" pos="VERB">used </w><w c5="DT0" hw="this" pos="ADJ">this </w><w c5="NN1" hw="power" pos="SUBST">power </w><w c5="PRP" hw="to" pos="PREP">to </w><w c5="AJ0" hw="full" pos="ADJ">full </w><w c5="PRP" hw="in" pos="PREP">in </w><w c5="VVG" hw="sum" pos="VERB">summing </w><w c5="AVP" hw="up" pos="ADV">up </w><w c5="PRP" hw="in" pos="PREP">in </w><w c5="AT0" hw="the" pos="ART">the </w><w c5="NP0" hw="donovan" pos="SUBST">Donovan </w><w c5="NN1" hw="case" pos="SUBST">case</w><c c5="PUN">, </c><w c5="VVG" hw="warn" pos="VERB">warning </w><w c5="AT0" hw="the" pos="ART">the </w><w c5="NN2" hw="juror" pos="SUBST">jurors </w><w c5="CJT" hw="that" pos="CONJ">that </w><w c5="PNP" hw="they" pos="PRON">they </w><w c5="VM0" hw="should" pos="VERB">should </w><w c5="XX0" hw="not" pos="ADV">not </w><w c5="VVI" hw="think" pos="VERB">think </w><w c5="PNP" hw="they" pos="PRON">they </w><w c5="VHD" hw="have" pos="VERB">had </w><w c5="TO0" hw="to" pos="PREP">to </w><c c5="PUQ">‘</c><w c5="VVI" hw="fix" pos="VERB">fix </w><w c5="NN2" hw="sum" pos="SUBST">sums </w><w c5="PRP" hw="with" pos="PREP">with </w><w c5="PNI" hw="lots" pos="PRON">lots </w><w c5="PRF" hw="of" pos="PREP">of </w><w c5="NN2" hw="nought" pos="SUBST">noughts </w><w c5="PRP" hw="on" pos="PREP">on </w><w c5="AT0" hw="the" pos="ART">the </w><w c5="NN1" hw="end" pos="SUBST">end </w><w c5="CJS" hw="because" pos="CONJ">because </w><w c5="PNP" hw="it" pos="PRON">it</w><w c5="VBZ" hw="be" pos="VERB">'s </w><w c5="AJ0" hw="fashionable" pos="ADJ">fashionable</w><c c5="PUQ">’</c><c c5="PUN">.</c></s>
<s n="18"><w c5="PNP" hw="he" pos="PRON">He </w><w c5="VVD" hw="urge" pos="VERB">urged </w><w c5="PNP" hw="they" pos="PRON">them </w><w c5="TO0" hw="to" pos="PREP">to </w><w c5="VVI" hw="compare" pos="VERB">compare </w><w c5="DT0" hw="any" pos="ADJ">any </w><w c5="NN1-VVB" hw="sum" pos="SUBST">sum </w><w c5="PNP" hw="they" pos="PRON">they </w><w c5="VHD" hw="have" pos="VERB">had </w><w c5="PRP" hw="in" pos="PREP">in </w><w c5="NN1" hw="mind" pos="SUBST">mind </w><w c5="PRP" hw="with" pos="PREP">with </w><w c5="NN2" hw="damage" pos="SUBST">damages </w><w c5="CJT" hw="that" pos="CONJ">that </w><w c5="VM0" hw="might" pos="VERB">might </w><w c5="VBI" hw="be" pos="VERB">be </w><w c5="VVN" hw="award" pos="VERB">awarded </w><w c5="PRP" hw="for" pos="PREP">for </w><w c5="AJ0" hw="physical" pos="ADJ">physical </w><w c5="NN2" hw="injury" pos="SUBST">injuries </w><w c5="CJT" hw="that" pos="CONJ">that </w><w c5="VVD" hw="last" pos="VERB">lasted </w><w c5="AT0" hw="a" pos="ART">a </w><w c5="NN1" hw="lifetime" pos="SUBST">lifetime</w><c c5="PUN">.</c></s></p><p>
<s n="19"><w c5="CJC" hw="but" pos="CONJ">But </w><w c5="PNP" hw="he" pos="PRON">he </w><w c5="VBD" hw="be" pos="VERB">was </w><w c5="XX0" hw="not" pos="ADV">not </w><w c5="AJ0" hw="able" pos="ADJ">able </w><w c5="TO0" hw="to" pos="PREP">to </w><w c5="VVI" hw="give" pos="VERB">give </w><w c5="DT0" hw="any" pos="ADJ">any </w><w c5="DT0" hw="more" pos="ADJ">more </w><w c5="AJ0" hw="specific" pos="ADJ">specific </w><w c5="NN1" hw="guidance" pos="SUBST">guidance </w><w c5="PRP" hw="to" pos="PREP">to </w><w c5="AT0" hw="the" pos="ART">the </w><w c5="NN1" hw="jury" pos="SUBST">jury </w><w c5="PRP" hw="on" pos="PREP">on </w><w c5="AVQ" hw="how" pos="ADV">how </w><w c5="PNP" hw="they" pos="PRON">they </w><w c5="VM0" hw="should" pos="VERB">should </w><w c5="VVI" hw="seek" pos="VERB">seek </w><w c5="TO0" hw="to" pos="PREP">to </w><w c5="VVI" hw="compare" pos="VERB">compare </w><w c5="AT0" hw="the" pos="ART">the </w><w c5="NN1" hw="harm" pos="SUBST">harm </w><w c5="VVN" hw="suffer" pos="VERB">suffered </w><w c5="PRP" hw="by" pos="PREP">by </w><w c5="NP0" hw="donovan" pos="SUBST">Donovan </w><w c5="PRP" hw="as" pos="PREP">as </w><w c5="AT0" hw="a" pos="ART">a </w><w c5="NN1" hw="result" pos="SUBST">result </w><w c5="PRF" hw="of" pos="PREP">of </w><w c5="AT0" hw="the" pos="ART">the </w><w c5="NN1" hw="libel" pos="SUBST">libel </w><w c5="PRP" hw="with" pos="PREP">with </w><w c5="DT0" hw="that" pos="ADJ">that </w><w c5="VVD-VVN" hw="suffer" pos="VERB">suffered </w><w c5="PRP" hw="by" pos="PREP">by </w><w c5="DT0" hw="those" pos="ADJ">those </w><w c5="VVG" hw="claim" pos="VERB">claiming </w><w c5="NN2" hw="damage" pos="SUBST">damages </w><w c5="PRP" hw="in" pos="PREP">in </w><w c5="AJ0" hw="personal" pos="ADJ">personal </w><w c5="NN1" hw="injury" pos="SUBST">injury </w><w c5="NN2" hw="case" pos="SUBST">cases</w><c c5="PUN">.</c></s></p><p>
<s n="20"><w c5="PRP" hw="in" pos="PREP">In </w><w c5="DPS" hw="he" pos="PRON">his </w><w c5="NN1" hw="libel" pos="SUBST">libel </w><w c5="NN1" hw="action" pos="SUBST">action </w><w c5="VVG" hw="seek" pos="VERB">seeking </w><w c5="AJ0" hw="aggravated" pos="ADJ">aggravated </w><w c5="NN2" hw="damage" pos="SUBST">damages</w><c c5="PUN">, </c><w c5="NP0" hw="donovan" pos="SUBST">Donovan </w><w c5="VVD" hw="claim" pos="VERB">claimed </w><w c5="PNP" hw="he" pos="PRON">he </w><w c5="VVD" hw="suffer" pos="VERB">suffered </w><w c5="AJ0" hw="serious" pos="ADJ">serious </w><w c5="NN1" hw="injury" pos="SUBST">injury </w><w c5="PRP" hw="to" pos="PREP">to </w><w c5="DPS" hw="he" pos="PRON">his </w><w c5="AJ0-NN1" hw="professional" pos="ADJ">professional </w><w c5="CJC" hw="and" pos="CONJ">and </w><w c5="AJ0" hw="personal" pos="ADJ">personal </w><w c5="NN1" hw="reputation" pos="SUBST">reputation</w><c c5="PUN">, </c><w c5="AJ0" hw="considerable" pos="ADJ">considerable </w><w c5="NN1" hw="distress" pos="SUBST">distress </w><w c5="CJC" hw="and" pos="CONJ">and </w><w c5="NN1" hw="embarrassment" pos="SUBST">embarrassment </w><w c5="CJC" hw="and" pos="CONJ">and </w><w c5="CJT" hw="that" pos="CONJ">that </w><w c5="AT0" hw="the" pos="ART">the </w><w c5="NN1" hw="article" pos="SUBST">article </w><w c5="VVD" hw="imply" pos="VERB">implied </w><w c5="PNP" hw="he" pos="PRON">he </w><w c5="VBD" hw="be" pos="VERB">was </w><w c5="AJ0" hw="guilty" pos="ADJ">guilty </w><w c5="PRF" hw="of" pos="PREP">of </w><w c5="AJ0" hw="gross" pos="ADJ">gross </w><w c5="NN1" hw="hypocrisy" pos="SUBST">hypocrisy </w><w c5="CJC" hw="and" pos="CONJ">and </w><w c5="VVB-NN1" hw="deceit" pos="VERB">deceit </w><w c5="PRP" hw="by" pos="PREP">by </w><w c5="VVG" hw="deny" pos="VERB">denying </w><w c5="CJT" hw="that" pos="CONJ">that </w><w c5="PNP" hw="he" pos="PRON">he </w><w c5="VBD" hw="be" pos="VERB">was </w><w c5="AJ0" hw="homosexual" pos="ADJ">homosexual</w><c c5="PUN">.</c></s></p><p>
<s n="21"><w c5="NP0" hw="donovan" pos="SUBST">Donovan </w><w c5="VVD" hw="tell" pos="VERB">told </w><w c5="AT0" hw="the" pos="ART">the </w><w c5="NN1" hw="jury" pos="SUBST">jury </w><w c5="CJT" hw="that" pos="CONJ">that </w><w c5="PNP" hw="he" pos="PRON">he </w><w c5="VBD" hw="be" pos="VERB">was </w><w c5="XX0" hw="not" pos="ADV">not </w><w c5="CJC" hw="and" pos="CONJ">and </w><w c5="AV0" hw="never" pos="ADV">never </w><w c5="VHD" hw="have" pos="VERB">had </w><w c5="VBN" hw="be" pos="VERB">been </w><w c5="AT0" hw="a" pos="ART">a </w><w c5="NN1-AJ0" hw="homosexual" pos="SUBST">homosexual</w><c c5="PUN">.</c></s>
<s n="22"><w c5="DPS" hw="he" pos="PRON">His </w><w c5="NN1" hw="counsel" pos="SUBST">counsel</w><c c5="PUN">, </c><w c5="NP0" hw="mr" pos="SUBST">Mr </w><w c5="NP0" hw="charles" pos="SUBST">Charles </w><w c5="NP0" hw="gray" pos="SUBST">Gray</w><c c5="PUN">, </c><w c5="NN1" hw="qc" pos="SUBST">QC</w><c c5="PUN">, </c><w c5="VVD" hw="suggest" pos="VERB">suggested </w><w c5="CJT" hw="that" pos="CONJ">that </w><w c5="AT0" hw="the" pos="ART">the </w><w c5="NN1" hw="libel" pos="SUBST">libel </w><w c5="VHD" hw="have" pos="VERB">had </w><w c5="VVN" hw="damage" pos="VERB">damaged </w><w c5="DPS" hw="he" pos="PRON">his </w><w c5="NN1" hw="reputation" pos="SUBST">reputation </w><w c5="PRP" hw="at" pos="PREP">at </w><w c5="AT0" hw="a" pos="ART">a </w><w c5="NN1" hw="time" pos="SUBST">time </w><w c5="AVQ" hw="when" pos="ADV">when </w><w c5="PNP" hw="he" pos="PRON">he </w><w c5="VBD" hw="be" pos="VERB">was </w><w c5="AVP" hw="about" pos="ADV">about </w><w c5="TO0" hw="to" pos="PREP">to </w><w c5="VVI" hw="break" pos="VERB">break </w><w c5="PRP" hw="into" pos="PREP">into </w><w c5="AJ0" hw="serious" pos="ADJ">serious </w><w c5="NN1-VVG" hw="acting" pos="SUBST">acting </w><w c5="PRP" hw="after" pos="PREP">after </w><w c5="AT0" hw="a" pos="ART">a </w><w c5="NN1" hw="string" pos="SUBST">string </w><w c5="PRF" hw="of" pos="PREP">of </w><w c5="AJ0" hw="top" pos="ADJ">top </w><w c5="CRD" hw="10" pos="ADJ">10 </w><w c5="NN2-VVZ" hw="hit" pos="SUBST">hits </w><w c5="PRP" hw="as" pos="PREP">as </w><w c5="AT0" hw="a" pos="ART">a </w><w c5="NN1" hw="pop" pos="SUBST">pop </w><w c5="NN1" hw="star" pos="SUBST">star </w><w c5="CJC" hw="and" pos="CONJ">and </w><w c5="AT0" hw="a" pos="ART">a </w><w c5="NN1" hw="stint" pos="SUBST">stint </w><w c5="PRP" hw="in" pos="PREP">in </w><w c5="AT0" hw="the" pos="ART">the </w><w c5="AJ0" hw="australian" pos="ADJ">Australian </w><w c5="NN1" hw="tv" pos="SUBST">TV </w><w c5="NN1" hw="soap" pos="SUBST">soap</w><c c5="PUN">, </c><w c5="NN2" hw="neighbour" pos="SUBST">Neighbours</w><c c5="PUN">.</c></s></p><p>
<s n="23"><w c5="EX0" hw="there" pos="PRON">There </w><w c5="VBZ" hw="be" pos="VERB">is </w><w c5="AT0" hw="an" pos="ART">an </w><w c5="AJ0" hw="accepted" pos="ADJ">accepted </w><w c5="NN1" hw="tariff" pos="SUBST">tariff </w><w c5="PRF" hw="of" pos="PREP">of </w><w c5="NN2" hw="damage" pos="SUBST">damages </w><w c5="PRP" hw="for" pos="PREP">for </w><w c5="AJ0" hw="personal" pos="ADJ">personal </w><w c5="NN2" hw="injury" pos="SUBST">injuries </w><w c5="VVD-VVN" hw="lay" pos="VERB">laid </w><w c5="AVP" hw="down" pos="ADV">down </w><w c5="PRP" hw="on" pos="PREP">on </w><w c5="AT0" hw="a" pos="ART">a </w><w c5="AJ0" hw="case-to-case" pos="ADJ">case-to-case </w><w c5="NN1" hw="basis" pos="SUBST">basis </w><w c5="PRP" hw="by" pos="PREP">by </w><w c5="NN2" hw="judge" pos="SUBST">judges</w><c c5="PUN">.</c></s>
<s n="24"><w c5="CJC" hw="but" pos="CONJ">But </w><w c5="NN2" hw="damage" pos="SUBST">damages </w><w c5="VVN" hw="award" pos="VERB">awarded </w><w c5="PRP" hw="by" pos="PREP">by </w><w c5="NN2" hw="jury" pos="SUBST">juries </w><w c5="PRP" hw="in" pos="PREP">in </w><w c5="NN1" hw="libel" pos="SUBST">libel </w><w c5="NN2" hw="case" pos="SUBST">cases </w><w c5="PRP" hw="for" pos="PREP">for </w><w c5="NN1" hw="injury" pos="SUBST">injury </w><w c5="PRP" hw="to" pos="PREP">to </w><w c5="NN1" hw="reputation" pos="SUBST">reputation </w><w c5="VBB" hw="be" pos="VERB">are </w><c c5="PUQ">‘</c><mw c5="AV0"><w c5="PRP" hw="at" pos="PREP">at </w><w c5="AJ0" hw="large" pos="ADJ">large</w></mw><c c5="PUQ">’ </c><w c5="CJC" hw="and" pos="CONJ">and </w><w c5="AV0-AJ0" hw="only" pos="ADV">only </w><mw c5="PRP"><w c5="AJ0" hw="subject" pos="ADJ">subject </w><w c5="PRP" hw="to" pos="PREP">to </w></mw><w c5="AT0" hw="the" pos="ART">the </w><w c5="AJ0-NN1" hw="general" pos="ADJ">general </w><w c5="NN1" hw="guidance" pos="SUBST">guidance </w><w c5="PRP" hw="by" pos="PREP">by </w><w c5="NN2" hw="judge" pos="SUBST">judges </w><w c5="CJC" hw="and" pos="CONJ">and </w><w c5="AJ0" hw="limited" pos="ADJ">limited </w><w c5="NN2" hw="power" pos="SUBST">powers </w><w c5="PRP" hw="for" pos="PREP">for </w><w c5="AT0" hw="the" pos="ART">the </w><w c5="NN1" hw="court" pos="SUBST">Court </w><w c5="PRF" hw="of" pos="PREP">of </w><w c5="NN1" hw="appeal" pos="SUBST">Appeal </w><w c5="TO0" hw="to" pos="PREP">to </w><w c5="VVI" hw="correct" pos="VERB">correct </w><w c5="DT0" hw="those" pos="ADJ">those </w><w c5="CJT" hw="that" pos="CONJ">that </w><w c5="VBB" hw="be" pos="VERB">are </w><w c5="AJ0" hw="excessive" pos="ADJ">excessive</w><c c5="PUN">.</c></s></p><p>
<s n="25"><w c5="CRD" hw="one" pos="ADJ">One </w><w c5="NN1" hw="libel" pos="SUBST">libel </w><w c5="NN1" hw="expert" pos="SUBST">expert</w><c c5="PUN">, </c><w c5="NP0" hw="mr" pos="SUBST">Mr </w><w c5="NP0" hw="geoffrey" pos="SUBST">Geoffrey </w><w c5="NP0" hw="robertson" pos="SUBST">Robertson</w><c c5="PUN">, </c><w c5="NN1" hw="qc" pos="SUBST">QC</w><c c5="PUN">, </c><w c5="NN1" hw="author" pos="SUBST">author </w><w c5="PRF" hw="of" pos="PREP">of </w><w c5="AT0" hw="the" pos="ART">the </w><w c5="AJ0" hw="leading" pos="ADJ">leading </w><w c5="NN1" hw="textbook" pos="SUBST">textbook </w><w c5="PRP" hw="on" pos="PREP">on </w><w c5="NN0" hw="media" pos="SUBST">Media </w><w c5="NN1" hw="law" pos="SUBST">Law</w><c c5="PUN">, </c><w c5="VVD" hw="say" pos="VERB">said </w><w c5="PRP-CJS" hw="after" pos="PREP">after </w><w c5="AV0" hw="yesterday" pos="ADV">yesterday</w><w c5="POS" hw="'s" pos="UNC">'s </w><w c5="NN1" hw="verdict" pos="SUBST">verdict </w><w c5="CJT-DT0" hw="that" pos="CONJ">that </w><w c5="AJ0" hw="huge" pos="ADJ">huge </w><w c5="NN2" hw="award" pos="SUBST">awards </w><w c5="VBD" hw="be" pos="VERB">were </w><w c5="VVG" hw="turn" pos="VERB">turning </w><c c5="PUQ">‘</c><w c5="AT0" hw="the" pos="ART">the </w><w c5="NN1" hw="temple" pos="SUBST">temple </w><w c5="PRF" hw="of" pos="PREP">of </w><w c5="AT0" hw="the" pos="ART">the </w><w c5="NN1" hw="law" pos="SUBST">law </w><w c5="PRP" hw="into" pos="PREP">into </w><w c5="AT0" hw="a" pos="ART">a </w><w c5="NN1" hw="casino" pos="SUBST">casino</w><c c5="PUQ">’</c><c c5="PUN">.</c></s></p><p>
<s n="26"><w c5="NP0" hw="britain" pos="SUBST">Britain </w><w c5="VDD" hw="do" pos="VERB">did </w><w c5="XX0" hw="not" pos="ADV">not </w><w c5="VHI" hw="have" pos="VERB">have </w><w c5="AJ0" hw="free" pos="ADJ">free </w><w c5="NN1" hw="speech" pos="SUBST">speech </w><mw c5="PRP"><w c5="CJS" hw="because" pos="CONJ">because </w><w c5="PRF" hw="of" pos="PREP">of </w></mw><w c5="AT0" hw="the" pos="ART">the </w><w c5="NN1" hw="libel" pos="SUBST">libel </w><w c5="NN2" hw="law" pos="SUBST">laws</w><c c5="PUN">, </c><w c5="PNP" hw="he" pos="PRON">he </w><w c5="VVD" hw="say" pos="VERB">said</w><c c5="PUN">.</c></s>
<s n="27"><c c5="PUQ">‘</c><w c5="PNP" hw="it" pos="PRON">It </w><w c5="VHZ" hw="have" pos="VERB">has </w><w c5="AJ0" hw="expensive" pos="ADJ">expensive </w><w c5="NN1" hw="speech" pos="SUBST">speech</w><c c5="PUN">.</c></s>
<s n="28"><w c5="DT0" hw="most" pos="ADJ">Most </w><w c5="AJ0" hw="western" pos="ADJ">western </w><w c5="NN2" hw="democracy" pos="SUBST">democracies </w><w c5="VHB" hw="have" pos="VERB">have </w><w c5="NN2" hw="law" pos="SUBST">laws </w><w c5="DTQ" hw="which" pos="PRON">which </w><w c5="VVB" hw="offer" pos="VERB">offer </w><w c5="AT0" hw="a" pos="ART">a </w><w c5="AJC" hw="good" pos="ADJ">better </w><w c5="NN1" hw="balance" pos="SUBST">balance </w><w c5="PRP" hw="between" pos="PREP">between </w><w c5="NN1" hw="freedom" pos="SUBST">freedom </w><w c5="PRF" hw="of" pos="PREP">of </w><w c5="NN1" hw="expression" pos="SUBST">expression </w><w c5="CJC" hw="and" pos="CONJ">and </w><w c5="AT0" hw="the" pos="ART">the </w><w c5="NN1" hw="right" pos="SUBST">right </w><w c5="PRP" hw="to" pos="PREP">to </w><w c5="NN1" hw="reputation" pos="SUBST">reputation</w><c c5="PUN">.</c><c c5="PUQ">’</c></s></p><p>
<s n="29"><w c5="AT0" hw="a" pos="ART">A </w><w c5="AJ0" hw="new" pos="ADJ">new </w><w c5="NN0" hw="media" pos="SUBST">media </w><w c5="NN1" hw="law" pos="SUBST">law </w><w c5="NN1" hw="package" pos="SUBST">package </w><w c5="VBD" hw="be" pos="VERB">was </w><w c5="VVN" hw="need" pos="VERB">needed </w><w c5="TO0" hw="to" pos="PREP">to </w><w c5="VVI" hw="guarantee" pos="VERB">guarantee </w><w c5="NN1" hw="freedom" pos="SUBST">freedom </w><w c5="PRF" hw="of" pos="PREP">of </w><w c5="NN1" hw="expression" pos="SUBST">expression </w><w c5="CJC" hw="and" pos="CONJ">and </w><w c5="NN1" hw="information" pos="SUBST">information </w><w c5="CJC" hw="and" pos="CONJ">and </w><w c5="TO0" hw="to" pos="PREP">to </w><w c5="VVI" hw="liberalise" pos="VERB">liberalise </w><w c5="AT0" hw="the" pos="ART">the </w><w c5="NN1" hw="libel" pos="SUBST">libel </w><w c5="CJC" hw="and" pos="CONJ">and </w><w c5="NN1" hw="contempt" pos="SUBST">contempt </w><w c5="NN2" hw="law" pos="SUBST">laws</w><c c5="PUN">, </c><w c5="VVN" hw="balance" pos="VERB">balanced </w><w c5="PRP" hw="by" pos="PREP">by </w><w c5="AT0" hw="a" pos="ART">a </w><w c5="NN1" hw="law" pos="SUBST">law </w><w c5="TO0" hw="to" pos="PREP">to </w><w c5="VVI" hw="protect" pos="VERB">protect </w><w c5="AJ0" hw="unjustifiable" pos="ADJ">unjustifiable </w><w c5="NN1" hw="invasion" pos="SUBST">invasion </w><w c5="PRF" hw="of" pos="PREP">of </w><w c5="NN1" hw="privacy" pos="SUBST">privacy</w><c c5="PUN">.</c></s></p><p>
<s n="30"><w c5="AT0" hw="the" pos="ART">The </w><w c5="AJ0" hw="key" pos="ADJ">key </w><w c5="NN1" hw="reform" pos="SUBST">reform </w><w c5="VM0" hw="would" pos="VERB">would </w><w c5="VBI" hw="be" pos="VERB">be </w><w c5="AT0" hw="the" pos="ART">the </w><w c5="NN1" hw="introduction" pos="SUBST">introduction </w><w c5="PRF" hw="of" pos="PREP">of </w><w c5="AT0" hw="a" pos="ART">a </w><w c5="NN1" hw="bill" pos="SUBST">Bill </w><w c5="PRF" hw="of" pos="PREP">of </w><w c5="NN2" hw="right" pos="SUBST">Rights </w><w c5="PRP" hw="with" pos="PREP">with </w><w c5="AT0" hw="a" pos="ART">a </w><w c5="AJ0" hw="free" pos="ADJ">free </w><w c5="NN1" hw="speech" pos="SUBST">speech </w><w c5="NN1" hw="guarantee" pos="SUBST">guarantee </w><w c5="PRF" hw="of" pos="PREP">of </w><w c5="AT0" hw="the" pos="ART">the </w><w c5="NN1" hw="sort" pos="SUBST">sort </w><w c5="VVN" hw="enjoy" pos="VERB">enjoyed </w><w c5="PRP" hw="by" pos="PREP">by </w><w c5="NP0" hw="america" pos="SUBST">America </w><w c5="CJC" hw="and" pos="CONJ">and </w><w c5="AV0" hw="most" pos="ADV">most </w><w c5="AJ0" hw="european" pos="ADJ">European </w><w c5="NN2" hw="country" pos="SUBST">countries</w><c c5="PUN">.</c></s></p><p>
<s n="31"><w c5="AT0" hw="the" pos="ART">The </w><w c5="NN1" hw="libel" pos="SUBST">libel </w><w c5="NN2" hw="law" pos="SUBST">laws </w><w c5="VM0" hw="should" pos="VERB">should </w><w c5="VBI" hw="be" pos="VERB">be </w><w c5="VVN" hw="change" pos="VERB">changed </w><w c5="TO0" hw="to" pos="PREP">to </w><w c5="VVI" hw="provide" pos="VERB">provide </w><w c5="AT0" hw="a" pos="ART">a </w><c c5="PUQ">‘</c><w c5="AJ0" hw="fast" pos="ADJ">fast </w><w c5="NN1" hw="track" pos="SUBST">track</w><c c5="PUQ">’ </c><w c5="NN1" hw="system" pos="SUBST">system </w><w c5="VVG" hw="allow" pos="VERB">allowing </w><w c5="NN2" hw="victim" pos="SUBST">victims </w><w c5="PRF" hw="of" pos="PREP">of </w><w c5="NN0" hw="media" pos="SUBST">media </w><w c5="NN2" hw="falsehood" pos="SUBST">falsehoods </w><w c5="TO0" hw="to" pos="PREP">to </w><w c5="VVI" hw="correct" pos="VERB">correct </w><w c5="PNP" hw="they" pos="PRON">them </w><w c5="AV0" hw="quickly" pos="ADV">quickly </w><w c5="PRP" hw="without" pos="PREP">without </w><w c5="VHG" hw="have" pos="VERB">having </w><w c5="TO0" hw="to" pos="PREP">to </w><w c5="VVI" hw="wait" pos="VERB">wait </w><w c5="AT0" hw="a" pos="ART">a </w><w c5="AJ0" hw="long" pos="ADJ">long </w><w c5="NN1" hw="time" pos="SUBST">time </w><w c5="PRP" hw="for" pos="PREP">for </w><w c5="DPS" hw="they" pos="PRON">their </w><w c5="NN2" hw="case" pos="SUBST">cases </w><w c5="TO0" hw="to" pos="PREP">to </w><w c5="VVI" hw="go" pos="VERB">go </w><w c5="PRP" hw="to" pos="PREP">to </w><w c5="NN1" hw="court" pos="SUBST">court </w><w c5="CJC" hw="and" pos="CONJ">and </w><w c5="VVB-NN1" hw="gamble" pos="VERB">gamble </w><w c5="PRP" hw="on" pos="PREP">on </w><w c5="AT0" hw="the" pos="ART">the </w><w c5="NN1" hw="result" pos="SUBST">result</w><c c5="PUN">.</c></s></p><p>
<s n="32"><c c5="PUQ">‘</c><w c5="AT0" hw="the" pos="ART">The </w><w c5="AJ0" hw="only" pos="ADJ">only </w><w c5="NN2" hw="case" pos="SUBST">cases </w><w c5="AVQ" hw="where" pos="ADV">where </w><w c5="AJ0" hw="heavy" pos="ADJ">heavy </w><w c5="NN2" hw="damage" pos="SUBST">damages </w><w c5="VM0" hw="should" pos="VERB">should </w><w c5="VBI" hw="be" pos="VERB">be </w><w c5="VVN" hw="award" pos="VERB">awarded </w><w c5="VBB" hw="be" pos="VERB">are </w><w c5="AVQ" hw="where" pos="ADV">where </w><w c5="AT0" hw="the" pos="ART">the </w><w c5="NN2" hw="word" pos="SUBST">words </w><w c5="VHB" hw="have" pos="VERB">have </w><w c5="VBN" hw="be" pos="VERB">been </w><w c5="VVN" hw="publish" pos="VERB">published </w><mw c5="PRP"><w c5="AVP" hw="out" pos="ADV">out </w><w c5="PRF" hw="of" pos="PREP">of </w></mw><w c5="NN1" hw="malice" pos="SUBST">malice</w><c c5="PUN">,</c><c c5="PUQ">’ </c><w c5="VVD" hw="say" pos="VERB">said </w><w c5="NP0" hw="mr" pos="SUBST">Mr </w><w c5="NP0" hw="robertson" pos="SUBST">Robertson</w><c c5="PUN">.</c></s></p></div><div level="1"><head type="MAIN">
<s n="33"><w c5="AJ0" hw="luxury" pos="ADJ">Luxury </w><w c5="NN1" hw="life" pos="SUBST">life </w><w c5="VVZ" hw="await" pos="VERB">awaits </w><w c5="AJ0" hw="private" pos="ADJ">private </w><w c5="NN1" hw="jail" pos="SUBST">jail </w><w c5="NN2" hw="inmate" pos="SUBST">inmates</w></s></head><head type="BYLINE">
<s n="34"><w c5="PRP" hw="by" pos="PREP">By </w><w c5="NP0" hw="richard" pos="SUBST">Richard </w><w c5="NP0" hw="savill" pos="SUBST">Savill</w></s></head><p>
<s n="35"><w c5="NN2" hw="duvet" pos="SUBST">DUVETS</w><c c5="PUN">, </c><w c5="NN2" hw="phonecard" pos="SUBST">phonecards</w><c c5="PUN">, </c><w c5="AJ0" hw="hot" pos="ADJ">hot </w><w c5="NN2" hw="shower" pos="SUBST">showers </w><w c5="CJC" hw="and" pos="CONJ">and </w><w c5="NN1-VVB" hw="video" pos="SUBST">video </w><w c5="NN2" hw="film" pos="SUBST">films </w><w c5="VM0" hw="will" pos="VERB">will </w><w c5="VVI" hw="greet" pos="VERB">greet </w><w c5="NN2" hw="inmate" pos="SUBST">inmates </w><w c5="PRP" hw="at" pos="PREP">at </w><w c5="NP0" hw="britain" pos="SUBST">Britain</w><w c5="POS" hw="'s" pos="UNC">'s </w><w c5="ORD" hw="first" pos="ADJ">first </w><w c5="AJ0-NN1" hw="privately-run" pos="ADJ">privately-run </w><w c5="NN1" hw="prison" pos="SUBST">prison </w><w c5="CJS" hw="when" pos="CONJ">when </w><w c5="PNP" hw="it" pos="PRON">it </w><w c5="VVZ" hw="open" pos="VERB">opens </w><w c5="PRP" hw="on" pos="PREP">on </w><w c5="NP0" hw="monday" pos="SUBST">Monday</w><c c5="PUN">.</c></s></p><p>
<s n="36"><w c5="AT0" hw="the" pos="ART">The </w><w c5="NN2" hw="wold" pos="SUBST">Wolds</w><c c5="PUN">, </c><w c5="AT0" hw="a" pos="ART">a </w><w c5="NN1" hw="remand" pos="SUBST">remand </w><w c5="NN1" hw="centre" pos="SUBST">centre </w><w c5="PRP" hw="at" pos="PREP">at </w><w c5="NP0" hw="brough" pos="SUBST">Brough</w><c c5="PUN">, </c><w c5="NN1" hw="north" pos="SUBST">North </w><w c5="NP0" hw="humberside" pos="SUBST">Humberside</w><c c5="PUN">, </c><w c5="VBZ" hw="be" pos="VERB">is </w><w c5="AV0" hw="far" pos="ADV">far </w><w c5="VVN" hw="remove" pos="VERB">removed </w><w c5="PRP" hw="from" pos="PREP">from </w><w c5="AT0" hw="the" pos="ART">the </w><w c5="AJ0" hw="insanitary" pos="ADJ">insanitary </w><w c5="NN2" hw="condition" pos="SUBST">conditions </w><w c5="DTQ" hw="which" pos="PRON">which </w><w c5="VVB" hw="prevail" pos="VERB">prevail </w><w c5="PRP" hw="at" pos="PREP">at </w><w c5="DT0" hw="many" pos="ADJ">many </w><w c5="NN2" hw="jail" pos="SUBST">jails</w><c c5="PUN">.</c></s></p><p>
<s n="37"><w c5="AT0" hw="the" pos="ART">The </w><w c5="CRD" hw="320" pos="ADJ">320 </w><w c5="NN2" hw="inmate" pos="SUBST">inmates </w><w c5="VM0" hw="will" pos="VERB">will </w><w c5="VBI" hw="be" pos="VERB">be </w><w c5="VVN" hw="allow" pos="VERB">allowed </w><mw c5="PRP"><w c5="AVP" hw="out" pos="ADV">out </w><w c5="PRF" hw="of" pos="PREP">of </w></mw><w c5="DPS" hw="they" pos="PRON">their </w><w c5="NN2" hw="cell" pos="SUBST">cells </w><w c5="PRP" hw="for" pos="PREP">for </w><w c5="CRD" hw="14" pos="ADJ">14 </w><w c5="NN2" hw="hour" pos="SUBST">hours </w><w c5="AT0" hw="a" pos="ART">a </w><w c5="NN1" hw="day" pos="SUBST">day </w><w c5="PRP" hw="with" pos="PREP">with </w><w c5="AT0" hw="a" pos="ART">a </w><w c5="NN1" hw="minimum" pos="SUBST">minimum </w><w c5="PRF" hw="of" pos="PREP">of </w><w c5="CRD" hw="six" pos="ADJ">six </w><w c5="NN2" hw="hour" pos="SUBST">hours </w><w c5="NN1" hw="education" pos="SUBST">education </w><w c5="CJC" hw="and" pos="CONJ">and </w><w c5="CRD" hw="13" pos="ADJ">13 </w><w c5="NN2" hw="hour" pos="SUBST">hours </w><w c5="VVB" hw="exercise" pos="VERB">exercise </w><w c5="AT0" hw="a" pos="ART">a </w><w c5="NN1" hw="week" pos="SUBST">week</w><c c5="PUN">.</c></s></p><p>
<s n="38"><w c5="AT0" hw="the" pos="ART">The </w><w c5="NN0" hw="£32" pos="UNC">£32 </w><w c5="CRD" hw="million" pos="ADJ">million </w><w c5="NN1" hw="remand" pos="SUBST">remand </w><w c5="NN1" hw="prison" pos="SUBST">prison </w><w c5="VHZ" hw="have" pos="VERB">has </w><w c5="CRD" hw="156" pos="ADJ">156 </w><w c5="AJ0" hw="single" pos="ADJ">single </w><w c5="CJC" hw="and" pos="CONJ">and </w><w c5="CRD" hw="72" pos="ADJ">72 </w><w c5="AJ0" hw="shared" pos="ADJ">shared </w><w c5="NN2" hw="cell" pos="SUBST">cells</w><c c5="PUN">, </c><w c5="DT0" hw="each" pos="ADJ">each </w><w c5="PRP" hw="with" pos="PREP">with </w><w c5="DPS" hw="it" pos="PRON">its </w><w c5="DT0" hw="own" pos="ADJ">own </w><w c5="NN1" hw="lavatory" pos="SUBST">lavatory </w><w c5="CJC" hw="and" pos="CONJ">and </w><w c5="NN1" hw="washbasin" pos="SUBST">washbasin</w><c c5="PUN">.</c></s>
<s n="39"><w c5="NN1" hw="recreation" pos="SUBST">Recreation </w><w c5="NN2" hw="area" pos="SUBST">areas </w><w c5="VHB" hw="have" pos="VERB">have </w><w c5="NN2" hw="telephone" pos="SUBST">telephones </w><w c5="CJC" hw="and" pos="CONJ">and </w><w c5="NN1" hw="pool" pos="SUBST">pool </w><w c5="NN2" hw="table" pos="SUBST">tables</w><c c5="PUN">.</c></s></p><p>
<s n="40"><w c5="NN1-VVB" hw="nail" pos="SUBST">Nail </w><w c5="NN2" hw="clipper" pos="SUBST">clippers</w><c c5="PUN">, </c><w c5="NN2-VVZ" hw="comb" pos="SUBST">combs</w><c c5="PUN">, </c><w c5="NN1-VVB" hw="toothpaste" pos="SUBST">toothpaste </w><w c5="CJC" hw="and" pos="CONJ">and </w><w c5="NN2" hw="toothbrush" pos="SUBST">toothbrushes</w><c c5="PUN">, </c><w c5="NN2" hw="razor" pos="SUBST">razors </w><w c5="CJC" hw="and" pos="CONJ">and </w><w c5="NN2" hw="washbag" pos="SUBST">washbags </w><w c5="VBB" hw="be" pos="VERB">are </w><w c5="AV0" hw="neatly" pos="ADV">neatly </w><w c5="VVN" hw="lay" pos="VERB">laid </w><w c5="AVP" hw="out" pos="ADV">out </w><w c5="PRP" hw="on" pos="PREP">on </w><w c5="NN2" hw="table" pos="SUBST">tables </w><w c5="PRP" hw="in" pos="PREP">in </w><w c5="AT0" hw="the" pos="ART">the </w><w c5="NN2" hw="cell" pos="SUBST">cells </w><w c5="TO0" hw="to" pos="PREP">to </w><w c5="VVI" hw="await" pos="VERB">await </w><w c5="AT0" hw="the" pos="ART">the </w><w c5="NN1" hw="arrival" pos="SUBST">arrival </w><w c5="PRF" hw="of" pos="PREP">of </w><w c5="NN2" hw="inmate" pos="SUBST">inmates</w><c c5="PUN">, </c><w c5="DT0" hw="many" pos="ADJ">many </w><w c5="PRF" hw="of" pos="PREP">of </w><w c5="PNQ" hw="whom" pos="PRON">whom </w><w c5="VM0" hw="will" pos="VERB">will </w><w c5="XX0" hw="not" pos="ADV">not </w><w c5="VBI" hw="be" pos="VERB">be </w><w c5="VVG" hw="carry" pos="VERB">carrying </w><w c5="DT0" hw="such" pos="ADJ">such </w><w c5="NN2" hw="item" pos="SUBST">items </w><w c5="CJS" hw="because" pos="CONJ">because </w><w c5="PNP" hw="they" pos="PRON">they </w><w c5="VM0" hw="may" pos="VERB">may </w><w c5="XX0" hw="not" pos="ADV">not </w><w c5="VHI" hw="have" pos="VERB">have </w><w c5="VVN" hw="expect" pos="VERB">expected </w><w c5="TO0" hw="to" pos="PREP">to </w><w c5="VBI" hw="be" pos="VERB">be </w><w c5="VVN" hw="remand" pos="VERB">remanded </w><w c5="PRP" hw="in" pos="PREP">in </w><w c5="NN1" hw="custody" pos="SUBST">custody</w><c c5="PUN">.</c></s></p><p>
<s n="41"><c c5="PUQ">‘</c><w c5="AT0" hw="the" pos="ART">The </w><w c5="NN2" hw="cell" pos="SUBST">cells </w><w c5="VBB" hw="be" pos="VERB">are </w><w c5="AJ0" hw="luxurious" pos="ADJ">luxurious </w><w c5="VVN" hw="compare" pos="VERB">compared </w><w c5="PRP" hw="to" pos="PREP">to </w><w c5="DT0" hw="some" pos="ADJ">some </w><w c5="PRF" hw="of" pos="PREP">of </w><w c5="AT0" hw="the" pos="ART">the </w><w c5="NN2" hw="thing" pos="SUBST">things </w><w c5="PNP" hw="we" pos="PRON">we </w><w c5="VVB" hw="put" pos="VERB">put </w><w c5="AVP" hw="up" pos="ADV">up </w><w c5="PRP" hw="with" pos="PREP">with </w><w c5="PRP" hw="in" pos="PREP">in </w><w c5="AT0" hw="the" pos="ART">the </w><w c5="NN1" hw="army" pos="SUBST">Army</w><c c5="PUN">,</c><c c5="PUQ">’ </c><w c5="VVD" hw="say" pos="VERB">said </w><w c5="CRD" hw="one" pos="ADJ">one </w><w c5="NN0" hw="staff" pos="SUBST">staff </w><w c5="NN1" hw="member" pos="SUBST">member </w><w c5="PRP" hw="during" pos="PREP">during </w><w c5="AT0" hw="a" pos="ART">a </w><w c5="NN1" hw="press" pos="SUBST">Press </w><w c5="NN1" hw="tour" pos="SUBST">tour </w><w c5="PRF" hw="of" pos="PREP">of </w><w c5="AT0" hw="the" pos="ART">the </w><w c5="NN1" hw="jail" pos="SUBST">jail</w><c c5="PUN">.</c></s></p><p>
<s n="42"><w c5="AT0" hw="the" pos="ART">The </w><w c5="NN1" hw="prison" pos="SUBST">prison </w><w c5="VHZ" hw="have" pos="VERB">has </w><w c5="AT0" hw="a" pos="ART">a </w><w c5="AJ0" hw="medical" pos="ADJ">medical </w><w c5="NN1" hw="block" pos="SUBST">block </w><w c5="PRP" hw="with" pos="PREP">with </w><w c5="CRD" hw="24" pos="ADJ">24 </w><w c5="NN2" hw="bed" pos="SUBST">beds </w><w c5="CJC" hw="and" pos="CONJ">and </w><w c5="AT0" hw="a" pos="ART">a </w><w c5="NN1" hw="gym" pos="SUBST">gym </w><w c5="PRP" hw="with" pos="PREP">with </w><w c5="NN1" hw="equipment" pos="SUBST">equipment </w><w c5="CJT" hw="that" pos="CONJ">that </w><w c5="NN0" hw="staff" pos="SUBST">staff </w><w c5="VVD-VVN" hw="say" pos="VERB">said </w><w c5="VM0" hw="would" pos="VERB">would </w><w c5="VBI" hw="be" pos="VERB">be </w><w c5="AT0" hw="the" pos="ART">the </w><w c5="NN1" hw="envy" pos="SUBST">envy </w><w c5="PRF" hw="of" pos="PREP">of </w><w c5="DT0" hw="many" pos="ADJ">many </w><w c5="NN1" hw="council" pos="SUBST">council </w><w c5="NN1" hw="leisure" pos="SUBST">leisure </w><w c5="NN2" hw="centre" pos="SUBST">centres</w><c c5="PUN">.</c></s></p><p>
<s n="43"><w c5="NN1" hw="group" pos="SUBST">Group </w><w c5="CRD" hw="4" pos="ADJ">4 </w><w c5="NP0-NN1" hw="remand" pos="SUBST">Remand </w><w c5="NN2" hw="service" pos="SUBST">Services </w><w c5="AJ0" hw="ltd" pos="ADJ">Ltd</w><c c5="PUN">, </c><w c5="AT0" hw="the" pos="ART">the </w><w c5="NN1" hw="security" pos="SUBST">security </w><w c5="NN1" hw="firm" pos="SUBST">firm </w><w c5="VVN" hw="select" pos="VERB">selected </w><w c5="PRP" hw="by" pos="PREP">by </w><w c5="AT0" hw="the" pos="ART">the </w><w c5="NN1" hw="home" pos="SUBST">Home </w><w c5="NN1" hw="office" pos="SUBST">Office </w><w c5="TO0" hw="to" pos="PREP">to </w><w c5="VVI" hw="manage" pos="VERB">manage </w><w c5="AT0" hw="the" pos="ART">The </w><w c5="NN2" hw="wold" pos="SUBST">Wolds </w><w c5="PRP" hw="in" pos="PREP">in </w><w c5="AT0" hw="a" pos="ART">a </w><w c5="NN0" hw="£5" pos="UNC">£5 </w><w c5="AJ0" hw="million-a-year" pos="ADJ">million-a-year </w><w c5="NN1" hw="contract" pos="SUBST">contract</w><c c5="PUN">, </c><w c5="VVZ" hw="like" pos="VERB">likes </w><w c5="TO0" hw="to" pos="PREP">to </w><w c5="VVI" hw="think" pos="VERB">think </w><w c5="PRF" hw="of" pos="PREP">of </w><w c5="DPS" hw="it" pos="PRON">its </w><w c5="NN2" hw="prisoner" pos="SUBST">prisoners </w><w c5="PRP" hw="as" pos="PREP">as </w><w c5="NN2" hw="customer" pos="SUBST">customers</w><c c5="PUN">.</c></s></p><p>
<s n="44"><c c5="PUQ">‘</c><w c5="PNP" hw="it" pos="PRON">It </w><w c5="VM0" hw="may" pos="VERB">may </w><w c5="VVI" hw="seem" pos="VERB">seem </w><mw c5="AV0"><w c5="AT0" hw="a" pos="ART">a </w><w c5="AV0" hw="little" pos="ADV">little </w></mw><w c5="AJ0" hw="odd" pos="ADJ">odd </w><w c5="PRP" hw="for" pos="PREP">for </w><w c5="NN1" hw="prison" pos="SUBST">prison </w><w c5="NN0" hw="staff" pos="SUBST">staff </w><w c5="TO0" hw="to" pos="PREP">to </w><w c5="VBI" hw="be" pos="VERB">be </w><w c5="VVG" hw="look" pos="VERB">looking </w><w c5="PRP" hw="at" pos="PREP">at </w><w c5="DPS" hw="they" pos="PRON">their </w><w c5="NN2" hw="prisoner" pos="SUBST">prisoners </w><w c5="CJS" hw="as" pos="CONJ">as </w><w c5="NN2" hw="customer" pos="SUBST">customers</w><c c5="PUN">, </c><w c5="CJC" hw="but" pos="CONJ">but </w><w c5="PNP" hw="they" pos="PRON">they </w><w c5="VBB" hw="be" pos="VERB">are </w><w c5="AT0" hw="the" pos="ART">the </w><w c5="AJ0" hw="direct" pos="ADJ">direct </w><w c5="NN2" hw="consumer" pos="SUBST">consumers </w><w c5="PRF" hw="of" pos="PREP">of </w><w c5="DPS" hw="we" pos="PRON">our </w><w c5="NN1" hw="service" pos="SUBST">service</w><c c5="PUN">,</c><c c5="PUQ">’ </c><w c5="VVD" hw="explain" pos="VERB">explained </w><w c5="NP0" hw="mr" pos="SUBST">Mr </w><w c5="NP0" hw="stephen" pos="SUBST">Stephen </w><w c5="NP0" hw="twinn" pos="SUBST">Twinn</w><c c5="PUN">, </c><w c5="NN1" hw="prison" pos="SUBST">prison </w><w c5="NN1" hw="director" pos="SUBST">director</w><c c5="PUN">, </c><w c5="PNQ" hw="who" pos="PRON">who </w><w c5="VVD" hw="spend" pos="VERB">spent </w><w c5="CRD" hw="23" pos="ADJ">23 </w><w c5="NN2" hw="year" pos="SUBST">years </w><w c5="PRP" hw="in" pos="PREP">in </w><w c5="AT0" hw="the" pos="ART">the </w><w c5="AJ0-NN1" hw="public" pos="ADJ">public </w><w c5="NN1" hw="sector" pos="SUBST">sector </w><w c5="PRP" hw="at" pos="PREP">at </w><w c5="AJ0" hw="various" pos="ADJ">various </w><w c5="NN2" hw="grade" pos="SUBST">grades </w><w c5="PRF" hw="of" pos="PREP">of </w><w c5="NN1" hw="prison" pos="SUBST">prison </w><w c5="NN1" hw="governor" pos="SUBST">governor</w><c c5="PUN">.</c></s></p><p>
<s n="45"><w c5="AT0" hw="the" pos="ART">The </w><w c5="CRD" hw="60" pos="ADJ">60 </w><w c5="AJ0" hw="male" pos="ADJ">male </w><w c5="NN2" hw="warder" pos="SUBST">warders </w><w c5="CJC" hw="or" pos="CONJ">or </w><c c5="PUQ">‘</c><w c5="NN1" hw="custody" pos="SUBST">custody </w><w c5="NN2" hw="officer" pos="SUBST">officers</w><c c5="PUQ">’ </c><w c5="CJS" hw="as" pos="CONJ">as </w><w c5="PNP" hw="they" pos="PRON">they </w><w c5="VBB" hw="be" pos="VERB">are </w><w c5="VVN" hw="call" pos="VERB">called</w><c c5="PUN">, </c><w c5="VVB" hw="wear" pos="VERB">wear </w><w c5="AT0" hw="a" pos="ART">a </w><w c5="AJ0" hw="dapper" pos="ADJ">dapper </w><w c5="NN1" hw="outfit" pos="SUBST">outfit </w><w c5="PRF" hw="of" pos="PREP">of </w><w c5="AJ0" hw="black" pos="ADJ">black </w><w c5="NN2" hw="blazer" pos="SUBST">blazers</w><c c5="PUN">, </c><w c5="AJ0" hw="grey" pos="ADJ">grey </w><w c5="NN2" hw="trousers" pos="SUBST">trousers</w><c c5="PUN">, </c><w c5="AJ0" hw="white" pos="ADJ">white </w><w c5="NN2" hw="shirt" pos="SUBST">shirts </w><w c5="CJC" hw="and" pos="CONJ">and </w><w c5="AJ0" hw="grey" pos="ADJ">grey </w><w c5="NN1" hw="tie" pos="SUBST">tie</w><c c5="PUN">.</c></s>
<s n="46"><w c5="NN2" hw="woman" pos="SUBST">Women </w><w c5="NN2" hw="manager" pos="SUBST">managers </w><w c5="VHB" hw="have" pos="VERB">have </w><w c5="AT0" hw="a" pos="ART">a </w><w c5="NN1" hw="choice" pos="SUBST">choice </w><mw c5="PRP"><w c5="CJS" hw="as" pos="CONJ">as </w><w c5="PRP" hw="to" pos="PREP">to </w></mw><w c5="CJS" hw="whether" pos="CONJ">whether </w><w c5="PNP" hw="they" pos="PRON">they </w><w c5="VVB" hw="wear" pos="VERB">wear </w><w c5="NN2" hw="trousers" pos="SUBST">trousers </w><w c5="CJC" hw="or" pos="CONJ">or </w><w c5="AT0" hw="a" pos="ART">a </w><w c5="NN1" hw="skirt" pos="SUBST">skirt</w><c c5="PUN">.</c></s>
<s n="47"><w c5="NN1-VVB" hw="name" pos="SUBST">Name </w><w c5="NN2" hw="badge" pos="SUBST">badges </w><w c5="VBB" hw="be" pos="VERB">are </w><w c5="VVN" hw="wear" pos="VERB">worn </w><w c5="PRP" hw="by" pos="PREP">by </w><w c5="NN0" hw="staff" pos="SUBST">staff</w><c c5="PUN">.</c></s></p></div></wtext></bncDoc>
