<bncDoc xml:id="AHH"><teiHeader><fileDesc><titleStmt><title>  Daily Telegraph, electronic edition of 1992-04-05: Religious affairs stories. Sample containing about 97 words from a periodical (domain: belief and thought) </title><respStmt><resp> Data capture and transcription </resp><name> Oxford University Press </name> </respStmt></titleStmt><editionStmt><edition>BNC XML Edition, December 2006</edition></editionStmt><extent> 97 tokens; 97 w-units; 8 s-units </extent><publicationStmt><distributor>Distributed under licence by Oxford University Computing Services on behalf of the BNC Consortium.</distributor><availability> This material is protected by international copyright laws and may not be copied or redistributed in any way. Consult the BNC Web Site at http://www.natcorp.ox.ac.uk for full licencing and distribution conditions.</availability><idno type="bnc">AHH</idno><idno type="old"> DbBeli </idno></publicationStmt><sourceDesc><bibl><title>Daily Telegraph, electronic edition of 1992-04-05: Religious affairs stories.</title> <imprint n="DAILYT1"><publisher>The Daily Telegraph plc</publisher> <pubPlace>London</pubPlace> <date value="1992">1992</date> </imprint> </bibl></sourceDesc></fileDesc><encodingDesc><tagsDecl><namespace name=""><tagUsage gi="c" occurs="13"/><tagUsage gi="div" occurs="1"/><tagUsage gi="head" occurs="1"/><tagUsage gi="p" occurs="5"/><tagUsage gi="s" occurs="8"/><tagUsage gi="w" occurs="97"/></namespace></tagsDecl></encodingDesc><profileDesc><creation date="1992"> </creation><textClass><catRef targets="WRI ALLTIM3 ALLAVA2 ALLTYP3 WRIAAG0 WRIAD0 WRIASE3 WRIATY2 WRIAUD3 WRIDOM8 WRILEV2 WRIMED2 WRIPP5 WRISAM0 WRISTA3 WRITAS3"/><classCode scheme="DLEE">W newsp brdsht nat: social</classCode><keywords><term> (none) </term></keywords></textClass></profileDesc><revisionDesc><change date="2006-10-21" who="#OUCS">Tag usage updated for BNC-XML</change><change date="2000-12-13" who="#OUCS">Last check for BNC World first release</change><change date="2000-09-06" who="#OUCS">Redo tagusage tables</change><change date="2000-09-01" who="#OUCS">Check all tagcounts</change><change date="2000-06-23" who="#OUCS">Resequenced s-units and added headers</change><change date="2000-01-21" who="#OUCS">Added date info</change><change date="2000-01-09" who="#OUCS">Updated all catrefs</change><change date="2000-01-08" who="#OUCS">Updated source title</change><change date="2000-01-08" who="#OUCS">Updated titles</change><change date="1999-12-25" who="#OUCS">corrected tagUsage</change><change date="1999-09-13" who="#UCREL">POS codes revised for BNC-2; header updated</change><change date="1994-11-24" who="#dominic">Initial accession to corpus</change></revisionDesc></teiHeader>
<wtext type="NEWS"><div level="1"><head>
<s n="1"><w c5="NN1" hw="letter" pos="SUBST">Letter </w><w c5="PRP" hw="to" pos="PREP">to </w><w c5="AT0" hw="the" pos="ART">the </w><w c5="NN1" hw="editor" pos="SUBST">Editor</w><c c5="PUN">: </c><w c5="AJ0" hw="gay" pos="ADJ">Gay </w><w c5="NN1" hw="sex" pos="SUBST">sex </w><w c5="VBZ" hw="be" pos="VERB">is </w><w c5="AJ0" hw="subversive" pos="ADJ">subversive</w></s></head><p>
<s n="2"><w c5="NP0" hw="sir" pos="SUBST">SIR </w><w c5="NP0" hw="ian" pos="SUBST">Ian </w><w c5="NP0" hw="mckellen" pos="SUBST">McKellen </w><c c5="PUL">(</c><w c5="NN2" hw="letter" pos="SUBST">Letters</w><c c5="PUN">, </c><w c5="NP0" hw="march" pos="SUBST">March </w><w c5="CRD" hw="29" pos="ADJ">29</w><c c5="PUR">) </c><w c5="VM0" hw="must" pos="VERB">must </w><w c5="XX0" hw="not" pos="ADV">not </w><w c5="VBI" hw="be" pos="VERB">be </w><w c5="VVN" hw="allow" pos="VERB">allowed </w><w c5="TO0" hw="to" pos="PREP">to </w><w c5="VVI" hw="get" pos="VERB">get </w><w c5="AV0" hw="away" pos="ADV">away </w><w c5="PRP" hw="with" pos="PREP">with </w><w c5="DPS" hw="he" pos="PRON">his </w><w c5="NN1" hw="blanket" pos="SUBST">blanket </w><w c5="NN1" hw="assertion" pos="SUBST">assertion </w><w c5="CJT-DT0" hw="that" pos="CONJ">that </w><w c5="NN1" hw="equality" pos="SUBST">equality </w><w c5="PRP" hw="for" pos="PREP">for </w><w c5="NN2" hw="homosexual" pos="SUBST">homosexuals </w><w c5="VHZ" hw="have" pos="VERB">has </w><w c5="VBN" hw="be" pos="VERB">been </w><w c5="VVN" hw="establish" pos="VERB">established </w><w c5="PRP" hw="throughout" pos="PREP">throughout </w><w c5="NP0" hw="europe" pos="SUBST">Europe</w><c c5="PUN">.</c></s></p><p>
<s n="3"><w c5="PNI" hw="one" pos="PRON">One </w><w c5="VHZ" hw="have" pos="VERB">has </w><w c5="TO0" hw="to" pos="PREP">to </w><w c5="VVI" hw="distinguish" pos="VERB">distinguish </w><w c5="PRP" hw="between" pos="PREP">between </w><w c5="AT0" hw="the" pos="ART">the </w><w c5="NN1-AJ0" hw="individual" pos="SUBST">individual </w><w c5="CJC" hw="and" pos="CONJ">and </w><w c5="AT0" hw="the" pos="ART">the </w><w c5="NN1" hw="practice" pos="SUBST">practice</w><c c5="PUN">.</c></s>
<s n="4"><w c5="NN2" hw="european" pos="SUBST">Europeans </w><w c5="VVB" hw="recognise" pos="VERB">recognise </w><w c5="CJT" hw="that" pos="CONJ">that </w><w c5="DT0" hw="some" pos="ADJ">some </w><w c5="NN2" hw="individual" pos="SUBST">individuals </w><w c5="VBB" hw="be" pos="VERB">are </w><w c5="PRP" hw="by" pos="PREP">by </w><w c5="NN1" hw="nature" pos="SUBST">nature </w><w c5="NN1" hw="homosexual" pos="SUBST">homosexual</w><c c5="PUN">; </c><w c5="PRP" hw="as" pos="PREP">as </w><w c5="NN2" hw="individual" pos="SUBST">individuals</w><c c5="PUN">, </c><w c5="PNP" hw="they" pos="PRON">they </w><w c5="VM0" hw="must" pos="VERB">must </w><w c5="VBI" hw="be" pos="VERB">be </w><w c5="VVN-AJ0" hw="respect" pos="VERB">respected </w><w c5="CJC" hw="and" pos="CONJ">and </w><w c5="DPS" hw="they" pos="PRON">their </w><w c5="NN2" hw="right" pos="SUBST">rights </w><w c5="VM0" hw="must" pos="VERB">must </w><w c5="VBI" hw="be" pos="VERB">be </w><w c5="VVN" hw="protect" pos="VERB">protected</w><c c5="PUN">.</c></s></p><p>
<s n="5"><w c5="CJC" hw="but" pos="CONJ">But </w><w c5="VVB" hw="let" pos="VERB">let </w><w c5="PNP" hw="we" pos="PRON">us </w><w c5="XX0" hw="not" pos="ADV">not </w><w c5="VBI" hw="be" pos="VERB">be </w><w c5="VVN" hw="lead" pos="VERB">led </w><w c5="AV0-AJ0" hw="astray" pos="ADV">astray</w><c c5="PUN">: </c><w c5="AT0" hw="the" pos="ART">the </w><w c5="NN1" hw="practice" pos="SUBST">practice </w><w c5="PRF" hw="of" pos="PREP">of </w><w c5="NN1" hw="homosexuality" pos="SUBST">homosexuality </w><w c5="VBZ" hw="be" pos="VERB">is </w><w c5="NN1" hw="anathema" pos="SUBST">anathema </w><w c5="PRP" hw="to" pos="PREP">to </w><w c5="DT0" hw="all" pos="ADJ">all </w><w c5="AJ0" hw="christian" pos="ADJ">Christian </w><w c5="NN0" hw="people" pos="SUBST">people </w><w c5="CJC" hw="and" pos="CONJ">and </w><w c5="XX0" hw="not" pos="ADV">not </w><w c5="AV0" hw="just" pos="ADV">just </w><w c5="PRP" hw="in" pos="PREP">in </w><w c5="NP0" hw="europe" pos="SUBST">Europe</w><c c5="PUN">.</c></s>
<s n="6"><w c5="PNP" hw="it" pos="PRON">It </w><w c5="VM0" hw="can" pos="VERB">can </w><w c5="AV0" hw="only" pos="ADV">only </w><w c5="VVI" hw="subvert" pos="VERB">subvert </w><w c5="AT0" hw="the" pos="ART">the </w><w c5="AJ0" hw="young" pos="ADJ">young</w><c c5="PUN">.</c></s></p><p>
<s n="7"><w c5="NP0" hw="richard" pos="SUBST">Richard </w><w c5="NP0" hw="t." pos="SUBST">T. </w><w c5="NP0" hw="jones" pos="SUBST">Jones</w></s></p><p>
<s n="8"><w c5="NP0" hw="southport" pos="SUBST">Southport</w><c c5="PUN">,</c></s></p></div></wtext></bncDoc>
