<bncDoc xml:id="AHS"><teiHeader><fileDesc><titleStmt><title>  Daily Telegraph, electronic edition of 1992-04-06: Religious affairs stories. Sample containing about 314 words from a periodical (domain: belief and thought) </title><respStmt><resp> Data capture and transcription </resp><name> Oxford University Press </name> </respStmt></titleStmt><editionStmt><edition>BNC XML Edition, December 2006</edition></editionStmt><extent> 314 tokens; 317 w-units; 17 s-units </extent><publicationStmt><distributor>Distributed under licence by Oxford University Computing Services on behalf of the BNC Consortium.</distributor><availability> This material is protected by international copyright laws and may not be copied or redistributed in any way. Consult the BNC Web Site at http://www.natcorp.ox.ac.uk for full licencing and distribution conditions.</availability><idno type="bnc">AHS</idno><idno type="old"> DcBeli </idno></publicationStmt><sourceDesc><bibl><title>Daily Telegraph, electronic edition of 1992-04-06: Religious affairs stories.</title> <imprint n="DAILYT1"><publisher>The Daily Telegraph plc</publisher> <pubPlace>London</pubPlace> <date value="1992">1992</date> </imprint> </bibl></sourceDesc></fileDesc><encodingDesc><tagsDecl><namespace name=""><tagUsage gi="c" occurs="33"/><tagUsage gi="div" occurs="1"/><tagUsage gi="head" occurs="1"/><tagUsage gi="mw" occurs="2"/><tagUsage gi="p" occurs="5"/><tagUsage gi="s" occurs="17"/><tagUsage gi="w" occurs="317"/></namespace></tagsDecl></encodingDesc><profileDesc><creation date="1992"> </creation><textClass><catRef targets="WRI ALLTIM3 ALLAVA2 ALLTYP3 WRIAAG0 WRIAD0 WRIASE3 WRIATY2 WRIAUD3 WRIDOM8 WRILEV2 WRIMED2 WRIPP5 WRISAM0 WRISTA3 WRITAS3"/><classCode scheme="DLEE">W newsp brdsht nat: social</classCode><keywords><term> (none) </term></keywords></textClass></profileDesc><revisionDesc><change date="2006-10-21" who="#OUCS">Tag usage updated for BNC-XML</change><change date="2000-12-13" who="#OUCS">Last check for BNC World first release</change><change date="2000-09-06" who="#OUCS">Redo tagusage tables</change><change date="2000-09-01" who="#OUCS">Check all tagcounts</change><change date="2000-06-23" who="#OUCS">Resequenced s-units and added headers</change><change date="2000-01-21" who="#OUCS">Added date info</change><change date="2000-01-09" who="#OUCS">Updated all catrefs</change><change date="2000-01-08" who="#OUCS">Updated source title</change><change date="2000-01-08" who="#OUCS">Updated titles</change><change date="1999-12-25" who="#OUCS">corrected tagUsage</change><change date="1999-09-13" who="#UCREL">POS codes revised for BNC-2; header updated</change><change date="1994-11-24" who="#dominic">Initial accession to corpus</change></revisionDesc></teiHeader>
<wtext type="NEWS"><div level="1"><head>
<s n="1"><w c5="NN1" hw="letter" pos="SUBST">Letter </w><w c5="PRP" hw="to" pos="PREP">to </w><w c5="AT0" hw="the" pos="ART">the </w><w c5="NN1" hw="editor" pos="SUBST">Editor</w><c c5="PUN">: </c><w c5="NP0" hw="pope" pos="SUBST">Pope</w><w c5="POS" hw="'s" pos="UNC">'s </w><w c5="NN1" hw="guidance" pos="SUBST">guidance </w><w c5="PRP" hw="in" pos="PREP">in </w><w c5="NN1" hw="election" pos="SUBST">election</w></s></head><p>
<s n="2"><w c5="NN1" hw="sir" pos="SUBST">SIR </w><c c5="PUN">— </c><w c5="VM0" hw="can" pos="VERB">Can </w><w c5="PNP" hw="i" pos="PRON">I</w><c c5="PUN">, </c><w c5="CJS-PRP" hw="as" pos="CONJ">as </w><w c5="AT0" hw="a" pos="ART">a </w><w c5="NN1-AJ0" hw="catholic" pos="SUBST">Catholic</w><c c5="PUN">, </c><w c5="VVG" hw="follow" pos="VERB">following </w><w c5="AT0" hw="the" pos="ART">the </w><w c5="NN1" hw="guidance" pos="SUBST">guidance </w><w c5="PRF" hw="of" pos="PREP">of </w><w c5="NP0" hw="pope" pos="SUBST">Pope </w><w c5="NP0" hw="john" pos="SUBST">John </w><w c5="NP0" hw="paul" pos="SUBST">Paul </w><w c5="CRD" hw="ii" pos="ADJ">II</w><c c5="PUN">, </c><w c5="VVB-NN1" hw="vote" pos="VERB">vote </w><w c5="PRP" hw="for" pos="PREP">for </w><w c5="AT0" hw="the" pos="ART">the </w><w c5="AJ0" hw="labour" pos="ADJ">Labour </w><w c5="NN1" hw="party" pos="SUBST">Party </w><w c5="NN1" hw="manifesto" pos="SUBST">manifesto</w><c c5="PUN">?</c></s>
<s n="3"><w c5="DT0" hw="that" pos="ADJ">That </w><w c5="VVZ" hw="depend" pos="VERB">depends </w><w c5="PRP" hw="on" pos="PREP">on </w><w c5="AVQ" hw="how" pos="ADV">how </w><w c5="AV0" hw="seriously" pos="ADV">seriously </w><w c5="PNP" hw="i" pos="PRON">I </w><w c5="VVB" hw="take" pos="VERB">take </w><w c5="AT0" hw="the" pos="ART">the </w><w c5="AJ0" hw="special" pos="ADJ">special </w><w c5="NN1" hw="letter" pos="SUBST">letter </w><w c5="PRP" hw="on" pos="PREP">on </w><w c5="AT0" hw="the" pos="ART">the </w><w c5="NN1" hw="life" pos="SUBST">life </w><w c5="NN2" hw="issue" pos="SUBST">issues </w><w c5="PRF" hw="of" pos="PREP">of </w><w c5="NN1" hw="abortion" pos="SUBST">abortion </w><w c5="CJC" hw="and" pos="CONJ">and </w><w c5="NN1" hw="euthanasia" pos="SUBST">euthanasia </w><w c5="PNP" hw="he" pos="PRON">he </w><w c5="VVD" hw="write" pos="VERB">wrote </w><w c5="ORD" hw="last" pos="ADJ">last </w><w c5="NP0" hw="may" pos="SUBST">May </w><w c5="PRP" hw="to" pos="PREP">to </w><w c5="DPS" hw="he" pos="PRON">his </w><w c5="NN2" hw="bishop" pos="SUBST">bishops</w><c c5="PUN">.</c></s>
<s n="4"><w c5="PNP" hw="he" pos="PRON">He </w><w c5="VVD" hw="urge" pos="VERB">urged </w><w c5="PNP" hw="they" pos="PRON">them </w><w c5="TO0" hw="to" pos="PREP">to </w><w c5="VVI" hw="act" pos="VERB">act </w><w c5="AV0" hw="decisively" pos="ADV">decisively </w><w c5="PRP" hw="for" pos="PREP">for </w><c c5="PUQ">‘</c><w c5="AT0" hw="the" pos="ART">the </w><w c5="AJ0" hw="inviolable" pos="ADJ">inviolable </w><w c5="NN1" hw="right" pos="SUBST">right </w><w c5="PRP" hw="to" pos="PREP">to </w><w c5="NN1" hw="life" pos="SUBST">life</w><c c5="PUN">, </c><w c5="DTQ" hw="which" pos="PRON">which </w><w c5="VVZ" hw="belong" pos="VERB">belongs </w><w c5="PRP" hw="to" pos="PREP">to </w><w c5="AT0" hw="every" pos="ART">every </w><w c5="NN1" hw="person" pos="SUBST">person </w><w c5="PRP" hw="from" pos="PREP">from </w><w c5="NN1" hw="conception" pos="SUBST">conception </w><w c5="PRP" hw="until" pos="PREP">until </w><w c5="NN1" hw="life" pos="SUBST">life</w><w c5="POS" hw="'s" pos="UNC">'s </w><w c5="AJ0" hw="natural" pos="ADJ">natural </w><w c5="NN1" hw="end" pos="SUBST">end</w><c c5="PUQ">’</c><c c5="PUN">.</c></s>
<s n="5"><w c5="AV0" hw="early" pos="ADV">Earlier </w><w c5="PRP" hw="in" pos="PREP">in </w><w c5="CRD" hw="1991" pos="ADJ">1991 </w><w c5="PNP" hw="he" pos="PRON">he </w><w c5="VHD" hw="have" pos="VERB">had </w><w c5="VVN" hw="urge" pos="VERB">urged </w><c c5="PUQ">‘</c><w c5="AT0" hw="the" pos="ART">the </w><w c5="NN1" hw="promotion" pos="SUBST">promotion </w><w c5="PRF" hw="of" pos="PREP">of </w><w c5="AT0" hw="the" pos="ART">the </w><w c5="NN1" hw="culture" pos="SUBST">culture </w><w c5="PRF" hw="of" pos="PREP">of </w><w c5="NN1" hw="life" pos="SUBST">life </w><w c5="PRP" hw="in" pos="PREP">in </w><w c5="AT0" hw="the" pos="ART">the </w><w c5="NN1" hw="face" pos="SUBST">face </w><w c5="PRF" hw="of" pos="PREP">of </w><w c5="AT0" hw="the" pos="ART">the </w><w c5="NN1" hw="culture" pos="SUBST">culture </w><w c5="PRF" hw="of" pos="PREP">of </w><w c5="NN1" hw="death" pos="SUBST">death</w><c c5="PUQ">’</c><c c5="PUN">.</c></s>
<s n="6"><w c5="PNP" hw="he" pos="PRON">He </w><w c5="VVD" hw="castigate" pos="VERB">castigated </w><w c5="AT0" hw="the" pos="ART">the </w><w c5="AJ0-NN1" hw="anti-life" pos="ADJ">anti-life </w><w c5="NN2" hw="practice" pos="SUBST">practices </w><w c5="PRF" hw="of" pos="PREP">of </w><w c5="NN1" hw="abortion" pos="SUBST">abortion </w><w c5="CJC" hw="and" pos="CONJ">and </w><w c5="NN1" hw="euthanasia" pos="SUBST">euthanasia </w><w c5="PRP" hw="as" pos="PREP">as </w><c c5="PUQ">‘</c><w c5="NN2" hw="crime" pos="SUBST">crimes </w><w c5="PRF" hw="of" pos="PREP">of </w><w c5="NN1" hw="totalitarianism" pos="SUBST">totalitarianism </w><w c5="PRP" hw="against" pos="PREP">against </w><w c5="AT0" hw="the" pos="ART">the </w><w c5="AV0" hw="most" pos="ADV">most </w><w c5="AJ0" hw="defenceless" pos="ADJ">defenceless </w><w c5="PRF" hw="of" pos="PREP">of </w><w c5="AJ0" hw="human" pos="ADJ">human </w><w c5="NN2" hw="being" pos="SUBST">beings</w><c c5="PUQ">’</c><c c5="PUN">.</c></s></p><p>
<s n="7"><w c5="AVQ" hw="how" pos="ADV">How </w><w c5="AV0" hw="far" pos="ADV">far </w><w c5="AT0" hw="the" pos="ART">the </w><w c5="AJ0" hw="different" pos="ADJ">different </w><w c5="NN2" hw="statement" pos="SUBST">statements </w><w c5="PRP" hw="from" pos="PREP">from </w><w c5="AT0" hw="the" pos="ART">the </w><w c5="AJ0-NN1" hw="english" pos="ADJ">English </w><w c5="NN2" hw="bishop" pos="SUBST">bishops </w><w c5="CJC" hw="and" pos="CONJ">and </w><w c5="AT0" hw="the" pos="ART">the </w><w c5="AJ0" hw="scottish" pos="ADJ">Scottish </w><w c5="NN2" hw="bishop" pos="SUBST">bishops </w><w c5="VDB" hw="do" pos="VERB">do </w><w c5="DT0" hw="that" pos="ADJ">that </w><w c5="VBZ" hw="be" pos="VERB">is </w><w c5="AT0" hw="a" pos="ART">a </w><w c5="NN1" hw="matter" pos="SUBST">matter </w><w c5="PRF" hw="of" pos="PREP">of </w><w c5="AJ0" hw="personal" pos="ADJ">personal </w><w c5="NN1" hw="judgment" pos="SUBST">judgment</w><c c5="PUN">.</c></s>
<s n="8"><w c5="PNI" hw="nothing" pos="PRON">Nothing </w><w c5="VBZ" hw="be" pos="VERB">is </w><w c5="AV0" hw="more" pos="ADV">more </w><w c5="AJ0" hw="important" pos="ADJ">important </w><w c5="PRP" hw="in" pos="PREP">in </w><w c5="NN1" hw="life" pos="SUBST">life </w><w c5="CJS" hw="than" pos="CONJ">than </w><w c5="NN1" hw="life" pos="SUBST">life </w><w c5="PNX" hw="itself" pos="PRON">itself</w><c c5="PUN">.</c></s>
<s n="9"><w c5="DT0" hw="all" pos="ADJ">All </w><w c5="AJ0" hw="other" pos="ADJ">other </w><w c5="NN2" hw="issue" pos="SUBST">issues </w><w c5="VVB" hw="fade" pos="VERB">fade </w><w c5="PRP" hw="into" pos="PREP">into </w><w c5="NN1" hw="insignificance" pos="SUBST">insignificance </w><w c5="VVN" hw="compare" pos="VERB">compared </w><w c5="PRP" hw="with" pos="PREP">with </w><w c5="PNP" hw="it" pos="PRON">it</w><c c5="PUN">.</c></s>
<s n="10"><w c5="PNP" hw="i" pos="PRON">I </w><w c5="VM0" hw="would" pos="VERB">would </w><w c5="AV0" hw="personally" pos="ADV">personally </w><w c5="XX0" hw="not" pos="ADV">not </w><w c5="VVI" hw="wish" pos="VERB">wish </w><w c5="TO0" hw="to" pos="PREP">to </w><w c5="VVI" hw="live" pos="VERB">live </w><w c5="PRP-AVP" hw="in" pos="PREP">in </w><w c5="AT0" hw="a" pos="ART">a </w><w c5="NN1" hw="society" pos="SUBST">society </w><w c5="DTQ" hw="which" pos="PRON">which</w><c c5="PUN">, </c><mw c5="AVQ"><w c5="ITJ" hw="no" pos="INTERJ">no </w><w c5="NN1" hw="matter" pos="SUBST">matter </w><w c5="AVQ" hw="how" pos="ADV">how </w></mw><w c5="AV0" hw="secularly" pos="ADV">secularly </w><w c5="AJ0" hw="utopian" pos="ADJ">Utopian </w><w c5="PNP" hw="it" pos="PRON">it </w><w c5="VM0" hw="may" pos="VERB">may </w><w c5="VVI" hw="claim" pos="VERB">claim </w><w c5="PNX" hw="itself" pos="PRON">itself </w><w c5="TO0" hw="to" pos="PREP">to </w><w c5="VBI" hw="be" pos="VERB">be</w><c c5="PUN">, </c><w c5="VVZ" hw="kill" pos="VERB">kills </w><w c5="DPS" hw="it" pos="PRON">its </w><w c5="AJS" hw="weak" pos="ADJ">weakest </w><w c5="NN2" hw="member" pos="SUBST">members</w><c c5="PUN">, </c><w c5="AV0" hw="namely" pos="ADV">namely </w><w c5="AT0" hw="the" pos="ART">the </w><w c5="AJ0" hw="innocent" pos="ADJ">innocent </w><w c5="AJ0" hw="unborn" pos="ADJ">unborn </w><w c5="NN1" hw="child" pos="SUBST">child </w><w c5="CJC" hw="and" pos="CONJ">and </w><w c5="AT0" hw="the" pos="ART">the </w><w c5="AJ0" hw="old" pos="ADJ">old </w><w c5="CJC" hw="and/or" pos="CONJ">and/or </w><w c5="AV0" hw="terminally" pos="ADV">terminally </w><w c5="AJ0" hw="ill" pos="ADJ">ill</w><c c5="PUN">.</c></s></p><p>
<s n="11"><w c5="AJ0" hw="abortifacient" pos="ADJ">Abortifacient </w><w c5="NN2" hw="contraceptive" pos="SUBST">contraceptives</w><c c5="PUN">, </c><w c5="NN1" hw="embryo" pos="SUBST">embryo </w><w c5="NN1" hw="experimentation" pos="SUBST">experimentation </w><w c5="CJC" hw="and" pos="CONJ">and </w><w c5="NN1" hw="abortion" pos="SUBST">abortion </w><w c5="PNX" hw="itself" pos="PRON">itself </w><w c5="VVB" hw="deny" pos="VERB">deny </w><w c5="AT0" hw="the" pos="ART">the </w><w c5="NN1" hw="principle" pos="SUBST">principle </w><w c5="PRF" hw="of" pos="PREP">of </w><w c5="AT0" hw="the" pos="ART">the </w><w c5="NN1" hw="sanctity" pos="SUBST">sanctity </w><w c5="PRF" hw="of" pos="PREP">of </w><w c5="NN1" hw="life" pos="SUBST">life </w><w c5="PRP" hw="from" pos="PREP">from </w><w c5="NN1" hw="conception" pos="SUBST">conception </w><w c5="AV0" hw="onwards" pos="ADV">onwards </w><w c5="CJC" hw="and" pos="CONJ">and </w><w c5="AV0" hw="so" pos="ADV">so </w><w c5="VVB" hw="pave" pos="VERB">pave </w><w c5="AT0" hw="the" pos="ART">the </w><w c5="NN1" hw="way" pos="SUBST">way </w><w c5="PRP" hw="for" pos="PREP">for </w><w c5="NN1" hw="euthanasia" pos="SUBST">euthanasia</w><c c5="PUN">.</c></s></p><p>
<s n="12"><w c5="PNP" hw="i" pos="PRON">I </w><w c5="VM0" hw="would" pos="VERB">would </w><w c5="AV0" hw="therefore" pos="ADV">therefore </w><w c5="VVI" hw="vote" pos="VERB">vote </w><w c5="PRP" hw="for" pos="PREP">for </w><w c5="AT0" hw="a" pos="ART">a </w><w c5="AJ0" hw="labour" pos="ADJ">Labour </w><w c5="NN1" hw="candidate" pos="SUBST">candidate </w><w c5="AV0" hw="only" pos="ADV">only </w><w c5="CJS" hw="if" pos="CONJ">if </w><w c5="PNP" hw="he" pos="PRON">he </w><w c5="CJC" hw="or" pos="CONJ">or </w><w c5="PNP" hw="she" pos="PRON">she </w><w c5="VVZ" hw="guarantee" pos="VERB">guarantees </w><w c5="NN1" hw="opposition" pos="SUBST">opposition </w><w c5="PRP" hw="to" pos="PREP">to </w><w c5="AT0" hw="the" pos="ART">the </w><w c5="NN1" hw="party" pos="SUBST">party </w><w c5="NN1" hw="manifesto" pos="SUBST">manifesto</w><w c5="POS" hw="'s" pos="UNC">'s </w><w c5="NN1" hw="support" pos="SUBST">support </w><w c5="PRP" hw="for" pos="PREP">for </w><w c5="NN1" hw="abortion" pos="SUBST">abortion </w><w c5="PRP" hw="to" pos="PREP">to </w><w c5="AT0" hw="the" pos="ART">the </w><w c5="NN1" hw="extent" pos="SUBST">extent </w><w c5="PRF" hw="of" pos="PREP">of </w><w c5="VVG" hw="deny" pos="VERB">denying </w><w c5="AT0" hw="the" pos="ART">the </w><w c5="NN1" hw="whip" pos="SUBST">Whip</w><c c5="PUN">.</c></s></p><p>
<s n="13"><w c5="PRP-CJS" hw="as" pos="PREP">As </w><w c5="AT0" hw="the" pos="ART">the </w><w c5="NN1-AJ0" hw="conservative" pos="SUBST">Conservative </w><w c5="CJC" hw="and" pos="CONJ">and </w><w c5="AJ0" hw="liberal" pos="ADJ">Liberal </w><w c5="NN1" hw="democrat" pos="SUBST">Democrat </w><w c5="NN2" hw="manifesto" pos="SUBST">manifestos </w><w c5="VDB" hw="do" pos="VERB">do </w><w c5="XX0" hw="not" pos="ADV">not </w><w c5="VVI" hw="mention" pos="VERB">mention </w><w c5="AJ0" hw="pro-life" pos="ADJ">pro-life </w><w c5="NN2" hw="issue" pos="SUBST">issues</w><c c5="PUN">, </c><w c5="DPS" hw="i" pos="PRON">my </w><w c5="NN1" hw="task" pos="SUBST">task </w><w c5="VBZ" hw="be" pos="VERB">is </w><w c5="AJC" hw="easy" pos="ADJ">easier</w><c c5="PUN">.</c></s>
<s n="14"><w c5="CJC" hw="but" pos="CONJ">But </w><w c5="PNP" hw="it" pos="PRON">it </w><w c5="VVZ" hw="remain" pos="VERB">remains </w><w c5="AJ0" hw="essential" pos="ADJ">essential </w><w c5="CJT" hw="that" pos="CONJ">that </w><w c5="PNP" hw="i" pos="PRON">I </w><w c5="VVB" hw="know" pos="VERB">know </w><w c5="DPS" hw="they" pos="PRON">their </w><w c5="NN2" hw="candidate" pos="SUBST">candidates</w><w c5="POS" hw="'" pos="UNC">' </w><w c5="NN2" hw="attitude" pos="SUBST">attitudes </w><w c5="PRP" hw="before" pos="PREP">before </w><w c5="VVG" hw="decide" pos="VERB">deciding</w><c c5="PUN">.</c></s>
<s n="15"><w c5="PNP" hw="it" pos="PRON">It </w><w c5="VM0" hw="will" pos="VERB">will </w><w c5="AV0" hw="probably" pos="ADV">probably </w><w c5="VBI" hw="be" pos="VERB">be </w><w c5="AJC" hw="easy" pos="ADJ">easier </w><w c5="PRP" hw="for" pos="PREP">for </w><w c5="PNP" hw="they" pos="PRON">them </w><w c5="TO0" hw="to" pos="PREP">to </w><w c5="VBI" hw="be" pos="VERB">be </w><w c5="AJ0" hw="pro-life" pos="ADJ">pro-life </w><mw c5="PRP"><w c5="CJS" hw="because" pos="CONJ">because </w><w c5="PRF" hw="of" pos="PREP">of </w></mw><w c5="AT0" hw="the" pos="ART">the </w><w c5="NN1" hw="absence" pos="SUBST">absence </w><w c5="PRF" hw="of" pos="PREP">of </w><w c5="NN1" hw="party" pos="SUBST">party </w><w c5="NN1" hw="pressure" pos="SUBST">pressure </w><w c5="PRP" hw="on" pos="PREP">on </w><w c5="PNP" hw="they" pos="PRON">them</w><c c5="PUN">.</c></s>
<s n="16"><w c5="PRP" hw="in" pos="PREP">In </w><w c5="AT0" hw="the" pos="ART">the </w><w c5="NN1" hw="case" pos="SUBST">case </w><w c5="PRF" hw="of" pos="PREP">of </w><w c5="AT0" hw="an" pos="ART">an </w><w c5="NN1" hw="mp" pos="SUBST">MP </w><w c5="VVG" hw="seek" pos="VERB">seeking </w><w c5="NN1" hw="re-election" pos="SUBST">re-election</w><c c5="PUN">, </c><w c5="PNP" hw="i" pos="PRON">I </w><w c5="VM0" hw="will" pos="VERB">will </w><w c5="VBI" hw="be" pos="VERB">be </w><w c5="AV0" hw="strongly" pos="ADV">strongly </w><w c5="VVN" hw="influence" pos="VERB">influenced </w><w c5="PRP" hw="by" pos="PREP">by </w><w c5="NN1-VVG" hw="voting" pos="SUBST">voting </w><w c5="NN1" hw="record" pos="SUBST">record</w><c c5="PUN">.</c></s>
<s n="17"><w c5="NP0" hw="bart" pos="SUBST">BART </w><w c5="NP0" hw="harrington" pos="SUBST">HARRINGTON </w><w c5="NP0" hw="liverpool" pos="SUBST">Liverpool</w></s></p></div></wtext></bncDoc>
