<bncDoc xml:id="AHV"><teiHeader><fileDesc><titleStmt><title>  Daily Telegraph, electronic edition of 1992-04-06: Applied Science pages. Sample containing about 1693 words from a periodical (domain: natural sciences) </title><respStmt><resp> Data capture and transcription </resp><name> Oxford University Press </name> </respStmt></titleStmt><editionStmt><edition>BNC XML Edition, December 2006</edition></editionStmt><extent> 1693 tokens; 1712 w-units; 90 s-units </extent><publicationStmt><distributor>Distributed under licence by Oxford University Computing Services on behalf of the BNC Consortium.</distributor><availability> This material is protected by international copyright laws and may not be copied or redistributed in any way. Consult the BNC Web Site at http://www.natcorp.ox.ac.uk for full licencing and distribution conditions.</availability><idno type="bnc">AHV</idno><idno type="old"> DcPurS </idno></publicationStmt><sourceDesc><bibl><title>Daily Telegraph, electronic edition of 1992-04-06: Applied Science pages.</title> <imprint n="DAILYT1"><publisher>The Daily Telegraph plc</publisher> <pubPlace>London</pubPlace> <date value="1992">1992</date> </imprint> </bibl></sourceDesc></fileDesc><encodingDesc><tagsDecl><namespace name=""><tagUsage gi="c" occurs="210"/><tagUsage gi="div" occurs="3"/><tagUsage gi="head" occurs="6"/><tagUsage gi="mw" occurs="6"/><tagUsage gi="p" occurs="23"/><tagUsage gi="s" occurs="90"/><tagUsage gi="w" occurs="1712"/></namespace></tagsDecl></encodingDesc><profileDesc><creation date="1992"> </creation><textClass><catRef targets="WRI ALLTIM3 ALLAVA2 ALLTYP3 WRIAAG0 WRIAD0 WRIASE3 WRIATY2 WRIAUD3 WRIDOM2 WRILEV2 WRIMED2 WRIPP5 WRISAM0 WRISTA3 WRITAS3"/><classCode scheme="DLEE">W newsp brdsht nat: science</classCode><keywords><term> (none) </term></keywords></textClass></profileDesc><revisionDesc><change date="2006-10-21" who="#OUCS">Tag usage updated for BNC-XML</change><change date="2000-12-13" who="#OUCS">Last check for BNC World first release</change><change date="2000-09-06" who="#OUCS">Redo tagusage tables</change><change date="2000-09-01" who="#OUCS">Check all tagcounts</change><change date="2000-06-23" who="#OUCS">Resequenced s-units and added headers</change><change date="2000-01-21" who="#OUCS">Added date info</change><change date="2000-01-09" who="#OUCS">Updated all catrefs</change><change date="2000-01-08" who="#OUCS">Updated source title</change><change date="2000-01-08" who="#OUCS">Updated titles</change><change date="1999-12-25" who="#OUCS">corrected tagUsage</change><change date="1999-09-13" who="#UCREL">POS codes revised for BNC-2; header updated</change><change date="1994-11-24" who="#dominic">Initial accession to corpus</change></revisionDesc></teiHeader>
<wtext type="NEWS"><div level="1"><head type="MAIN">
<s n="1"><w c5="NN1" hw="science" pos="SUBST">Science</w><c c5="PUN">: </c><w c5="CJS" hw="when" pos="CONJ">When </w><w c5="NN1" hw="suicide" pos="SUBST">suicide </w><w c5="VM0" hw="can" pos="VERB">can </w><w c5="VBI" hw="be" pos="VERB">be </w><w c5="AJ0" hw="good" pos="ADJ">good </w><w c5="PRP" hw="for" pos="PREP">for </w><w c5="DPS" hw="you" pos="PRON">your </w><w c5="AJ0" hw="long-term" pos="ADJ">long-term </w><w c5="NN1" hw="healthroger" pos="SUBST">healthRoger </w><w c5="NP0" hw="highfield" pos="SUBST">Highfield </w><w c5="VVZ" hw="discuss" pos="VERB">discusses </w><w c5="AJ0" hw="new" pos="ADJ">new </w><w c5="NN2" hw="insight" pos="SUBST">insights </w><w c5="PRP" hw="into" pos="PREP">into </w><w c5="AT0" hw="the" pos="ART">the </w><w c5="NN1" hw="body" pos="SUBST">body</w><w c5="POS" hw="'s" pos="UNC">'s </w><w c5="NN2" hw="way" pos="SUBST">ways </w><w c5="PRF" hw="of" pos="PREP">of </w><w c5="VVG" hw="control" pos="VERB">controlling </w><w c5="DPS" hw="it" pos="PRON">its </w><w c5="DT0" hw="own" pos="ADJ">own </w><w c5="NN1" hw="development" pos="SUBST">development</w></s></head><head type="BYLINE">
<s n="2"><w c5="PRP" hw="by" pos="PREP">By </w><w c5="NP0" hw="roger" pos="SUBST">ROGER </w><w c5="NP0" hw="highfield" pos="SUBST">HIGHFIELD</w></s></head><p>
<s n="3"><w c5="PNP" hw="they" pos="PRON">THEY </w><w c5="VVD" hw="die" pos="VERB">died </w><w c5="PRP" hw="for" pos="PREP">for </w><w c5="AT0" hw="the" pos="ART">the </w><w c5="AJC" hw="great" pos="ADJ">greater </w><w c5="NN1" hw="good" pos="SUBST">good</w><c c5="PUN">.</c></s>
<s n="4"><w c5="PRP" hw="during" pos="PREP">During </w><w c5="DPS" hw="you" pos="PRON">your </w><w c5="NN1" hw="lifetime" pos="SUBST">lifetime </w><w c5="CJC" hw="and" pos="CONJ">and </w><w c5="PRP" hw="throughout" pos="PREP">throughout </w><w c5="DPS" hw="you" pos="PRON">your </w><w c5="NN1" hw="body" pos="SUBST">body</w><c c5="PUN">, </c><w c5="NN2" hw="cell" pos="SUBST">cells </w><w c5="VBB" hw="be" pos="VERB">are </w><w c5="VVG" hw="perish" pos="VERB">perishing </w><w c5="PRP-AVP" hw="on" pos="PREP">on </w><w c5="DPS" hw="you" pos="PRON">your </w><w c5="NN1" hw="behalf" pos="SUBST">behalf</w><c c5="PUN">.</c></s>
<s n="5"><w c5="PRP" hw="in" pos="PREP">In </w><w c5="AT0" hw="a" pos="ART">a </w><w c5="NN1" hw="flourish" pos="SUBST">flourish </w><w c5="PRF" hw="of" pos="PREP">of </w><w c5="AJ0" hw="biochemical" pos="ADJ">biochemical </w><w c5="NN1" hw="altruism" pos="SUBST">altruism</w><c c5="PUN">, </c><w c5="PNP" hw="they" pos="PRON">they </w><w c5="VVB" hw="manufacture" pos="VERB">manufacture </w><w c5="AJ0" hw="deadly" pos="ADJ">deadly </w><w c5="NN2" hw="molecule" pos="SUBST">molecules </w><w c5="CJC" hw="and" pos="CONJ">and </w><w c5="AV0" hw="then" pos="ADV">then </w><w c5="VVB" hw="turn" pos="VERB">turn </w><w c5="DT0" hw="this" pos="ADJ">this </w><w c5="AJ0" hw="lethal" pos="ADJ">lethal </w><w c5="NN1" hw="cocktail" pos="SUBST">cocktail </w><w c5="PRP" hw="upon" pos="PREP">upon </w><w c5="PNX" hw="themselves" pos="PRON">themselves</w><c c5="PUN">.</c></s>
<s n="6"><w c5="PRP" hw="in" pos="PREP">In </w><w c5="NN1" hw="effect" pos="SUBST">effect</w><c c5="PUN">, </c><w c5="PNP" hw="they" pos="PRON">they </w><w c5="VVB" hw="commit" pos="VERB">commit </w><w c5="NN1" hw="suicide" pos="SUBST">suicide</w><c c5="PUN">.</c></s>
<s n="7"><w c5="DT0" hw="this" pos="ADJ">This </w><w c5="AJ0" hw="extraordinary" pos="ADJ">extraordinary </w><w c5="NN1" hw="process" pos="SUBST">process </w><w c5="PRF" hw="of" pos="PREP">of </w><w c5="AJ0" hw="programmed" pos="ADJ">programmed </w><w c5="NN1" hw="cell" pos="SUBST">cell </w><w c5="NN1" hw="death" pos="SUBST">death </w><w c5="VHZ" hw="have" pos="VERB">has </w><w c5="AV0" hw="long" pos="ADV">long </w><w c5="VBN" hw="be" pos="VERB">been </w><w c5="VVN" hw="regard" pos="VERB">regarded </w><w c5="CJS" hw="as" pos="CONJ">as </w><w c5="AJ0" hw="essential" pos="ADJ">essential </w><w c5="PRP" hw="to" pos="PREP">to </w><w c5="NN1" hw="development" pos="SUBST">development</w><c c5="PUN">, </c><w c5="AT0" hw="the" pos="ART">the </w><w c5="NN1" hw="process" pos="SUBST">process </w><w c5="PRF" hw="of" pos="PREP">of </w><w c5="NN1" hw="growth" pos="SUBST">growth </w><w c5="PRP" hw="from" pos="PREP">from </w><w c5="AJ0" hw="spherical" pos="ADJ">spherical </w><w c5="NN1" hw="egg" pos="SUBST">egg </w><w c5="PRP" hw="to" pos="PREP">to </w><w c5="AT0" hw="an" pos="ART">an </w><w c5="AJ0" hw="entire" pos="ADJ">entire </w><w c5="AJ0" hw="human" pos="ADJ">human </w><w c5="NN1" hw="being" pos="SUBST">being</w><c c5="PUN">.</c></s>
<s n="8"><w c5="PRP" hw="in" pos="PREP">In </w><w c5="CRD" hw="one" pos="ADJ">one </w><w c5="NN1" hw="example" pos="SUBST">example </w><w c5="PRF" hw="of" pos="PREP">of </w><w c5="AJ0" hw="biological" pos="ADJ">biological </w><w c5="NN2" hw="origami" pos="SUBST">origami</w><c c5="PUN">, </c><w c5="CRD" hw="two" pos="ADJ">two </w><w c5="NN2" hw="flap" pos="SUBST">flaps </w><w c5="PRF" hw="of" pos="PREP">of </w><w c5="NN1" hw="tissue" pos="SUBST">tissue </w><w c5="NN1-VVB" hw="fuse" pos="SUBST">fuse </w><w c5="TO0" hw="to" pos="PREP">to </w><w c5="VVI" hw="form" pos="VERB">form </w><w c5="AT0" hw="the" pos="ART">the </w><w c5="NN1" hw="palate" pos="SUBST">palate </w><w c5="PRP" hw="in" pos="PREP">in </w><w c5="AT0" hw="the" pos="ART">the </w><w c5="NN1" hw="mouth" pos="SUBST">mouth</w><c c5="PUN">; </c><w c5="AJ0" hw="mass" pos="ADJ">mass </w><w c5="NN1" hw="suicide" pos="SUBST">suicide </w><w c5="PRF" hw="of" pos="PREP">of </w><w c5="NN2" hw="cell" pos="SUBST">cells </w><w c5="VVZ" hw="take" pos="VERB">takes </w><w c5="NN1" hw="place" pos="SUBST">place </w><w c5="PRP" hw="at" pos="PREP">at </w><w c5="AT0" hw="the" pos="ART">the </w><w c5="NN1-VVB" hw="join" pos="SUBST">join</w><c c5="PUN">.</c></s>
<s n="9"><w c5="PRP" hw="in" pos="PREP">In </w><w c5="AT0" hw="the" pos="ART">the </w><w c5="AJ0" hw="current" pos="ADJ">current </w><w c5="NN1" hw="issue" pos="SUBST">issue </w><w c5="PRF" hw="of" pos="PREP">of </w><w c5="NN1" hw="nature" pos="SUBST">Nature</w><c c5="PUN">, </c><w c5="AT0" hw="a" pos="ART">a </w><w c5="AJ0" hw="bold" pos="ADJ">bold </w><w c5="NN1" hw="suggestion" pos="SUBST">suggestion </w><w c5="VBZ" hw="be" pos="VERB">is </w><w c5="AV0" hw="now" pos="ADV">now </w><w c5="VVN" hw="make" pos="VERB">made </w><w c5="PRP" hw="by" pos="PREP">by </w><w c5="NP0" hw="prof" pos="SUBST">Prof </w><w c5="NP0" hw="martin" pos="SUBST">Martin </w><w c5="NN1-NP0" hw="raff" pos="SUBST">Raff </w><w c5="PRF" hw="of" pos="PREP">of </w><w c5="NN1" hw="university" pos="SUBST">University </w><w c5="NN1" hw="college" pos="SUBST">College </w><w c5="NP0" hw="london" pos="SUBST">London </w><w c5="DT0-CJT" hw="that" pos="ADJ">that </w><w c5="NN1" hw="cell" pos="SUBST">cell </w><w c5="NN1" hw="suicide" pos="SUBST">suicide </w><w c5="VBZ" hw="be" pos="VERB">is </w><w c5="AV0" hw="more" pos="ADV">more </w><w c5="AJ0" hw="fundamental" pos="ADJ">fundamental </w><w c5="CJS" hw="than" pos="CONJ">than </w><w c5="AV0" hw="previously" pos="ADV">previously </w><w c5="VVN" hw="think" pos="VERB">thought</w><c c5="PUN">.</c></s>
<s n="10"><c c5="PUQ">‘</c><w c5="NN1" hw="cell" pos="SUBST">Cell </w><w c5="NN1" hw="death" pos="SUBST">death </w><w c5="VVZ" hw="occur" pos="VERB">occurs </w><w c5="PRP-AVP" hw="in" pos="PREP">in </w><w c5="DT0" hw="all" pos="ADJ">all </w><w c5="NN2" hw="animal" pos="SUBST">animals </w><w c5="CJC" hw="and" pos="CONJ">and </w><w c5="DT0" hw="all" pos="ADJ">all </w><w c5="NN2" hw="tissue" pos="SUBST">tissues</w><c c5="PUN">, </c><mw c5="AV0"><w c5="PRP" hw="at" pos="PREP">at </w><w c5="AV0" hw="least" pos="ADV">least </w></mw><w c5="PRP" hw="at" pos="PREP">at </w><w c5="DT0" hw="some" pos="ADJ">some </w><w c5="NN1" hw="stage" pos="SUBST">stage </w><w c5="PRF" hw="of" pos="PREP">of </w><w c5="NN1" hw="development" pos="SUBST">development</w><c c5="PUN">.</c></s>
<s n="11"><w c5="PNP" hw="it" pos="PRON">It </w><w c5="VVZ" hw="occur" pos="VERB">occurs </w><w c5="PRP-AVP" hw="on" pos="PREP">on </w><w c5="AT0" hw="a" pos="ART">a </w><w c5="AV0" hw="much" pos="ADV">much </w><w c5="AJC" hw="large" pos="ADJ">larger </w><w c5="NN1" hw="scale" pos="SUBST">scale </w><w c5="CJS" hw="than" pos="CONJ">than </w><w c5="AV0" hw="generally" pos="ADV">generally </w><w c5="VVN" hw="realise" pos="VERB">realised </w><w c5="CJC" hw="and" pos="CONJ">and </w><w c5="PRP" hw="in" pos="PREP">in </w><w c5="DT0" hw="most" pos="ADJ">most </w><w c5="NN2" hw="case" pos="SUBST">cases </w><w c5="AT0" hw="the" pos="ART">the </w><w c5="NN1" hw="function" pos="SUBST">function </w><w c5="VBZ" hw="be" pos="VERB">is </w><w c5="AJ0" hw="unclear" pos="ADJ">unclear</w><c c5="PUN">.</c><c c5="PUQ">’</c></s>
<s n="12"><w c5="AJ0" hw="cellular" pos="ADJ">Cellular </w><w c5="NN1" hw="hara-kiri" pos="SUBST">hara-kiri </w><w c5="VBD" hw="be" pos="VERB">was </w><w c5="ORD" hw="first" pos="ADJ">first </w><w c5="VVN" hw="dub" pos="VERB">dubbed </w><c c5="PUQ">‘</c><w c5="NN1" hw="apoptosis" pos="SUBST">apoptosis</w><c c5="PUQ">’</c><c c5="PUL">(</c><w c5="AT0" hw="the" pos="ART">the </w><w c5="ORD" hw="second" pos="ADJ">second </w><c c5="PUQ">‘</c><w c5="ZZ0" hw="p" pos="SUBST">p</w><c c5="PUQ">’ </c><w c5="VBZ" hw="be" pos="VERB">is </w><w c5="AJ0" hw="silent" pos="ADJ">silent</w><c c5="PUR">) </c><w c5="PRP" hw="by" pos="PREP">by </w><w c5="NP0" hw="alastair" pos="SUBST">Alastair </w><w c5="NP0" hw="currie" pos="SUBST">Currie</w><c c5="PUN">, </c><w c5="NP0" hw="john" pos="SUBST">John </w><w c5="NP0" hw="kerr" pos="SUBST">Kerr </w><w c5="CJC" hw="and" pos="CONJ">and </w><w c5="NP0" hw="andrew" pos="SUBST">Andrew </w><w c5="NP0" hw="wyllie" pos="SUBST">Wyllie </w><w c5="PRP" hw="at" pos="PREP">at </w><w c5="AT0" hw="the" pos="ART">the </w><w c5="NN1" hw="university" pos="SUBST">University </w><w c5="PRF" hw="of" pos="PREP">of </w><w c5="NP0" hw="edinburgh" pos="SUBST">Edinburgh</w><c c5="PUN">.</c></s>
<s n="13"><w c5="PRP" hw="in" pos="PREP">In </w><w c5="AV0" hw="just" pos="ADV">just </w><w c5="AT0" hw="a" pos="ART">a </w><w c5="DT0" hw="few" pos="ADJ">few </w><w c5="NN2" hw="hour" pos="SUBST">hours</w><c c5="PUN">, </c><w c5="AT0" hw="a" pos="ART">a </w><w c5="AJ0" hw="doomed" pos="ADJ">doomed </w><w c5="NN1" hw="cell" pos="SUBST">cell </w><w c5="VVZ" hw="separate" pos="VERB">separates </w><w c5="PRP" hw="from" pos="PREP">from </w><w c5="DPS" hw="it" pos="PRON">its </w><w c5="NN2" hw="neighbour" pos="SUBST">neighbours </w><w c5="CJC" hw="and" pos="CONJ">and </w><w c5="NN2-VVZ" hw="shrink" pos="SUBST">shrinks</w><c c5="PUN">, </c><w c5="CJS" hw="while" pos="CONJ">while </w><w c5="DPS" hw="it" pos="PRON">its </w><w c5="NN1" hw="nucleus" pos="SUBST">nucleus </w><w c5="NN2-VVZ" hw="change" pos="SUBST">changes </w><w c5="NN1-VVB" hw="shape" pos="SUBST">shape </w><w c5="CJC" hw="and" pos="CONJ">and </w><w c5="NN2" hw="fragment" pos="SUBST">fragments</w><c c5="PUN">.</c></s>
<s n="14"><w c5="AT0" hw="the" pos="ART">The </w><w c5="AJ0" hw="conventional" pos="ADJ">conventional </w><w c5="NN1" hw="view" pos="SUBST">view </w><w c5="VBZ" hw="be" pos="VERB">is </w><w c5="CJT" hw="that" pos="CONJ">that </w><w c5="AT0" hw="the" pos="ART">the </w><w c5="NN1" hw="body" pos="SUBST">body </w><c c5="PUN">— </c><w c5="AV0" hw="somehow" pos="ADV">somehow </w><c c5="PUN">— </c><w c5="VVZ" hw="tell" pos="VERB">tells </w><w c5="DT0" hw="these" pos="ADJ">these </w><w c5="AJ0" hw="altruistic" pos="ADJ">altruistic </w><w c5="NN2" hw="cell" pos="SUBST">cells </w><w c5="TO0" hw="to" pos="PREP">to </w><w c5="VDI" hw="do" pos="VERB">do </w><w c5="AT0" hw="the" pos="ART">the </w><w c5="AJ0" hw="honourable" pos="ADJ">honourable </w><w c5="NN1" hw="thing" pos="SUBST">thing </w><w c5="PRP" hw="by" pos="PREP">by </w><w c5="VVG" hw="activate" pos="VERB">activating </w><w c5="AT0" hw="a" pos="ART">a </w><w c5="NN1" hw="suicide" pos="SUBST">suicide </w><w c5="NN1" hw="programme" pos="SUBST">programme</w><c c5="PUN">.</c></s>
<s n="15"><w c5="CJC" hw="but" pos="CONJ">But </w><w c5="NP0-NN1" hw="raff" pos="SUBST">Raff </w><w c5="VVZ" hw="speculate" pos="VERB">speculates </w><w c5="CJT" hw="that" pos="CONJ">that </w><w c5="PNP" hw="it" pos="PRON">it </w><w c5="VVZ" hw="make" pos="VERB">makes </w><w c5="DT0" hw="more" pos="ADJ">more </w><w c5="NN1" hw="sense" pos="SUBST">sense </w><w c5="CJT" hw="that" pos="CONJ">that </w><w c5="DT0" hw="all" pos="ADJ">all </w><w c5="NN2" hw="cell" pos="SUBST">cells </w><w c5="VBB" hw="be" pos="VERB">are </w><w c5="AJ0" hw="suicidal" pos="ADJ">suicidal</w><c c5="PUN">: </c><w c5="TO0" hw="to" pos="PREP">to </w><w c5="VVI" hw="survive" pos="VERB">survive </w><w c5="PNP" hw="they" pos="PRON">they </w><w c5="VHB" hw="have" pos="VERB">have </w><w c5="TO0" hw="to" pos="PREP">to </w><w c5="VBI" hw="be" pos="VERB">be </w><w c5="AV0" hw="constantly" pos="ADV">constantly </w><w c5="VVN" hw="remind" pos="VERB">reminded </w><w c5="PRP" hw="by" pos="PREP">by </w><w c5="NN2" hw="signal" pos="SUBST">signals </w><w c5="PRP" hw="from" pos="PREP">from </w><w c5="AT0" hw="the" pos="ART">the </w><w c5="NN1" hw="body" pos="SUBST">body </w><w c5="CJT" hw="that" pos="CONJ">that </w><w c5="PNP" hw="they" pos="PRON">they </w><w c5="VBB" hw="be" pos="VERB">are </w><w c5="VVN" hw="love" pos="VERB">loved </w><w c5="CJC" hw="and" pos="CONJ">and </w><w c5="VVD-AJ0" hw="cherish" pos="VERB">cherished</w><c c5="PUN">.</c></s></p><p>
<s n="16"><w c5="PNP" hw="he" pos="PRON">He </w><w c5="VVZ" hw="cite" pos="VERB">cites </w><w c5="NN1" hw="evidence" pos="SUBST">evidence </w><w c5="PRP" hw="from" pos="PREP">from </w><w c5="AT0" hw="the" pos="ART">the </w><w c5="AJ0" hw="developing" pos="ADJ">developing </w><w c5="AJ0" hw="nervous" pos="ADJ">nervous </w><w c5="NN1" hw="system" pos="SUBST">system</w><c c5="PUN">.</c></s>
<s n="17"><w c5="DT0" hw="most" pos="ADJ">Most </w><w c5="NN1-VVB" hw="nerve" pos="SUBST">nerve </w><w c5="NN2" hw="cell" pos="SUBST">cells </w><w c5="VBB" hw="be" pos="VERB">are </w><w c5="VVN" hw="overproduce" pos="VERB">overproduced </w><w c5="PRP" hw="in" pos="PREP">in </w><w c5="AT0" hw="the" pos="ART">the </w><w c5="NN1" hw="embryo" pos="SUBST">embryo</w><c c5="PUN">.</c></s>
<s n="18"><w c5="AT0" hw="the" pos="ART">The </w><w c5="NN2" hw="cell" pos="SUBST">cells </w><w c5="VVB" hw="seem" pos="VERB">seem </w><w c5="TO0" hw="to" pos="PREP">to </w><w c5="VVI" hw="compete" pos="VERB">compete </w><w c5="PRP" hw="for" pos="PREP">for </w><w c5="NN1" hw="survival" pos="SUBST">survival </w><w c5="NN2" hw="factor" pos="SUBST">factors </w><w c5="VVN" hw="release" pos="VERB">released </w><w c5="PRP" hw="by" pos="PREP">by </w><w c5="NN1" hw="target" pos="SUBST">target </w><w c5="NN2" hw="cell" pos="SUBST">cells </w><w c5="CJT" hw="that" pos="CONJ">that </w><w c5="AT0" hw="the" pos="ART">the </w><w c5="NN1" hw="nerve" pos="SUBST">nerve </w><w c5="NN2" hw="cell" pos="SUBST">cells </w><w c5="VVB-NN1" hw="contact" pos="VERB">contact</w><c c5="PUN">; </c><w c5="AV0" hw="about" pos="ADV">about </w><w c5="DT0" hw="half" pos="ADJ">half </w><w c5="VVB" hw="get" pos="VERB">get </w><w c5="DT0" hw="enough" pos="ADJ">enough </w><w c5="TO0" hw="to" pos="PREP">to </w><w c5="VVI" hw="survive" pos="VERB">survive</w><c c5="PUN">, </c><w c5="AT0" hw="the" pos="ART">the </w><w c5="NN1" hw="rest" pos="SUBST">rest </w><w c5="VVB" hw="kill" pos="VERB">kill </w><w c5="PNX" hw="themselves" pos="PRON">themselves</w><c c5="PUN">.</c></s>
<s n="19"><w c5="AT0" hw="the" pos="ART">The </w><w c5="NN1-AJ0" hw="adult" pos="SUBST">adult </w><w c5="NN1" hw="rat" pos="SUBST">rat </w><w c5="VVZ" hw="provide" pos="VERB">provides </w><w c5="DT0" hw="another" pos="ADJ">another </w><w c5="NN1" hw="example" pos="SUBST">example</w><c c5="PUN">: </c><w c5="PNP" hw="it" pos="PRON">it </w><w c5="VHZ" hw="have" pos="VERB">has </w><w c5="VBN" hw="be" pos="VERB">been </w><w c5="VVN" hw="find" pos="VERB">found </w><w c5="CJT" hw="that" pos="CONJ">that </w><w c5="NN2" hw="cell" pos="SUBST">cells </w><w c5="PRP" hw="in" pos="PREP">in </w><w c5="DPS" hw="it" pos="PRON">its </w><w c5="NN1" hw="prostate" pos="SUBST">prostate </w><w c5="NN1" hw="gland" pos="SUBST">gland </w><w c5="VVB-NN1" hw="need" pos="VERB">need </w><w c5="AT0" hw="the" pos="ART">the </w><w c5="NN1" hw="hormone" pos="SUBST">hormone </w><w c5="NN1" hw="testosterone" pos="SUBST">testosterone</w><c c5="PUN">.</c></s>
<s n="20"><w c5="PRP" hw="without" pos="PREP">Without </w><w c5="PNP" hw="it" pos="PRON">it</w><c c5="PUN">, </c><w c5="PNP" hw="they" pos="PRON">they </w><w c5="VVB" hw="commit" pos="VERB">commit </w><w c5="NN1" hw="suicide" pos="SUBST">suicide</w><c c5="PUN">.</c></s>
<s n="21"><c c5="PUQ">‘</c><w c5="PNP" hw="it" pos="PRON">It </w><w c5="VVZ" hw="seem" pos="VERB">seems </w><w c5="AT0" hw="an" pos="ART">an </w><w c5="AJ0" hw="attractive" pos="ADJ">attractive </w><w c5="NN1" hw="idea" pos="SUBST">idea </w><w c5="CJT" hw="that" pos="CONJ">that </w><w c5="DT0" hw="this" pos="ADJ">this </w><w c5="VM0" hw="might" pos="VERB">might </w><w c5="VBI" hw="be" pos="VERB">be </w><w c5="AT0" hw="a" pos="ART">a </w><w c5="AJ0" hw="general" pos="ADJ">general </w><w c5="NN1" hw="scheme" pos="SUBST">scheme </w><w c5="PRP" hw="for" pos="PREP">for </w><w c5="DT0" hw="all" pos="ADJ">all </w><w c5="NN2" hw="cell" pos="SUBST">cells</w><c c5="PUN">,</c><c c5="PUQ">’ </c><w c5="PNP" hw="he" pos="PRON">he </w><w c5="VVD" hw="say" pos="VERB">said</w><c c5="PUN">.</c></s>
<s n="22"><w c5="PNP" hw="it" pos="PRON">It </w><w c5="VM0" hw="would" pos="VERB">would </w><w c5="VVI" hw="act" pos="VERB">act</w><c c5="PUN">, </c><mw c5="AV0"><w c5="PRP" hw="for" pos="PREP">for </w><w c5="NN1" hw="example" pos="SUBST">example</w></mw><c c5="PUN">, </c><w c5="CJS-PRP" hw="as" pos="CONJ">as </w><w c5="AT0" hw="a" pos="ART">a </w><w c5="AJ0" hw="general" pos="ADJ">general </w><w c5="NN1" hw="mechanism" pos="SUBST">mechanism </w><w c5="TO0" hw="to" pos="PREP">to </w><w c5="VVI" hw="wipe" pos="VERB">wipe </w><w c5="AVP" hw="out" pos="ADV">out </w><w c5="DT0" hw="those" pos="ADJ">those </w><w c5="CJT" hw="that" pos="CONJ">that </w><w c5="VVB" hw="end" pos="VERB">end </w><w c5="AVP" hw="up" pos="ADV">up </w><w c5="PRP" hw="in" pos="PREP">in </w><w c5="AT0" hw="the" pos="ART">the </w><w c5="AJ0" hw="wrong" pos="ADJ">wrong </w><w c5="NN1" hw="place" pos="SUBST">place</w><c c5="PUN">, </c><w c5="VVB" hw="say" pos="VERB">say </w><w c5="CJS" hw="after" pos="CONJ">after </w><w c5="AT0" hw="a" pos="ART">a </w><w c5="NN1-AJ0" hw="cut" pos="SUBST">cut </w><w c5="VVZ-NN2" hw="mix" pos="VERB">mixes </w><w c5="NN2" hw="cell" pos="SUBST">cells </w><w c5="PRP" hw="between" pos="PREP">between </w><w c5="AJ0" hw="different" pos="ADJ">different </w><w c5="NN2" hw="layer" pos="SUBST">layers </w><w c5="PRF" hw="of" pos="PREP">of </w><w c5="NN1" hw="skin" pos="SUBST">skin</w><c c5="PUN">.</c></s></p><p>
<s n="23"><w c5="AT0" hw="the" pos="ART">The </w><w c5="AJ0" hw="traditional" pos="ADJ">traditional </w><w c5="NN1" hw="view" pos="SUBST">view </w><w c5="PRF" hw="of" pos="PREP">of </w><w c5="NN1" hw="cell" pos="SUBST">cell </w><w c5="NN1" hw="suicide" pos="SUBST">suicide </w><w c5="VVZ" hw="focus" pos="VERB">focuses </w><w c5="PRP" hw="on" pos="PREP">on </w><w c5="NN1" hw="development" pos="SUBST">development</w><c c5="PUN">: </c><w c5="PNP" hw="it" pos="PRON">it </w><w c5="VVZ" hw="help" pos="VERB">helps </w><w c5="AT0" hw="the" pos="ART">the </w><w c5="NN1" hw="tadpole" pos="SUBST">tadpole </w><w c5="TO0" hw="to" pos="PREP">to </w><w c5="VVI" hw="lose" pos="VERB">lose </w><w c5="DPS" hw="it" pos="PRON">its </w><w c5="NN1" hw="tail" pos="SUBST">tail</w><c c5="PUN">; </c><w c5="PNP" hw="it" pos="PRON">it </w><w c5="VVZ" hw="dissolve" pos="VERB">dissolves </w><w c5="AT0" hw="the" pos="ART">the </w><w c5="NN2" hw="tissue" pos="SUBST">tissues </w><w c5="PRF" hw="of" pos="PREP">of </w><w c5="AT0" hw="the" pos="ART">the </w><w c5="NN1" hw="caterpillar" pos="SUBST">caterpillar </w><w c5="CJS-AVQ" hw="when" pos="CONJ">when </w><w c5="AT0" hw="the" pos="ART">the </w><w c5="NN1" hw="time" pos="SUBST">time </w><w c5="VVZ" hw="come" pos="VERB">comes </w><w c5="PRP" hw="for" pos="PREP">for </w><w c5="NN1" hw="change" pos="SUBST">change </w><w c5="PRP" hw="into" pos="PREP">into </w><w c5="AT0" hw="a" pos="ART">a </w><w c5="NN1" hw="moth" pos="SUBST">moth</w><c c5="PUN">; </c><w c5="PRP" hw="in" pos="PREP">in </w><w c5="AT0" hw="a" pos="ART">a </w><w c5="NN1" hw="mother" pos="SUBST">mother</w><w c5="POS" hw="'s" pos="UNC">'s </w><w c5="NN1" hw="womb" pos="SUBST">womb</w><c c5="PUN">, </c><w c5="PNP" hw="it" pos="PRON">it </w><w c5="VVZ" hw="sever" pos="VERB">severs </w><w c5="AT0" hw="the" pos="ART">the </w><w c5="NN2" hw="web" pos="SUBST">webs </w><w c5="PRP" hw="between" pos="PREP">between </w><w c5="AT0" hw="the" pos="ART">the </w><w c5="NN2" hw="digit" pos="SUBST">digits </w><w c5="PRF" hw="of" pos="PREP">of </w><w c5="AT0" hw="a" pos="ART">a </w><w c5="NN1" hw="child" pos="SUBST">child</w><w c5="POS" hw="'s" pos="UNC">'s </w><w c5="AJ0" hw="developing" pos="ADJ">developing </w><w c5="NN2" hw="hand" pos="SUBST">hands </w><w c5="CJC" hw="and" pos="CONJ">and </w><w c5="NN2" hw="foot" pos="SUBST">feet</w><c c5="PUN">.</c></s></p><p>
<s n="24"><w c5="NN1-NP0" hw="apoptosis" pos="SUBST">Apoptosis </w><w c5="AV0" hw="also" pos="ADV">also </w><w c5="VVZ" hw="play" pos="VERB">plays </w><w c5="AT0" hw="an" pos="ART">an </w><w c5="AJ0" hw="important" pos="ADJ">important </w><w c5="NN1" hw="role" pos="SUBST">role </w><w c5="PRP" hw="in" pos="PREP">in </w><w c5="AT0" hw="the" pos="ART">the </w><w c5="AJ0" hw="ever-present" pos="ADJ">ever-present </w><w c5="NN1" hw="battle" pos="SUBST">battle </w><w c5="PRP" hw="against" pos="PREP">against </w><w c5="NN1" hw="infection" pos="SUBST">infection</w><c c5="PUN">.</c></s>
<s n="25"><w c5="CJS-AVQ" hw="when" pos="CONJ">When </w><w c5="AJ0" hw="white" pos="ADJ">white </w><w c5="NN1" hw="blood" pos="SUBST">blood </w><w c5="NN2" hw="cell" pos="SUBST">cells </w><w c5="VVB-NN1" hw="attack" pos="VERB">attack </w><w c5="NN2" hw="cell" pos="SUBST">cells </w><w c5="VVN" hw="infect" pos="VERB">infected </w><w c5="PRP" hw="with" pos="PREP">with </w><w c5="AT0" hw="an" pos="ART">an </w><w c5="NN1" hw="invader" pos="SUBST">invader</w><c c5="PUN">, </c><w c5="DT0" hw="this" pos="ADJ">this </w><w c5="VBZ" hw="be" pos="VERB">is </w><w c5="NN1" hw="murder" pos="SUBST">murder</w><c c5="PUN">, </c><w c5="XX0" hw="not" pos="ADV">not </w><w c5="NN1" hw="suicide" pos="SUBST">suicide</w><c c5="PUN">.</c></s>
<s n="26"><w c5="CJC" hw="but" pos="CONJ">But </w><w c5="NN1" hw="suicide" pos="SUBST">suicide </w><w c5="VHZ" hw="have" pos="VERB">has </w><w c5="VBN" hw="be" pos="VERB">been </w><w c5="VVN" hw="show" pos="VERB">shown </w><w c5="TO0" hw="to" pos="PREP">to </w><w c5="VHI" hw="have" pos="VERB">have </w><w c5="AJ0" hw="important" pos="ADJ">important </w><w c5="NN2" hw="role" pos="SUBST">roles </w><w c5="PRP" hw="in" pos="PREP">in </w><w c5="DPS" hw="we" pos="PRON">our </w><w c5="AJ0" hw="immune" pos="ADJ">immune </w><w c5="NN1" hw="system" pos="SUBST">system</w><c c5="PUN">.</c></s>
<s n="27"><w c5="PNP" hw="it" pos="PRON">It </w><w c5="VVZ" hw="eliminate" pos="VERB">eliminates </w><w c5="AJ0" hw="white" pos="ADJ">white </w><w c5="NN1" hw="blood" pos="SUBST">blood </w><w c5="NN2" hw="cell" pos="SUBST">cells </w><w c5="CJT" hw="that" pos="CONJ">that </w><w c5="VM0" hw="could" pos="VERB">could </w><w c5="VVI" hw="react" pos="VERB">react </w><w c5="PRP" hw="against" pos="PREP">against </w><w c5="AT0" hw="the" pos="ART">the </w><w c5="NN1" hw="body" pos="SUBST">body</w><w c5="POS" hw="'s" pos="UNC">'s </w><w c5="DT0" hw="own" pos="ADJ">own </w><w c5="AJ0" hw="normal" pos="ADJ">normal </w><w c5="NN2" hw="cell" pos="SUBST">cells</w><c c5="PUN">.</c></s>
<s n="28"><w c5="CJS" hw="if" pos="CONJ">If </w><w c5="DT0" hw="these" pos="ADJ">these </w><c c5="PUQ">‘</c><w c5="AJ0" hw="self-reacting" pos="ADJ">self-reacting</w><c c5="PUQ">’ </c><w c5="NN2" hw="cell" pos="SUBST">cells </w><w c5="VBD" hw="be" pos="VERB">were </w><w c5="XX0" hw="not" pos="ADV">not </w><w c5="VVN" hw="eliminate" pos="VERB">eliminated</w><c c5="PUN">, </c><w c5="PNP" hw="they" pos="PRON">they </w><w c5="VM0" hw="could" pos="VERB">could </w><w c5="VVI" hw="cause" pos="VERB">cause </w><w c5="AJ0" hw="auto-immune" pos="ADJ">auto-immune </w><w c5="NN2" hw="disease" pos="SUBST">diseases </w><mw c5="PRP"><w c5="DT0" hw="such" pos="ADJ">such </w><w c5="PRP" hw="as" pos="PREP">as </w></mw><w c5="NN1" hw="arthritis" pos="SUBST">arthritis </w><w c5="CJC" hw="and" pos="CONJ">and </w><w c5="AJ0" hw="multiple" pos="ADJ">multiple </w><w c5="NN1" hw="sclerosis" pos="SUBST">sclerosis</w><c c5="PUN">.</c></s></p><p>
<s n="29"><w c5="PRP" hw="in" pos="PREP">In </w><w c5="AT0" hw="a" pos="ART">a </w><w c5="NN1" hw="paper" pos="SUBST">paper </w><w c5="VVD" hw="publish" pos="VERB">published </w><w c5="DT0" hw="this" pos="ADJ">this </w><w c5="NN1" hw="month" pos="SUBST">month </w><w c5="PRP" hw="in" pos="PREP">in </w><w c5="NN1" hw="nature" pos="SUBST">Nature </w><w c5="PRP" hw="by" pos="PREP">by </w><w c5="NP0" hw="dr" pos="SUBST">Dr </w><w c5="NP0" hw="shigekazu" pos="SUBST">Shigekazu </w><w c5="NP0" hw="nagata" pos="SUBST">Nagata </w><w c5="PRP" hw="from" pos="PREP">from </w><w c5="AT0" hw="the" pos="ART">the </w><w c5="NP0" hw="osaka" pos="SUBST">Osaka </w><w c5="NP0" hw="bioscience" pos="SUBST">Bioscience </w><w c5="NN1" hw="institute" pos="SUBST">Institute </w><w c5="PRP" hw="in" pos="PREP">in </w><w c5="NP0" hw="japan" pos="SUBST">Japan</w><c c5="PUN">, </c><w c5="PNP" hw="it" pos="PRON">it </w><w c5="VBD" hw="be" pos="VERB">was </w><w c5="VVN" hw="find" pos="VERB">found </w><w c5="CJT" hw="that" pos="CONJ">that </w><w c5="AT0" hw="a" pos="ART">a </w><w c5="NN1" hw="strain" pos="SUBST">strain </w><w c5="PRF" hw="of" pos="PREP">of </w><w c5="NN2" hw="mouse" pos="SUBST">mice </w><w c5="AV0" hw="long" pos="ADV">long </w><w c5="VVN" hw="know" pos="VERB">known </w><w c5="TO0" hw="to" pos="PREP">to </w><w c5="VVI" hw="suffer" pos="VERB">suffer </w><w c5="PRP" hw="from" pos="PREP">from </w><w c5="AJ0" hw="auto-immune" pos="ADJ">auto-immune </w><w c5="NN1" hw="disease" pos="SUBST">disease </w><w c5="VVZ" hw="lack" pos="VERB">lacks </w><w c5="AT0" hw="a" pos="ART">a </w><w c5="AJ0" hw="working" pos="ADJ">working </w><w c5="NN1" hw="version" pos="SUBST">version </w><w c5="PRF" hw="of" pos="PREP">of </w><w c5="AT0" hw="a" pos="ART">a </w><w c5="NN1" hw="gene" pos="SUBST">gene </w><w c5="VVD" hw="call" pos="VERB">called </w><w c5="NP0" hw="fas" pos="SUBST">Fas</w><c c5="PUN">.</c></s>
<s n="30"><w c5="DT0" hw="this" pos="ADJ">This </w><w c5="NN1" hw="finding" pos="SUBST">finding </w><w c5="VVZ" hw="suggest" pos="VERB">suggests </w><w c5="CJT" hw="that" pos="CONJ">that </w><w c5="AT0" hw="the" pos="ART">the </w><w c5="NP0" hw="fas" pos="SUBST">Fas </w><w c5="NN1" hw="gene" pos="SUBST">gene </w><w c5="VBZ" hw="be" pos="VERB">is </w><w c5="AJ0" hw="involved" pos="ADJ">involved </w><w c5="PRP" hw="in" pos="PREP">in </w><w c5="AT0" hw="the" pos="ART">the </w><w c5="NN1" hw="signalling" pos="SUBST">signalling </w><w c5="NN1" hw="mechanism" pos="SUBST">mechanism </w><w c5="CJT" hw="that" pos="CONJ">that </w><w c5="AV0" hw="normally" pos="ADV">normally </w><w c5="VVZ" hw="cause" pos="VERB">causes </w><w c5="AT0" hw="the" pos="ART">the </w><w c5="AJ0" hw="self-reactive" pos="ADJ">self-reactive </w><w c5="AJ0" hw="white" pos="ADJ">white </w><w c5="NN1" hw="blood" pos="SUBST">blood </w><w c5="NN2" hw="cell" pos="SUBST">cells </w><w c5="TO0" hw="to" pos="PREP">to </w><w c5="VVI" hw="die" pos="VERB">die</w><c c5="PUN">.</c></s></p><p>
<s n="31"><w c5="PRP" hw="in" pos="PREP">In </w><w c5="DT0" hw="this" pos="ADJ">this </w><w c5="NN1" hw="way" pos="SUBST">way</w><c c5="PUN">, </c><w c5="NP0" hw="nagata" pos="SUBST">Nagata </w><w c5="VVD" hw="find" pos="VERB">found </w><w c5="AT0" hw="an" pos="ART">an </w><w c5="AJ0" hw="intriguing" pos="ADJ">intriguing </w><w c5="NN1" hw="connection" pos="SUBST">connection </w><w c5="PRP" hw="between" pos="PREP">between </w><w c5="AJ0" hw="programmed" pos="ADJ">programmed </w><w c5="NN1" hw="cell" pos="SUBST">cell </w><w c5="NN1" hw="death" pos="SUBST">death</w><c c5="PUN">, </c><w c5="AJ0" hw="auto-immune" pos="ADJ">auto-immune </w><w c5="CJC" hw="and" pos="CONJ">and </w><w c5="AJ0" hw="hereditary" pos="ADJ">hereditary </w><w c5="NN1" hw="disease" pos="SUBST">disease </w><w c5="CJT" hw="that" pos="CONJ">that </w><w c5="VM0" hw="may" pos="VERB">may </w><w c5="VVI" hw="lead" pos="VERB">lead </w><w c5="PRP" hw="to" pos="PREP">to </w><w c5="AT0" hw="a" pos="ART">a </w><w c5="AJC" hw="deep" pos="ADJ">deeper </w><w c5="NN1" hw="understanding" pos="SUBST">understanding </w><w c5="PRF" hw="of" pos="PREP">of </w><w c5="DT0" hw="these" pos="ADJ">these </w><w c5="NN2" hw="disease" pos="SUBST">diseases </w><w c5="PRP" hw="in" pos="PREP">in </w><w c5="NN2" hw="human" pos="SUBST">humans</w><c c5="PUN">.</c></s></p><p>
<s n="32"><w c5="NN1" hw="cancer" pos="SUBST">Cancer </w><w c5="NN2" hw="researcher" pos="SUBST">researchers </w><w c5="VBB" hw="be" pos="VERB">are </w><w c5="AV0" hw="also" pos="ADV">also </w><w c5="AJ0" hw="interested" pos="ADJ">interested </w><w c5="PRP" hw="in" pos="PREP">in </w><w c5="NN1" hw="apoptosis" pos="SUBST">apoptosis</w><c c5="PUN">.</c></s>
<s n="33"><w c5="AT0" hw="the" pos="ART">The </w><w c5="NN1" hw="growth" pos="SUBST">growth </w><w c5="PRF" hw="of" pos="PREP">of </w><w c5="AT0" hw="a" pos="ART">a </w><w c5="NN1" hw="tumour" pos="SUBST">tumour </w><w c5="VBZ" hw="be" pos="VERB">is </w><w c5="VVN" hw="regulate" pos="VERB">regulated </w><w c5="AV0" hw="both" pos="ADV">both </w><w c5="PRP" hw="by" pos="PREP">by </w><w c5="AT0" hw="the" pos="ART">the </w><w c5="NN1" hw="rate" pos="SUBST">rate </w><w c5="PRP" hw="at" pos="PREP">at </w><w c5="DTQ" hw="which" pos="PRON">which </w><w c5="DPS" hw="it" pos="PRON">its </w><w c5="NN2" hw="cell" pos="SUBST">cells </w><w c5="VVB-NN1" hw="divide" pos="VERB">divide </w><w c5="CJC" hw="and" pos="CONJ">and </w><w c5="AT0" hw="the" pos="ART">the </w><w c5="NN1" hw="rate" pos="SUBST">rate </w><w c5="PRF" hw="of" pos="PREP">of </w><w c5="NN1" hw="apoptosis" pos="SUBST">apoptosis</w><c c5="PUN">.</c></s>
<s n="34"><w c5="NN2" hw="aid" pos="SUBST">Aids </w><w c5="NN2" hw="researcher" pos="SUBST">researchers </w><w c5="VBB" hw="be" pos="VERB">are </w><w c5="AV0" hw="now" pos="ADV">now </w><w c5="VVG" hw="investigate" pos="VERB">investigating </w><w c5="CJS" hw="if" pos="CONJ">if </w><w c5="NP0" hw="hiv" pos="SUBST">HIV </w><w c5="VBZ" hw="be" pos="VERB">is </w><w c5="AV0" hw="somehow" pos="ADV">somehow </w><w c5="VVG" hw="trigger" pos="VERB">triggering </w><w c5="AT0" hw="the" pos="ART">the </w><w c5="NN1" hw="suicide" pos="SUBST">suicide </w><w c5="NN1" hw="response" pos="SUBST">response </w><w c5="PRF" hw="of" pos="PREP">of </w><w c5="AJ0" hw="protective" pos="ADJ">protective </w><w c5="AJ0" hw="white" pos="ADJ">white </w><w c5="NN1" hw="blood" pos="SUBST">blood </w><w c5="NN2" hw="cell" pos="SUBST">cells</w><c c5="PUN">, </c><w c5="VVG" hw="strip" pos="VERB">stripping </w><w c5="AT0" hw="the" pos="ART">the </w><w c5="NN1" hw="body" pos="SUBST">body </w><w c5="PRF" hw="of" pos="PREP">of </w><w c5="NN1" hw="immunity" pos="SUBST">immunity</w><c c5="PUN">.</c></s>
<s n="35"><w c5="PRP" hw="to" pos="PREP">To </w><w c5="NN1" hw="date" pos="SUBST">date</w><c c5="PUN">, </c><w c5="NN1" hw="research" pos="SUBST">research </w><w c5="VHZ" hw="have" pos="VERB">has </w><w c5="VVN" hw="focus" pos="VERB">focused </w><w c5="PRP" hw="on" pos="PREP">on </w><w c5="AT0" hw="the" pos="ART">the </w><w c5="AV0" hw="most" pos="ADV">most </w><w c5="AJ0" hw="obvious" pos="ADJ">obvious </w><w c5="NN1" hw="feature" pos="SUBST">feature </w><w c5="PRF" hw="of" pos="PREP">of </w><w c5="AJ0-VVG" hw="living" pos="ADJ">living </w><w c5="NN2" hw="thing" pos="SUBST">things</w><c c5="PUN">: </c><w c5="NN1" hw="cell" pos="SUBST">cell </w><w c5="NN1" hw="multiplication" pos="SUBST">multiplication</w><c c5="PUN">.</c></s>
<s n="36"><c c5="PUQ">‘</c><w c5="DT0" hw="this" pos="ADJ">This </w><w c5="VBZ" hw="be" pos="VERB">is </w><w c5="VVG" hw="take" pos="VERB">taking </w><w c5="AT0" hw="the" pos="ART">the </w><w c5="NN1" hw="idea" pos="SUBST">idea </w><w c5="CRD" hw="one" pos="ADJ">one </w><w c5="NN1-VVB" hw="step" pos="SUBST">step </w><w c5="AV0" hw="further/far" pos="ADV">further</w><c c5="PUN">,</c><c c5="PUQ">’ </c><w c5="NP0" hw="raff" pos="SUBST">Raff </w><w c5="VVD" hw="say" pos="VERB">said</w><c c5="PUN">.</c></s>
<s n="37"><c c5="PUQ">‘</c><w c5="NN2" hw="cell" pos="SUBST">Cells </w><w c5="VVB" hw="need" pos="VERB">need </w><w c5="NN2" hw="signal" pos="SUBST">signals </w><w c5="XX0" hw="not" pos="ADV">not </w><w c5="AV0" hw="only" pos="ADV">only </w><w c5="TO0" hw="to" pos="PREP">to </w><w c5="VVI" hw="proliferate" pos="VERB">proliferate </w><w c5="CJC" hw="but" pos="CONJ">but </w><w c5="AV0" hw="also" pos="ADV">also </w><w c5="TO0" hw="to" pos="PREP">to </w><w c5="VVI" hw="survive" pos="VERB">survive</w><c c5="PUN">.</c><c c5="PUQ">’</c></s></p></div><div level="1"><head type="MAIN">
<s n="38"><w c5="NN1" hw="science" pos="SUBST">Science</w><c c5="PUN">: </c><w c5="NN1" hw="shape" pos="SUBST">Shape </w><w c5="PRF" hw="of" pos="PREP">of </w><w c5="NN2" hw="sound" pos="SUBST">sounds </w><w c5="TO0" hw="to" pos="PREP">to </w><w c5="VVI" hw="come" pos="VERB">come</w></s></head><head type="BYLINE">
<s n="39"><w c5="PRP" hw="by" pos="PREP">By </w><w c5="NP0" hw="roger" pos="SUBST">ROGER </w><w c5="NP0" hw="highfield" pos="SUBST">HIGHFIELD</w></s></head><p>
<s n="40"><w c5="AJ0" hw="acentury-old" pos="ADJ">ACENTURY-old </w><w c5="AJ0" hw="mathematical" pos="ADJ">mathematical </w><w c5="NN1" hw="problem" pos="SUBST">problem </w><w c5="CJT" hw="that" pos="CONJ">that </w><w c5="NN2" hw="border" pos="SUBST">borders </w><w c5="PRP" hw="on" pos="PREP">on </w><w c5="AT0" hw="the" pos="ART">the </w><w c5="NN1-AJ0" hw="psychedelic" pos="SUBST">psychedelic </w><w c5="VHZ" hw="have" pos="VERB">has </w><w c5="VBN" hw="be" pos="VERB">been </w><w c5="VVN" hw="solve" pos="VERB">solved</w><c c5="PUN">: </c><w c5="VM0" hw="can" pos="VERB">can </w><w c5="PNP" hw="you" pos="PRON">you </w><w c5="VVI" hw="hear" pos="VERB">hear </w><w c5="NN2" hw="shape" pos="SUBST">shapes</w><c c5="PUN">?</c></s>
<s n="41"><w c5="AT0" hw="the" pos="ART">The </w><w c5="AJS" hw="late" pos="ADJ">latest </w><w c5="NN1" hw="bulletin" pos="SUBST">Bulletin </w><w c5="PRF" hw="of" pos="PREP">of </w><w c5="AT0" hw="the" pos="ART">the </w><w c5="AJ0" hw="american" pos="ADJ">American </w><w c5="AJ0" hw="mathematical" pos="ADJ">Mathematical </w><w c5="NN1" hw="society" pos="SUBST">Society </w><w c5="VVZ" hw="resolve" pos="VERB">resolves </w><w c5="AT0" hw="a" pos="ART">a </w><w c5="NN1" hw="question" pos="SUBST">question </w><w c5="CJT" hw="that" pos="CONJ">that </w><w c5="VVD" hw="come" pos="VERB">came </w><w c5="PRP" hw="to" pos="PREP">to </w><w c5="NN1" hw="light" pos="SUBST">light </w><w c5="PRP" hw="in" pos="PREP">in </w><w c5="AT0" hw="the" pos="ART">the </w><w c5="NN2" hw="day" pos="SUBST">days </w><w c5="PRF" hw="of" pos="PREP">of </w><w c5="NP0" hw="lord" pos="SUBST">Lord </w><w c5="NP0" hw="rayleigh" pos="SUBST">Rayleigh</w><c c5="PUN">, </c><w c5="PNQ" hw="who" pos="PRON">who </w><w c5="VVD" hw="show" pos="VERB">showed </w><w c5="AVQ" hw="how" pos="ADV">how </w><w c5="AT0" hw="an" pos="ART">an </w><w c5="AJ0" hw="idealised" pos="ADJ">idealised </w><w c5="NN1" hw="object" pos="SUBST">object </w><w c5="VVN" hw="call" pos="VERB">called </w><w c5="AT0" hw="a" pos="ART">a </w><w c5="AJ0" hw="black" pos="ADJ">black </w><w c5="NN1" hw="body" pos="SUBST">body </w><w c5="VVZ" hw="radiate" pos="VERB">radiates </w><w c5="NN1" hw="heat" pos="SUBST">heat </w><w c5="CJC" hw="and" pos="CONJ">and </w><w c5="AJ0" hw="light" pos="ADJ">light </w><w c5="NN1" hw="energy" pos="SUBST">energy</w><c c5="PUN">.</c></s>
<s n="42"><w c5="CJS" hw="whether" pos="CONJ">Whether </w><w c5="CRD" hw="two" pos="ADJ">two </w><w c5="AJ0" hw="different" pos="ADJ">different </w><w c5="NN2" hw="surface" pos="SUBST">surfaces </w><w c5="PRF" hw="of" pos="PREP">of </w><w c5="AT0" hw="the" pos="ART">the </w><w c5="DT0" hw="same" pos="ADJ">same </w><w c5="NN1" hw="area" pos="SUBST">area </w><w c5="VHB" hw="have" pos="VERB">have </w><w c5="AT0" hw="the" pos="ART">the </w><w c5="DT0" hw="same" pos="ADJ">same </w><w c5="NN1" hw="radiation" pos="SUBST">radiation </w><w c5="NN1" hw="signature" pos="SUBST">signature </w><w c5="VBD" hw="be" pos="VERB">was </w><w c5="VVN-AJ0" hw="generalise" pos="VERB">generalised </w><w c5="PRP" hw="to" pos="PREP">to </w><w c5="AT0" hw="the" pos="ART">the </w><w c5="NN1" hw="point" pos="SUBST">point </w><w c5="AVQ" hw="where" pos="ADV">where </w><w c5="NN2" hw="mathematician" pos="SUBST">mathematicians </w><w c5="VVD" hw="ask" pos="VERB">asked </w><w c5="CJS" hw="if" pos="CONJ">if </w><w c5="NN2" hw="drum" pos="SUBST">drums </w><w c5="PRF" hw="of" pos="PREP">of </w><w c5="AT0" hw="the" pos="ART">the </w><w c5="DT0" hw="same" pos="ADJ">same </w><w c5="NN1" hw="perimeter" pos="SUBST">perimeter </w><w c5="CJC" hw="and" pos="CONJ">and </w><w c5="NN1" hw="area" pos="SUBST">area</w><c c5="PUN">, </c><w c5="CJC" hw="but" pos="CONJ">but </w><w c5="AJ0" hw="different" pos="ADJ">different </w><w c5="NN1" hw="shape" pos="SUBST">shape</w><c c5="PUN">, </c><w c5="VHD" hw="have" pos="VERB">had </w><w c5="AJ0" hw="different" pos="ADJ">different </w><w c5="NN2" hw="sound" pos="SUBST">sounds</w><c c5="PUN">: </c><w c5="VM0" hw="could" pos="VERB">could </w><w c5="PNI" hw="one" pos="PRON">one </w><w c5="VVI" hw="hear" pos="VERB">hear </w><w c5="AT0" hw="the" pos="ART">the </w><w c5="NN1" hw="shape" pos="SUBST">shape </w><w c5="PRF" hw="of" pos="PREP">of </w><w c5="AT0" hw="a" pos="ART">a </w><w c5="NN1" hw="drum" pos="SUBST">drum</w><c c5="PUN">?</c></s>
<s n="43"><w c5="AT0" hw="the" pos="ART">The </w><w c5="NN1" hw="answer" pos="SUBST">answer </w><w c5="VBZ" hw="be" pos="VERB">is </w><w c5="ITJ" hw="no" pos="INTERJ">no</w><c c5="PUN">, </c><w c5="VVB" hw="say" pos="VERB">say </w><w c5="NP0" hw="prof" pos="SUBST">Prof </w><w c5="NP0" hw="carolyn" pos="SUBST">Carolyn </w><w c5="NP0" hw="gordon" pos="SUBST">Gordon </w><w c5="CJC" hw="and" pos="CONJ">and </w><w c5="NP0" hw="dr" pos="SUBST">Dr </w><w c5="NP0" hw="david" pos="SUBST">David </w><w c5="NP0" hw="webb" pos="SUBST">Webb </w><w c5="PRF" hw="of" pos="PREP">of </w><w c5="NP0" hw="washington" pos="SUBST">Washington </w><w c5="NN1" hw="university" pos="SUBST">University </w><w c5="PRP" hw="in" pos="PREP">in </w><w c5="NP0" hw="st" pos="SUBST">St </w><w c5="NP0" hw="louis" pos="SUBST">Louis</w><c c5="PUN">, </c><w c5="PRP" hw="with" pos="PREP">with </w><w c5="NP0" hw="dr" pos="SUBST">Dr </w><w c5="NP0" hw="scott" pos="SUBST">Scott </w><w c5="NN1-NP0" hw="wolpert" pos="SUBST">Wolpert </w><w c5="PRF" hw="of" pos="PREP">of </w><w c5="AT0" hw="the" pos="ART">the </w><w c5="NN1" hw="university" pos="SUBST">University </w><w c5="PRF" hw="of" pos="PREP">of </w><w c5="NP0" hw="maryland" pos="SUBST">Maryland</w><c c5="PUN">.</c></s>
<s n="44"><w c5="DT0" hw="this" pos="ADJ">This </w><w c5="VM0" hw="could" pos="VERB">could </w><w c5="VHI" hw="have" pos="VERB">have </w><w c5="NN2" hw="implication" pos="SUBST">implications </w><w c5="PRP" hw="for" pos="PREP">for </w><w c5="NN2" hw="engineer" pos="SUBST">engineers </w><w c5="VVG" hw="use" pos="VERB">using </w><w c5="NN2" hw="change" pos="SUBST">changes </w><w c5="PRP" hw="in" pos="PREP">in </w><w c5="AT0" hw="the" pos="ART">the </w><w c5="NN1" hw="sound" pos="SUBST">sound </w><w c5="PRF" hw="of" pos="PREP">of </w><w c5="VVG-AJ0" hw="vibrate" pos="VERB">vibrating </w><w c5="NN2" hw="component" pos="SUBST">components </w><w c5="TO0" hw="to" pos="PREP">to </w><w c5="VVI" hw="check" pos="VERB">check </w><w c5="PRP" hw="for" pos="PREP">for </w><w c5="NN2" hw="crack" pos="SUBST">cracks </w><w c5="CJC" hw="and" pos="CONJ">and </w><w c5="NN2" hw="fracture" pos="SUBST">fractures</w><c c5="PUN">.</c></s>
<s n="45"><w c5="PRP" hw="with" pos="PREP">With </w><w c5="AT0" hw="a" pos="ART">a </w><w c5="AJ0" hw="geometrical" pos="ADJ">geometrical </w><w c5="NN1" hw="approach" pos="SUBST">approach </w><w c5="VVG" hw="use" pos="VERB">using </w><w c5="AJ0" hw="generalised" pos="ADJ">generalised </w><w c5="NN2" hw="surface" pos="SUBST">surfaces </w><w c5="VVN" hw="call" pos="VERB">called </w><w c5="NN2" hw="orbifold" pos="SUBST">orbifolds </w><w c5="CJC" hw="and" pos="CONJ">and </w><w c5="AT0" hw="a" pos="ART">a </w><w c5="AJ0" hw="recent" pos="ADJ">recent </w><w c5="NN1" hw="theorem" pos="SUBST">theorem </w><w c5="PRF" hw="of" pos="PREP">of </w><w c5="AJ0" hw="french" pos="ADJ">French </w><w c5="NN1" hw="mathematician" pos="SUBST">mathematician </w><w c5="NP0" hw="pierre" pos="SUBST">Pierre </w><w c5="NP0" hw="berard" pos="SUBST">Berard</w><c c5="PUN">, </c><w c5="PNP" hw="they" pos="PRON">they </w><w c5="VVD" hw="show" pos="VERB">showed </w><w c5="CJT" hw="that" pos="CONJ">that </w><w c5="CRD" hw="two" pos="ADJ">two </w><w c5="AV0" hw="differently" pos="ADV">differently </w><w c5="AJ0-VVN" hw="shaped" pos="ADJ">shaped </w><w c5="NN1" hw="drum" pos="SUBST">drum </w><w c5="NN2" hw="skin" pos="SUBST">skins </w><w c5="VM0" hw="could" pos="VERB">could </w><w c5="VVI" hw="produce" pos="VERB">produce </w><w c5="AT0" hw="the" pos="ART">the </w><w c5="DT0" hw="same" pos="ADJ">same </w><w c5="NN1" hw="sound" pos="SUBST">sound</w><c c5="PUN">.</c></s>
<s n="46"><w c5="AV0" hw="even" pos="ADV">Even </w><w c5="PRP" hw="with" pos="PREP">with </w><w c5="AT0" hw="a" pos="ART">a </w><w c5="AJ0" hw="perfect" pos="ADJ">perfect </w><w c5="NN1" hw="ear" pos="SUBST">ear</w><c c5="PUN">, </c><w c5="PNP" hw="you" pos="PRON">you </w><w c5="VM0" hw="could" pos="VERB">could </w><w c5="XX0" hw="not" pos="ADV">not </w><w c5="VVI" hw="determine" pos="VERB">determine </w><w c5="DTQ" hw="which" pos="PRON">which </w><w c5="VVZ" hw="shape" pos="VERB">shapes </w><w c5="PNP" hw="you" pos="PRON">you </w><w c5="VBD" hw="be" pos="VERB">were </w><w c5="VVG" hw="listen" pos="VERB">listening </w><w c5="PRP" hw="to" pos="PREP">to</w><c c5="PUN">, </c><w c5="PNP" hw="they" pos="PRON">they </w><w c5="VVB" hw="say" pos="VERB">say</w><c c5="PUN">.</c></s>
<s n="47"><w c5="CJC" hw="but" pos="CONJ">But </w><w c5="NP0" hw="gordon" pos="SUBST">Gordon </w><w c5="VVZ" hw="concede" pos="VERB">concedes </w><w c5="PNP" hw="they" pos="PRON">they </w><c c5="PUQ">‘</c><w c5="VBB" hw="be" pos="VERB">are </w><w c5="AJ0" hw="unusual" pos="ADJ">unusual </w><w c5="NN2" hw="shape" pos="SUBST">shapes</w><c c5="PUQ">’</c><c c5="PUN">.</c></s></p></div><div level="1"><head type="MAIN">
<s n="48"><w c5="NN1" hw="business" pos="SUBST">Business </w><w c5="NN1" hw="technology" pos="SUBST">Technology</w><c c5="PUN">: </c><w c5="VVG" hw="treat" pos="VERB">Treating </w><w c5="NN2" hw="aid" pos="SUBST">Aids </w><w c5="PRP" hw="with" pos="PREP">with </w><w c5="AT0" hw="a" pos="ART">a </w><w c5="NN1" hw="trick" pos="SUBST">trick </w><w c5="NN1" hw="gene" pos="SUBST">gene </w><w c5="NP0" hw="christine" pos="SUBST">Christine </w><w c5="NP0" hw="mcgourty" pos="SUBST">McGourty </w><w c5="VVZ" hw="look" pos="VERB">looks </w><w c5="PRP" hw="at" pos="PREP">at </w><w c5="AJ0" hw="long-term" pos="ADJ">long-term </w><w c5="NN1" hw="therapy" pos="SUBST">therapy </w><w c5="CJT" hw="that" pos="CONJ">that </w><w c5="VM0" hw="could" pos="VERB">could </w><w c5="VVI" hw="prevent" pos="VERB">prevent </w><w c5="AT0" hw="the" pos="ART">the </w><w c5="NP0" hw="hiv" pos="SUBST">HIV </w><w c5="NN1" hw="virus" pos="SUBST">virus </w><w c5="VVG" hw="reproduce" pos="VERB">reproducing</w></s></head><head type="BYLINE">
<s n="49"><w c5="PRP" hw="by" pos="PREP">By </w><w c5="NP0" hw="christine" pos="SUBST">CHRISTINE </w><w c5="NP0-NN1" hw="mcgourty" pos="SUBST">MCGOURTY</w></s></head><p>
<s n="50"><w c5="AT0" hw="a" pos="ART">A </w><w c5="NN1" hw="laboratory" pos="SUBST">LABORATORY </w><w c5="VM0" hw="will" pos="VERB">will </w><w c5="VBI" hw="be" pos="VERB">be </w><w c5="VVN" hw="build" pos="VERB">built </w><w c5="PRP" hw="at" pos="PREP">at </w><w c5="NP0" hw="oxford" pos="SUBST">Oxford </w><w c5="NN1" hw="university" pos="SUBST">University </w><w c5="DT0" hw="this" pos="ADJ">this </w><w c5="NN1" hw="summer" pos="SUBST">summer </w><w c5="TO0" hw="to" pos="PREP">to </w><w c5="VVI" hw="house" pos="VERB">house </w><w c5="AT0" hw="a" pos="ART">a </w><w c5="AJ0" hw="new" pos="ADJ">new </w><w c5="NN1" hw="research" pos="SUBST">research </w><w c5="NN1" hw="team" pos="SUBST">team </w><w c5="VVG" hw="study" pos="VERB">studying </w><w c5="NN1" hw="gene" pos="SUBST">gene </w><w c5="NN1" hw="therapy" pos="SUBST">therapy </w><w c5="PRP" hw="for" pos="PREP">for </w><w c5="AT0" hw="the" pos="ART">the </w><w c5="NN1" hw="treatment" pos="SUBST">treatment </w><w c5="PRF" hw="of" pos="PREP">of </w><w c5="NN2" hw="aid" pos="SUBST">Aids</w><c c5="PUN">.</c></s>
<s n="51"><w c5="PNP" hw="it" pos="PRON">It </w><w c5="VBZ" hw="be" pos="VERB">is </w><w c5="VBG" hw="be" pos="VERB">being </w><w c5="VVN" hw="set" pos="VERB">set </w><w c5="AVP" hw="up" pos="ADV">up </w><w c5="PRP" hw="with" pos="PREP">with </w><mw c5="AV0"><w c5="AV0" hw="more" pos="ADV">more </w><w c5="CJS" hw="than" pos="CONJ">than </w></mw><w c5="NN0" hw="£1" pos="UNC">£1 </w><w c5="CRD" hw="million" pos="ADJ">million </w><w c5="AV0" hw="over" pos="ADV">over </w><w c5="CRD" hw="five" pos="ADJ">five </w><w c5="NN2" hw="year" pos="SUBST">years </w><w c5="PRP" hw="from" pos="PREP">from </w><w c5="AJ0" hw="british" pos="ADJ">British </w><w c5="NN1" hw="biotechnology" pos="SUBST">Biotechnology </w><w c5="AJ0" hw="ltd" pos="ADJ">Ltd</w><c c5="PUN">, </c><w c5="CRD" hw="one" pos="ADJ">one </w><w c5="PRF" hw="of" pos="PREP">of </w><w c5="AT0" hw="a" pos="ART">a </w><w c5="AJ0" hw="rare" pos="ADJ">rare </w><w c5="NN1" hw="breed" pos="SUBST">breed </w><w c5="PRP" hw="in" pos="PREP">in </w><w c5="NP0" hw="britain" pos="SUBST">Britain</w><c c5="PUN">: </c><w c5="AT0" hw="a" pos="ART">a </w><w c5="AJ0" hw="world-class" pos="ADJ">world-class </w><w c5="NN1" hw="biotechnology" pos="SUBST">biotechnology </w><w c5="NN1" hw="company" pos="SUBST">company </w><w c5="AV0" hw="successfully" pos="ADV">successfully </w><w c5="VVG" hw="transfer" pos="VERB">transferring </w><w c5="NN1" hw="technology" pos="SUBST">technology </w><w c5="PRP" hw="from" pos="PREP">from </w><w c5="NN1" hw="academia" pos="SUBST">academia </w><w c5="PRP" hw="into" pos="PREP">into </w><w c5="AT0" hw="the" pos="ART">the </w><w c5="NN1" hw="marketplace" pos="SUBST">marketplace</w><c c5="PUN">.</c></s></p><p>
<s n="52"><w c5="AT0" hw="the" pos="ART">The </w><w c5="AJ0" hw="new" pos="ADJ">new </w><w c5="NN1" hw="laboratory" pos="SUBST">laboratory </w><w c5="VM0" hw="will" pos="VERB">will </w><w c5="VVI" hw="employ" pos="VERB">employ </w><w c5="CRD" hw="six" pos="ADJ">six </w><w c5="PRP" hw="to" pos="PREP">to </w><w c5="CRD" hw="10" pos="ADJ">10 </w><w c5="NN0" hw="people" pos="SUBST">people </w><w c5="PRP" hw="in" pos="PREP">in </w><w c5="AT0" hw="an" pos="ART">an </w><w c5="NN1" hw="area" pos="SUBST">area </w><w c5="PRF" hw="of" pos="PREP">of </w><w c5="NN1" hw="science" pos="SUBST">science </w><w c5="CJT-DT0" hw="that" pos="CONJ">that </w><w c5="VBZ" hw="be" pos="VERB">is </w><w c5="XX0" hw="not" pos="ADV">not </w><w c5="VVN-AJ0" hw="expect" pos="VERB">expected </w><w c5="TO0" hw="to" pos="PREP">to </w><w c5="VVI" hw="produce" pos="VERB">produce </w><w c5="AJ0" hw="marketable" pos="ADJ">marketable </w><w c5="NN2" hw="result" pos="SUBST">results </w><w c5="PRP" hw="for" pos="PREP">for </w><w c5="CRD" hw="five" pos="ADJ">five </w><w c5="PRP" hw="to" pos="PREP">to </w><w c5="CRD" hw="10" pos="ADJ">10 </w><w c5="NN2" hw="year" pos="SUBST">years</w><c c5="PUN">.</c></s>
<s n="53"><w c5="AT0" hw="the" pos="ART">The </w><w c5="NN1" hw="aim" pos="SUBST">aim </w><w c5="PRF" hw="of" pos="PREP">of </w><w c5="AT0" hw="the" pos="ART">the </w><w c5="AV0" hw="fundamentally" pos="ADV">fundamentally </w><w c5="AJ0" hw="new" pos="ADJ">new </w><w c5="CJC" hw="and" pos="CONJ">and </w><w c5="AJ0" hw="untested" pos="ADJ">untested </w><w c5="NN1" hw="approach" pos="SUBST">approach </w><w c5="PRP" hw="to" pos="PREP">to </w><w c5="AT0" hw="the" pos="ART">the </w><w c5="NN1" hw="treatment" pos="SUBST">treatment </w><w c5="PRF" hw="of" pos="PREP">of </w><w c5="NN2" hw="aid" pos="SUBST">Aids </w><w c5="VBZ" hw="be" pos="VERB">is </w><w c5="TO0" hw="to" pos="PREP">to </w><w c5="VVI" hw="inject" pos="VERB">inject </w><w c5="NN2" hw="patient" pos="SUBST">patients </w><w c5="PRP" hw="with" pos="PREP">with </w><c c5="PUQ">‘</c><w c5="AJ0" hw="fake" pos="ADJ">fake</w><c c5="PUQ">’ </c><w c5="NN2" hw="copy" pos="SUBST">copies </w><w c5="PRF" hw="of" pos="PREP">of </w><w c5="AT0" hw="the" pos="ART">the </w><w c5="NN1" hw="aids" pos="SUBST">Aids </w><w c5="NN1" hw="virus" pos="SUBST">virus</w><c c5="PUN">, </c><w c5="VVG" hw="carry" pos="VERB">carrying </w><w c5="AT0" hw="an" pos="ART">an </w><w c5="AJ0" hw="anti-aids" pos="ADJ">anti-Aids </w><w c5="NN1" hw="gene" pos="SUBST">gene</w><c c5="PUN">, </c><w c5="TO0" hw="to" pos="PREP">to </w><w c5="VVI" hw="prevent" pos="VERB">prevent </w><w c5="NN1" hw="reproduction" pos="SUBST">reproduction </w><w c5="PRF" hw="of" pos="PREP">of </w><w c5="AT0" hw="the" pos="ART">the </w><w c5="AJ0" hw="real" pos="ADJ">real </w><w c5="NN1" hw="virus" pos="SUBST">virus</w><c c5="PUN">.</c></s>
<s n="54"><w c5="VVG" hw="use" pos="VERB">Using </w><w c5="AJ0" hw="new" pos="ADJ">new </w><c c5="PUQ">‘</c><w c5="AJ0" hw="viral" pos="ADJ">viral </w><w c5="NN1" hw="engineering" pos="SUBST">engineering</w><c c5="PUQ">’ </c><w c5="NN2" hw="technique" pos="SUBST">techniques</w><c c5="PUN">, </c><w c5="NN2" hw="researcher" pos="SUBST">researchers </w><w c5="VM0" hw="would" pos="VERB">would </w><w c5="VVI" hw="use" pos="VERB">use </w><w c5="AT0" hw="the" pos="ART">the </w><w c5="NN1" hw="protein" pos="SUBST">protein </w><c c5="PUQ">‘</c><w c5="NN1" hw="coat" pos="SUBST">coat</w><c c5="PUQ">’</c><w c5="PRF" hw="of" pos="PREP">of </w><w c5="AT0" hw="the" pos="ART">the </w><w c5="NN1" hw="aids" pos="SUBST">Aids </w><w c5="NN1" hw="virus" pos="SUBST">virus </w><w c5="CJC" hw="but" pos="CONJ">but </w><w c5="VVB" hw="remove" pos="VERB">remove </w><w c5="AJ0" hw="harmful" pos="ADJ">harmful </w><w c5="NN2" hw="gene" pos="SUBST">genes </w><w c5="VVN-VVD" hw="wrap" pos="VERB">wrapped </w><w c5="PRP" hw="inside" pos="PREP">inside </w><w c5="PNP" hw="it" pos="PRON">it</w><c c5="PUN">.</c></s>
<s n="55"><w c5="PRP" hw="in" pos="PREP">In </w><w c5="DPS" hw="they" pos="PRON">their </w><w c5="NN1" hw="place" pos="SUBST">place</w><c c5="PUN">, </c><w c5="PNP" hw="they" pos="PRON">they </w><w c5="VM0" hw="would" pos="VERB">would </w><w c5="VVI" hw="insert" pos="VERB">insert </w><w c5="AT0" hw="a" pos="ART">a </w><w c5="NN1" hw="gene" pos="SUBST">gene </w><w c5="CJT" hw="that" pos="CONJ">that </w><w c5="VVZ" hw="prevent" pos="VERB">prevents </w><w c5="NN1" hw="reproduction" pos="SUBST">reproduction </w><w c5="PRF" hw="of" pos="PREP">of </w><w c5="AT0" hw="the" pos="ART">the </w><w c5="AJ0" hw="real" pos="ADJ">real </w><w c5="NN1" hw="virus" pos="SUBST">virus</w><c c5="PUN">.</c></s>
<s n="56"><c c5="PUQ">‘</c><w c5="AT0" hw="the" pos="ART">The </w><w c5="AJ0" hw="modified" pos="ADJ">modified </w><w c5="NN1" hw="virus" pos="SUBST">virus </w><w c5="VM0" hw="would" pos="VERB">would </w><w c5="VVI" hw="go" pos="VERB">go </w><w c5="AVP" hw="off" pos="ADV">off </w><w c5="CJC" hw="and" pos="CONJ">and </w><w c5="VVI" hw="bind" pos="VERB">bind </w><w c5="PRP" hw="to" pos="PREP">to </w><w c5="AT0" hw="the" pos="ART">the </w><w c5="NN2" hw="cell" pos="SUBST">cells </w><w c5="PRP" hw="in" pos="PREP">in </w><w c5="AT0" hw="the" pos="ART">the </w><w c5="NN1" hw="body" pos="SUBST">body </w><w c5="CJT" hw="that" pos="CONJ">that </w><w c5="NP0" hw="hiv" pos="SUBST">HIV </w><w c5="AV0" hw="normally" pos="ADV">normally </w><w c5="VVZ" hw="bind" pos="VERB">binds </w><w c5="TO0" hw="to" pos="PREP">to</w><c c5="PUN">.</c></s>
<s n="57"><w c5="CJC" hw="but" pos="CONJ">But </w><mw c5="PRP"><w c5="AV0" hw="instead" pos="ADV">instead </w><w c5="PRF" hw="of" pos="PREP">of </w></mw><w c5="VVG" hw="put" pos="VERB">putting </w><w c5="AT0" hw="an" pos="ART">an </w><w c5="NP0" hw="hiv" pos="SUBST">HIV </w><w c5="NN1" hw="gene" pos="SUBST">gene </w><w c5="PRP" hw="into" pos="PREP">into </w><w c5="AT0" hw="the" pos="ART">the </w><w c5="NN1" hw="cell" pos="SUBST">cell</w><c c5="PUN">, </c><w c5="PNP" hw="it" pos="PRON">it </w><w c5="VM0" hw="would" pos="VERB">would </w><w c5="VVI" hw="put" pos="VERB">put </w><w c5="PRP-AVP" hw="in" pos="PREP">in </w><w c5="AT0" hw="a" pos="ART">a </w><w c5="NN1" hw="gene" pos="SUBST">gene </w><w c5="PRP" hw="for" pos="PREP">for </w><w c5="AT0" hw="an" pos="ART">an </w><w c5="NN1" hw="inhibitor" pos="SUBST">inhibitor</w><c c5="PUN">,</c><c c5="PUQ">’ </c><w c5="VVD" hw="say" pos="VERB">said </w><w c5="NP0" hw="dr" pos="SUBST">Dr </w><w c5="NP0" hw="alan" pos="SUBST">Alan </w><w c5="NP0" hw="kingsman" pos="SUBST">Kingsman</w><c c5="PUN">, </c><w c5="PNQ" hw="who" pos="PRON">who </w><w c5="VM0" hw="will" pos="VERB">will </w><w c5="VVI" hw="head" pos="VERB">head </w><w c5="AT0" hw="the" pos="ART">the </w><w c5="AJ0" hw="new" pos="ADJ">new </w><w c5="NN1" hw="laboratory" pos="SUBST">laboratory</w><c c5="PUN">.</c></s></p><p>
<s n="58"><w c5="PRP" hw="in" pos="PREP">In </w><w c5="AJ0" hw="hiv-infected" pos="ADJ">HIV-infected </w><w c5="NN2" hw="patient" pos="SUBST">patients </w><w c5="AT0" hw="the" pos="ART">the </w><w c5="NN1" hw="treatment" pos="SUBST">treatment </w><w c5="VM0" hw="could" pos="VERB">could </w><w c5="VVI" hw="shut" pos="VERB">shut </w><w c5="AVP" hw="down" pos="ADV">down </w><w c5="NN1" hw="production" pos="SUBST">production </w><w c5="PRF" hw="of" pos="PREP">of </w><w c5="AT0" hw="the" pos="ART">the </w><w c5="NN1" hw="virus" pos="SUBST">virus </w><w c5="CJC" hw="and" pos="CONJ">and </w><w c5="VVB" hw="prevent" pos="VERB">prevent </w><w c5="AT0" hw="the" pos="ART">the </w><w c5="NN1" hw="onset" pos="SUBST">onset </w><w c5="PRF" hw="of" pos="PREP">of </w><w c5="NN2" hw="aid" pos="SUBST">Aids </w><w c5="CJC" hw="and" pos="CONJ">and </w><w c5="PNP" hw="it" pos="PRON">it </w><w c5="VM0" hw="could" pos="VERB">could </w><w c5="VVI" hw="prevent" pos="VERB">prevent </w><w c5="NN1" hw="infection" pos="SUBST">infection </w><w c5="PRP" hw="in" pos="PREP">in </w><w c5="AJ0" hw="healthy" pos="ADJ">healthy </w><w c5="NN2" hw="patient" pos="SUBST">patients</w><c c5="PUN">.</c></s></p><p>
<s n="59"><c c5="PUQ">‘</c><w c5="PNP" hw="we" pos="PRON">We </w><w c5="VVB" hw="know" pos="VERB">know </w><w c5="AV0" hw="broadly" pos="ADV">broadly </w><w c5="AVQ" hw="how" pos="ADV">how </w><w c5="TO0" hw="to" pos="PREP">to </w><w c5="VDI" hw="do" pos="VERB">do </w><w c5="PNP" hw="it" pos="PRON">it</w><c c5="PUN">,</c><c c5="PUQ">’ </c><w c5="NP0" hw="kingsman" pos="SUBST">Kingsman </w><w c5="VVD" hw="say" pos="VERB">said</w><c c5="PUN">.</c></s>
<s n="60"><c c5="PUQ">‘</c><w c5="PNP" hw="we" pos="PRON">We </w><w c5="VHB" hw="have" pos="VERB">have </w><w c5="AV0" hw="already" pos="ADV">already </w><w c5="VVN" hw="take" pos="VERB">taken </w><w c5="AT0" hw="the" pos="ART">the </w><w c5="ORD" hw="first" pos="ADJ">first </w><w c5="NN2" hw="step" pos="SUBST">steps </w><w c5="PRP" hw="towards" pos="PREP">towards </w><w c5="DT0" hw="that" pos="ADJ">that </w><w c5="NN1" hw="goal" pos="SUBST">goal</w><c c5="PUN">.</c></s>
<s n="61"><w c5="PNP" hw="we" pos="PRON">We </w><w c5="VM0" hw="can" pos="VERB">can </w><w c5="VVI" hw="make" pos="VERB">make </w><w c5="AT0" hw="a" pos="ART">a </w><w c5="AJ0" hw="safe" pos="ADJ">safe </w><w c5="NN1" hw="virus" pos="SUBST">virus </w><w c5="CJT-DT0" hw="that" pos="CONJ">that </w><w c5="VBZ" hw="be" pos="VERB">is </w><w c5="AT0" hw="a" pos="ART">a </w><w c5="NN1" hw="derivative" pos="SUBST">derivative </w><w c5="PRF" hw="of" pos="PREP">of </w><w c5="NP0" hw="hiv" pos="SUBST">HIV </w><w c5="CJC" hw="and" pos="CONJ">and </w><w c5="VM0" hw="will" pos="VERB">will </w><w c5="AV0" hw="still" pos="ADV">still </w><w c5="VVI" hw="infect" pos="VERB">infect </w><w c5="AT0" hw="the" pos="ART">the </w><w c5="NN2" hw="cell" pos="SUBST">cells </w><w c5="AJ0" hw="susceptible" pos="ADJ">susceptible </w><w c5="PRP" hw="to" pos="PREP">to </w><w c5="AT0" hw="the" pos="ART">the </w><w c5="NN1" hw="aids" pos="SUBST">Aids </w><w c5="NN1" hw="virus" pos="SUBST">virus</w><c c5="PUN">.</c><c c5="PUQ">’</c></s></p><p>
<s n="62"><w c5="PRP" hw="at" pos="PREP">At </w><w c5="AT0" hw="a" pos="ART">a </w><w c5="NN1" hw="meeting" pos="SUBST">meeting </w><w c5="ORD" hw="last" pos="ADJ">last </w><w c5="NN1" hw="week" pos="SUBST">week </w><w c5="PRF" hw="of" pos="PREP">of </w><w c5="NP0" hw="isis" pos="SUBST">Isis </w><w c5="NN1" hw="innovation" pos="SUBST">Innovation</w><c c5="PUN">, </c><w c5="NP0" hw="oxford" pos="SUBST">Oxford </w><w c5="NN1" hw="university" pos="SUBST">University</w><w c5="POS" hw="'s" pos="UNC">'s </w><w c5="NN1" hw="technology" pos="SUBST">technology </w><w c5="NN1-VVB" hw="transfer" pos="SUBST">transfer </w><w c5="NN1" hw="company" pos="SUBST">company</w><c c5="PUN">, </c><w c5="NP0" hw="kingsman" pos="SUBST">Kingsman </w><w c5="VVD" hw="say" pos="VERB">said </w><w c5="AT0" hw="the" pos="ART">the </w><w c5="NN1" hw="technique" pos="SUBST">technique </w><w c5="VBD" hw="be" pos="VERB">was </w><c c5="PUQ">‘</c><w c5="AJ0" hw="exciting" pos="ADJ">exciting </w><w c5="CJC" hw="and" pos="CONJ">and </w><w c5="AJ0" hw="new" pos="ADJ">new</w><c c5="PUQ">’</c><c c5="PUN">.</c></s>
<s n="63"><c c5="PUQ">‘</c><w c5="PNP" hw="it" pos="PRON">It </w><w c5="VVZ" hw="go" pos="VERB">goes </w><w c5="PRP" hw="beyond" pos="PREP">beyond </w><w c5="AJ0" hw="conventional" pos="ADJ">conventional </w><w c5="NN1" hw="drug" pos="SUBST">drug </w><w c5="NN1" hw="design" pos="SUBST">design</w><c c5="PUN">.</c></s>
<s n="64"><w c5="PNP" hw="we" pos="PRON">We </w><w c5="VM0" hw="might" pos="VERB">might </w><w c5="VBI" hw="be" pos="VERB">be </w><w c5="AJ0" hw="able" pos="ADJ">able </w><w c5="TO0" hw="to" pos="PREP">to </w><w c5="VVI" hw="design" pos="VERB">design </w><w c5="AJ0" hw="other" pos="ADJ">other </w><w c5="NN2" hw="virus" pos="SUBST">viruses </w><w c5="CJT" hw="that" pos="CONJ">that </w><w c5="VVB" hw="deliver" pos="VERB">deliver </w><w c5="NN1" hw="tumour" pos="SUBST">tumour </w><w c5="NN1" hw="suppressor" pos="SUBST">suppressor </w><w c5="NN2" hw="gene" pos="SUBST">genes </w><w c5="TO0" hw="to" pos="PREP">to </w><w c5="VVI" hw="prevent" pos="VERB">prevent </w><w c5="NN1" hw="cancer" pos="SUBST">cancer</w><c c5="PUN">.</c><c c5="PUQ">’</c></s></p><p>
<s n="65"><w c5="AT0" hw="the" pos="ART">The </w><w c5="AJ0" hw="main" pos="ADJ">main </w><w c5="AJ0-NN1" hw="potential" pos="ADJ">potential </w><w c5="NN1" hw="problem" pos="SUBST">problem </w><w c5="VBD" hw="be" pos="VERB">was </w><w c5="AT0" hw="the" pos="ART">the </w><w c5="NN1" hw="efficiency" pos="SUBST">efficiency </w><w c5="PRF" hw="of" pos="PREP">of </w><w c5="AT0" hw="the" pos="ART">the </w><w c5="NN1" hw="replacement" pos="SUBST">replacement </w><w c5="NN2" hw="gene" pos="SUBST">genes </w><w c5="VVN" hw="design" pos="VERB">designed </w><w c5="TO0" hw="to" pos="PREP">to </w><w c5="VVI" hw="prevent" pos="VERB">prevent </w><w c5="AT0" hw="the" pos="ART">the </w><w c5="NN1" hw="aids" pos="SUBST">Aids </w><w c5="NN1" hw="virus" pos="SUBST">virus </w><w c5="VVG" hw="reproduce" pos="VERB">reproducing </w><w c5="PNX" hw="itself" pos="PRON">itself</w><c c5="PUN">.</c></s></p><p>
<s n="66"><c c5="PUQ">‘</c><w c5="PNP" hw="we" pos="PRON">We </w><w c5="VVB" hw="know" pos="VERB">know </w><w c5="PNP" hw="we" pos="PRON">we </w><w c5="VM0" hw="can" pos="VERB">can </w><w c5="VVI" hw="get" pos="VERB">get </w><w c5="AT0" hw="the" pos="ART">the </w><w c5="NN1" hw="inhibitor" pos="SUBST">inhibitor </w><w c5="NN2" hw="gene" pos="SUBST">genes </w><w c5="PRP" hw="into" pos="PREP">into </w><w c5="AT0" hw="a" pos="ART">a </w><w c5="NN1" hw="cell" pos="SUBST">cell </w><w c5="CJC" hw="but" pos="CONJ">but </w><w c5="PNP" hw="we" pos="PRON">we </w><w c5="VM0" hw="can" pos="VERB">ca</w><w c5="XX0" hw="not" pos="ADV">n't </w><w c5="VVI" hw="tell" pos="VERB">tell </w><w c5="CJS" hw="whether" pos="CONJ">whether </w><w c5="PNP" hw="we" pos="PRON">we</w><w c5="VM0" hw="will" pos="VERB">'ll </w><w c5="VBI" hw="be" pos="VERB">be </w><w c5="AJ0" hw="able" pos="ADJ">able </w><w c5="TO0" hw="to" pos="PREP">to </w><w c5="VVI" hw="produce" pos="VERB">produce </w><w c5="DT0" hw="this" pos="ADJ">this </w><w c5="NN1" hw="inhibitor" pos="SUBST">inhibitor </w><w c5="AV0" hw="efficiently" pos="ADV">efficiently </w><w c5="AV0" hw="enough" pos="ADV">enough </w><w c5="CJS" hw="until" pos="CONJ">until </w><w c5="PNP" hw="we" pos="PRON">we </w><w c5="VVB" hw="test" pos="VERB">test </w><w c5="PNP" hw="it" pos="PRON">it</w><c c5="PUN">.</c></s>
<s n="67"><w c5="EX0" hw="there" pos="PRON">There </w><w c5="VBB" hw="be" pos="VERB">are </w><w c5="NN2" hw="indication" pos="SUBST">indications </w><w c5="CJT" hw="that" pos="CONJ">that </w><w c5="PNP" hw="it" pos="PRON">it </w><w c5="VM0" hw="will" pos="VERB">will </w><w c5="VBI" hw="be" pos="VERB">be </w><w c5="AJ0" hw="possible" pos="ADJ">possible</w><c c5="PUN">.</c><c c5="PUQ">’</c></s></p><p>
<s n="68"><w c5="PNP" hw="he" pos="PRON">He </w><w c5="AV0" hw="also" pos="ADV">also </w><w c5="VVD" hw="say" pos="VERB">said </w><w c5="EX0" hw="there" pos="PRON">there </w><w c5="VBD" hw="be" pos="VERB">were </w><w c5="AJ0" hw="significant" pos="ADJ">significant </w><w c5="AJ0" hw="regulatory" pos="ADJ">regulatory </w><w c5="NN2" hw="hurdle" pos="SUBST">hurdles </w><w c5="TO0" hw="to" pos="PREP">to </w><w c5="VBI" hw="be" pos="VERB">be </w><w c5="VVN" hw="overcome" pos="VERB">overcome </w><w c5="PRP" hw="before" pos="PREP">before </w><w c5="AT0" hw="the" pos="ART">the </w><w c5="AJ0" hw="new" pos="ADJ">new </w><c c5="PUQ">‘</c><w c5="NN1" hw="gene" pos="SUBST">gene </w><w c5="NN1" hw="therapy" pos="SUBST">therapy</w><c c5="PUQ">’ </c><w c5="NN1" hw="technique" pos="SUBST">technique </w><w c5="VBD" hw="be" pos="VERB">was </w><w c5="VVN" hw="accept" pos="VERB">accepted</w><c c5="PUN">.</c></s>
<s n="69"><c c5="PUQ">‘</c><w c5="EX0" hw="there" pos="PRON">There </w><w c5="VBB" hw="be" pos="VERB">are </w><w c5="DT0" hw="many" pos="ADJ">many </w><w c5="NN2" hw="reservation" pos="SUBST">reservations </w><w c5="PRP" hw="about" pos="PREP">about </w><w c5="CJS" hw="whether" pos="CONJ">whether </w><w c5="PNP" hw="it" pos="PRON">it </w><w c5="VM0" hw="would" pos="VERB">would </w><w c5="VBI" hw="be" pos="VERB">be </w><w c5="VVN" hw="approve" pos="VERB">approved </w><w c5="AV0" hw="ethically" pos="ADV">ethically</w><c c5="PUN">.</c><c c5="PUQ">’</c></s></p><p>
<s n="70"><w c5="NP0" hw="bbl" pos="SUBST">BBL </w><w c5="VHZ" hw="have" pos="VERB">has </w><w c5="AV0" hw="just" pos="ADV">just </w><w c5="VVN" hw="open" pos="VERB">opened </w><w c5="AT0" hw="a" pos="ART">a </w><w c5="NN1" hw="facility" pos="SUBST">facility </w><w c5="TO0" hw="to" pos="PREP">to </w><w c5="VVI" hw="make" pos="VERB">make </w><w c5="AT0" hw="an" pos="ART">an </w><w c5="NN1" hw="aids" pos="SUBST">Aids </w><w c5="NN1" hw="vaccine" pos="SUBST">vaccine</w><c c5="PUN">, </c><w c5="AT0" hw="a" pos="ART">a </w><w c5="AJ0" hw="different" pos="ADJ">different </w><w c5="NN1" hw="product" pos="SUBST">product </w><w c5="AV0" hw="also" pos="ADV">also </w><w c5="VVN" hw="base" pos="VERB">based </w><w c5="PRP" hw="on" pos="PREP">on </w><w c5="NN1" hw="technology" pos="SUBST">technology </w><w c5="VVN" hw="develop" pos="VERB">developed </w><w c5="PRP" hw="by" pos="PREP">by </w><w c5="NP0-NN1" hw="kingsman" pos="SUBST">Kingsman</w><c c5="PUN">.</c></s>
<s n="71"><w c5="AT0" hw="the" pos="ART">The </w><w c5="ORD" hw="first" pos="ADJ">first </w><w c5="NN2" hw="trial" pos="SUBST">trials </w><w c5="PRP" hw="on" pos="PREP">on </w><w c5="AJ0" hw="hiv-infected" pos="ADJ">HIV-infected </w><w c5="NN2" hw="individual" pos="SUBST">individuals </w><w c5="VBB" hw="be" pos="VERB">are </w><w c5="VVN" hw="plan" pos="VERB">planned </w><w c5="PRP" hw="for" pos="PREP">for </w><w c5="AV0" hw="later" pos="ADV">later </w><w c5="DT0" hw="this" pos="ADJ">this </w><w c5="NN1" hw="year" pos="SUBST">year</w><c c5="PUN">.</c></s>
<s n="72"><w c5="PNP" hw="it" pos="PRON">It </w><w c5="VM0" hw="will" pos="VERB">will </w><w c5="VBI" hw="be" pos="VERB">be </w><w c5="AT0" hw="the" pos="ART">the </w><w c5="ORD" hw="first" pos="ADJ">first </w><w c5="NN1" hw="aids" pos="SUBST">Aids </w><w c5="NN1" hw="vaccine" pos="SUBST">vaccine </w><w c5="NN1" hw="trial" pos="SUBST">trial </w><w c5="PRP" hw="in" pos="PREP">in </w><w c5="NP0" hw="britain" pos="SUBST">Britain</w><c c5="PUN">.</c></s></p><p>
<s n="73"><w c5="PRP" hw="with" pos="PREP">With </w><w c5="NP0-NN1" hw="celltech" pos="SUBST">Celltech </w><w c5="CJC" hw="and" pos="CONJ">and </w><w c5="AT0" hw="a" pos="ART">a </w><w c5="NN1" hw="handful" pos="SUBST">handful </w><w c5="PRF" hw="of" pos="PREP">of </w><w c5="AJC" hw="small" pos="ADJ">smaller </w><w c5="NN2" hw="company" pos="SUBST">companies</w><c c5="PUN">, </c><w c5="NP0" hw="bbl" pos="SUBST">BBL </w><w c5="VVZ" hw="represent" pos="VERB">represents </w><w c5="AT0" hw="the" pos="ART">the </w><w c5="AJS" hw="good" pos="ADJ">best </w><w c5="PRF" hw="of" pos="PREP">of </w><w c5="AJ0" hw="british" pos="ADJ">British </w><w c5="NN1" hw="biotechnology" pos="SUBST">biotechnology</w><c c5="PUN">.</c></s>
<s n="74"><w c5="CJS" hw="though" pos="CONJ">Though </w><w c5="PRP" hw="in" pos="PREP">in </w><w c5="NP0" hw="america" pos="SUBST">America </w><w c5="EX0" hw="there" pos="PRON">there </w><w c5="VBB" hw="be" pos="VERB">are </w><w c5="AV0" hw="about" pos="ADV">about </w><w c5="CRD" hw="1,000" pos="ADJ">1,000 </w><w c5="NN1" hw="biotechnology" pos="SUBST">biotechnology </w><w c5="NN2" hw="company" pos="SUBST">companies</w><c c5="PUN">, </c><w c5="CRD" hw="100" pos="ADJ">100 </w><w c5="PRF" hw="of" pos="PREP">of </w><w c5="DTQ" hw="which" pos="PRON">which </w><w c5="VBB" hw="be" pos="VERB">are </w><w c5="AJ0" hw="successful" pos="ADJ">successful</w><c c5="PUN">, </c><w c5="PRP" hw="in" pos="PREP">in </w><w c5="NP0" hw="britain" pos="SUBST">Britain </w><w c5="PNP" hw="they" pos="PRON">they </w><w c5="VBB" hw="be" pos="VERB">are </w><w c5="AJ0" hw="rare" pos="ADJ">rare</w><c c5="PUN">.</c></s></p><p>
<s n="75"><w c5="NP0" hw="stephen" pos="SUBST">Stephen </w><w c5="NP0" hw="burrill" pos="SUBST">Burrill</w><c c5="PUN">, </c><w c5="AT0" hw="an" pos="ART">an </w><w c5="NN1" hw="analyst" pos="SUBST">analyst </w><w c5="PRP" hw="with" pos="PREP">with </w><w c5="NP0" hw="ernst" pos="SUBST">Ernst </w><w c5="CJC" hw="and" pos="CONJ">and </w><w c5="NP0" hw="young" pos="SUBST">Young </w><w c5="PRP" hw="in" pos="PREP">in </w><w c5="NP0" hw="san" pos="SUBST">San </w><w c5="NP0" hw="francisco" pos="SUBST">Francisco</w><c c5="PUN">, </c><w c5="CJC" hw="and" pos="CONJ">and </w><w c5="NN1" hw="author" pos="SUBST">author </w><w c5="PRF" hw="of" pos="PREP">of </w><w c5="AT0" hw="a" pos="ART">a </w><w c5="AJ0" hw="new" pos="ADJ">new </w><w c5="NN1" hw="report" pos="SUBST">report </w><w c5="PRP" hw="on" pos="PREP">on </w><w c5="AT0" hw="the" pos="ART">the </w><w c5="NN1" hw="industry" pos="SUBST">industry</w><c c5="PUN">, </c><w c5="VVD" hw="say" pos="VERB">said </w><w c5="NN2" hw="promise" pos="SUBST">promises </w><w c5="VHD" hw="have" pos="VERB">had </w><w c5="AV0" hw="finally" pos="ADV">finally </w><w c5="VVB" hw="become" pos="VERB">become </w><w c5="NN1" hw="reality" pos="SUBST">reality </w><w c5="PRP" hw="in" pos="PREP">in </w><w c5="NP0" hw="america" pos="SUBST">America</w><c c5="PUN">.</c></s>
<s n="76"><c c5="PUQ">‘</c><w c5="PRP" hw="until" pos="PREP">Until </w><w c5="AV0" hw="now" pos="ADV">now </w><w c5="EX0" hw="there" pos="PRON">there</w><w c5="VHZ" hw="have" pos="VERB">'s </w><w c5="VBN" hw="be" pos="VERB">been </w><w c5="AV0" hw="quite" pos="ADV">quite </w><w c5="AT0" hw="an" pos="ART">an </w><w c5="NN1" hw="expectation" pos="SUBST">expectation </w><w c5="NN1" hw="gap" pos="SUBST">gap</w><c c5="PUN">.</c></s>
<s n="77"><w c5="NN0" hw="people" pos="SUBST">People </w><w c5="VVD-VVN" hw="get" pos="VERB">got </w><w c5="VVN" hw="carry" pos="VERB">carried </w><w c5="AV0" hw="away" pos="ADV">away </w><w c5="PRP" hw="about" pos="PREP">about </w><w c5="AVQ" hw="how" pos="ADV">how </w><w c5="AV0" hw="quickly" pos="ADV">quickly </w><w c5="AT0" hw="the" pos="ART">the </w><w c5="NN1" hw="research" pos="SUBST">research </w><w c5="VM0" hw="would" pos="VERB">would </w><w c5="VBI" hw="be" pos="VERB">be </w><w c5="VVN" hw="commercialise" pos="VERB">commercialised</w><c c5="PUN">.</c></s>
<s n="78"><w c5="AV0" hw="now" pos="ADV">Now </w><w c5="PNP" hw="it" pos="PRON">it</w><w c5="VBZ" hw="be" pos="VERB">'s </w><w c5="VBG" hw="be" pos="VERB">being </w><w c5="VVN" hw="commercialise" pos="VERB">commercialised </w><w c5="PRP" hw="in" pos="PREP">in </w><w c5="NN1" hw="earnest" pos="SUBST">earnest</w><c c5="PUN">.</c><c c5="PUQ">’</c></s></p><p>
<s n="79"><w c5="PRP" hw="in" pos="PREP">In </w><w c5="AT0" hw="an" pos="ART">an </w><w c5="AJ0" hw="astonishing" pos="ADJ">astonishing </w><w c5="NN1" hw="burst" pos="SUBST">burst </w><w c5="PRF" hw="of" pos="PREP">of </w><w c5="NN1" hw="enthusiasm" pos="SUBST">enthusiasm </w><w c5="PRP" hw="for" pos="PREP">for </w><w c5="NN1" hw="biotech" pos="SUBST">biotech </w><w c5="ORD" hw="last" pos="ADJ">last </w><w c5="NN1" hw="year" pos="SUBST">year</w><c c5="PUN">, </c><w c5="CRD" hw="60" pos="ADJ">60 </w><w c5="DT0" hw="such" pos="ADJ">such </w><w c5="NN2" hw="company" pos="SUBST">companies </w><w c5="VVD-VVN" hw="raise" pos="VERB">raised </w><w c5="AT0" hw="a" pos="ART">a </w><w c5="NN1" hw="total" pos="SUBST">total </w><w c5="PRF" hw="of" pos="PREP">of </w><w c5="NN0" hw="$3.7" pos="SUBST">$3.7 </w><w c5="CRD" hw="billion" pos="ADJ">billion </w><w c5="PRP" hw="in" pos="PREP">in </w><w c5="AT0" hw="the" pos="ART">the </w><w c5="AJ0-NN1" hw="public" pos="ADJ">public </w><w c5="NN1" hw="equity" pos="SUBST">equity </w><w c5="NN1" hw="market" pos="SUBST">market</w><c c5="PUN">.</c></s>
<s n="80"><w c5="NP0" hw="california" pos="SUBST">California</w><w c5="POS" hw="'s" pos="UNC">'s </w><w c5="NN1-NP0" hw="amgen" pos="SUBST">Amgen</w><c c5="PUN">, </c><w c5="AT0" hw="the" pos="ART">the </w><w c5="NN1" hw="jewel" pos="SUBST">jewel </w><w c5="PRP" hw="in" pos="PREP">in </w><w c5="AT0" hw="the" pos="ART">the </w><w c5="NN1" hw="crown" pos="SUBST">crown </w><w c5="PRF" hw="of" pos="PREP">of </w><w c5="AJ0" hw="american" pos="ADJ">American </w><w c5="NN1" hw="biotechnology" pos="SUBST">biotechnology</w><c c5="PUN">, </c><w c5="VBZ" hw="be" pos="VERB">is </w><w c5="VVN" hw="set" pos="VERB">set </w><w c5="TO0" hw="to" pos="PREP">to </w><w c5="VVI" hw="become" pos="VERB">become </w><w c5="AT0" hw="the" pos="ART">the </w><w c5="NN1" hw="industry" pos="SUBST">industry</w><w c5="POS" hw="'s" pos="UNC">'s </w><w c5="ORD" hw="first" pos="ADJ">first </w><w c5="TO0" hw="to" pos="PREP">to </w><w c5="VVI" hw="enter" pos="VERB">enter </w><w c5="AT0" hw="the" pos="ART">the </w><w c5="NN1" hw="fortune" pos="SUBST">Fortune </w><w c5="CRD" hw="500" pos="ADJ">500 </w><w c5="NN1" hw="list" pos="SUBST">list </w><w c5="PRF" hw="of" pos="PREP">of </w><w c5="NP0" hw="america" pos="SUBST">America</w><w c5="POS" hw="'s" pos="UNC">'s </w><w c5="AJ0-NN1" hw="top" pos="ADJ">top </w><w c5="NN2" hw="company" pos="SUBST">companies</w><c c5="PUN">, </c><w c5="PRP" hw="with" pos="PREP">with </w><w c5="NN1" hw="revenue" pos="SUBST">revenue </w><w c5="PRF" hw="of" pos="PREP">of </w><w c5="NN0" hw="$1" pos="SUBST">$1 </w><w c5="CRD" hw="billion" pos="ADJ">billion </w><w c5="VVD" hw="expect" pos="VERB">expected </w><w c5="DT0" hw="this" pos="ADJ">this </w><w c5="NN1" hw="year" pos="SUBST">year</w><c c5="PUN">.</c></s></p><p>
<s n="81"><w c5="CJC" hw="but" pos="CONJ">But </w><w c5="AT0" hw="the" pos="ART">the </w><w c5="AJ0" hw="british" pos="ADJ">British </w><w c5="NN1" hw="industry" pos="SUBST">industry </w><w c5="VBZ" hw="be" pos="VERB">is </w><c c5="PUQ">‘</c><w c5="NN1" hw="way" pos="SUBST">way </w><w c5="AV0" hw="behind" pos="ADV">behind</w><c c5="PUQ">’</c><c c5="PUN">, </c><w c5="NP0" hw="burrill" pos="SUBST">Burrill </w><w c5="VVD" hw="say" pos="VERB">said</w><c c5="PUN">.</c></s>
<s n="82"><c c5="PUQ">‘</c><w c5="PNP" hw="it" pos="PRON">It</w><w c5="VHZ" hw="have" pos="VERB">'s </w><w c5="VBN" hw="be" pos="VERB">been </w><w c5="AJ0" hw="slow" pos="ADJ">slow </w><w c5="TO0" hw="to" pos="PREP">to </w><w c5="VVI" hw="develop" pos="VERB">develop</w><c c5="PUN">, </c><w c5="PRP" hw="despite" pos="PREP">despite </w><w c5="AT0" hw="the" pos="ART">the </w><w c5="NN1" hw="fact" pos="SUBST">fact </w><w c5="CJT" hw="that" pos="CONJ">that </w><w c5="AT0" hw="the" pos="ART">the </w><w c5="NN1" hw="science" pos="SUBST">science </w><w c5="CJC" hw="and" pos="CONJ">and </w><w c5="NN1" hw="technology" pos="SUBST">technology </w><w c5="VBZ" hw="be" pos="VERB">is </w><w c5="NN1" hw="world" pos="SUBST">world </w><w c5="NN1" hw="class" pos="SUBST">class</w><c c5="PUN">.</c></s>
<s n="83"><w c5="AT0" hw="the" pos="ART">The </w><w c5="NP0" hw="uk" pos="SUBST">UK </w><w c5="VBZ" hw="be" pos="VERB">is </w><w c5="XX0" hw="not" pos="ADV">not </w><w c5="AV0" hw="very" pos="ADV">very </w><w c5="AJ0" hw="entrepreneurial" pos="ADJ">entrepreneurial</w><c c5="PUN">.</c></s>
<s n="84"><w c5="DT0" hw="most" pos="ADJ">Most </w><w c5="PRF" hw="of" pos="PREP">of </w><w c5="AT0" hw="the" pos="ART">the </w><w c5="NN2" hw="entrepreneur" pos="SUBST">entrepreneurs </w><w c5="VHB" hw="have" pos="VERB">have </w><w c5="VVN" hw="come" pos="VERB">come </w><w c5="PRP" hw="to" pos="PREP">to </w><w c5="AT0" hw="the" pos="ART">the </w><w c5="NP0" hw="us" pos="SUBST">US </w><mw c5="PRP"><w c5="CJS" hw="because" pos="CONJ">because </w><w c5="PRF" hw="of" pos="PREP">of </w></mw><w c5="AT0" hw="the" pos="ART">the </w><w c5="NN1" hw="access" pos="SUBST">access </w><w c5="PRP" hw="to" pos="PREP">to </w><w c5="NN1" hw="capital" pos="SUBST">capital </w><w c5="CJC" hw="and" pos="CONJ">and </w><w c5="AT0" hw="the" pos="ART">the </w><w c5="NN1" hw="willingness" pos="SUBST">willingness </w><w c5="TO0" hw="to" pos="PREP">to </w><w c5="VVI" hw="accept" pos="VERB">accept </w><w c5="NN1" hw="risk" pos="SUBST">risk</w><c c5="PUN">.</c></s>
<s n="85"><c c5="PUQ">‘</c><w c5="EX0" hw="there" pos="PRON">There</w><w c5="VHZ" hw="have" pos="VERB">'s </w><w c5="VBN" hw="be" pos="VERB">been </w><w c5="AT0" hw="a" pos="ART">a </w><w c5="NN1" hw="bit" pos="SUBST">bit </w><w c5="PRF" hw="of" pos="PREP">of </w><w c5="AT0" hw="a" pos="ART">a </w><w c5="NN1" hw="brain" pos="SUBST">brain </w><w c5="NN1" hw="drain" pos="SUBST">drain </w><w c5="PRP" hw="from" pos="PREP">from </w><w c5="NP0" hw="britain" pos="SUBST">Britain </w><w c5="CJC" hw="and" pos="CONJ">and </w><w c5="AV0" hw="relatively" pos="ADV">relatively </w><w c5="AV0-AJ0" hw="little" pos="ADV">little </w><w c5="AJ0" hw="real" pos="ADJ">real </w><w c5="AJ0" hw="commercial" pos="ADJ">commercial </w><w c5="NN1" hw="activity" pos="SUBST">activity </w><w c5="AV0" hw="there" pos="ADV">there</w><c c5="PUN">.</c></s>
<s n="86"><w c5="NN2" hw="thing" pos="SUBST">Things </w><w c5="VBB" hw="be" pos="VERB">are </w><w c5="VVG-AJ0" hw="change" pos="VERB">changing </w><w c5="CJC" hw="but" pos="CONJ">but </w><w c5="XX0" hw="not" pos="ADV">not </w><w c5="PRP" hw="with" pos="PREP">with </w><w c5="AT0" hw="the" pos="ART">the </w><w c5="NN1" hw="speed" pos="SUBST">speed </w><w c5="PNP" hw="you" pos="PRON">you</w><w c5="VM0" hw="would" pos="VERB">'d </w><w c5="VVI" hw="like" pos="VERB">like</w><c c5="PUN">.</c><c c5="PUQ">’</c></s>
<s n="87"><w c5="PNP" hw="it" pos="PRON">It </w><w c5="VM0" hw="could" pos="VERB">could </w><w c5="VVI" hw="take" pos="VERB">take </w><w c5="AV0" hw="as" pos="ADV">as </w><w c5="DT0" hw="much" pos="ADJ">much </w><w c5="CJS" hw="as" pos="CONJ">as </w><w c5="CRD" hw="10" pos="ADJ">10 </w><w c5="NN2" hw="year" pos="SUBST">years </w><w c5="PRP" hw="for" pos="PREP">for </w><w c5="AT0" hw="the" pos="ART">the </w><w c5="NN1" hw="industry" pos="SUBST">industry </w><w c5="TO0" hw="to" pos="PREP">to </w><w c5="VVI" hw="mature" pos="VERB">mature </w><w c5="PRP" hw="to" pos="PREP">to </w><w c5="AT0" hw="the" pos="ART">the </w><w c5="NN1" hw="stage" pos="SUBST">stage </w><w c5="CJT" hw="that" pos="CONJ">that </w><w c5="NP0" hw="america" pos="SUBST">America</w><w c5="POS" hw="'s" pos="UNC">'s </w><w c5="VBZ" hw="be" pos="VERB">is </w><w c5="PRP" hw="at" pos="PREP">at </w><w c5="AV0" hw="now" pos="ADV">now</w><c c5="PUN">.</c></s></p><p>
<s n="88"><w c5="CJS" hw="though" pos="CONJ">Though </w><w c5="DPS" hw="it" pos="PRON">its </w><w c5="NN1" hw="industry" pos="SUBST">industry </w><w c5="VBZ" hw="be" pos="VERB">is </w><w c5="AV0" hw="behind" pos="ADV">behind</w><c c5="PUN">, </c><w c5="NP0" hw="britain" pos="SUBST">Britain</w><w c5="POS" hw="'s" pos="UNC">'s </w><w c5="NN2" hw="researcher" pos="SUBST">researchers </w><w c5="AV0-AJ0" hw="still" pos="ADV">still </w><w c5="VVB-NN1" hw="rank" pos="VERB">rank </w><w c5="PRP" hw="among" pos="PREP">among </w><w c5="AT0" hw="the" pos="ART">the </w><w c5="NN1" hw="world" pos="SUBST">world</w><w c5="VBZ" hw="be" pos="VERB">'s </w><w c5="AJS" hw="good" pos="ADJ">best </w><w c5="PRP" hw="in" pos="PREP">in </w><w c5="AT0" hw="the" pos="ART">the </w><w c5="NN1" hw="science" pos="SUBST">science </w><w c5="CJT" hw="that" pos="CONJ">that </w><w c5="VVZ" hw="underpin" pos="VERB">underpins </w><w c5="NN1" hw="biotechnology" pos="SUBST">biotechnology</w><c c5="PUN">.</c></s>
<s n="89"><w c5="AT0" hw="a" pos="ART">A </w><w c5="NN1" hw="vote" pos="SUBST">vote </w><w c5="PRF" hw="of" pos="PREP">of </w><w c5="NN1" hw="confidence" pos="SUBST">confidence </w><w c5="VVZ" hw="come" pos="VERB">comes </w><w c5="DT0" hw="this" pos="ADJ">this </w><w c5="NN1" hw="week" pos="SUBST">week </w><w c5="PRP" hw="from" pos="PREP">from </w><w c5="NP0-NN1" hw="genzyme" pos="SUBST">Genzyme</w><c c5="PUN">, </c><w c5="CRD" hw="one" pos="ADJ">one </w><w c5="PRF" hw="of" pos="PREP">of </w><w c5="NP0" hw="america" pos="SUBST">America</w><w c5="POS" hw="'s" pos="UNC">'s </w><w c5="AJ0" hw="top" pos="ADJ">top </w><w c5="CRD" hw="10" pos="ADJ">10 </w><w c5="NN1" hw="biotechnology" pos="SUBST">biotechnology </w><w c5="NN2" hw="company" pos="SUBST">companies</w><c c5="PUN">.</c></s></p><p>
<s n="90"><w c5="PRP" hw="on" pos="PREP">On </w><w c5="NP0" hw="wednesday" pos="SUBST">Wednesday</w><c c5="PUN">, </c><w c5="AT0" hw="the" pos="ART">the </w><w c5="NN1" hw="duke" pos="SUBST">Duke </w><w c5="PRF" hw="of" pos="PREP">of </w><w c5="NP0" hw="kent" pos="SUBST">Kent </w><w c5="VM0" hw="will" pos="VERB">will </w><w c5="VVI" hw="open" pos="VERB">open </w><w c5="AT0" hw="a" pos="ART">a </w><w c5="AJ0" hw="major" pos="ADJ">major </w><w c5="AJ0" hw="new" pos="ADJ">new </w><w c5="NN1" hw="research" pos="SUBST">research </w><w c5="CJC" hw="and" pos="CONJ">and </w><w c5="NN1" hw="development" pos="SUBST">development </w><w c5="NN1" hw="centre" pos="SUBST">centre </w><w c5="PRP" hw="at" pos="PREP">at </w><w c5="NN1" hw="west" pos="SUBST">West </w><w c5="VVG" hw="mall" pos="VERB">Malling </w><w c5="PRP" hw="in" pos="PREP">in </w><w c5="NP0" hw="kent" pos="SUBST">Kent</w><c c5="PUN">, </c><w c5="DTQ" hw="which" pos="PRON">which </w><w c5="VM0" hw="will" pos="VERB">will </w><w c5="VVI" hw="host" pos="VERB">host </w><w c5="NN1" hw="research" pos="SUBST">research </w><w c5="PRP" hw="into" pos="PREP">into </w><w c5="NN2" hw="biotherapeutic" pos="SUBST">biotherapeutics</w><c c5="PUN">, </c><w c5="NN1" hw="diagnostics" pos="SUBST">diagnostics </w><w c5="CJC" hw="and" pos="CONJ">and </w><w c5="AJ0" hw="fine" pos="ADJ">fine </w><w c5="NN2" hw="chemical" pos="SUBST">chemicals</w><c c5="PUN">.</c></s></p></div></wtext></bncDoc>
