<bncDoc xml:id="AHW"><teiHeader><fileDesc><titleStmt><title>  Daily Telegraph, electronic edition of 1992-04-06: News and features. Sample containing about 796 words from a periodical (domain: social science) </title><respStmt><resp> Data capture and transcription </resp><name> Oxford University Press </name> </respStmt></titleStmt><editionStmt><edition>BNC XML Edition, December 2006</edition></editionStmt><extent> 796 tokens; 797 w-units; 46 s-units </extent><publicationStmt><distributor>Distributed under licence by Oxford University Computing Services on behalf of the BNC Consortium.</distributor><availability> This material is protected by international copyright laws and may not be copied or redistributed in any way. Consult the BNC Web Site at http://www.natcorp.ox.ac.uk for full licencing and distribution conditions.</availability><idno type="bnc">AHW</idno><idno type="old"> DcSoci </idno></publicationStmt><sourceDesc><bibl><title>Daily Telegraph, electronic edition of 1992-04-06: News and features.</title> <imprint n="DAILYT1"><publisher>The Daily Telegraph plc</publisher> <pubPlace>London</pubPlace> <date value="1992">1992</date> </imprint> </bibl></sourceDesc></fileDesc><encodingDesc><tagsDecl><namespace name=""><tagUsage gi="c" occurs="116"/><tagUsage gi="div" occurs="4"/><tagUsage gi="head" occurs="6"/><tagUsage gi="mw" occurs="6"/><tagUsage gi="p" occurs="26"/><tagUsage gi="s" occurs="46"/><tagUsage gi="w" occurs="797"/></namespace></tagsDecl></encodingDesc><profileDesc><creation date="1992"> </creation><textClass><catRef targets="WRI ALLTIM3 ALLAVA2 ALLTYP3 WRIAAG0 WRIAD0 WRIASE3 WRIATY2 WRIAUD3 WRIDOM4 WRILEV2 WRIMED2 WRIPP5 WRISAM0 WRISTA3 WRITAS3"/><classCode scheme="DLEE">W newsp brdsht nat: social</classCode><keywords><term> (none) </term></keywords></textClass></profileDesc><revisionDesc><change date="2006-10-21" who="#OUCS">Tag usage updated for BNC-XML</change><change date="2000-12-13" who="#OUCS">Last check for BNC World first release</change><change date="2000-09-06" who="#OUCS">Redo tagusage tables</change><change date="2000-09-01" who="#OUCS">Check all tagcounts</change><change date="2000-06-23" who="#OUCS">Resequenced s-units and added headers</change><change date="2000-01-21" who="#OUCS">Added date info</change><change date="2000-01-09" who="#OUCS">Updated all catrefs</change><change date="2000-01-08" who="#OUCS">Updated source title</change><change date="2000-01-08" who="#OUCS">Updated titles</change><change date="1999-12-25" who="#OUCS">corrected tagUsage</change><change date="1999-09-13" who="#UCREL">POS codes revised for BNC-2; header updated</change><change date="1994-11-24" who="#dominic">Initial accession to corpus</change></revisionDesc></teiHeader>
<wtext type="NEWS"><div level="1"><head type="MAIN">
<s n="1"><w c5="AJ0" hw="social" pos="ADJ">Social </w><w c5="NN1" hw="fund" pos="SUBST">fund </w><w c5="VVZ" hw="fail" pos="VERB">fails </w><w c5="AT0" hw="the" pos="ART">the </w><w c5="AJ0" hw="poor" pos="ADJ">poor</w><c c5="PUN">, </c><w c5="VVZ-NN2" hw="claim" pos="VERB">claims </w><w c5="NN1-VVB" hw="study" pos="SUBST">study</w></s></head><head type="BYLINE">
<s n="2"><w c5="PRP" hw="by" pos="PREP">By </w><w c5="DPS" hw="we" pos="PRON">Our </w><w c5="NN1" hw="health" pos="SUBST">Health </w><w c5="NN2" hw="service" pos="SUBST">Services </w><w c5="NN0" hw="staff" pos="SUBST">Staff</w></s></head><p>
<s n="3"><w c5="AT0" hw="the" pos="ART">THE </w><w c5="AJ0" hw="social" pos="ADJ">Social </w><w c5="NN1" hw="fund" pos="SUBST">Fund </w><c c5="PUN">— </c><w c5="DTQ" hw="which" pos="PRON">which </w><w c5="VBD" hw="be" pos="VERB">was </w><w c5="VVN" hw="intend" pos="VERB">intended </w><w c5="TO0" hw="to" pos="PREP">to </w><w c5="VVI" hw="target" pos="VERB">target </w><w c5="AJ0" hw="social" pos="ADJ">social </w><w c5="NN1" hw="security" pos="SUBST">security </w><w c5="PRP" hw="on" pos="PREP">on </w><w c5="AT0" hw="the" pos="ART">the </w><w c5="AJS" hw="poor" pos="ADJ">poorest </w><c c5="PUN">— </c><w c5="VHZ" hw="have" pos="VERB">has </w><w c5="VVN" hw="fail" pos="VERB">failed</w><c c5="PUN">, </c><mw c5="PRP"><w c5="VVG" hw="accord" pos="VERB">according </w><w c5="PRP" hw="to" pos="PREP">to </w></mw><w c5="AT0" hw="a" pos="ART">a </w><w c5="NN1" hw="report" pos="SUBST">report </w><w c5="VVN" hw="publish" pos="VERB">published </w><w c5="AV0" hw="today" pos="ADV">today</w><c c5="PUN">.</c></s></p><p>
<s n="4"><w c5="AT0" hw="the" pos="ART">The </w><w c5="NN1" hw="child" pos="SUBST">Child </w><w c5="NN1" hw="poverty" pos="SUBST">Poverty </w><w c5="NN1" hw="action" pos="SUBST">Action </w><w c5="NN1" hw="group" pos="SUBST">Group </w><w c5="VVZ" hw="say" pos="VERB">says </w><w c5="NN2" hw="child" pos="SUBST">children </w><w c5="VBB" hw="be" pos="VERB">are </w><w c5="VVN" hw="force" pos="VERB">forced </w><w c5="TO0" hw="to" pos="PREP">to </w><w c5="VVI" hw="share" pos="VERB">share </w><w c5="NN2" hw="bed" pos="SUBST">beds </w><w c5="PRP" hw="in" pos="PREP">in </w><w c5="NN2" hw="household" pos="SUBST">households </w><w c5="VVN-VVD" hw="deprive" pos="VERB">deprived </w><w c5="PRF" hw="of" pos="PREP">of </w><w c5="NN2" hw="basic" pos="SUBST">basics </w><mw c5="PRP"><w c5="DT0" hw="such" pos="ADJ">such </w><w c5="PRP" hw="as" pos="PREP">as </w></mw><w c5="NN2" hw="wardrobe" pos="SUBST">wardrobes </w><w c5="CJC" hw="and" pos="CONJ">and </w><w c5="NN2" hw="carpet" pos="SUBST">carpets</w><c c5="PUN">.</c></s></p><p>
<s n="5"><w c5="DPS" hw="it" pos="PRON">Its </w><w c5="NN1" hw="report" pos="SUBST">report</w><c c5="PUN">, </c><w c5="VVN" hw="base" pos="VERB">based </w><w c5="PRP" hw="on" pos="PREP">on </w><w c5="NN2" hw="interview" pos="SUBST">interviews </w><w c5="PRP" hw="with" pos="PREP">with </w><w c5="CRD" hw="140" pos="ADJ">140 </w><w c5="NN1" hw="income" pos="SUBST">income </w><w c5="NN1" hw="support" pos="SUBST">support </w><w c5="NN2" hw="claimant" pos="SUBST">claimants </w><w c5="PRP" hw="by" pos="PREP">by </w><w c5="NP0" hw="bradford" pos="SUBST">Bradford </w><w c5="NN1" hw="university" pos="SUBST">University </w><w c5="NN2" hw="researcher" pos="SUBST">researchers </w><w c5="CJC" hw="and" pos="CONJ">and </w><w c5="AT0" hw="the" pos="ART">the </w><w c5="NN1" hw="family" pos="SUBST">Family </w><w c5="NN1" hw="service" pos="SUBST">Service </w><w c5="NN1" hw="unit" pos="SUBST">Unit </w><w c5="NN1" hw="charity" pos="SUBST">charity</w><c c5="PUN">, </c><w c5="VVZ" hw="claim" pos="VERB">claims </w><w c5="NN2" hw="mother" pos="SUBST">mothers </w><w c5="AV0" hw="regularly" pos="ADV">regularly </w><w c5="VVB" hw="go" pos="VERB">go </w><w c5="AJ0" hw="short" pos="ADJ">short </w><w c5="PRF" hw="of" pos="PREP">of </w><w c5="NN1" hw="food" pos="SUBST">food </w><w c5="TO0" hw="to" pos="PREP">to </w><w c5="VVI" hw="ensure" pos="VERB">ensure </w><w c5="DPS" hw="they" pos="PRON">their </w><w c5="NN2" hw="child" pos="SUBST">children </w><w c5="VHB" hw="have" pos="VERB">have </w><w c5="AV0" hw="enough" pos="ADV">enough</w><c c5="PUN">, </c><w c5="CJC" hw="and" pos="CONJ">and </w><w c5="CJT" hw="that" pos="CONJ">that </w><w c5="NN2" hw="parent" pos="SUBST">parents </w><w c5="VVB" hw="scrounge" pos="VERB">scrounge </w><w c5="NN1-VVG" hw="clothing" pos="SUBST">clothing </w><w c5="PRP" hw="from" pos="PREP">from </w><w c5="NN2" hw="relative" pos="SUBST">relatives </w><w c5="CJC" hw="or" pos="CONJ">or </w><w c5="VVB-NN1" hw="turn" pos="VERB">turn </w><w c5="PRP" hw="to" pos="PREP">to </w><w c5="NN1" hw="charity" pos="SUBST">charity </w><w c5="CJC" hw="or" pos="CONJ">or </w><w c5="NN1" hw="loan" pos="SUBST">loan </w><w c5="NN2" hw="shark" pos="SUBST">sharks</w><c c5="PUN">.</c></s></p><p>
<s n="6"><w c5="AV0" hw="nearly" pos="ADV">Nearly </w><w c5="DT0" hw="all" pos="ADJ">all </w><w c5="NN2" hw="interviewee" pos="SUBST">interviewees </w><w c5="VVD" hw="claim" pos="VERB">claimed </w><w c5="PNP" hw="they" pos="PRON">they </w><w c5="VHD" hw="have" pos="VERB">had </w><w c5="VBN" hw="be" pos="VERB">been </w><w c5="VVN" hw="force" pos="VERB">forced </w><w c5="TO0" hw="to" pos="PREP">to </w><w c5="VVI" hw="cut" pos="VERB">cut </w><w c5="AVP" hw="down" pos="ADV">down </w><w c5="PRP" hw="on" pos="PREP">on </w><w c5="NN1" hw="food" pos="SUBST">food </w><w c5="CJC" hw="and" pos="CONJ">and </w><w c5="NN1" hw="fuel" pos="SUBST">fuel </w><w c5="CJC" hw="and" pos="CONJ">and </w><w c5="DT0" hw="many" pos="ADJ">many </w><w c5="AJ0-VVD" hw="reported" pos="ADJ">reported </w><w c5="AJ0" hw="ill" pos="ADJ">ill </w><w c5="NN1" hw="health" pos="SUBST">health</w><c c5="PUN">.</c></s></p><p>
<s n="7"><w c5="NP0" hw="miss" pos="SUBST">Miss </w><w c5="NP0" hw="fran" pos="SUBST">Fran </w><w c5="NP0" hw="bennett" pos="SUBST">Bennett</w><c c5="PUN">, </c><w c5="AT0" hw="the" pos="ART">the </w><w c5="NN1" hw="group" pos="SUBST">group</w><w c5="POS" hw="'s" pos="UNC">'s </w><w c5="NN1" hw="director" pos="SUBST">director</w><c c5="PUN">, </c><w c5="VVD" hw="say" pos="VERB">said </w><w c5="AT0" hw="the" pos="ART">the </w><w c5="NN1" hw="report" pos="SUBST">report </w><w c5="VVD" hw="show" pos="VERB">showed </w><w c5="AT0" hw="the" pos="ART">the </w><c c5="PUQ">‘</c><w c5="NN1" hw="scale" pos="SUBST">scale </w><w c5="PRF" hw="of" pos="PREP">of </w><w c5="NN1" hw="deprivation" pos="SUBST">deprivation </w><w c5="PRP" hw="among" pos="PREP">among </w><w c5="NN2" hw="claimant" pos="SUBST">claimants</w><c c5="PUQ">’ </c><w c5="CJC" hw="and" pos="CONJ">and </w><w c5="VVD" hw="challenge" pos="VERB">challenged </w><w c5="AT0" hw="the" pos="ART">the </w><w c5="AJ0" hw="main" pos="ADJ">main </w><w c5="AJ0" hw="political" pos="ADJ">political </w><w c5="NN2" hw="party" pos="SUBST">parties </w><w c5="TO0" hw="to" pos="PREP">to </w><w c5="VVI" hw="put" pos="VERB">put </w><w c5="VVG-NN1" hw="tackle" pos="VERB">tackling </w><w c5="NN1" hw="poverty" pos="SUBST">poverty </w><w c5="PRP" hw="at" pos="PREP">at </w><w c5="AT0" hw="the" pos="ART">the </w><w c5="NN1" hw="top" pos="SUBST">top </w><w c5="PRF" hw="of" pos="PREP">of </w><w c5="DPS" hw="they" pos="PRON">their </w><w c5="NN2" hw="agenda" pos="SUBST">agendas</w><c c5="PUN">.</c></s></p><p>
<s n="8"><w c5="AV0" hw="about" pos="ADV">About </w><w c5="CRD" hw="245,000" pos="ADJ">245,000 </w><w c5="NN0" hw="people" pos="SUBST">people </w><w c5="VVB" hw="receive" pos="VERB">receive </w><w c5="NN1" hw="community" pos="SUBST">community </w><w c5="NN1" hw="care" pos="SUBST">care </w><w c5="VVZ-NN2" hw="grant" pos="VERB">grants </w><w c5="PRP" hw="through" pos="PREP">through </w><w c5="AT0" hw="the" pos="ART">the </w><w c5="AJ0" hw="social" pos="ADJ">social </w><w c5="NN1" hw="fund" pos="SUBST">fund </w><w c5="CJC" hw="and" pos="CONJ">and </w><w c5="CRD" hw="one" pos="ADJ">one </w><w c5="CRD" hw="million" pos="ADJ">million </w><w c5="VVB" hw="get" pos="VERB">get </w><w c5="NN1" hw="crisis" pos="SUBST">crisis </w><w c5="NN2" hw="loan" pos="SUBST">loans</w><c c5="PUN">.</c></s></p><p>
<s n="9"><w c5="AT0" hw="the" pos="ART">The </w><w c5="AJ0" hw="average" pos="ADJ">average </w><w c5="AJ0" hw="social" pos="ADJ">social </w><w c5="NN1" hw="fund" pos="SUBST">fund </w><w c5="NN1-VVB" hw="grant" pos="SUBST">grant </w><w c5="PRP" hw="for" pos="PREP">for </w><w c5="NN1" hw="furniture" pos="SUBST">furniture </w><w c5="PRP" hw="in" pos="PREP">in </w><w c5="CRD" hw="1990–1" pos="UNC">1990–1 </w><w c5="VBD" hw="be" pos="VERB">was </w><w c5="NN0" hw="£377" pos="UNC">£377</w><c c5="PUN">, </c><w c5="VVG" hw="exclude" pos="VERB">excluding </w><w c5="NN2" hw="grant" pos="SUBST">grants </w><w c5="PRP" hw="for" pos="PREP">for </w><w c5="VVG-NN1" hw="wash" pos="VERB">washing </w><w c5="NN2" hw="machine" pos="SUBST">machines</w><c c5="PUN">.</c></s></p></div><div level="1"><head type="MAIN">
<s n="10"><w c5="NN1-VVB" hw="cash" pos="SUBST">Cash </w><w c5="NN2-VVZ" hw="dispute" pos="SUBST">disputes </w><w c5="VVB-NN1" hw="halt" pos="VERB">halt </w><w c5="NN2" hw="bed" pos="SUBST">beds </w><w c5="PRP" hw="for" pos="PREP">for </w><w c5="AV0" hw="mentally" pos="ADV">mentally </w><w c5="AJ0" hw="ill" pos="ADJ">ill</w></s></head><head type="BYLINE">
<s n="11"><w c5="PRP" hw="by" pos="PREP">By </w><w c5="NP0" hw="peter" pos="SUBST">Peter </w><w c5="NP0" hw="pallot" pos="SUBST">Pallot</w><c c5="PUN">, </c><w c5="NN1" hw="health" pos="SUBST">Health </w><w c5="NN2" hw="service" pos="SUBST">Services </w><w c5="NN0" hw="staff" pos="SUBST">Staff</w></s></head><p>
<s n="12"><w c5="AT0" hw="a" pos="ART">A </w><w c5="NN1" hw="scheme" pos="SUBST">SCHEME </w><w c5="PRP" hw="by" pos="PREP">by </w><w c5="AT0" hw="the" pos="ART">the </w><w c5="NN1" hw="department" pos="SUBST">Department </w><w c5="PRF" hw="of" pos="PREP">of </w><w c5="NN1" hw="health" pos="SUBST">Health </w><w c5="TO0" hw="to" pos="PREP">to </w><w c5="VVI" hw="provide" pos="VERB">provide </w><w c5="NN2" hw="bed" pos="SUBST">beds </w><w c5="PRP" hw="for" pos="PREP">for </w><w c5="AV0" hw="mentally" pos="ADV">mentally </w><w c5="AJ0" hw="ill" pos="ADJ">ill </w><w c5="NN0" hw="people" pos="SUBST">people </w><w c5="VVG-AJ0" hw="live" pos="VERB">living </w><w c5="AJ0-NN1" hw="rough" pos="ADJ">rough </w><w c5="VHZ" hw="have" pos="VERB">has </w><w c5="VVN" hw="fail" pos="VERB">failed </w><w c5="TO0" hw="to" pos="PREP">to </w><w c5="VVI" hw="help" pos="VERB">help </w><w c5="AT0" hw="a" pos="ART">a </w><w c5="AJ0" hw="single" pos="ADJ">single </w><w c5="NN1" hw="person" pos="SUBST">person</w><c c5="PUN">, </c><w c5="AT0" hw="a" pos="ART">a </w><w c5="NN1" hw="group" pos="SUBST">group </w><w c5="PRF" hw="of" pos="PREP">of </w><w c5="AJ0-VVG" hw="leading" pos="ADJ">leading </w><w c5="NN2" hw="charity" pos="SUBST">charities </w><w c5="VVZ" hw="say" pos="VERB">says </w><w c5="AV0" hw="today" pos="ADV">today</w><c c5="PUN">.</c></s></p><p>
<s n="13"><w c5="NN2-VVZ" hw="wrangle" pos="SUBST">Wrangles </w><w c5="PRP-AVP" hw="over" pos="PREP">over </w><w c5="NN1-VVG" hw="funding" pos="SUBST">funding </w><w c5="PRP" hw="between" pos="PREP">between </w><w c5="AT0" hw="the" pos="ART">the </w><w c5="NN1" hw="department" pos="SUBST">department </w><w c5="CJC" hw="and" pos="CONJ">and </w><w c5="AJ0" hw="local" pos="ADJ">local </w><w c5="NN2" hw="authority" pos="SUBST">authorities </w><w c5="VHB" hw="have" pos="VERB">have </w><w c5="VVN" hw="block" pos="VERB">blocked </w><w c5="AT0" hw="the" pos="ART">the </w><w c5="NN1" hw="scheme" pos="SUBST">scheme</w><c c5="PUN">, </c><w c5="VVZ" hw="claim" pos="VERB">claims </w><w c5="AT0" hw="the" pos="ART">the </w><w c5="NN1" hw="group" pos="SUBST">group</w><c c5="PUN">.</c></s></p><p>
<s n="14"><w c5="AT0" hw="the" pos="ART">The </w><w c5="NN1" hw="dispute" pos="SUBST">dispute </w><w c5="PRP-AVP" hw="over" pos="PREP">over </w><w c5="PNQ" hw="who" pos="PRON">who </w><w c5="VM0" hw="should" pos="VERB">should </w><w c5="VVI" hw="pay" pos="VERB">pay </w><w c5="PRP" hw="for" pos="PREP">for </w><w c5="NN1" hw="running" pos="SUBST">running </w><w c5="NN2" hw="cost" pos="SUBST">costs </w><w c5="VHZ" hw="have" pos="VERB">has </w><w c5="VVN" hw="mean" pos="VERB">meant </w><w c5="CJT" hw="that" pos="CONJ">that </w><w c5="XX0" hw="not" pos="ADV">not </w><w c5="CRD" hw="one" pos="ADJ">one </w><w c5="PRF" hw="of" pos="PREP">of </w><w c5="AT0" hw="the" pos="ART">the </w><w c5="CRD" hw="750" pos="ADJ">750 </w><w c5="AJ0" hw="long-term" pos="ADJ">long-term </w><w c5="NN2" hw="unit" pos="SUBST">units </w><w c5="VVN-VVD" hw="plan" pos="VERB">planned </w><w c5="PRP" hw="in" pos="PREP">in </w><w c5="NP0" hw="london" pos="SUBST">London </w><w c5="VHZ" hw="have" pos="VERB">has </w><w c5="VBN" hw="be" pos="VERB">been </w><w c5="VVN" hw="build" pos="VERB">built</w><c c5="PUN">.</c></s></p><p>
<s n="15"><w c5="ORD" hw="last" pos="ADJ">Last </w><w c5="NN1" hw="night" pos="SUBST">night </w><w c5="AT0" hw="a" pos="ART">a </w><w c5="NN1" hw="department" pos="SUBST">department </w><w c5="NN1" hw="spokesman" pos="SUBST">spokesman </w><w c5="VVD" hw="say" pos="VERB">said </w><w c5="AT0" hw="the" pos="ART">the </w><w c5="NN2" hw="charity" pos="SUBST">charities </w><c c5="PUQ">‘</c><w c5="VVD" hw="appear" pos="VERB">appeared </w><w c5="TO0" hw="to" pos="PREP">to </w><w c5="VBI" hw="be" pos="VERB">be </w><w c5="AV0-AJ0" hw="right" pos="ADV">right</w><c c5="PUQ">’ </c><w c5="PRP" hw="in" pos="PREP">in </w><w c5="DPS" hw="they" pos="PRON">their </w><w c5="NN2" hw="claim" pos="SUBST">claims </w><w c5="CJS" hw="although" pos="CONJ">although </w><w c5="DT0" hw="some" pos="ADJ">some </w><w c5="AJ0" hw="other" pos="ADJ">other </w><w c5="NN2" hw="bed" pos="SUBST">beds </w><w c5="VHD" hw="have" pos="VERB">had </w><w c5="VBN" hw="be" pos="VERB">been </w><w c5="AV0" hw="temporarily" pos="ADV">temporarily </w><w c5="VVN" hw="provide" pos="VERB">provided</w><c c5="PUN">.</c></s>
<s n="16"><w c5="PNP" hw="he" pos="PRON">He </w><w c5="VVD" hw="confirm" pos="VERB">confirmed </w><w c5="CJT" hw="that" pos="CONJ">that </w><w c5="CRD" hw="150" pos="ADJ">150 </w><w c5="NN2" hw="bed" pos="SUBST">beds </w><w c5="VM0" hw="should" pos="VERB">should </w><w c5="VHI" hw="have" pos="VERB">have </w><w c5="VBN" hw="be" pos="VERB">been </w><w c5="VVN" hw="open" pos="VERB">opened </w><w c5="PRP" hw="by" pos="PREP">by </w><w c5="AT0" hw="the" pos="ART">the </w><w c5="NN1" hw="end" pos="SUBST">end </w><w c5="PRF" hw="of" pos="PREP">of </w><w c5="NP0" hw="march" pos="SUBST">March</w><c c5="PUN">.</c></s>
<s n="17"><w c5="DT0" hw="this" pos="ADJ">This </w><w c5="VBD" hw="be" pos="VERB">was </w><w c5="VVN" hw="expect" pos="VERB">expected </w><w c5="TO0" hw="to" pos="PREP">to </w><w c5="VVI" hw="rise" pos="VERB">rise </w><w c5="PRP" hw="to" pos="PREP">to </w><w c5="CRD" hw="450" pos="ADJ">450 </w><w c5="PRP" hw="by" pos="PREP">by </w><w c5="NP0" hw="march" pos="SUBST">March</w><c c5="PUN">, </c><w c5="CRD" hw="1993" pos="ADJ">1993</w><c c5="PUN">, </c><w c5="PRP" hw="under" pos="PREP">under </w><w c5="AT0" hw="a" pos="ART">a </w><w c5="NN1" hw="package" pos="SUBST">package </w><w c5="VVD" hw="unveil" pos="VERB">unveiled </w><w c5="CRD" hw="two" pos="ADJ">two </w><w c5="NN2" hw="year" pos="SUBST">years </w><w c5="AV0" hw="ago" pos="ADV">ago</w><c c5="PUN">.</c></s></p><p>
<s n="18"><w c5="PRP" hw="in" pos="PREP">In </w><w c5="NP0" hw="january" pos="SUBST">January</w><c c5="PUN">, </c><w c5="NP0" hw="mr" pos="SUBST">Mr </w><w c5="NP0" hw="waldegrave" pos="SUBST">Waldegrave</w><c c5="PUN">, </c><w c5="NN1" hw="health" pos="SUBST">Health </w><w c5="NN1" hw="secretary" pos="SUBST">Secretary</w><c c5="PUN">, </c><w c5="VVD" hw="announce" pos="VERB">announced </w><w c5="AT0" hw="the" pos="ART">the </w><w c5="AJ0" hw="total" pos="ADJ">total </w><w c5="NN1" hw="number" pos="SUBST">number </w><w c5="PRF" hw="of" pos="PREP">of </w><w c5="NN2" hw="home" pos="SUBST">homes </w><w c5="TO0" hw="to" pos="PREP">to </w><w c5="VBI" hw="be" pos="VERB">be </w><w c5="VVN" hw="provide" pos="VERB">provided </w><w c5="VBD" hw="be" pos="VERB">was </w><w c5="VBG" hw="be" pos="VERB">being </w><w c5="VVN" hw="top" pos="VERB">topped </w><mw c5="AV0"><w c5="AVP" hw="up" pos="ADV">up </w><w c5="PRP" hw="to" pos="PREP">to </w></mw><w c5="CRD" hw="750" pos="ADJ">750</w><c c5="PUN">.</c></s></p><p>
<s n="19"><w c5="CJC" hw="but" pos="CONJ">But </w><w c5="AT0" hw="the" pos="ART">the </w><w c5="NN2" hw="charity" pos="SUBST">charities </w><w c5="VVB" hw="say" pos="VERB">say </w><w c5="NN2" hw="plan" pos="SUBST">plans </w><w c5="VHB" hw="have" pos="VERB">have </w><w c5="XX0" hw="not" pos="ADV">not </w><w c5="AV0" hw="even" pos="ADV">even </w><w c5="VBN" hw="be" pos="VERB">been </w><w c5="VVN" hw="draw" pos="VERB">drawn </w><w c5="AVP" hw="up" pos="ADV">up </w><w c5="TO0" hw="to" pos="PREP">to </w><w c5="VVI" hw="develop" pos="VERB">develop </w><w c5="AT0" hw="the" pos="ART">the </w><w c5="NN2" hw="home" pos="SUBST">homes </w><w c5="CJC" hw="and" pos="CONJ">and </w><w c5="DT0" hw="that" pos="ADJ">that </w><w c5="NN1" hw="housing" pos="SUBST">housing </w><w c5="NN2" hw="association" pos="SUBST">associations </w><w c5="VHB" hw="have" pos="VERB">have </w><w c5="VVN" hw="refuse" pos="VERB">refused </w><w c5="TO0" hw="to" pos="PREP">to </w><w c5="VVI" hw="start" pos="VERB">start </w><w c5="NN1-VVB" hw="work" pos="SUBST">work </w><w c5="PRP" hw="on" pos="PREP">on </w><w c5="NN2" hw="project" pos="SUBST">projects </w><w c5="CJS" hw="until" pos="CONJ">until </w><w c5="PNP" hw="they" pos="PRON">they </w><w c5="VBB" hw="be" pos="VERB">are </w><w c5="VVN-AJ0" hw="promise" pos="VERB">promised </w><w c5="NN1" hw="funding" pos="SUBST">funding </w><w c5="PRP" hw="for" pos="PREP">for </w><w c5="NN1" hw="running" pos="SUBST">running </w><w c5="NN2" hw="cost" pos="SUBST">costs</w><c c5="PUN">.</c></s></p><p>
<s n="20"><w c5="PNP" hw="they" pos="PRON">They </w><w c5="VVB" hw="want" pos="VERB">want </w><w c5="AT0" hw="the" pos="ART">the </w><w c5="NN1" hw="department" pos="SUBST">department </w><w c5="TO0" hw="to" pos="PREP">to </w><w c5="VVI" hw="pay" pos="VERB">pay </w><w c5="PRP" hw="for" pos="PREP">for </w><w c5="AT0" hw="the" pos="ART">the </w><w c5="NN1" hw="management" pos="SUBST">management </w><w c5="CJC" hw="and" pos="CONJ">and </w><w c5="NN1-VVB" hw="care" pos="SUBST">care </w><w c5="VVZ" hw="cost" pos="VERB">costs </w><w c5="AJ0" hw="involved" pos="ADJ">involved </w><w c5="PRP" hw="in" pos="PREP">in </w><w c5="VVG" hw="run" pos="VERB">running </w><w c5="AT0" hw="the" pos="ART">the </w><w c5="NN2" hw="home" pos="SUBST">homes</w><c c5="PUN">.</c></s></p><p>
<s n="21"><w c5="CJC" hw="but" pos="CONJ">But </w><w c5="AT0" hw="the" pos="ART">the </w><w c5="NN1" hw="department" pos="SUBST">department </w><w c5="NN1" hw="spokesman" pos="SUBST">spokesman </w><w c5="VVD" hw="say" pos="VERB">said </w><w c5="AT0" hw="the" pos="ART">the </w><w c5="NN1" hw="money" pos="SUBST">money </w><w c5="VM0" hw="should" pos="VERB">should </w><w c5="VVI" hw="come" pos="VERB">come </w><w c5="PRP" hw="from" pos="PREP">from </w><w c5="AT0" hw="a" pos="ART">a </w><w c5="NN1" hw="community" pos="SUBST">community </w><w c5="NN1" hw="care" pos="SUBST">care </w><w c5="NN1-VVB" hw="grant" pos="SUBST">grant </w><w c5="PRP" hw="to" pos="PREP">to </w><w c5="AJ0" hw="local" pos="ADJ">local </w><w c5="NN2" hw="authority" pos="SUBST">authorities </w><w c5="PRP" hw="for" pos="PREP">for </w><w c5="AT0" hw="the" pos="ART">the </w><w c5="AV0" hw="mentally" pos="ADV">mentally </w><w c5="AJ0" hw="ill" pos="ADJ">ill</w><c c5="PUN">.</c></s></p><p>
<s n="22"><w c5="AT0" hw="the" pos="ART">The </w><w c5="NN2" hw="charity" pos="SUBST">charities </w><c c5="PUN">— </c><w c5="PRP" hw="including" pos="PREP">including </w><w c5="NN1" hw="shelter" pos="SUBST">Shelter</w><c c5="PUN">, </c><w c5="VVB-NN1" hw="mind" pos="VERB">Mind</w><c c5="PUN">, </c><w c5="NN1" hw="crisis" pos="SUBST">Crisis </w><w c5="CJC" hw="and" pos="CONJ">and </w><w c5="VVG-NN1" hw="house" pos="VERB">housing </w><w c5="NN2" hw="association" pos="SUBST">associations </w><c c5="PUN">— </c><w c5="VVB" hw="claim" pos="VERB">claim </w><w c5="AT0" hw="the" pos="ART">the </w><w c5="NN1" hw="government" pos="SUBST">Government </w><w c5="VHZ" hw="have" pos="VERB">has </w><w c5="AV0" hw="never" pos="ADV">never </w><w c5="VVN" hw="specify" pos="VERB">specified </w><w c5="AVQ" hw="where" pos="ADV">where </w><w c5="AT0" hw="the" pos="ART">the </w><w c5="NN1" hw="money" pos="SUBST">money </w><w c5="VM0" hw="will" pos="VERB">will </w><w c5="VVI" hw="come" pos="VERB">come </w><w c5="PRP" hw="from" pos="PREP">from</w><c c5="PUN">.</c></s></p><p>
<s n="23"><w c5="PNP" hw="they" pos="PRON">They </w><w c5="VVD" hw="give" pos="VERB">gave </w><w c5="AT0" hw="a" pos="ART">a </w><w c5="NN1" hw="warning" pos="SUBST">warning </w><w c5="CJT" hw="that" pos="CONJ">that </w><w c5="DT0" hw="most" pos="ADJ">most </w><w c5="PRF" hw="of" pos="PREP">of </w><w c5="AT0" hw="the" pos="ART">the </w><w c5="CRD" hw="1,100" pos="ADJ">1,100 </w><w c5="AJ0" hw="homeless" pos="ADJ">homeless </w><w c5="NN0" hw="people" pos="SUBST">people </w><w c5="PRP" hw="in" pos="PREP">in </w><w c5="NP0" hw="london" pos="SUBST">London </w><w c5="VVG" hw="need" pos="VERB">needing </w><w c5="AJ0" hw="psychiatric" pos="ADJ">psychiatric </w><w c5="NN1" hw="care" pos="SUBST">care </w><w c5="VM0" hw="would" pos="VERB">would </w><w c5="VVI" hw="continue" pos="VERB">continue </w><w c5="TO0" hw="to" pos="PREP">to </w><w c5="VVI" hw="live" pos="VERB">live </w><w c5="PRP-AVP" hw="in" pos="PREP">in </w><c c5="PUQ">‘</c><w c5="AJ0-NN1" hw="cardboard" pos="ADJ">cardboard </w><w c5="NN2" hw="city" pos="SUBST">cities</w><c c5="PUQ">’ </c><w c5="CJS" hw="unless" pos="CONJ">unless </w><w c5="NN1" hw="agreement" pos="SUBST">agreement </w><w c5="PRP" hw="on" pos="PREP">on </w><w c5="NN1" hw="funding" pos="SUBST">funding </w><w c5="VBD" hw="be" pos="VERB">was </w><w c5="VVN" hw="reach" pos="VERB">reached</w><c c5="PUN">.</c></s></p><p>
<s n="24"><w c5="NP0" hw="ms" pos="SUBST">Ms </w><w c5="NP0" hw="sheila" pos="SUBST">Sheila </w><w c5="NP0" hw="mckechnie" pos="SUBST">McKechnie</w><c c5="PUN">, </c><w c5="NN1" hw="director" pos="SUBST">director </w><w c5="PRF" hw="of" pos="PREP">of </w><w c5="NN1" hw="shelter" pos="SUBST">Shelter</w><c c5="PUN">, </c><w c5="VVD" hw="say" pos="VERB">said</w><c c5="PUN">: </c><c c5="PUQ">‘</c><w c5="PNP" hw="it" pos="PRON">It </w><w c5="VBZ" hw="be" pos="VERB">is </w><w c5="AJ0" hw="scandalous" pos="ADJ">scandalous </w><w c5="CJT" hw="that" pos="CONJ">that </w><w c5="AV0" hw="almost" pos="ADV">almost </w><w c5="CRD" hw="two" pos="ADJ">two </w><w c5="NN2" hw="year" pos="SUBST">years </w><w c5="CJS" hw="after" pos="CONJ">after </w><w c5="AT0" hw="the" pos="ART">the </w><w c5="NN1" hw="initiative" pos="SUBST">initiative </w><w c5="VBD" hw="be" pos="VERB">was </w><w c5="VVN" hw="announce" pos="VERB">announced</w><c c5="PUN">, </c><w c5="XX0" hw="not" pos="ADV">not </w><w c5="CRD" hw="one" pos="ADJ">one </w><w c5="NN1" hw="unit" pos="SUBST">unit </w><w c5="VHZ" hw="have" pos="VERB">has </w><w c5="AV0" hw="even" pos="ADV">even </w><w c5="VVN" hw="get" pos="VERB">got </w><w c5="AT0" hw="the" pos="ART">the </w><w c5="NN1-AJ0" hw="go-ahead" pos="SUBST">go-ahead </w><w c5="PRP" hw="for" pos="PREP">for </w><w c5="NN1" hw="development" pos="SUBST">development</w><c c5="PUN">.</c><c c5="PUQ">’</c></s></p><p>
<s n="25"><w c5="AT0" hw="a" pos="ART">A </w><w c5="NN1" hw="spokesman" pos="SUBST">spokesman </w><w c5="PRP" hw="for" pos="PREP">for </w><w c5="AT0" hw="the" pos="ART">the </w><w c5="NN1" hw="housing" pos="SUBST">Housing </w><w c5="NN1" hw="corporation" pos="SUBST">Corporation</w><c c5="PUN">, </c><w c5="DTQ" hw="which" pos="PRON">which </w><w c5="VVZ" hw="regulate" pos="VERB">regulates </w><w c5="VVG-NN1" hw="house" pos="VERB">housing </w><w c5="NN2" hw="association" pos="SUBST">associations</w><c c5="PUN">, </c><w c5="VVD" hw="say" pos="VERB">said </w><w c5="PNP" hw="they" pos="PRON">they </w><w c5="VBD" hw="be" pos="VERB">were </w><w c5="VVG" hw="refuse" pos="VERB">refusing </w><w c5="TO0" hw="to" pos="PREP">to </w><w c5="VVI" hw="go" pos="VERB">go </w><w c5="AV0" hw="ahead" pos="ADV">ahead </w><w c5="PRP" hw="with" pos="PREP">with </w><w c5="AT0" hw="the" pos="ART">the </w><w c5="NN1" hw="scheme" pos="SUBST">scheme </w><w c5="PRP" hw="without" pos="PREP">without </w><w c5="NN1" hw="funding" pos="SUBST">funding </w><w c5="PRP" hw="for" pos="PREP">for </w><w c5="NN1" hw="running" pos="SUBST">running </w><w c5="NN2" hw="cost" pos="SUBST">costs</w><c c5="PUN">.</c></s></p><p>
<s n="26"><w c5="AT0" hw="the" pos="ART">The </w><w c5="NN1" hw="corporation" pos="SUBST">corporation </w><w c5="VBZ" hw="be" pos="VERB">is </w><w c5="VVN" hw="understand" pos="VERB">understood </w><w c5="TO0" hw="to" pos="PREP">to </w><w c5="VHI" hw="have" pos="VERB">have </w><w c5="VVN" hw="appeal" pos="VERB">appealed </w><w c5="PRP" hw="to" pos="PREP">to </w><w c5="AT0" hw="the" pos="ART">the </w><w c5="NN1" hw="department" pos="SUBST">Department </w><w c5="PRF" hw="of" pos="PREP">of </w><w c5="AT0" hw="the" pos="ART">the </w><w c5="NN1" hw="environment" pos="SUBST">Environment </w><w c5="TO0" hw="to" pos="PREP">to </w><w c5="VVI" hw="intervene" pos="VERB">intervene</w><c c5="PUN">.</c></s></p><p>
<s n="27"><w c5="CJC" hw="but" pos="CONJ">But </w><w c5="AT0" hw="the" pos="ART">the </w><w c5="NN1" hw="department" pos="SUBST">Department </w><w c5="PRF" hw="of" pos="PREP">of </w><w c5="NN1" hw="health" pos="SUBST">Health </w><w c5="NN1" hw="spokesman" pos="SUBST">spokesman </w><w c5="VVD" hw="say" pos="VERB">said </w><w c5="AT0" hw="the" pos="ART">the </w><w c5="NN1" hw="funding" pos="SUBST">funding </w><w c5="NN1" hw="position" pos="SUBST">position </w><w c5="VHD" hw="have" pos="VERB">had </w><w c5="VBN" hw="be" pos="VERB">been </w><w c5="VVN" hw="make" pos="VERB">made </w><w c5="AJ0" hw="clear" pos="ADJ">clear </w><w c5="PRP" hw="from" pos="PREP">from </w><w c5="AT0" hw="the" pos="ART">the </w><w c5="NN1" hw="start" pos="SUBST">start</w><c c5="PUN">.</c></s></p><p>
<s n="28"><c c5="PUQ">‘</c><w c5="PNP" hw="it" pos="PRON">It </w><w c5="VBD" hw="be" pos="VERB">was </w><w c5="VVN" hw="say" pos="VERB">said </w><w c5="PRP" hw="from" pos="PREP">from </w><w c5="AT0" hw="the" pos="ART">the </w><w c5="NN1" hw="outset" pos="SUBST">outset </w><w c5="CJT-DT0" hw="that" pos="CONJ">that </w><w c5="NN1" hw="revenue" pos="SUBST">revenue </w><w c5="NN1" hw="funding" pos="SUBST">funding </w><w c5="VM0" hw="would" pos="VERB">would </w><w c5="VVI" hw="come" pos="VERB">come </w><w c5="PRP" hw="from" pos="PREP">from </w><w c5="AT0" hw="the" pos="ART">the </w><w c5="AJ0" hw="local" pos="ADJ">local </w><w c5="NN2" hw="authority" pos="SUBST">authorities</w><c c5="PUN">,</c><c c5="PUQ">’ </c><w c5="PNP" hw="he" pos="PRON">he </w><w c5="VVD" hw="say" pos="VERB">said</w><c c5="PUN">.</c></s></p><p>
<s n="29"><w c5="NN2" hw="council" pos="SUBST">Councils </w><w c5="VVB" hw="receive" pos="VERB">receive </w><w c5="AT0" hw="a" pos="ART">a </w><w c5="AJ0" hw="special" pos="ADJ">special </w><w c5="NN1" hw="community" pos="SUBST">community </w><w c5="NN1" hw="care" pos="SUBST">care </w><w c5="NN1-VVB" hw="grant" pos="SUBST">grant </w><w c5="PRP" hw="for" pos="PREP">for </w><w c5="AT0" hw="the" pos="ART">the </w><w c5="AV0" hw="mentally" pos="ADV">mentally </w><w c5="AJ0" hw="ill" pos="ADJ">ill</w><c c5="PUN">.</c></s>
<s n="30"><w c5="CJS" hw="when" pos="CONJ">When </w><w c5="AT0" hw="the" pos="ART">the </w><w c5="NN1" hw="government" pos="SUBST">Government </w><w c5="VVN-VVD" hw="postpone" pos="VERB">postponed </w><w c5="AT0" hw="the" pos="ART">the </w><w c5="NN1" hw="introduction" pos="SUBST">introduction </w><w c5="PRF" hw="of" pos="PREP">of </w><w c5="NN1" hw="community" pos="SUBST">community </w><w c5="NN1" hw="care" pos="SUBST">care </w><w c5="PRP" hw="in" pos="PREP">in </w><w c5="DT0" hw="all" pos="ADJ">all </w><w c5="NN2" hw="service" pos="SUBST">services </w><w c5="PRP-CJS" hw="until" pos="PREP">until </w><w c5="CRD" hw="1993" pos="ADJ">1993</w><c c5="PUN">, </c><w c5="PNP" hw="it" pos="PRON">it </w><w c5="VVD" hw="make" pos="VERB">made </w><w c5="AT0" hw="an" pos="ART">an </w><w c5="NN1" hw="exception" pos="SUBST">exception </w><w c5="PRF" hw="of" pos="PREP">of </w><w c5="AT0" hw="the" pos="ART">the </w><w c5="AV0" hw="mentally" pos="ADV">mentally </w><w c5="AJ0" hw="ill" pos="ADJ">ill </w><mw c5="PRP"><w c5="CJS" hw="because" pos="CONJ">because </w><w c5="PRF" hw="of" pos="PREP">of </w></mw><w c5="AT0" hw="the" pos="ART">the </w><w c5="AJ0" hw="pressing" pos="ADJ">pressing </w><w c5="NN1-VVB" hw="need" pos="SUBST">need </w><w c5="TO0" hw="to" pos="PREP">to </w><w c5="VVI" hw="act" pos="VERB">act </w><w c5="AV0" hw="swiftly" pos="ADV">swiftly</w><c c5="PUN">.</c></s></p></div><div level="1"><head type="MAIN">
<s n="31"><w c5="NN1-VVB" hw="fashion" pos="SUBST">Fashion</w><c c5="PUN">: </c><w c5="NN1" hw="child" pos="SUBST">Child </w><w c5="NN1-VVB" hw="care" pos="SUBST">care</w></s></head><p>
<s n="32"><w c5="AT0" hw="the" pos="ART">THE </w><w c5="NN1" hw="foundation" pos="SUBST">Foundation </w><w c5="PRP" hw="for" pos="PREP">for </w><w c5="AT0" hw="the" pos="ART">the </w><w c5="NN1" hw="study" pos="SUBST">Study </w><w c5="PRF" hw="of" pos="PREP">of </w><w c5="NN1" hw="infant" pos="SUBST">Infant </w><w c5="NN2" hw="death" pos="SUBST">Deaths </w><c c5="PUL">(</c><w c5="NP0" hw="fsid" pos="SUBST">FSID</w><c c5="PUR">) </c><w c5="CJC" hw="and" pos="CONJ">and </w><w c5="AV0-AJ0" hw="early" pos="ADV">Early</w><w c5="VBZ" hw="be" pos="VERB">'s </w><w c5="PRF" hw="of" pos="PREP">of </w><w c5="NP0" hw="witney" pos="SUBST">Witney </w><w c5="VHB" hw="have" pos="VERB">have </w><w c5="VVN" hw="produce" pos="VERB">produced </w><w c5="AT0" hw="a" pos="ART">a </w><w c5="NN1" hw="leaflet" pos="SUBST">leaflet </w><w c5="PRP" hw="on" pos="PREP">on </w><w c5="VVG" hw="reduce" pos="VERB">reducing </w><w c5="AT0" hw="the" pos="ART">the </w><w c5="NN1" hw="risk" pos="SUBST">risk </w><w c5="PRF" hw="of" pos="PREP">of </w><w c5="NN1" hw="cot" pos="SUBST">cot </w><w c5="NN1" hw="death" pos="SUBST">death</w><c c5="PUN">.</c></s>
<s n="33"><mw c5="PRP"><w c5="PRP" hw="in" pos="PREP">In </w><w c5="NN1" hw="addition" pos="SUBST">addition </w><w c5="PRP" hw="to" pos="PREP">to </w></mw><w c5="VVG" hw="place" pos="VERB">placing </w><w c5="AT0" hw="the" pos="ART">the </w><w c5="NN1" hw="baby" pos="SUBST">baby </w><w c5="PRP" hw="on" pos="PREP">on </w><w c5="DPS" hw="it" pos="PRON">its </w><w c5="NN1" hw="back" pos="SUBST">back </w><w c5="CJC" hw="or" pos="CONJ">or </w><w c5="NN1-VVB" hw="side" pos="SUBST">side </w><w c5="TO0" hw="to" pos="PREP">to </w><w c5="VVI" hw="sleep" pos="VERB">sleep </w><w c5="PRP-AVP" hw="under" pos="PREP">under </w><w c5="AT0" hw="a" pos="ART">a </w><w c5="NN1" hw="cot" pos="SUBST">cot </w><w c5="NN1" hw="blanket" pos="SUBST">blanket</w><c c5="PUN">, </c><w c5="NN2" hw="parent" pos="SUBST">parents </w><w c5="VBB" hw="be" pos="VERB">are </w><w c5="VVN" hw="advise" pos="VERB">advised </w><w c5="TO0" hw="to" pos="PREP">to </w><w c5="VVI" hw="avoid" pos="VERB">avoid </w><w c5="NN2" hw="duvet" pos="SUBST">duvets </w><w c5="CJC" hw="and" pos="CONJ">and </w><w c5="NN2" hw="sheepskin" pos="SUBST">sheepskins</w><c c5="PUN">.</c></s>
<s n="34"><w c5="VVB" hw="send" pos="VERB">Send </w><w c5="AT0" hw="a" pos="ART">a </w><w c5="AJ0" hw="large" pos="ADJ">large </w><w c5="NN1" hw="sae" pos="SUBST">sae </w><w c5="PRP" hw="to" pos="PREP">to </w><w c5="NP0-NN1" hw="fsid" pos="SUBST">FSID</w><c c5="PUN">, </c><w c5="CRD" hw="35" pos="ADJ">35 </w><w c5="NP0" hw="belgrave" pos="SUBST">Belgrave </w><w c5="NP0" hw="square" pos="SUBST">Square</w><c c5="PUN">, </c><w c5="NP0" hw="london" pos="SUBST">London </w><w c5="UNC" hw="sw1x" pos="UNC">SW1X </w><w c5="UNC" hw="8qb" pos="UNC">8QB</w><c c5="PUN">.</c></s>
<s n="35"><w c5="NN1" hw="helpline" pos="SUBST">Helpline</w><c c5="PUN">: </c><w c5="CRD" hw="071-235" pos="ADJ">071-235 </w><w c5="CRD" hw="1721" pos="ADJ">1721</w><c c5="PUN">.</c></s>
<s n="36"><w c5="NN1" hw="information" pos="SUBST">Information </w><w c5="PRP" hw="about" pos="PREP">about </w><w c5="NN2" hw="blanket" pos="SUBST">blankets </w><w c5="PRP" hw="from" pos="PREP">from </w><w c5="AJ0-AV0" hw="early" pos="ADJ">Early</w><w c5="VBZ" hw="be" pos="VERB">'s </w><w c5="PRF" hw="of" pos="PREP">of </w><w c5="NP0" hw="witney" pos="SUBST">Witney</w><c c5="PUN">, </c><w c5="NP0" hw="witney" pos="SUBST">Witney </w><w c5="NN1" hw="mill" pos="SUBST">Mill</w><c c5="PUN">, </c><w c5="NP0" hw="burford" pos="SUBST">Burford </w><w c5="NP0" hw="road" pos="SUBST">Road</w><c c5="PUN">, </c><w c5="NP0" hw="witney" pos="SUBST">Witney</w><c c5="PUN">, </c><w c5="NP0" hw="oxon" pos="SUBST">Oxon </w><w c5="UNC" hw="ox8" pos="UNC">OX8 </w><w c5="UNC" hw="5eb" pos="UNC">5EB</w><c c5="PUN">.</c></s>
<s n="37"><w c5="NN1" hw="tel" pos="SUBST">Tel</w><c c5="PUN">: </c><w c5="CRD" hw="0993" pos="ADJ">0993 </w><w c5="CRD" hw="703131" pos="ADJ">703131</w><c c5="PUN">.</c></s></p></div><div level="1"><head type="MAIN">
<s n="38"><w c5="NN1" hw="letter" pos="SUBST">Letter </w><w c5="PRP" hw="to" pos="PREP">to </w><w c5="AT0" hw="the" pos="ART">the </w><w c5="NN1" hw="editor" pos="SUBST">Editor</w><c c5="PUN">: </c><c c5="PUQ">‘</c><w c5="NN1" hw="money" pos="SUBST">Money</w><c c5="PUQ">’ </c><w c5="NN2" hw="problem" pos="SUBST">problems</w></s></head><p>
<s n="39"><w c5="NN1" hw="sir" pos="SUBST">SIR </w><c c5="PUN">— </c><w c5="AT0" hw="the" pos="ART">The </w><w c5="NN1" hw="fallacy" pos="SUBST">fallacy </w><w c5="PRF" hw="of" pos="PREP">of </w><w c5="AJ0" hw="simplified" pos="ADJ">simplified </w><w c5="NN1" hw="spelling" pos="SUBST">spelling </w><w c5="VBZ" hw="be" pos="VERB">is </w><w c5="DT0-CJT" hw="that" pos="ADJ">that </w><w c5="AJ0-NN1" hw="english" pos="ADJ">English </w><w c5="NN2" hw="vowel" pos="SUBST">vowels</w><c c5="PUN">, </c><w c5="CJC" hw="and" pos="CONJ">and </w><w c5="DT0" hw="some" pos="ADJ">some </w><w c5="NN2" hw="consonant" pos="SUBST">consonants</w><c c5="PUN">, </c><w c5="VBB" hw="be" pos="VERB">are </w><w c5="VVN" hw="speak" pos="VERB">spoken </w><w c5="AV0" hw="differently" pos="ADV">differently </w><w c5="PRP" hw="by" pos="PREP">by </w><w c5="NN2" hw="speaker" pos="SUBST">speakers </w><w c5="PRF" hw="of" pos="PREP">of </w><w c5="AJ0" hw="different" pos="ADJ">different </w><w c5="NN2" hw="origin" pos="SUBST">origins</w><c c5="PUN">.</c></s>
<s n="40"><c c5="PUL">(</c><w c5="NP0" hw="shaw" pos="SUBST">Shaw </w><w c5="PNX" hw="himself" pos="PRON">himself </w><w c5="VHD" hw="have" pos="VERB">had </w><w c5="AT0" hw="an" pos="ART">an </w><w c5="AJ0" hw="irish" pos="ADJ">Irish </w><w c5="NN1" hw="accent" pos="SUBST">accent</w><c c5="PUN">.</c><c c5="PUR">)</c></s></p><p>
<s n="41"><mw c5="AV0"><w c5="PRP" hw="for" pos="PREP">For </w><w c5="NN1" hw="instance" pos="SUBST">instance</w></mw><c c5="PUN">, </c><w c5="PRP" hw="in" pos="PREP">in </w><w c5="AJ0" hw="south-eastern" pos="ADJ">South-Eastern </w><w c5="NN1" hw="fashion" pos="SUBST">fashion</w><c c5="PUN">, </c><w c5="PNP" hw="i" pos="PRON">I </w><w c5="VVB" hw="name" pos="VERB">name </w><w c5="DT0-CJT" hw="that" pos="ADJ">that </w><w c5="NN1" hw="commodity" pos="SUBST">commodity </w><w c5="AT0" hw="the" pos="ART">the </w><w c5="NN1" hw="love" pos="SUBST">love </w><w c5="PRF" hw="of" pos="PREP">of </w><w c5="DTQ" hw="which" pos="PRON">which </w><w c5="VBZ" hw="be" pos="VERB">is </w><w c5="VVN" hw="say" pos="VERB">said </w><w c5="TO0" hw="to" pos="PREP">to </w><w c5="VBI" hw="be" pos="VERB">be </w><w c5="AT0" hw="the" pos="ART">the </w><w c5="NN1" hw="root" pos="SUBST">root </w><w c5="PRF" hw="of" pos="PREP">of </w><w c5="DT0" hw="all" pos="ADJ">all </w><w c5="AJ0-NN1" hw="evil" pos="ADJ">evil </w><w c5="CJS" hw="as" pos="CONJ">as </w><c c5="PUQ">‘</c><w c5="AJ0-NN1" hw="munny" pos="ADJ">munny</w><c c5="PUQ">’</c><c c5="PUN">; </c><w c5="DPS" hw="i" pos="PRON">my </w><w c5="NP0" hw="birmingham" pos="SUBST">Birmingham </w><w c5="NN1" hw="friend" pos="SUBST">friend </w><w c5="VVZ" hw="call" pos="VERB">calls </w><w c5="PNP" hw="it" pos="PRON">it </w><c c5="PUQ">‘</c><w c5="ITJ" hw="mon-ay" pos="INTERJ">mon-ay</w><c c5="PUN">.</c><c c5="PUQ">’</c></s>
<s n="42"><w c5="AVQ" hw="how" pos="ADV">How </w><w c5="VM0" hw="would" pos="VERB">would </w><w c5="AT0" hw="the" pos="ART">the </w><w c5="NN1" hw="system" pos="SUBST">system </w><w c5="VVI" hw="cater" pos="VERB">cater </w><w c5="PRP" hw="for" pos="PREP">for </w><w c5="DT0" hw="this" pos="ADJ">this</w><c c5="PUN">?</c></s>
<s n="43"><c c5="PUQ">‘</c><w c5="NN2" hw="muni" pos="SUBST">Muni</w><c c5="PUQ">’</c><c c5="PUN">?</c></s>
<s n="44"><w c5="PNP" hw="i" pos="PRON">I </w><w c5="VM0" hw="would" pos="VERB">would </w><w c5="AV0" hw="then" pos="ADV">then </w><w c5="VVI" hw="vocalise" pos="VERB">vocalise </w><w c5="DT0" hw="this" pos="ADJ">this </w><w c5="PRP" hw="as" pos="PREP">as </w><c c5="PUQ">‘</c><w c5="NN2" hw="mewnni" pos="SUBST">mewnni</w><c c5="PUQ">’</c><c c5="PUN">.</c></s>
<s n="45"><w c5="PRP" hw="in" pos="PREP">In </w><w c5="NP0" hw="birmingham" pos="SUBST">Birmingham </w><w c5="PNP" hw="it" pos="PRON">it </w><w c5="VM0" hw="might" pos="VERB">might </w><w c5="VBI" hw="be" pos="VERB">be </w><w c5="VVN" hw="spell" pos="VERB">spelled </w><c c5="PUL">(</c><w c5="CJC" hw="or" pos="CONJ">or </w><w c5="VVD-VVN" hw="spell" pos="VERB">spelt</w><c c5="PUN">?</c><c c5="PUR">) </c><w c5="PRP" hw="like" pos="PREP">like </w><w c5="AT0" hw="the" pos="ART">the </w><w c5="NN1" hw="girl" pos="SUBST">girl</w><w c5="POS" hw="'s" pos="UNC">'s </w><w c5="NN1" hw="name" pos="SUBST">name </w><c c5="PUQ">‘</c><w c5="NP0-NN1" hw="mona" pos="SUBST">Mona</w><c c5="PUQ">’</c><c c5="PUN">.</c></s>
<s n="46"><w c5="NP0" hw="j." pos="SUBST">J. </w><w c5="NN1" hw="m." pos="SUBST">M. </w><w c5="NP0-NN1" hw="frankau" pos="SUBST">FRANKAU </w><w c5="NP0" hw="avening" pos="SUBST">Avening</w><c c5="PUN">, </c><w c5="NP0" hw="glos" pos="SUBST">Glos</w></s></p></div></wtext></bncDoc>
