<bncDoc xml:id="AK0"><teiHeader><fileDesc><titleStmt><title>  Daily Telegraph, electronic edition of 1992-04-11: Applied Science pages. Sample containing about 569 words from a periodical (domain: natural sciences) </title><respStmt><resp> Data capture and transcription </resp><name> Oxford University Press </name> </respStmt></titleStmt><editionStmt><edition>BNC XML Edition, December 2006</edition></editionStmt><extent> 569 tokens; 571 w-units; 29 s-units </extent><publicationStmt><distributor>Distributed under licence by Oxford University Computing Services on behalf of the BNC Consortium.</distributor><availability> This material is protected by international copyright laws and may not be copied or redistributed in any way. Consult the BNC Web Site at http://www.natcorp.ox.ac.uk for full licencing and distribution conditions.</availability><idno type="bnc">AK0</idno><idno type="old"> DhPurS </idno></publicationStmt><sourceDesc><bibl><title>Daily Telegraph, electronic edition of 1992-04-11: Applied Science pages.</title> <imprint n="DAILYT1"><publisher>The Daily Telegraph plc</publisher> <pubPlace>London</pubPlace> <date value="1992">1992</date> </imprint> </bibl></sourceDesc></fileDesc><encodingDesc><tagsDecl><namespace name=""><tagUsage gi="c" occurs="61"/><tagUsage gi="div" occurs="3"/><tagUsage gi="head" occurs="6"/><tagUsage gi="mw" occurs="4"/><tagUsage gi="p" occurs="16"/><tagUsage gi="s" occurs="29"/><tagUsage gi="w" occurs="571"/></namespace></tagsDecl></encodingDesc><profileDesc><creation date="1992"> </creation><textClass><catRef targets="WRI ALLTIM3 ALLAVA2 ALLTYP3 WRIAAG0 WRIAD0 WRIASE3 WRIATY2 WRIAUD3 WRIDOM2 WRILEV2 WRIMED2 WRIPP5 WRISAM0 WRISTA3 WRITAS3"/><classCode scheme="DLEE">W newsp brdsht nat: science</classCode><keywords><term> (none) </term></keywords></textClass></profileDesc><revisionDesc><change date="2006-10-21" who="#OUCS">Tag usage updated for BNC-XML</change><change date="2000-12-13" who="#OUCS">Last check for BNC World first release</change><change date="2000-09-06" who="#OUCS">Redo tagusage tables</change><change date="2000-09-01" who="#OUCS">Check all tagcounts</change><change date="2000-06-23" who="#OUCS">Resequenced s-units and added headers</change><change date="2000-01-21" who="#OUCS">Added date info</change><change date="2000-01-09" who="#OUCS">Updated all catrefs</change><change date="2000-01-08" who="#OUCS">Updated source title</change><change date="2000-01-08" who="#OUCS">Updated titles</change><change date="1999-12-25" who="#OUCS">corrected tagUsage</change><change date="1999-09-13" who="#UCREL">POS codes revised for BNC-2; header updated</change><change date="1994-11-24" who="#dominic">Initial accession to corpus</change></revisionDesc></teiHeader>
<wtext type="NEWS"><div level="1"><head type="MAIN">
<s n="1"><w c5="NN1" hw="nitrate" pos="SUBST">Nitrate </w><w c5="NN1" hw="content" pos="SUBST">content </w><w c5="PRP" hw="in" pos="PREP">in </w><w c5="NN1" hw="pig" pos="SUBST">pig </w><w c5="NN1" hw="food" pos="SUBST">food </w><w c5="NN1" hw="cut" pos="SUBST">cut</w></s></head><head type="BYLINE">
<s n="2"><w c5="PRP" hw="by" pos="PREP">By </w><w c5="DPS" hw="we" pos="PRON">Our </w><w c5="NN1" hw="agriculture" pos="SUBST">Agriculture </w><w c5="NN1" hw="correspondent" pos="SUBST">Correspondent</w></s></head><p>
<s n="3"><w c5="AT0" hw="the" pos="ART">THE </w><w c5="AJ0" hw="green" pos="ADJ">Green </w><w c5="NN1" hw="movement" pos="SUBST">movement </w><w c5="VBD" hw="be" pos="VERB">was </w><w c5="VVN" hw="give" pos="VERB">given </w><w c5="AT0" hw="a" pos="ART">a </w><w c5="AJ0" hw="helping" pos="ADJ">helping </w><w c5="NN1" hw="hand" pos="SUBST">hand </w><w c5="PRP" hw="by" pos="PREP">by </w><w c5="AT0" hw="the" pos="ART">the </w><w c5="NN1" hw="pig" pos="SUBST">pig </w><w c5="NN1" hw="industry" pos="SUBST">industry </w><w c5="AV0" hw="yesterday" pos="ADV">yesterday</w><c c5="PUN">.</c></s></p><p>
<s n="4"><w c5="NP0" hw="bocm-silcock" pos="SUBST">BOCM-Silcock</w><c c5="PUN">, </c><w c5="AT0" hw="a" pos="ART">a </w><w c5="NN1" hw="feed" pos="SUBST">feed </w><w c5="NN1" hw="manufacturer" pos="SUBST">manufacturer</w><c c5="PUN">, </c><w c5="VVD" hw="launch" pos="VERB">launched </w><w c5="AT0" hw="a" pos="ART">a </w><w c5="NN1" hw="range" pos="SUBST">range </w><w c5="PRF" hw="of" pos="PREP">of </w><w c5="NN1" hw="pig" pos="SUBST">pig </w><w c5="NN2" hw="ration" pos="SUBST">rations </w><w c5="VVN" hw="design" pos="VERB">designed </w><w c5="TO0" hw="to" pos="PREP">to </w><w c5="VVI" hw="reduce" pos="VERB">reduce </w><w c5="NN1" hw="nitrate" pos="SUBST">nitrate </w><w c5="NN1" hw="pollution" pos="SUBST">pollution </w><w c5="PRP" hw="from" pos="PREP">from </w><w c5="NN1" hw="muck" pos="SUBST">muck </w><w c5="PRP" hw="on" pos="PREP">on </w><w c5="AT0" hw="the" pos="ART">the </w><w c5="NN1" hw="land" pos="SUBST">land</w><c c5="PUN">.</c></s></p><p>
<s n="5"><w c5="PRP" hw="by" pos="PREP">By </w><w c5="VVG" hw="lower" pos="VERB">lowering </w><w c5="AT0" hw="the" pos="ART">the </w><w c5="NN1" hw="nitrogen" pos="SUBST">nitrogen </w><w c5="NN1" hw="content" pos="SUBST">content</w><c c5="PUN">, </c><w c5="AT0" hw="the" pos="ART">the </w><w c5="NN1" hw="company" pos="SUBST">company </w><w c5="VVD" hw="say" pos="VERB">said </w><w c5="PNP" hw="it" pos="PRON">it </w><w c5="VM0" hw="could" pos="VERB">could </w><w c5="VVI" hw="cut" pos="VERB">cut </w><w c5="AT0" hw="the" pos="ART">the </w><w c5="NN1" hw="amount" pos="SUBST">amount </w><w c5="PRF" hw="of" pos="PREP">of </w><w c5="NN1" hw="nitrogen" pos="SUBST">nitrogen </w><w c5="VVN-VVD" hw="deposit" pos="VERB">deposited </w><w c5="PRP" hw="on" pos="PREP">on </w><w c5="AT0" hw="the" pos="ART">the </w><w c5="NN1" hw="land" pos="SUBST">land </w><w c5="PRP" hw="by" pos="PREP">by </w><w c5="NN2" hw="pig" pos="SUBST">pigs </w><w c5="PRP" hw="by" pos="PREP">by </w><w c5="CRD" hw="23" pos="ADJ">23 </w><mw c5="NN0"><w c5="UNC" hw="per" pos="UNC">per </w><w c5="UNC" hw="cent" pos="UNC">cent</w></mw><c c5="PUN">.</c></s></p><p>
<s n="6"><w c5="DT0" hw="this" pos="ADJ">This</w><c c5="PUN">, </c><w c5="PNP" hw="it" pos="PRON">it </w><w c5="VVD" hw="claim" pos="VERB">claimed</w><c c5="PUN">, </c><w c5="VM0" hw="would" pos="VERB">would </w><w c5="VVI" hw="help" pos="VERB">help </w><w c5="VVI" hw="reduce" pos="VERB">reduce </w><w c5="NN1" hw="nitrate" pos="SUBST">nitrate </w><w c5="NN1" hw="pollution" pos="SUBST">pollution </w><w c5="PRF" hw="of" pos="PREP">of </w><w c5="NN1" hw="water" pos="SUBST">water </w><w c5="NN2" hw="supply" pos="SUBST">supplies </w><mw c5="PRP"><w c5="PRP" hw="in" pos="PREP">in </w><w c5="NN1" hw="line" pos="SUBST">line </w><w c5="PRP" hw="with" pos="PREP">with </w></mw><w c5="NP0" hw="ec" pos="SUBST">EC </w><w c5="NN2-VVZ" hw="demand" pos="SUBST">demands</w><c c5="PUN">.</c></s></p><p>
<s n="7"><w c5="NP0" hw="mr" pos="SUBST">Mr </w><w c5="NP0" hw="nick" pos="SUBST">Nick </w><w c5="NP0" hw="major" pos="SUBST">Major</w><c c5="PUN">, </c><w c5="AT0" hw="the" pos="ART">the </w><w c5="NN1" hw="company" pos="SUBST">company</w><w c5="POS" hw="'s" pos="UNC">'s </w><w c5="NN1" hw="pig" pos="SUBST">pig </w><w c5="NN1-VVB" hw="feed" pos="SUBST">feed </w><w c5="NN1" hw="marketing" pos="SUBST">marketing </w><w c5="NN1" hw="manager" pos="SUBST">manager</w><c c5="PUN">, </c><w c5="VVD" hw="say" pos="VERB">said</w><c c5="PUN">: </c><c c5="PUQ">‘</c><w c5="PNP" hw="it" pos="PRON">It </w><w c5="VBZ" hw="be" pos="VERB">is </w><w c5="DT0" hw="this" pos="ADJ">this </w><w c5="NN1" hw="nitrogen" pos="SUBST">nitrogen</w><c c5="PUN">, </c><w c5="CJS" hw="when" pos="CONJ">when </w><w c5="VVN" hw="convert" pos="VERB">converted </w><w c5="PRP" hw="to" pos="PREP">to </w><w c5="NN1" hw="nitrate" pos="SUBST">nitrate </w><w c5="VVZ-NN2" hw="microbe" pos="VERB">microbes </w><w c5="PRP" hw="in" pos="PREP">in </w><w c5="AT0" hw="the" pos="ART">the </w><w c5="NN1" hw="soil" pos="SUBST">soil</w><c c5="PUN">, </c><w c5="DTQ" hw="which" pos="PRON">which </w><w c5="VBZ" hw="be" pos="VERB">is </w><w c5="AV0" hw="potentially" pos="ADV">potentially </w><w c5="VVG-AJ0" hw="damage" pos="VERB">damaging </w><w c5="PRP" hw="to" pos="PREP">to </w><w c5="AT0" hw="the" pos="ART">the </w><w c5="NN1" hw="environment" pos="SUBST">environment</w><c c5="PUN">.</c><c c5="PUQ">’</c></s></p><p>
<s n="8"><w c5="NN1" hw="food" pos="SUBST">Food </w><w c5="NN2" hw="supplement" pos="SUBST">supplements </w><w c5="PRP" hw="for" pos="PREP">for </w><w c5="NN2" hw="pig" pos="SUBST">pigs </w><w c5="VVD" hw="ensure" pos="VERB">ensured </w><w c5="PNP" hw="they" pos="PRON">they </w><w c5="VVD" hw="receive" pos="VERB">received </w><w c5="AT0" hw="the" pos="ART">the </w><w c5="AJ0-NN1" hw="right" pos="ADJ">right </w><w c5="NN1" hw="amount" pos="SUBST">amount </w><w c5="PRF" hw="of" pos="PREP">of </w><w c5="NN1" hw="nourishment" pos="SUBST">nourishment </w><w c5="DTQ" hw="which" pos="PRON">which </w><w c5="VVD" hw="ensure" pos="VERB">ensured </w><w c5="AJ0" hw="british" pos="ADJ">British </w><w c5="NN2" hw="farmer" pos="SUBST">farmers </w><w c5="VDD" hw="do" pos="VERB">did </w><w c5="XX0" hw="not" pos="ADV">not </w><w c5="VVI" hw="suffer" pos="VERB">suffer </w><w c5="AT0" hw="a" pos="ART">a </w><w c5="AJ0" hw="competitive" pos="ADJ">competitive </w><w c5="NN1" hw="disadvantage" pos="SUBST">disadvantage </w><w c5="PRP" hw="with" pos="PREP">with </w><w c5="NN2" hw="other" pos="SUBST">others </w><w c5="PRP" hw="in" pos="PREP">in </w><w c5="AT0" hw="the" pos="ART">the </w><w c5="NP0" hw="ec" pos="SUBST">EC</w><c c5="PUN">.</c></s></p><p>
<s n="9"><w c5="AJ0" hw="british" pos="ADJ">British </w><w c5="NN2" hw="pig" pos="SUBST">pigs </w><w c5="VVB" hw="produce" pos="VERB">produce </w><w c5="AV0" hw="about" pos="ADV">about </w><w c5="CRD" hw="seven" pos="ADJ">seven </w><w c5="CRD" hw="million" pos="ADJ">million </w><w c5="NN2" hw="gallon" pos="SUBST">gallons </w><w c5="PRF" hw="of" pos="PREP">of </w><w c5="AJ0" hw="liquid" pos="ADJ">liquid </w><w c5="NN1" hw="muck" pos="SUBST">muck </w><w c5="AT0" hw="a" pos="ART">a </w><w c5="NN1" hw="day" pos="SUBST">day</w><c c5="PUN">, </c><w c5="VVG" hw="pose" pos="VERB">posing </w><w c5="AT0" hw="a" pos="ART">a </w><w c5="AJ0" hw="big" pos="ADJ">big </w><w c5="NN1" hw="disposal" pos="SUBST">disposal </w><w c5="NN1" hw="problem" pos="SUBST">problem </w><w c5="PRP" hw="for" pos="PREP">for </w><w c5="NN2" hw="farmer" pos="SUBST">farmers </w><w c5="CJC" hw="and" pos="CONJ">and </w><w c5="AT0" hw="a" pos="ART">a </w><w c5="NN1" hw="water" pos="SUBST">water </w><w c5="NN1" hw="quality" pos="SUBST">quality </w><w c5="NN1" hw="headache" pos="SUBST">headache</w><c c5="PUN">.</c></s></p></div><div level="1"><head type="MAIN">
<s n="10"><w c5="NN1" hw="bread" pos="SUBST">Bread </w><w c5="VVZ-NN2" hw="move" pos="VERB">moves </w><w c5="PRP" hw="from" pos="PREP">from </w><w c5="NN1" hw="stone" pos="SUBST">stone </w><w c5="NN1" hw="ground" pos="SUBST">ground </w><w c5="PRP" hw="to" pos="PREP">to </w><w c5="NN1" hw="stone" pos="SUBST">Stone </w><w c5="NN1" hw="age" pos="SUBST">Age</w></s></head><head type="BYLINE">
<s n="11"><w c5="PRP" hw="by" pos="PREP">By </w><w c5="NP0" hw="david" pos="SUBST">David </w><w c5="NP0" hw="brown" pos="SUBST">Brown</w><c c5="PUN">, </c><w c5="NN1" hw="agriculture" pos="SUBST">Agriculture </w><w c5="NN1" hw="correspondent" pos="SUBST">Correspondent</w></s></head><p>
<s n="12"><w c5="NN1" hw="bread" pos="SUBST">BREAD </w><w c5="VVN-VVD" hw="make" pos="VERB">made </w><w c5="PRP" hw="from" pos="PREP">from </w><w c5="NN1" hw="spelt" pos="SUBST">spelt</w><c c5="PUN">, </c><w c5="AT0" hw="a" pos="ART">a </w><w c5="NN1" hw="type" pos="SUBST">type </w><w c5="PRF" hw="of" pos="PREP">of </w><w c5="NN1" hw="grain" pos="SUBST">grain </w><w c5="ORD" hw="first" pos="ADJ">first </w><w c5="VVN" hw="grow" pos="VERB">grown </w><w c5="PRP" hw="in" pos="PREP">in </w><w c5="AT0" hw="the" pos="ART">the </w><w c5="AJ0" hw="late" pos="ADJ">late </w><w c5="NN1" hw="stone" pos="SUBST">Stone </w><w c5="NN1" hw="age" pos="SUBST">Age</w><c c5="PUN">, </c><w c5="VBZ" hw="be" pos="VERB">is </w><w c5="VVN" hw="poise" pos="VERB">poised </w><w c5="TO0" hw="to" pos="PREP">to </w><w c5="VVI" hw="become" pos="VERB">become </w><w c5="AT0" hw="a" pos="ART">a </w><w c5="AJ0" hw="new" pos="ADJ">new </w><c c5="PUQ">‘</c><w c5="NN1" hw="health-food" pos="SUBST">health-food</w><c c5="PUQ">’</c><c c5="PUN">, </c><w c5="AT0" hw="a" pos="ART">a </w><w c5="NN1" hw="miller" pos="SUBST">miller </w><w c5="PRF" hw="of" pos="PREP">of </w><w c5="AJ0" hw="organic" pos="ADJ">organic </w><w c5="NN1" hw="flour" pos="SUBST">flour </w><w c5="NN1-VVB" hw="forecast" pos="SUBST">forecast </w><w c5="AV0" hw="yesterday" pos="ADV">yesterday</w><c c5="PUN">.</c></s></p><p>
<s n="13"><w c5="PNP" hw="it" pos="PRON">It </w><w c5="VM0" hw="could" pos="VERB">could </w><w c5="VVI" hw="become" pos="VERB">become </w><w c5="AT0" hw="a" pos="ART">a </w><w c5="NN1" hw="money" pos="SUBST">money </w><w c5="NN1" hw="spinner" pos="SUBST">spinner </w><w c5="PRP" hw="for" pos="PREP">for </w><w c5="NN2" hw="farmer" pos="SUBST">farmers </w><w c5="VVG" hw="look" pos="VERB">looking </w><w c5="PRP" hw="for" pos="PREP">for </w><w c5="AJ0" hw="alternative" pos="ADJ">alternative </w><w c5="NN2" hw="crop" pos="SUBST">crops </w><w c5="PRP" hw="in" pos="PREP">in </w><w c5="AT0" hw="the" pos="ART">the </w><w c5="NN1" hw="face" pos="SUBST">face </w><w c5="PRF" hw="of" pos="PREP">of </w><w c5="AJ0" hw="expected" pos="ADJ">expected </w><w c5="NN2" hw="cutback" pos="SUBST">cutbacks </w><w c5="PRP" hw="in" pos="PREP">in </w><w c5="NP0" hw="ec" pos="SUBST">EC </w><w c5="NN1" hw="farm" pos="SUBST">farm </w><w c5="NN1-VVB" hw="support" pos="SUBST">support </w><w c5="NN2" hw="price" pos="SUBST">prices</w><c c5="PUN">.</c></s>
<s n="14"><w c5="NP0" hw="mr" pos="SUBST">Mr </w><w c5="NP0" hw="michael" pos="SUBST">Michael </w><w c5="NN1" hw="marriage" pos="SUBST">Marriage</w><c c5="PUN">, </c><w c5="AT0" hw="an" pos="ART">an </w><w c5="AJ0" hw="organic" pos="ADJ">organic </w><w c5="NN1" hw="grower" pos="SUBST">grower </w><w c5="CJC" hw="and" pos="CONJ">and </w><w c5="NN1" hw="miller" pos="SUBST">miller </w><w c5="PRF" hw="of" pos="PREP">of </w><w c5="NN2" hw="dove" pos="SUBST">Doves </w><w c5="NN1" hw="farm" pos="SUBST">Farm</w><c c5="PUN">, </c><w c5="NN1" hw="ham" pos="SUBST">Ham</w><c c5="PUN">, </c><w c5="NP0" hw="wilts" pos="SUBST">Wilts</w><c c5="PUN">, </c><w c5="VVD" hw="say" pos="VERB">said </w><w c5="AV0" hw="yesterday" pos="ADV">yesterday</w><c c5="PUN">: </c><c c5="PUQ">‘</c><w c5="VVN" hw="spell" pos="VERB">Spelt </w><w c5="VHZ" hw="have" pos="VERB">has </w><w c5="AJ0" hw="excellent" pos="ADJ">excellent </w><w c5="AJ0-NN1" hw="bread-making" pos="ADJ">bread-making </w><w c5="NN2" hw="quality" pos="SUBST">qualities </w><w c5="CJC" hw="and" pos="CONJ">and </w><w c5="EX0" hw="there" pos="PRON">there </w><w c5="VBZ" hw="be" pos="VERB">is </w><w c5="AT0" hw="a" pos="ART">a </w><w c5="NN1" hw="theory" pos="SUBST">theory </w><w c5="CJT" hw="that" pos="CONJ">that </w><w c5="AT0" hw="the" pos="ART">the </w><w c5="NN1" hw="bread" pos="SUBST">bread </w><w c5="VM0" hw="can" pos="VERB">can </w><w c5="VBI" hw="be" pos="VERB">be </w><w c5="VVN" hw="eat" pos="VERB">eaten </w><w c5="PRP" hw="by" pos="PREP">by </w><w c5="NN0" hw="people" pos="SUBST">people </w><w c5="AJ0" hw="allergic" pos="ADJ">allergic </w><w c5="PRP" hw="to" pos="PREP">to </w><w c5="NN1" hw="wheat" pos="SUBST">wheat </w><w c5="NN1" hw="gluten" pos="SUBST">gluten</w><c c5="PUN">.</c><c c5="PUQ">’</c></s></p><p>
<s n="15"><w c5="VVN" hw="spell" pos="VERB">Spelt </w><c c5="PUN">— </c><w c5="NP0-NN1" hw="triticum" pos="SUBST">Triticum </w><w c5="NN1" hw="sativum" pos="SUBST">sativum </w><c c5="PUN">— </c><w c5="VBD" hw="be" pos="VERB">was </w><w c5="VVN" hw="grow" pos="VERB">grown </w><w c5="PRP" hw="in" pos="PREP">in </w><w c5="AJ0" hw="small" pos="ADJ">small </w><w c5="NN2" hw="amount" pos="SUBST">amounts </w><w c5="PRP" hw="in" pos="PREP">in </w><w c5="NP0" hw="britain" pos="SUBST">Britain </w><w c5="PRP" hw="until" pos="PREP">until </w><w c5="AV0" hw="about" pos="ADV">about </w><w c5="CRD" hw="50" pos="ADJ">50 </w><w c5="NN2" hw="year" pos="SUBST">years </w><w c5="AV0" hw="ago" pos="ADV">ago</w><c c5="PUN">.</c></s>
<s n="16"><w c5="PNP" hw="it" pos="PRON">It </w><w c5="VBZ" hw="be" pos="VERB">is </w><w c5="AT0" hw="a" pos="ART">a </w><w c5="AJ0" hw="tough" pos="ADJ">tough </w><w c5="NN1" hw="relative" pos="SUBST">relative </w><w c5="PRF" hw="of" pos="PREP">of </w><w c5="NN1" hw="wheat" pos="SUBST">wheat</w><c c5="PUN">, </c><w c5="CJC" hw="but" pos="CONJ">but </w><w c5="VVD" hw="fall" pos="VERB">fell </w><mw c5="PRP"><w c5="AVP" hw="out" pos="ADV">out </w><w c5="PRF" hw="of" pos="PREP">of </w></mw><w c5="NN1" hw="favour" pos="SUBST">favour </w><w c5="PRP" hw="with" pos="PREP">with </w><w c5="NN2" hw="farmer" pos="SUBST">farmers </w><w c5="CJS" hw="as" pos="CONJ">as </w><w c5="PNP" hw="they" pos="PRON">they </w><w c5="VVD" hw="switch" pos="VERB">switched </w><w c5="PRP" hw="to" pos="PREP">to </w><w c5="AJC" hw="high" pos="ADJ">higher </w><w c5="AJ0" hw="yielding" pos="ADJ">yielding </w><w c5="NN1" hw="wheat" pos="SUBST">wheat </w><w c5="NN2" hw="variety" pos="SUBST">varieties </w><w c5="DTQ" hw="which" pos="PRON">which </w><w c5="VBD" hw="be" pos="VERB">were </w><w c5="AJC" hw="easy" pos="ADJ">easier </w><w c5="TO0" hw="to" pos="PREP">to </w><w c5="VVI" hw="grind" pos="VERB">grind </w><w c5="PRP" hw="into" pos="PREP">into </w><w c5="NN1" hw="flour" pos="SUBST">flour</w><c c5="PUN">.</c></s>
<s n="17"><w c5="PNP" hw="it" pos="PRON">It </w><w c5="VBZ" hw="be" pos="VERB">is </w><w c5="AV0" hw="still" pos="ADV">still </w><w c5="VVN" hw="grow" pos="VERB">grown </w><w c5="PRP" hw="on" pos="PREP">on </w><w c5="AT0" hw="the" pos="ART">the </w><w c5="NN1" hw="continent" pos="SUBST">Continent </w><w c5="CJC" hw="and" pos="CONJ">and </w><w c5="VBZ" hw="be" pos="VERB">is </w><w c5="VVN" hw="say" pos="VERB">said </w><w c5="TO0" hw="to" pos="PREP">to </w><w c5="VVI" hw="contain" pos="VERB">contain </w><w c5="DT0" hw="more" pos="ADJ">more </w><w c5="NN1" hw="protein" pos="SUBST">protein</w><c c5="PUN">.</c></s>
<s n="18"><w c5="DPS" hw="it" pos="PRON">Its </w><w c5="AJ0" hw="hard" pos="ADJ">hard</w><c c5="PUN">, </c><w c5="AJ0" hw="tight-fitting" pos="ADJ">tight-fitting </w><w c5="NN2" hw="husk" pos="SUBST">husks </w><w c5="VVB-NN1" hw="act" pos="VERB">act </w><w c5="PRP" hw="as" pos="PREP">as </w><w c5="NN1" hw="armour" pos="SUBST">armour </w><w c5="TO0" hw="to" pos="PREP">to </w><w c5="VVI" hw="protect" pos="VERB">protect </w><w c5="PNP" hw="it" pos="PRON">it </w><w c5="PRP" hw="from" pos="PREP">from </w><w c5="NN2" hw="pest" pos="SUBST">pests </w><w c5="CJC" hw="and" pos="CONJ">and </w><w c5="NN2" hw="disease" pos="SUBST">diseases </w><c c5="PUN">— </c><w c5="AT0" hw="a" pos="ART">a </w><w c5="NN1" hw="boon" pos="SUBST">boon </w><w c5="PRP" hw="to" pos="PREP">to </w><w c5="NN2" hw="farmer" pos="SUBST">farmers </w><w c5="PNQ" hw="who" pos="PRON">who </w><w c5="VDB" hw="do" pos="VERB">do </w><w c5="XX0" hw="not" pos="ADV">not </w><w c5="VVI" hw="want" pos="VERB">want </w><w c5="TO0" hw="to" pos="PREP">to </w><w c5="VVI" hw="use" pos="VERB">use </w><w c5="NN2" hw="pesticide" pos="SUBST">pesticides</w><c c5="PUN">.</c></s>
<s n="19"><w c5="NN1" hw="allergy" pos="SUBST">Allergy </w><w c5="NN2" hw="specialist" pos="SUBST">specialists </w><w c5="VBB" hw="be" pos="VERB">are </w><w c5="VVG" hw="begin" pos="VERB">beginning </w><w c5="TO0" hw="to" pos="PREP">to </w><w c5="VVI" hw="recommend" pos="VERB">recommend </w><w c5="VVN" hw="spell" pos="VERB">spelt </w><w c5="PRP" hw="for" pos="PREP">for </w><w c5="NN2" hw="patient" pos="SUBST">patients </w><w c5="PRP" hw="on" pos="PREP">on </w><w c5="NN1" hw="wheat" pos="SUBST">wheat </w><w c5="CJC" hw="and" pos="CONJ">and </w><w c5="AJ0" hw="gluten-free" pos="ADJ">gluten-free </w><w c5="NN2" hw="diet" pos="SUBST">diets </w><w c5="CJC" hw="but" pos="CONJ">but </w><w c5="AV0" hw="only" pos="ADV">only </w><w c5="AV0" hw="under" pos="ADV">under </w><w c5="AJ0" hw="medical" pos="ADJ">medical </w><w c5="NN1" hw="supervision" pos="SUBST">supervision </w><w c5="CJS" hw="until" pos="CONJ">until </w><w c5="AJ0" hw="clinical" pos="ADJ">clinical </w><w c5="NN2" hw="trial" pos="SUBST">trials </w><w c5="VBB" hw="be" pos="VERB">are </w><w c5="AJ0" hw="complete" pos="ADJ">complete</w><c c5="PUN">.</c></s></p><p>
<s n="20"><w c5="AV0" hw="currently" pos="ADV">Currently</w><c c5="PUN">, </c><w c5="AV0" hw="organically" pos="ADV">organically </w><w c5="VVN" hw="grow" pos="VERB">grown </w><w c5="NN1" hw="wheat" pos="SUBST">wheat </w><w c5="VVZ" hw="fetch" pos="VERB">fetches </w><w c5="NN2" hw="farmer" pos="SUBST">farmers </w><w c5="AV0" hw="about" pos="ADV">about </w><w c5="NN0" hw="£70" pos="UNC">£70 </w><w c5="CJC" hw="or" pos="CONJ">or </w><w c5="AV0" hw="so" pos="ADV">so </w><w c5="AT0" hw="a" pos="ART">a </w><w c5="NN1" hw="ton" pos="SUBST">ton </w><w c5="DT0" hw="more" pos="ADJ">more </w><w c5="CJS" hw="than" pos="CONJ">than </w><w c5="AV0" hw="conventionally" pos="ADV">conventionally </w><w c5="VVN" hw="grow" pos="VERB">grown </w><w c5="NN1" hw="grain" pos="SUBST">grain</w><c c5="PUN">, </c><w c5="AT0" hw="the" pos="ART">the </w><w c5="NN1" hw="premium" pos="SUBST">premium </w><w c5="AV0" hw="more" pos="ADV">more </w><w c5="CJS" hw="than" pos="CONJ">than </w><w c5="VVG" hw="compensate" pos="VERB">compensating </w><w c5="PRP" hw="for" pos="PREP">for </w><w c5="AV0" hw="substantially" pos="ADV">substantially </w><w c5="AJC" hw="low" pos="ADJ">lower </w><w c5="NN2" hw="yield" pos="SUBST">yields</w><c c5="PUN">.</c></s></p></div><div level="1"><head type="MAIN">
<s n="21"><w c5="NN1" hw="child" pos="SUBST">Child </w><w c5="PRF" hw="of" pos="PREP">of </w><w c5="CRD" hw="five" pos="ADJ">five </w><w c5="ORD" hw="first" pos="ADJ">first </w><w c5="TO0" hw="to" pos="PREP">to </w><w c5="VVI" hw="get" pos="VERB">get </w><w c5="AJ0" hw="advanced" pos="ADJ">advanced </w><w c5="NN1" hw="gene" pos="SUBST">gene </w><w c5="NN1" hw="therapy" pos="SUBST">therapy</w></s></head><head type="BYLINE">
<s n="22"><w c5="PRP" hw="by" pos="PREP">By </w><w c5="NP0" hw="christine" pos="SUBST">Christine </w><w c5="NP0" hw="mcgourty" pos="SUBST">McGourty </w><w c5="NN1" hw="technology" pos="SUBST">Technology </w><w c5="NN1" hw="correspondent" pos="SUBST">Correspondent</w></s></head><p>
<s n="23"><w c5="AT0" hw="a" pos="ART">A </w><w c5="NN1" hw="child" pos="SUBST">CHILD </w><w c5="PRP" hw="with" pos="PREP">with </w><w c5="AT0" hw="a" pos="ART">a </w><w c5="AJ0" hw="rare" pos="ADJ">rare </w><w c5="AJ0" hw="inherited" pos="ADJ">inherited </w><w c5="NN1" hw="disease" pos="SUBST">disease </w><w c5="CJT" hw="that" pos="CONJ">that </w><w c5="VVZ" hw="affect" pos="VERB">affects </w><w c5="AT0" hw="the" pos="ART">the </w><w c5="AJ0" hw="immune" pos="ADJ">immune </w><w c5="NN1" hw="system" pos="SUBST">system </w><w c5="VHZ" hw="have" pos="VERB">has </w><w c5="VVN" hw="become" pos="VERB">become </w><w c5="AT0" hw="the" pos="ART">the </w><w c5="ORD" hw="first" pos="ADJ">first </w><w c5="PRP" hw="in" pos="PREP">in </w><w c5="AT0" hw="the" pos="ART">the </w><w c5="NN1" hw="world" pos="SUBST">world </w><w c5="TO0" hw="to" pos="PREP">to </w><w c5="VVI" hw="receive" pos="VERB">receive </w><w c5="AT0" hw="an" pos="ART">an </w><w c5="AJ0" hw="advanced" pos="ADJ">advanced </w><w c5="NN1" hw="form" pos="SUBST">form </w><w c5="PRF" hw="of" pos="PREP">of </w><w c5="NN1" hw="gene" pos="SUBST">gene </w><w c5="NN1" hw="therapy" pos="SUBST">therapy</w><c c5="PUN">.</c></s></p><p>
<s n="24"><w c5="AT0" hw="the" pos="ART">The </w><w c5="NN1" hw="five-year-old" pos="SUBST">five-year-old </w><w c5="NN1" hw="child" pos="SUBST">child</w><c c5="PUN">, </c><w c5="VVN" hw="treat" pos="VERB">treated </w><w c5="PRP" hw="in" pos="PREP">in </w><w c5="NP0" hw="italy" pos="SUBST">Italy</w><c c5="PUN">, </c><w c5="VVZ" hw="lack" pos="VERB">lacks </w><w c5="AT0" hw="an" pos="ART">an </w><w c5="NN1" hw="enzyme" pos="SUBST">enzyme </w><w c5="AJ0" hw="crucial" pos="ADJ">crucial </w><w c5="PRP" hw="to" pos="PREP">to </w><w c5="VVG" hw="provide" pos="VERB">providing </w><w c5="NN1" hw="protection" pos="SUBST">protection </w><w c5="PRP" hw="against" pos="PREP">against </w><w c5="AJ0" hw="common" pos="ADJ">common </w><w c5="NN2" hw="infection" pos="SUBST">infections</w><c c5="PUN">.</c></s>
<s n="25"><w c5="TO0" hw="to" pos="PREP">To </w><w c5="VVI" hw="correct" pos="VERB">correct </w><w c5="AT0" hw="the" pos="ART">the </w><w c5="NN1" hw="problem" pos="SUBST">problem</w><c c5="PUN">, </c><w c5="NN2" hw="researcher" pos="SUBST">researchers </w><w c5="VVD" hw="transplant" pos="VERB">transplanted </w><w c5="AT0" hw="a" pos="ART">a </w><w c5="NN1" hw="copy" pos="SUBST">copy </w><w c5="PRF" hw="of" pos="PREP">of </w><w c5="AT0" hw="the" pos="ART">the </w><w c5="AJ0" hw="missing" pos="ADJ">missing </w><w c5="NN1" hw="gene" pos="SUBST">gene </w><w c5="PRP" hw="into" pos="PREP">into </w><w c5="AT0" hw="the" pos="ART">the </w><w c5="NN1" hw="child" pos="SUBST">child</w><w c5="POS" hw="'s" pos="UNC">'s </w><w c5="NN1" hw="body" pos="SUBST">body </w><mw c5="AV0"><w c5="PRP" hw="in" pos="PREP">in </w><w c5="NN1" hw="order" pos="SUBST">order </w></mw><w c5="TO0" hw="to" pos="PREP">to </w><w c5="VVI" hw="trigger" pos="VERB">trigger </w><w c5="NN1" hw="production" pos="SUBST">production </w><w c5="PRF" hw="of" pos="PREP">of </w><w c5="AT0" hw="the" pos="ART">the </w><w c5="AJ0" hw="crucial" pos="ADJ">crucial </w><w c5="NN1" hw="enzyme" pos="SUBST">enzyme</w><c c5="PUN">.</c></s></p><p>
<s n="26"><w c5="AT0" hw="the" pos="ART">The </w><w c5="ORD" hw="first" pos="ADJ">first </w><w c5="NN1" hw="form" pos="SUBST">form </w><w c5="PRF" hw="of" pos="PREP">of </w><w c5="AT0" hw="the" pos="ART">the </w><w c5="NN1" hw="therapy" pos="SUBST">therapy </w><w c5="VBD" hw="be" pos="VERB">was </w><w c5="VVN" hw="carry" pos="VERB">carried </w><w c5="AVP" hw="out" pos="ADV">out </w><w c5="PRP" hw="by" pos="PREP">by </w><w c5="NN2" hw="scientist" pos="SUBST">scientists </w><w c5="PRP" hw="at" pos="PREP">at </w><w c5="NP0" hw="america" pos="SUBST">America</w><w c5="POS" hw="'s" pos="UNC">'s </w><w c5="AJ0" hw="national" pos="ADJ">National </w><w c5="NN2" hw="institute" pos="SUBST">Institutes </w><w c5="PRF" hw="of" pos="PREP">of </w><w c5="NN1" hw="health" pos="SUBST">Health </w><w c5="PRP" hw="in" pos="PREP">in </w><w c5="CRD" hw="1990" pos="ADJ">1990 </w><w c5="PRP" hw="on" pos="PREP">on </w><w c5="AT0" hw="a" pos="ART">a </w><w c5="AJ0" hw="four-year-old" pos="ADJ">four-year-old </w><w c5="NN1" hw="girl" pos="SUBST">girl </w><w c5="VVG-NN1" hw="suffer" pos="VERB">suffering </w><w c5="PRP" hw="from" pos="PREP">from </w><w c5="AT0" hw="the" pos="ART">the </w><w c5="DT0" hw="same" pos="ADJ">same </w><w c5="AV0" hw="potentially" pos="ADV">potentially </w><w c5="AJ0" hw="fatal" pos="ADJ">fatal </w><w c5="AJ0" hw="inherited" pos="ADJ">inherited </w><w c5="NN1" hw="disease" pos="SUBST">disease</w><c c5="PUN">.</c></s></p><p>
<s n="27"><w c5="CJC" hw="but" pos="CONJ">But </w><w c5="AT0" hw="the" pos="ART">the </w><w c5="NN1" hw="treatment" pos="SUBST">treatment </w><w c5="VHZ" hw="have" pos="VERB">has </w><w c5="TO0" hw="to" pos="PREP">to </w><w c5="VBI" hw="be" pos="VERB">be </w><w c5="VVN" hw="repeat" pos="VERB">repeated </w><w c5="CJS" hw="because" pos="CONJ">because </w><w c5="AT0" hw="the" pos="ART">the </w><w c5="NN2" hw="american" pos="SUBST">Americans </w><w c5="VVD" hw="transplant" pos="VERB">transplanted </w><w c5="AT0" hw="the" pos="ART">the </w><w c5="NN1" hw="gene" pos="SUBST">gene </w><w c5="PRP" hw="into" pos="PREP">into </w><w c5="NN2" hw="cell" pos="SUBST">cells </w><w c5="CJT" hw="that" pos="CONJ">that </w><w c5="AV0" hw="only" pos="ADV">only </w><w c5="VVB" hw="live" pos="VERB">live </w><w c5="PRP" hw="for" pos="PREP">for </w><w c5="AT0" hw="a" pos="ART">a </w><w c5="DT0" hw="few" pos="ADJ">few </w><w c5="NN2" hw="month" pos="SUBST">months</w><c c5="PUN">.</c></s>
<s n="28"><w c5="AV0" hw="now" pos="ADV">Now</w><c c5="PUN">, </c><w c5="AT0" hw="the" pos="ART">the </w><w c5="NN2" hw="italian" pos="SUBST">Italians </w><w c5="VHB" hw="have" pos="VERB">have </w><w c5="VVN" hw="transplant" pos="VERB">transplanted </w><w c5="AT0" hw="the" pos="ART">the </w><w c5="NN1" hw="gene" pos="SUBST">gene </w><w c5="PRP" hw="into" pos="PREP">into </w><w c5="AJ0" hw="so-called" pos="ADJ">so-called </w><w c5="NN1" hw="stem" pos="SUBST">stem </w><w c5="NN2" hw="cell" pos="SUBST">cells </w><w c5="DTQ" hw="which" pos="PRON">which </w><w c5="PRP" hw="in" pos="PREP">in </w><w c5="NN1" hw="theory" pos="SUBST">theory </w><w c5="VHB" hw="have" pos="VERB">have </w><w c5="AT0" hw="an" pos="ART">an </w><w c5="AJ0" hw="unlimited" pos="ADJ">unlimited </w><w c5="NN1" hw="life" pos="SUBST">life </w><w c5="NN1" hw="span" pos="SUBST">span</w><c c5="PUN">.</c></s></p><p>
<s n="29"><w c5="CJS" hw="if" pos="CONJ">If </w><w c5="AJ0" hw="successful" pos="ADJ">successful</w><c c5="PUN">, </c><w c5="AT0" hw="the" pos="ART">the </w><w c5="NN1" hw="procedure" pos="SUBST">procedure </w><w c5="VM0" hw="could" pos="VERB">could </w><w c5="VVI" hw="cure" pos="VERB">cure </w><w c5="AT0" hw="the" pos="ART">the </w><w c5="NN1" hw="child" pos="SUBST">child </w><w c5="AV0" hw="completely" pos="ADV">completely </w><w c5="PRP" hw="without" pos="PREP">without </w><w c5="AT0" hw="the" pos="ART">the </w><w c5="NN1" hw="need" pos="SUBST">need </w><w c5="PRP" hw="for" pos="PREP">for </w><w c5="AJ0" hw="repeated" pos="ADJ">repeated </w><w c5="NN2" hw="transplant" pos="SUBST">transplants</w><c c5="PUN">.</c></s></p></div></wtext></bncDoc>
