<bncDoc xml:id="AK1"><teiHeader><fileDesc><titleStmt><title>  Daily Telegraph, electronic edition of 1992-04-11: News and features. Sample containing about 740 words from a periodical (domain: social science) </title><respStmt><resp> Data capture and transcription </resp><name> Oxford University Press </name> </respStmt></titleStmt><editionStmt><edition>BNC XML Edition, December 2006</edition></editionStmt><extent> 740 tokens; 746 w-units; 36 s-units </extent><publicationStmt><distributor>Distributed under licence by Oxford University Computing Services on behalf of the BNC Consortium.</distributor><availability> This material is protected by international copyright laws and may not be copied or redistributed in any way. Consult the BNC Web Site at http://www.natcorp.ox.ac.uk for full licencing and distribution conditions.</availability><idno type="bnc">AK1</idno><idno type="old"> DhSoci </idno></publicationStmt><sourceDesc><bibl><title>Daily Telegraph, electronic edition of 1992-04-11: News and features.</title> <imprint n="DAILYT1"><publisher>The Daily Telegraph plc</publisher> <pubPlace>London</pubPlace> <date value="1992">1992</date> </imprint> </bibl></sourceDesc></fileDesc><encodingDesc><tagsDecl><namespace name=""><tagUsage gi="c" occurs="85"/><tagUsage gi="div" occurs="2"/><tagUsage gi="head" occurs="4"/><tagUsage gi="mw" occurs="5"/><tagUsage gi="p" occurs="25"/><tagUsage gi="s" occurs="36"/><tagUsage gi="w" occurs="746"/></namespace></tagsDecl></encodingDesc><profileDesc><creation date="1992"> </creation><textClass><catRef targets="WRI ALLTIM3 ALLAVA2 ALLTYP3 WRIAAG0 WRIAD0 WRIASE3 WRIATY2 WRIAUD3 WRIDOM4 WRILEV2 WRIMED2 WRIPP5 WRISAM0 WRISTA3 WRITAS3"/><classCode scheme="DLEE">W newsp brdsht nat: social</classCode><keywords><term> (none) </term></keywords></textClass></profileDesc><revisionDesc><change date="2006-10-21" who="#OUCS">Tag usage updated for BNC-XML</change><change date="2000-12-13" who="#OUCS">Last check for BNC World first release</change><change date="2000-09-06" who="#OUCS">Redo tagusage tables</change><change date="2000-09-01" who="#OUCS">Check all tagcounts</change><change date="2000-06-23" who="#OUCS">Resequenced s-units and added headers</change><change date="2000-01-21" who="#OUCS">Added date info</change><change date="2000-01-09" who="#OUCS">Updated all catrefs</change><change date="2000-01-08" who="#OUCS">Updated source title</change><change date="2000-01-08" who="#OUCS">Updated titles</change><change date="1999-12-25" who="#OUCS">corrected tagUsage</change><change date="1999-09-13" who="#UCREL">POS codes revised for BNC-2; header updated</change><change date="1994-11-24" who="#dominic">Initial accession to corpus</change></revisionDesc></teiHeader>
<wtext type="NEWS"><div level="1"><head type="MAIN">
<s n="1"><w c5="NN2" hw="therapist" pos="SUBST">Therapists </w><w c5="VVD" hw="ask" pos="VERB">asked</w><c c5="PUN">: </c><w c5="VHB" hw="have" pos="VERB">have </w><w c5="PNP" hw="you" pos="PRON">you </w><w c5="VHN" hw="have" pos="VERB">had </w><w c5="NN1" hw="sex" pos="SUBST">sex </w><w c5="PRP" hw="with" pos="PREP">with </w><w c5="DPS" hw="you" pos="PRON">your </w><w c5="NN1" hw="patient" pos="SUBST">patient</w><c c5="PUN">?</c></s></head><head type="BYLINE">
<s n="2"><w c5="PRP" hw="by" pos="PREP">By </w><w c5="NP0" hw="david" pos="SUBST">David </w><w c5="NP0" hw="fletcher" pos="SUBST">Fletcher</w><c c5="PUN">, </c><w c5="NN1" hw="health" pos="SUBST">Health </w><w c5="NN2" hw="service" pos="SUBST">Services </w><w c5="NN1" hw="correspondent" pos="SUBST">Correspondent</w></s></head><p>
<s n="3"><mw c5="AV0"><w c5="AV0" hw="more" pos="ADV">MORE </w><w c5="CJS" hw="than" pos="CONJ">THAN </w></mw><w c5="CRD" hw="1,000" pos="ADJ">1,000 </w><w c5="NN2" hw="psychologist" pos="SUBST">psychologists </w><w c5="VBB" hw="be" pos="VERB">are </w><w c5="TO0" hw="to" pos="PREP">to </w><w c5="VBI" hw="be" pos="VERB">be </w><w c5="VVN" hw="ask" pos="VERB">asked </w><w c5="TO0" hw="to" pos="PREP">to </w><w c5="VVI" hw="reveal" pos="VERB">reveal </w><w c5="CJS" hw="whether" pos="CONJ">whether </w><w c5="PNP" hw="they" pos="PRON">they </w><w c5="VHB" hw="have" pos="VERB">have </w><w c5="AV0" hw="ever" pos="ADV">ever </w><w c5="VVN" hw="sleep" pos="VERB">slept </w><w c5="PRP" hw="with" pos="PREP">with </w><w c5="AT0" hw="a" pos="ART">a </w><w c5="NN1-AJ0" hw="patient" pos="SUBST">patient</w><c c5="PUN">.</c></s></p><p>
<s n="4"><w c5="AT0" hw="a" pos="ART">A </w><w c5="AJ0" hw="confidential" pos="ADJ">confidential </w><w c5="NN1" hw="study" pos="SUBST">study </w><w c5="VVN-VVD" hw="design" pos="VERB">designed </w><w c5="TO0" hw="to" pos="PREP">to </w><w c5="VVI" hw="assess" pos="VERB">assess </w><w c5="AT0" hw="the" pos="ART">the </w><w c5="NN1" hw="extent" pos="SUBST">extent </w><w c5="PRF" hw="of" pos="PREP">of </w><w c5="AJ0" hw="professional" pos="ADJ">professional </w><w c5="NN1" hw="abuse" pos="SUBST">abuse</w><c c5="PUN">, </c><w c5="VVZ" hw="follow" pos="VERB">follows </w><w c5="NN2" hw="investigation" pos="SUBST">investigations </w><w c5="PRP" hw="in" pos="PREP">in </w><w c5="NP0" hw="america" pos="SUBST">America </w><w c5="CJT-DT0" hw="that" pos="CONJ">that </w><w c5="VVD" hw="show" pos="VERB">showed </w><w c5="PNI-CRD" hw="one" pos="PRON">one </w><w c5="PRP" hw="in" pos="PREP">in </w><w c5="CRD" hw="10" pos="ADJ">10 </w><w c5="NN2" hw="counsellor" pos="SUBST">counsellors </w><w c5="VVD-VVN" hw="develop" pos="VERB">developed </w><w c5="AJ0" hw="sexual" pos="ADJ">sexual </w><w c5="NN2" hw="relationship" pos="SUBST">relationships </w><w c5="PRP" hw="with" pos="PREP">with </w><w c5="DT0" hw="those" pos="ADJ">those </w><w c5="PNP" hw="they" pos="PRON">they </w><w c5="VM0" hw="should" pos="VERB">should </w><w c5="VHI" hw="have" pos="VERB">have </w><w c5="VBN" hw="be" pos="VERB">been </w><w c5="VVG" hw="help" pos="VERB">helping</w><c c5="PUN">.</c></s></p><p>
<s n="5"><w c5="PRP" hw="in" pos="PREP">In </w><w c5="NP0" hw="britain" pos="SUBST">Britain</w><c c5="PUN">, </c><w c5="PNI" hw="one" pos="PRON">one </w><w c5="VHZ" hw="have" pos="VERB">has </w><w c5="AV0" hw="already" pos="ADV">already </w><w c5="VBN" hw="be" pos="VERB">been </w><w c5="VVN" hw="strike" pos="VERB">struck </w><w c5="AVP" hw="off" pos="ADV">off </w><w c5="CJC" hw="and" pos="CONJ">and </w><w c5="CRD" hw="three" pos="ADJ">three </w><w c5="NN2" hw="other" pos="SUBST">others </w><w c5="VBB" hw="be" pos="VERB">are </w><w c5="VVG" hw="face" pos="VERB">facing </w><w c5="AJ0" hw="disciplinary" pos="ADJ">disciplinary </w><w c5="NN2" hw="hearing" pos="SUBST">hearings </w><w c5="PRP" hw="for" pos="PREP">for </w><w c5="AJ0" hw="improper" pos="ADJ">improper </w><w c5="AJ0" hw="sexual" pos="ADJ">sexual </w><w c5="NN1" hw="conduct" pos="SUBST">conduct </w><w c5="PRP" hw="with" pos="PREP">with </w><w c5="NN2" hw="patient" pos="SUBST">patients</w><c c5="PUN">, </c><w c5="AT0" hw="the" pos="ART">the </w><w c5="AJ0" hw="british" pos="ADJ">British </w><w c5="AJ0" hw="psychological" pos="ADJ">Psychological </w><w c5="NN1" hw="society" pos="SUBST">Society </w><w c5="VVN" hw="disclose" pos="VERB">disclosed </w><w c5="PRP" hw="at" pos="PREP">at </w><w c5="DPS" hw="it" pos="PRON">its </w><w c5="AJ0" hw="annual" pos="ADJ">annual </w><w c5="NN1" hw="conference" pos="SUBST">conference </w><w c5="PRP" hw="in" pos="PREP">in </w><w c5="NP0" hw="scarborough" pos="SUBST">Scarborough </w><w c5="AV0" hw="yesterday" pos="ADV">yesterday</w><c c5="PUN">.</c></s></p><p>
<s n="6"><w c5="NN2" hw="complaint" pos="SUBST">Complaints </w><w c5="PRP" hw="by" pos="PREP">by </w><w c5="NN2" hw="patient" pos="SUBST">patients </w><w c5="PRP" hw="against" pos="PREP">against </w><w c5="CRD" hw="two" pos="ADJ">two </w><w c5="DT0" hw="more" pos="ADJ">more </w><w c5="VBB" hw="be" pos="VERB">are </w><w c5="VBG" hw="be" pos="VERB">being </w><w c5="VVN" hw="investigate" pos="VERB">investigated </w><w c5="CJC" hw="and" pos="CONJ">and </w><w c5="CRD" hw="three" pos="ADJ">three </w><w c5="NN2" hw="other" pos="SUBST">others </w><w c5="VHB" hw="have" pos="VERB">have </w><w c5="VBN" hw="be" pos="VERB">been </w><w c5="VVN" hw="clear" pos="VERB">cleared</w><c c5="PUN">.</c></s></p><p>
<s n="7"><w c5="NP0" hw="dr" pos="SUBST">Dr </w><w c5="NP0" hw="sue" pos="SUBST">Sue </w><w c5="NP0" hw="llewelyn" pos="SUBST">Llewelyn</w><c c5="PUN">, </c><w c5="AT0" hw="a" pos="ART">a </w><w c5="NN1" hw="lecturer" pos="SUBST">lecturer </w><w c5="PRP" hw="in" pos="PREP">in </w><w c5="NN1" hw="psychology" pos="SUBST">psychology </w><w c5="PRP" hw="at" pos="PREP">at </w><w c5="NP0" hw="edinburgh" pos="SUBST">Edinburgh </w><w c5="NN1" hw="university" pos="SUBST">University</w><c c5="PUN">, </c><w c5="VVD" hw="say" pos="VERB">said </w><w c5="NN2" hw="psychologist" pos="SUBST">psychologists </w><w c5="VBD" hw="be" pos="VERB">were </w><w c5="AJ0" hw="aware" pos="ADJ">aware </w><w c5="EX0" hw="there" pos="PRON">there </w><w c5="VBD" hw="be" pos="VERB">was </w><w c5="AT0" hw="a" pos="ART">a </w><w c5="NN1" hw="problem" pos="SUBST">problem</w><c c5="PUN">, </c><w c5="CJC" hw="but" pos="CONJ">but </w><w c5="VDD" hw="do" pos="VERB">did </w><w c5="XX0" hw="not" pos="ADV">not </w><w c5="VVI" hw="know" pos="VERB">know </w><w c5="AT0" hw="the" pos="ART">the </w><w c5="NN1" hw="extent" pos="SUBST">extent </w><w c5="PRF" hw="of" pos="PREP">of </w><w c5="PNP" hw="it" pos="PRON">it</w><c c5="PUN">.</c></s></p><p>
<s n="8"><w c5="PNP" hw="she" pos="PRON">She </w><w c5="VVD" hw="say" pos="VERB">said</w><c c5="PUN">: </c><c c5="PUQ">‘</c><w c5="AT0" hw="the" pos="ART">The </w><w c5="ORD" hw="first" pos="ADJ">first </w><w c5="NN1" hw="time" pos="SUBST">time </w><w c5="PNP" hw="i" pos="PRON">I </w><w c5="VVD" hw="hear" pos="VERB">heard </w><w c5="PRF" hw="of" pos="PREP">of </w><w c5="AT0" hw="a" pos="ART">a </w><w c5="NN1" hw="case" pos="SUBST">case </w><w c5="PNP" hw="i" pos="PRON">I </w><w c5="VM0" hw="could" pos="VERB">could </w><w c5="XX0" hw="not" pos="ADV">not </w><w c5="VVI" hw="believe" pos="VERB">believe </w><w c5="PNP" hw="it" pos="PRON">it</w><c c5="PUN">.</c></s>
<s n="9"><w c5="CJC" hw="but" pos="CONJ">But </w><w c5="PNP" hw="i" pos="PRON">I </w><w c5="VHB" hw="have" pos="VERB">have </w><w c5="AV0" hw="since" pos="ADV">since </w><w c5="VVN" hw="come" pos="VERB">come </w><w c5="PRP" hw="across" pos="PREP">across </w><w c5="CRD" hw="three" pos="ADJ">three </w><w c5="AJ0" hw="other" pos="ADJ">other </w><w c5="NN2" hw="instance" pos="SUBST">instances</w><c c5="PUN">.</c></s></p><p>
<s n="10"><c c5="PUQ">‘</c><w c5="DT0" hw="most" pos="ADJ">Most </w><w c5="NN2" hw="therapist" pos="SUBST">therapists </w><w c5="VHB" hw="have" pos="VERB">have</w><c c5="PUN">, </c><w c5="PRP" hw="at" pos="PREP">at </w><w c5="DT0" hw="some" pos="ADJ">some </w><w c5="NN1" hw="stage" pos="SUBST">stage</w><c c5="PUN">, </c><w c5="AJ0-VVD" hw="experienced" pos="ADJ">experienced </w><w c5="NN2" hw="feeling" pos="SUBST">feelings </w><w c5="PRF" hw="of" pos="PREP">of </w><w c5="NN1" hw="attraction" pos="SUBST">attraction </w><w c5="PRP" hw="to" pos="PREP">to </w><w c5="NN2" hw="client" pos="SUBST">clients</w><c c5="PUN">, </c><w c5="CJC" hw="but" pos="CONJ">but </w><w c5="DT0" hw="that" pos="ADJ">that </w><w c5="VBZ" hw="be" pos="VERB">is </w><w c5="AV0" hw="quite" pos="ADV">quite </w><w c5="AJ0" hw="normal" pos="ADJ">normal </w><w c5="CJS" hw="when" pos="CONJ">when </w><w c5="PNP" hw="you" pos="PRON">you </w><w c5="VBB" hw="be" pos="VERB">are </w><w c5="PRP" hw="in" pos="PREP">in </w><w c5="AT0" hw="an" pos="ART">an </w><w c5="AJ0" hw="intense" pos="ADJ">intense </w><w c5="NN1" hw="relationship" pos="SUBST">relationship </w><w c5="PRP" hw="behind" pos="PREP">behind </w><w c5="AJ0" hw="closed" pos="ADJ">closed </w><w c5="NN2" hw="door" pos="SUBST">doors</w><c c5="PUN">.</c></s></p><p>
<s n="11"><c c5="PUQ">‘</c><w c5="CJC" hw="but" pos="CONJ">But </w><w c5="TO0" hw="to" pos="PREP">to </w><w c5="VVI" hw="give" pos="VERB">give </w><w c5="NN1" hw="way" pos="SUBST">way </w><w c5="PRP" hw="to" pos="PREP">to </w><w c5="DT0" hw="those" pos="ADJ">those </w><w c5="NN2" hw="feeling" pos="SUBST">feelings</w><c c5="PUN">, </c><w c5="CJC" hw="and" pos="CONJ">and </w><w c5="VVB" hw="start" pos="VERB">start </w><w c5="AT0" hw="a" pos="ART">a </w><w c5="AJ0" hw="sexual" pos="ADJ">sexual </w><w c5="NN1" hw="relationship" pos="SUBST">relationship </w><w c5="PRP" hw="with" pos="PREP">with </w><w c5="AT0" hw="the" pos="ART">the </w><w c5="NN1" hw="patient" pos="SUBST">patient </w><w c5="VBD" hw="be" pos="VERB">was </w><w c5="AT0" hw="a" pos="ART">a </w><w c5="NN1" hw="betrayal" pos="SUBST">betrayal </w><w c5="PRF" hw="of" pos="PREP">of </w><w c5="AT0" hw="the" pos="ART">the </w><w c5="NN1" hw="therapist" pos="SUBST">therapist</w><w c5="POS" hw="'s" pos="UNC">'s </w><w c5="NN1" hw="role" pos="SUBST">role</w><c c5="PUN">, </c><w c5="DTQ" hw="which" pos="PRON">which </w><w c5="VM0" hw="could" pos="VERB">could </w><w c5="AV0" hw="only" pos="ADV">only </w><w c5="VVI" hw="damage" pos="VERB">damage </w><w c5="AT0" hw="the" pos="ART">the </w><w c5="NN1" hw="patient" pos="SUBST">patient</w><c c5="PUN">.</c></s></p><p>
<s n="12"><c c5="PUQ">‘</c><w c5="CJS" hw="if" pos="CONJ">If </w><w c5="PNP" hw="you" pos="PRON">you </w><w c5="VBB" hw="be" pos="VERB">are </w><w c5="PNI" hw="someone" pos="PRON">someone</w><w c5="POS" hw="'s" pos="UNC">'s </w><w c5="NN1" hw="therapist" pos="SUBST">therapist</w><c c5="PUN">, </c><w c5="PNP" hw="you" pos="PRON">you </w><w c5="VM0" hw="can" pos="VERB">can</w><w c5="XX0" hw="not" pos="ADV">not </w><w c5="VBI" hw="be" pos="VERB">be </w><w c5="DPS" hw="they" pos="PRON">their </w><w c5="NN1" hw="lover" pos="SUBST">lover</w><c c5="PUN">.</c></s>
<s n="13"><w c5="DT0" hw="all" pos="ADJ">All </w><w c5="AT0" hw="the" pos="ART">the </w><w c5="NN1" hw="evidence" pos="SUBST">evidence </w><w c5="VBZ" hw="be" pos="VERB">is </w><w c5="CJT" hw="that" pos="CONJ">that </w><w c5="PNP" hw="it" pos="PRON">it </w><w c5="VBZ" hw="be" pos="VERB">is </w><w c5="AV0" hw="overwhelmingly" pos="ADV">overwhelmingly </w><w c5="AJ0" hw="harmful" pos="ADJ">harmful </w><w c5="PRP" hw="to" pos="PREP">to </w><w c5="AT0" hw="the" pos="ART">the </w><w c5="NN1" hw="patient" pos="SUBST">patient</w><c c5="PUN">.</c><c c5="PUQ">’</c></s></p><p>
<s n="14"><w c5="NN2" hw="letter" pos="SUBST">Letters </w><w c5="VHB" hw="have" pos="VERB">have </w><w c5="VBN" hw="be" pos="VERB">been </w><w c5="VVN" hw="send" pos="VERB">sent </w><w c5="PRP" hw="to" pos="PREP">to </w><w c5="CRD" hw="1,000" pos="ADJ">1,000 </w><w c5="NN2" hw="psychologist" pos="SUBST">psychologists</w><c c5="PUN">, </c><w c5="VVG" hw="ask" pos="VERB">asking </w><w c5="PNP" hw="they" pos="PRON">them </w><w c5="TO0" hw="to" pos="PREP">to </w><w c5="VVI" hw="reply" pos="VERB">reply </w><w c5="AV0" hw="anonymously" pos="ADV">anonymously </w><w c5="PRP" hw="to" pos="PREP">to </w><w c5="NN2" hw="question" pos="SUBST">questions </w><w c5="PRP" hw="about" pos="PREP">about </w><w c5="DPS" hw="they" pos="PRON">their </w><w c5="NN2" hw="relationship" pos="SUBST">relationships </w><w c5="PRP" hw="with" pos="PREP">with </w><w c5="NN2" hw="patient" pos="SUBST">patients</w><c c5="PUN">.</c></s>
<s n="15"><w c5="CRD" hw="one" pos="ADJ">One </w><w c5="NN1" hw="question" pos="SUBST">question </w><w c5="VVZ" hw="ask" pos="VERB">asks </w><w c5="AV0-AJ0" hw="bluntly" pos="ADV">bluntly </w><w c5="CJS" hw="if" pos="CONJ">if </w><w c5="PNP" hw="they" pos="PRON">they </w><w c5="VHB" hw="have" pos="VERB">have </w><w c5="AV0" hw="ever" pos="ADV">ever </w><w c5="VHN" hw="have" pos="VERB">had </w><w c5="AJ0" hw="sexual" pos="ADJ">sexual </w><w c5="NN1" hw="intercourse" pos="SUBST">intercourse </w><w c5="PRP" hw="with" pos="PREP">with </w><w c5="DT0" hw="any" pos="ADJ">any </w><w c5="PRF" hw="of" pos="PREP">of </w><w c5="PNP" hw="they" pos="PRON">them</w><c c5="PUN">.</c></s></p><p>
<s n="16"><w c5="NP0" hw="mr" pos="SUBST">Mr </w><w c5="NP0" hw="bruce" pos="SUBST">Bruce </w><w c5="NP0" hw="napier" pos="SUBST">Napier</w><c c5="PUN">, </c><w c5="AT0" hw="a" pos="ART">a </w><w c5="AJ0" hw="chartered" pos="ADJ">chartered </w><w c5="AJ0" hw="clinical" pos="ADJ">clinical </w><w c5="NN1" hw="psychologist" pos="SUBST">psychologist </w><w c5="AV0" hw="once" pos="ADV">once </w><mw c5="PRP"><w c5="PRP" hw="in" pos="PREP">in </w><w c5="NN1" hw="charge" pos="SUBST">charge </w><w c5="PRF" hw="of" pos="PREP">of </w></mw><w c5="AT0" hw="the" pos="ART">the </w><w c5="NN1" hw="society" pos="SUBST">society</w><w c5="POS" hw="'s" pos="UNC">'s </w><w c5="AJ0" hw="disciplinary" pos="ADJ">disciplinary </w><w c5="NN2" hw="procedure" pos="SUBST">procedures</w><c c5="PUN">, </c><w c5="VVD" hw="say" pos="VERB">said</w><c c5="PUN">: </c><c c5="PUQ">‘</c><w c5="CJS" hw="if" pos="CONJ">If </w><w c5="PNP" hw="you" pos="PRON">you </w><w c5="VVB" hw="go" pos="VERB">go </w><w c5="TO0" hw="to" pos="PREP">to </w><w c5="VVI" hw="see" pos="VERB">see </w><w c5="AT0" hw="a" pos="ART">a </w><w c5="NN1" hw="therapist" pos="SUBST">therapist </w><w c5="PRP" hw="for" pos="PREP">for </w><w c5="AT0" hw="an" pos="ART">an </w><w c5="NN1" hw="hour" pos="SUBST">hour </w><w c5="AT0" hw="a" pos="ART">a </w><w c5="NN1" hw="week" pos="SUBST">week </w><w c5="TO0" hw="to" pos="PREP">to </w><w c5="VVI" hw="talk" pos="VERB">talk </w><w c5="PRP" hw="about" pos="PREP">about </w><w c5="DPS" hw="you" pos="PRON">your </w><w c5="AV0" hw="most" pos="ADV">most </w><w c5="AJ0" hw="intimate" pos="ADJ">intimate </w><w c5="NN2" hw="feeling" pos="SUBST">feelings</w><c c5="PUN">, </c><w c5="PNP" hw="it" pos="PRON">it </w><w c5="VBZ" hw="be" pos="VERB">is </w><w c5="AJ0" hw="understandable" pos="ADJ">understandable </w><w c5="PNP" hw="you" pos="PRON">you </w><w c5="VM0" hw="may" pos="VERB">may </w><w c5="VVI" hw="develop" pos="VERB">develop </w><w c5="AV0" hw="more" pos="ADV">more </w><w c5="AJ0" hw="powerful" pos="ADJ">powerful </w><w c5="NN2" hw="feeling" pos="SUBST">feelings </w><w c5="PRP" hw="for" pos="PREP">for </w><w c5="PNP" hw="he" pos="PRON">him </w><w c5="CJS" hw="than" pos="CONJ">than </w><w c5="PNP" hw="you" pos="PRON">you </w><w c5="VM0" hw="would" pos="VERB">would </w><w c5="PRP" hw="for" pos="PREP">for </w><w c5="DPS" hw="you" pos="PRON">your </w><w c5="NN1" hw="bank" pos="SUBST">bank </w><w c5="NN1" hw="manager" pos="SUBST">manager </w><w c5="CJC" hw="or" pos="CONJ">or </w><w c5="NN1" hw="solicitor" pos="SUBST">solicitor</w><c c5="PUN">.</c><c c5="PUQ">’</c></s></p><p>
<s n="17"><w c5="PNP" hw="he" pos="PRON">He </w><w c5="VVD" hw="say" pos="VERB">said </w><w c5="AT0" hw="a" pos="ART">a </w><w c5="AJ0" hw="skilled" pos="ADJ">skilled </w><w c5="CJC" hw="and" pos="CONJ">and </w><w c5="AJ0" hw="ethical" pos="ADJ">ethical </w><w c5="NN1" hw="therapist" pos="SUBST">therapist </w><w c5="VM0" hw="would" pos="VERB">would </w><w c5="VVI" hw="resist" pos="VERB">resist </w><w c5="DT0" hw="such" pos="ADJ">such </w><w c5="AT0" hw="an" pos="ART">an </w><w c5="NN1" hw="advance" pos="SUBST">advance</w><c c5="PUN">, </c><w c5="VVG" hw="know" pos="VERB">knowing </w><w c5="AT0" hw="the" pos="ART">the </w><w c5="NN1-VVB" hw="harm" pos="SUBST">harm </w><w c5="PNP" hw="it" pos="PRON">it </w><w c5="VM0" hw="might" pos="VERB">might </w><w c5="VVI" hw="cause" pos="VERB">cause </w><w c5="AT0" hw="the" pos="ART">the </w><w c5="NN1" hw="patient" pos="SUBST">patient</w><c c5="PUN">.</c></s></p><p>
<s n="18"><w c5="NN2" hw="child" pos="SUBST">Children </w><w c5="AV0" hw="still" pos="ADV">still </w><w c5="VVB" hw="see" pos="VERB">see </w><w c5="DPS" hw="they" pos="PRON">their </w><w c5="NN2" hw="mother" pos="SUBST">mothers </w><w c5="CJS" hw="as" pos="CONJ">as </w><w c5="AJ0" hw="responsible" pos="ADJ">responsible </w><w c5="PRP" hw="for" pos="PREP">for </w><w c5="AJ0" hw="domestic" pos="ADJ">domestic </w><w c5="NN2" hw="chore" pos="SUBST">chores </w><w c5="CJS" hw="while" pos="CONJ">while </w><w c5="DPS" hw="they" pos="PRON">their </w><w c5="NN2" hw="father" pos="SUBST">fathers </w><w c5="VVB" hw="relax" pos="VERB">relax </w><w c5="CJC" hw="and" pos="CONJ">and </w><w c5="VVB-NN1" hw="watch" pos="VERB">watch </w><w c5="NN1" hw="television" pos="SUBST">television</w><c c5="PUN">, </c><w c5="VVZ" hw="say" pos="VERB">says </w><w c5="AT0" hw="a" pos="ART">a </w><w c5="NN1" hw="study" pos="SUBST">study </w><w c5="PRF" hw="of" pos="PREP">of </w><w c5="CRD" hw="eight" pos="ADJ">eight </w><w c5="PRP" hw="to" pos="PREP">to </w><w c5="NN2" hw="11-year-old" pos="SUBST">11-year-olds</w><c c5="PUN">.</c></s></p><p>
<s n="19"><w c5="NP0" hw="dr" pos="SUBST">Dr </w><w c5="NP0" hw="margaret" pos="SUBST">Margaret </w><w c5="NP0" hw="o'brien" pos="SUBST">O'Brien</w><c c5="PUN">, </c><w c5="AT0" hw="a" pos="ART">a </w><w c5="AJ0" hw="chartered" pos="ADJ">chartered </w><w c5="NN1" hw="psychologist" pos="SUBST">psychologist </w><w c5="PRP" hw="at" pos="PREP">at </w><w c5="NN1" hw="east" pos="SUBST">East </w><w c5="NP0" hw="london" pos="SUBST">London </w><w c5="NN1" hw="polytechnic" pos="SUBST">Polytechnic </w><w c5="CJC" hw="and" pos="CONJ">and </w><w c5="NN1" hw="author" pos="SUBST">author </w><w c5="PRF" hw="of" pos="PREP">of </w><w c5="AT0" hw="the" pos="ART">The </w><w c5="AJ0" hw="new" pos="ADJ">New </w><w c5="NN1" hw="man" pos="SUBST">Man</w><c c5="PUN">, </c><w c5="VVD" hw="tell" pos="VERB">told </w><w c5="AT0" hw="the" pos="ART">the </w><w c5="NN1" hw="conference" pos="SUBST">conference</w><c c5="PUN">: </c><c c5="PUQ">‘</c><w c5="CJS" hw="though" pos="CONJ">Though </w><w c5="EX0" hw="there" pos="PRON">there </w><w c5="VHB" hw="have" pos="VERB">have </w><w c5="VBN" hw="be" pos="VERB">been </w><w c5="DT0" hw="many" pos="ADJ">many </w><w c5="NN2" hw="change" pos="SUBST">changes </w><w c5="PRP" hw="in" pos="PREP">in </w><w c5="NN1" hw="family" pos="SUBST">family </w><w c5="NN1" hw="life" pos="SUBST">life </w><w c5="PRP" hw="over" pos="PREP">over </w><w c5="AT0" hw="the" pos="ART">the </w><w c5="NN1" hw="century" pos="SUBST">century</w><c c5="PUN">, </c><w c5="PNP" hw="it" pos="PRON">it </w><w c5="VBZ" hw="be" pos="VERB">is </w><w c5="AJ0" hw="surprising" pos="ADJ">surprising </w><w c5="TO0" hw="to" pos="PREP">to </w><w c5="VVI" hw="discover" pos="VERB">discover </w><w c5="CJT" hw="that" pos="CONJ">that </w><w c5="NN2" hw="child" pos="SUBST">children </w><w c5="VVB" hw="seem" pos="VERB">seem </w><w c5="TO0" hw="to" pos="PREP">to </w><w c5="VHI" hw="have" pos="VERB">have </w><w c5="DT0" hw="such" pos="ADJ">such </w><w c5="AT0" hw="a" pos="ART">a </w><w c5="AJ0" hw="traditional" pos="ADJ">traditional </w><w c5="NN1" hw="view" pos="SUBST">view</w><c c5="PUN">.</c><c c5="PUQ">’</c></s></p><p>
<s n="20"><w c5="PRP" hw="as" pos="PREP">As </w><w c5="NN1" hw="part" pos="SUBST">part </w><w c5="PRF" hw="of" pos="PREP">of </w><w c5="DPS" hw="she" pos="PRON">her </w><w c5="NN1" hw="study" pos="SUBST">study</w><c c5="PUN">, </c><w c5="PNP" hw="she" pos="PRON">she </w><w c5="VVD" hw="ask" pos="VERB">asked </w><w c5="NN2" hw="child" pos="SUBST">children </w><w c5="TO0" hw="to" pos="PREP">to </w><w c5="VVI" hw="draw" pos="VERB">draw </w><w c5="NN2" hw="picture" pos="SUBST">pictures </w><w c5="PRF" hw="of" pos="PREP">of </w><w c5="DPS" hw="they" pos="PRON">their </w><w c5="NN1" hw="family" pos="SUBST">family </w><w c5="CJC" hw="and" pos="CONJ">and </w><w c5="VBD" hw="be" pos="VERB">was </w><w c5="AJ0" hw="surprised" pos="ADJ">surprised </w><w c5="TO0" hw="to" pos="PREP">to </w><w c5="VVI" hw="find" pos="VERB">find </w><w c5="PNP" hw="they" pos="PRON">they </w><w c5="AV0" hw="nearly" pos="ADV">nearly </w><w c5="AV0" hw="always" pos="ADV">always </w><w c5="VVD" hw="place" pos="VERB">placed </w><w c5="DPS" hw="they" pos="PRON">their </w><w c5="NN1" hw="mother" pos="SUBST">mother </w><c c5="PUN">— </c><w c5="CJC" hw="but" pos="CONJ">but </w><w c5="AV0" hw="never" pos="ADV">never </w><w c5="DPS" hw="they" pos="PRON">their </w><w c5="NN1" hw="father" pos="SUBST">father </w><c c5="PUN">— </c><w c5="PRP" hw="in" pos="PREP">in </w><w c5="AT0" hw="the" pos="ART">the </w><w c5="NN1" hw="kitchen" pos="SUBST">kitchen</w><c c5="PUN">.</c></s>
<s n="21"><w c5="NN2" hw="father" pos="SUBST">Fathers </w><w c5="VBD" hw="be" pos="VERB">were </w><w c5="VVN" hw="show" pos="VERB">shown </w><w c5="VVG" hw="watch" pos="VERB">watching </w><w c5="NN1" hw="television" pos="SUBST">television </w><w c5="CJC" hw="or" pos="CONJ">or </w><w c5="AJ0" hw="involved" pos="ADJ">involved </w><w c5="PRP" hw="in" pos="PREP">in </w><w c5="NN1" hw="diy" pos="SUBST">DIY</w><c c5="PUN">.</c></s></p><p>
<s n="22"><w c5="CJS" hw="when" pos="CONJ">When </w><w c5="PNP" hw="she" pos="PRON">she </w><w c5="VVD" hw="ask" pos="VERB">asked </w><w c5="AT0" hw="the" pos="ART">the </w><w c5="CRD" hw="56" pos="ADJ">56 </w><w c5="NN2" hw="child" pos="SUBST">children </w><w c5="PRP" hw="in" pos="PREP">in </w><w c5="AT0" hw="the" pos="ART">the </w><w c5="NN1" hw="study" pos="SUBST">study </w><w c5="PNQ" hw="who" pos="PRON">who </w><w c5="PNP" hw="they" pos="PRON">they </w><w c5="VM0" hw="would" pos="VERB">would </w><w c5="VVI" hw="go" pos="VERB">go </w><w c5="PRP" hw="to" pos="PREP">to </w><w c5="CJS" hw="if" pos="CONJ">if </w><w c5="AJ0-VVN" hw="worried" pos="ADJ">worried </w><w c5="PRP" hw="about" pos="PREP">about </w><w c5="PNI" hw="something" pos="PRON">something</w><c c5="PUN">, </c><w c5="PNP" hw="they" pos="PRON">they </w><w c5="VVD" hw="choose" pos="VERB">chose </w><w c5="DPS" hw="they" pos="PRON">their </w><w c5="NN1" hw="mother" pos="SUBST">mother</w><c c5="PUN">; </c><w c5="XX0" hw="not" pos="ADV">not </w><w c5="PNI" hw="one" pos="PRON">one </w><w c5="VVD" hw="say" pos="VERB">said </w><w c5="PNP" hw="they" pos="PRON">they </w><w c5="VM0" hw="would" pos="VERB">would </w><w c5="VVI" hw="go" pos="VERB">go </w><w c5="PRP" hw="to" pos="PREP">to </w><w c5="DPS" hw="they" pos="PRON">their </w><w c5="NN1" hw="father" pos="SUBST">father</w><c c5="PUN">.</c></s></p></div><div level="1"><head type="MAIN">
<s n="23"><w c5="DT0" hw="more" pos="ADJ">More </w><w c5="NN1" hw="cash" pos="SUBST">cash </w><w c5="PRP" hw="for" pos="PREP">for </w><w c5="AJ0" hw="free" pos="ADJ">free </w><w c5="NN2" hw="condom" pos="SUBST">condoms</w></s></head><head type="BYLINE">
<s n="24"><w c5="PRP" hw="by" pos="PREP">By </w><w c5="NP0" hw="peter" pos="SUBST">Peter </w><w c5="NP0-NN1" hw="pallot" pos="SUBST">Pallot </w><w c5="NN1" hw="health" pos="SUBST">Health </w><w c5="NN2" hw="service" pos="SUBST">Services </w><w c5="NN0" hw="staff" pos="SUBST">Staff</w></s></head><p>
<s n="25"><w c5="NN1" hw="family" pos="SUBST">FAMILY </w><w c5="NN2" hw="doctor" pos="SUBST">doctors </w><w c5="VBB" hw="be" pos="VERB">are </w><w c5="TO0" hw="to" pos="PREP">to </w><w c5="VBI" hw="be" pos="VERB">be </w><w c5="VVN" hw="urge" pos="VERB">urged </w><w c5="PRP" hw="by" pos="PREP">by </w><w c5="NN1" hw="health" pos="SUBST">health </w><w c5="NN2" hw="authority" pos="SUBST">authorities </w><w c5="TO0" hw="to" pos="PREP">to </w><w c5="VVI" hw="issue" pos="VERB">issue </w><w c5="AJ0" hw="free" pos="ADJ">free </w><w c5="NN2" hw="condom" pos="SUBST">condoms</w><c c5="PUN">.</c></s></p><p>
<s n="26"><w c5="AT0" hw="the" pos="ART">The </w><w c5="NN2" hw="authority" pos="SUBST">authorities </w><w c5="VHB" hw="have" pos="VERB">have </w><w c5="VBN" hw="be" pos="VERB">been </w><w c5="VVN" hw="give" pos="VERB">given </w><w c5="AT0" hw="a" pos="ART">a </w><w c5="NN1" hw="record" pos="SUBST">record </w><w c5="NN0" hw="£181" pos="UNC">£181 </w><w c5="CRD" hw="million" pos="ADJ">million </w><w c5="PRP" hw="for" pos="PREP">for </w><w c5="CRD" hw="1992/3" pos="ADJ">1992/3 </w><w c5="TO0" hw="to" pos="PREP">to </w><w c5="VVI" hw="develop" pos="VERB">develop </w><w c5="NN2" hw="aid" pos="SUBST">Aids </w><w c5="NN2" hw="service" pos="SUBST">services </w><w c5="CJC" hw="and" pos="CONJ">and </w><w c5="VBD" hw="be" pos="VERB">were </w><w c5="VVN" hw="tell" pos="VERB">told </w><w c5="PRP" hw="by" pos="PREP">by </w><w c5="AT0" hw="the" pos="ART">the </w><w c5="NP0" hw="nhs" pos="SUBST">NHS </w><w c5="NN1" hw="management" pos="SUBST">management </w><w c5="NN1" hw="executive" pos="SUBST">executive </w><w c5="AV0" hw="yesterday" pos="ADV">yesterday </w><w c5="TO0" hw="to" pos="PREP">to </w><w c5="VVI" hw="increase" pos="VERB">increase </w><w c5="NN2" hw="supply" pos="SUBST">supplies </w><w c5="PRP" hw="to" pos="PREP">to </w><w c5="NN2" hw="surgery" pos="SUBST">surgeries</w><c c5="PUN">.</c></s></p><p>
<s n="27"><w c5="AT0" hw="a" pos="ART">A </w><w c5="NN1" hw="letter" pos="SUBST">letter </w><w c5="VVZ" hw="say" pos="VERB">says </w><w c5="NN2" hw="authority" pos="SUBST">authorities </w><c c5="PUQ">‘</c><w c5="VM0" hw="should" pos="VERB">should </w><mw c5="AV0"><w c5="PRP" hw="in" pos="PREP">in </w><w c5="AJ0" hw="particular" pos="ADJ">particular </w></mw><w c5="VVI" hw="consider" pos="VERB">consider </w><w c5="VVG" hw="expand" pos="VERB">expanding </w><w c5="AT0" hw="the" pos="ART">the </w><w c5="NN1" hw="role" pos="SUBST">role </w><w c5="PRF" hw="of" pos="PREP">of </w><w c5="AJ0" hw="local" pos="ADJ">local </w><w c5="NN2" hw="gp" pos="SUBST">GPs </w><w c5="PRP" hw="in" pos="PREP">in </w><w c5="NN1" hw="family" pos="SUBST">family </w><w c5="VVG-NN1" hw="plan" pos="VERB">planning </w><w c5="PRP" hw="by" pos="PREP">by </w><w c5="VVG" hw="supply" pos="VERB">supplying </w><w c5="PNP" hw="they" pos="PRON">them </w><w c5="PRP" hw="with" pos="PREP">with </w><w c5="NN2" hw="condom" pos="SUBST">condoms </w><w c5="PRP" hw="for" pos="PREP">for </w><w c5="AJ0" hw="free" pos="ADJ">free </w><w c5="NN1" hw="distribution" pos="SUBST">distribution </w><w c5="PRP" hw="to" pos="PREP">to </w><w c5="DT0" hw="any" pos="ADJ">any </w><w c5="AJ0-NN1" hw="patient" pos="ADJ">patient </w><mw c5="CJS"><w c5="CJS" hw="whether" pos="CONJ">whether </w><w c5="CJC" hw="or" pos="CONJ">or </w><w c5="XX0" hw="not" pos="ADV">not </w></mw><w c5="PRP" hw="at" pos="PREP">at </w><w c5="AJ0" hw="high" pos="ADJ">high </w><w c5="NN1" hw="risk" pos="SUBST">risk </w><w c5="CJS" hw="if" pos="CONJ">if </w><w c5="DT0" hw="this" pos="ADJ">this </w><w c5="VBZ" hw="be" pos="VERB">is </w><w c5="VVN" hw="think" pos="VERB">thought </w><w c5="AJ0" hw="desirable" pos="ADJ">desirable </w><w c5="PRP" hw="as" pos="PREP">as </w><w c5="AT0" hw="a" pos="ART">a </w><w c5="NN0" hw="means" pos="SUBST">means </w><w c5="PRF" hw="of" pos="PREP">of </w><w c5="VVG" hw="prevent" pos="VERB">preventing </w><w c5="NP0" hw="hiv" pos="SUBST">HIV </w><c c5="PUL">[</c><w c5="AT0" hw="the" pos="ART">the </w><w c5="NN1" hw="aids" pos="SUBST">Aids </w><w c5="NN1" hw="virus" pos="SUBST">virus</w><c c5="PUR">]</c><c c5="PUQ">’</c><c c5="PUN">.</c></s>
<s n="28"><w c5="DT0" hw="some" pos="ADJ">Some </w><w c5="NN2" hw="authority" pos="SUBST">authorities </w><w c5="AV0" hw="already" pos="ADV">already </w><w c5="VVB" hw="give" pos="VERB">give </w><w c5="NN2" hw="condom" pos="SUBST">condoms </w><w c5="PRP" hw="to" pos="PREP">to </w><w c5="NN2" hw="gp" pos="SUBST">GPs </w><w c5="CJC" hw="but" pos="CONJ">but </w><w c5="AT0" hw="the" pos="ART">the </w><w c5="NN1" hw="service" pos="SUBST">service </w><w c5="VBZ" hw="be" pos="VERB">is </w><w c5="AJ0" hw="patchy" pos="ADJ">patchy</w><c c5="PUN">.</c></s></p><p>
<s n="29"><w c5="AT0" hw="a" pos="ART">A </w><w c5="NN1" hw="health" pos="SUBST">Health </w><w c5="NN1" hw="department" pos="SUBST">Department </w><w c5="NN1" hw="spokesman" pos="SUBST">spokesman </w><w c5="VVD" hw="say" pos="VERB">said</w><c c5="PUN">: </c><c c5="PUQ">‘</c><w c5="AT0" hw="the" pos="ART">The </w><w c5="CRD" hw="1992/3" pos="ADJ">1992/3 </w><w c5="NN1" hw="allocation" pos="SUBST">allocation </w><w c5="PRF" hw="of" pos="PREP">of </w><w c5="NN0" hw="£181" pos="UNC">£181 </w><w c5="CRD" hw="million" pos="ADJ">million </w><w c5="AV0" hw="specifically" pos="ADV">specifically </w><w c5="PRP" hw="for" pos="PREP">for </w><w c5="NN2" hw="aid" pos="SUBST">Aids </w><w c5="NN2" hw="service" pos="SUBST">services </w><w c5="VBZ" hw="be" pos="VERB">is </w><w c5="NN0" hw="£44" pos="UNC">£44 </w><w c5="CRD" hw="million" pos="ADJ">million </w><mw c5="AV0"><w c5="AV0" hw="more" pos="ADV">more </w><w c5="CJS" hw="than" pos="CONJ">than </w></mw><w c5="CRD" hw="1991/2" pos="ADJ">1991/2</w><c c5="PUN">.</c></s></p><p>
<s n="30"><c c5="PUQ">‘</c><w c5="AT0" hw="the" pos="ART">The </w><w c5="NN1" hw="management" pos="SUBST">management </w><w c5="NN1" hw="executive" pos="SUBST">executive </w><w c5="VBZ" hw="be" pos="VERB">is </w><w c5="VVG" hw="say" pos="VERB">saying </w><w c5="CJT" hw="that" pos="CONJ">that </w><w c5="DT0" hw="some" pos="ADJ">some </w><w c5="PRF" hw="of" pos="PREP">of </w><w c5="DT0" hw="that" pos="ADJ">that </w><w c5="NN1" hw="money" pos="SUBST">money </w><w c5="VM0" hw="can" pos="VERB">can </w><w c5="VBI" hw="be" pos="VERB">be </w><w c5="VVN" hw="spend" pos="VERB">spent </w><w c5="PRP" hw="on" pos="PREP">on </w><w c5="VVG" hw="supply" pos="VERB">supplying </w><w c5="NN2" hw="condom" pos="SUBST">condoms </w><w c5="PRP" hw="to" pos="PREP">to </w><w c5="NN2" hw="gp" pos="SUBST">GPs </w><w c5="CJS" hw="so" pos="CONJ">so </w><w c5="PNP" hw="they" pos="PRON">they </w><w c5="VM0" hw="can" pos="VERB">can </w><w c5="VBI" hw="be" pos="VERB">be </w><w c5="VVN" hw="give" pos="VERB">given </w><w c5="PRP" hw="to" pos="PREP">to </w><w c5="NN2" hw="patient" pos="SUBST">patients</w><c c5="PUN">.</c><c c5="PUQ">’</c></s></p><p>
<s n="31"><w c5="AT0" hw="the" pos="ART">The </w><w c5="AJ0" hw="british" pos="ADJ">British </w><w c5="AJ0" hw="medical" pos="ADJ">Medical </w><w c5="NN1" hw="association" pos="SUBST">Association </w><w c5="VVD" hw="welcome" pos="VERB">welcomed </w><w c5="AT0" hw="the" pos="ART">the </w><w c5="NN1" hw="move" pos="SUBST">move</w><c c5="PUN">.</c></s>
<s n="32"><c c5="PUQ">‘</c><w c5="PNP" hw="we" pos="PRON">We </w><w c5="VVB" hw="hope" pos="VERB">hope </w><w c5="DT0" hw="this" pos="ADJ">this </w><w c5="AJ0" hw="extra" pos="ADJ">extra </w><w c5="NN1" hw="cash" pos="SUBST">cash </w><w c5="VVZ" hw="mean" pos="VERB">means </w><w c5="CJT" hw="that" pos="CONJ">that </w><w c5="NN2" hw="doctor" pos="SUBST">doctors </w><w c5="PNQ" hw="who" pos="PRON">who </w><w c5="VVB" hw="wish" pos="VERB">wish </w><w c5="TO0" hw="to" pos="PREP">to </w><w c5="VVI" hw="give" pos="VERB">give </w><w c5="NN2" hw="condom" pos="SUBST">condoms </w><w c5="PRP" hw="from" pos="PREP">from </w><w c5="AT0" hw="the" pos="ART">the </w><w c5="NN1" hw="surgery" pos="SUBST">surgery </w><w c5="VM0" hw="will" pos="VERB">will </w><w c5="VBI" hw="be" pos="VERB">be </w><w c5="AJ0" hw="able" pos="ADJ">able </w><w c5="TO0" hw="to" pos="PREP">to </w><w c5="VDI" hw="do" pos="VERB">do </w><w c5="AV0" hw="so" pos="ADV">so</w><c c5="PUN">,</c><c c5="PUQ">’ </c><w c5="AT0" hw="a" pos="ART">a </w><w c5="NN1" hw="spokeswoman" pos="SUBST">spokeswoman </w><w c5="VVD" hw="say" pos="VERB">said</w><c c5="PUN">.</c></s></p><p>
<s n="33"><w c5="NN2" hw="authority" pos="SUBST">Authorities </w><w c5="VBB" hw="be" pos="VERB">are </w><w c5="AV0" hw="also" pos="ADV">also </w><w c5="VVN" hw="urge" pos="VERB">urged </w><w c5="TO0" hw="to" pos="PREP">to </w><w c5="VVI" hw="review" pos="VERB">review </w><w c5="NN1" hw="family" pos="SUBST">family </w><w c5="NN1-VVG" hw="planning" pos="SUBST">planning </w><w c5="NN2" hw="service" pos="SUBST">services </w><w c5="VVG" hw="follow" pos="VERB">following </w><w c5="AT0" hw="a" pos="ART">a </w><w c5="AJ0" hw="sharp" pos="ADJ">sharp </w><w c5="NN1" hw="fall" pos="SUBST">fall </w><w c5="PRP" hw="in" pos="PREP">in </w><w c5="AT0" hw="the" pos="ART">the </w><w c5="NN1" hw="number" pos="SUBST">number </w><w c5="PRF" hw="of" pos="PREP">of </w><w c5="NN2" hw="teenager" pos="SUBST">teenagers </w><w c5="VVG" hw="use" pos="VERB">using </w><w c5="NN1" hw="family" pos="SUBST">family </w><w c5="NN1-VVG" hw="planning" pos="SUBST">planning </w><w c5="NN2" hw="clinic" pos="SUBST">clinics </w><w c5="CJS-PRP" hw="since" pos="CONJ">since </w><w c5="AT0" hw="the" pos="ART">the </w><w c5="NN2" hw="mid-1980" pos="SUBST">mid-1980s</w><c c5="PUN">.</c></s></p><p>
<s n="34"><w c5="AT0" hw="a" pos="ART">A </w><w c5="NN1" hw="department" pos="SUBST">department </w><w c5="NN1" hw="report" pos="SUBST">report </w><w c5="PRP" hw="in" pos="PREP">in </w><w c5="NP0" hw="january" pos="SUBST">January </w><w c5="VVD" hw="say" pos="VERB">said </w><w c5="NN2" hw="number" pos="SUBST">numbers </w><w c5="VHD" hw="have" pos="VERB">had </w><w c5="VVN" hw="fall" pos="VERB">fallen </w><w c5="AT0" hw="every" pos="ART">every </w><w c5="NN1" hw="year" pos="SUBST">year </w><w c5="PRP" hw="since" pos="PREP">since </w><w c5="CRD" hw="1984" pos="ADJ">1984</w><c c5="PUN">, </c><w c5="AVQ" hw="when" pos="ADV">when </w><w c5="CRD" hw="238,000" pos="ADJ">238,000 </w><w c5="NN2" hw="teenager" pos="SUBST">teenagers </w><w c5="VVD" hw="attend" pos="VERB">attended </w><w c5="AT0" hw="a" pos="ART">a </w><w c5="NN1" hw="clinic" pos="SUBST">clinic</w><c c5="PUN">.</c></s></p><p>
<s n="35"><w c5="ORD" hw="last" pos="ADJ">Last </w><w c5="NN1" hw="year" pos="SUBST">year </w><w c5="AT0" hw="the" pos="ART">the </w><w c5="NN1" hw="figure" pos="SUBST">figure </w><w c5="VBD" hw="be" pos="VERB">was </w><w c5="CRD" hw="156,000" pos="ADJ">156,000</w><c c5="PUN">.</c></s>
<s n="36"><w c5="AT0" hw="a" pos="ART">A </w><w c5="AJ0" hw="steady" pos="ADJ">steady </w><w c5="NN1" hw="rise" pos="SUBST">rise </w><w c5="PRP" hw="in" pos="PREP">in </w><w c5="AJ0" hw="teenage" pos="ADJ">teenage </w><w c5="NN2" hw="pregnancy" pos="SUBST">pregnancies </w><w c5="VVZ" hw="suggest" pos="VERB">suggests </w><w c5="NN2" hw="teenager" pos="SUBST">teenagers </w><w c5="VBB" hw="be" pos="VERB">are </w><w c5="XX0" hw="not" pos="ADV">not </w><w c5="VVG" hw="use" pos="VERB">using </w><w c5="NN2" hw="contraceptive" pos="SUBST">contraceptives</w><c c5="PUN">.</c></s></p></div></wtext></bncDoc>
