<bncDoc xml:id="AK3"><teiHeader><fileDesc><titleStmt><title>  Daily Telegraph, electronic edition of 1992-04-12: Applied Science pages. Sample containing about 588 words from a periodical (domain: applied science) </title><respStmt><resp> Data capture and transcription </resp><name> Oxford University Press </name> </respStmt></titleStmt><editionStmt><edition>BNC XML Edition, December 2006</edition></editionStmt><extent> 588 tokens; 587 w-units; 26 s-units </extent><publicationStmt><distributor>Distributed under licence by Oxford University Computing Services on behalf of the BNC Consortium.</distributor><availability> This material is protected by international copyright laws and may not be copied or redistributed in any way. Consult the BNC Web Site at http://www.natcorp.ox.ac.uk for full licencing and distribution conditions.</availability><idno type="bnc">AK3</idno><idno type="old"> DiAppS </idno></publicationStmt><sourceDesc><bibl><title>Daily Telegraph, electronic edition of 1992-04-12: Applied Science pages.</title> <imprint n="DAILYT1"><publisher>The Daily Telegraph plc</publisher> <pubPlace>London</pubPlace> <date value="1992">1992</date> </imprint> </bibl></sourceDesc></fileDesc><encodingDesc><tagsDecl><namespace name=""><tagUsage gi="c" occurs="70"/><tagUsage gi="div" occurs="1"/><tagUsage gi="head" occurs="2"/><tagUsage gi="mw" occurs="12"/><tagUsage gi="p" occurs="12"/><tagUsage gi="s" occurs="26"/><tagUsage gi="w" occurs="587"/></namespace></tagsDecl></encodingDesc><profileDesc><creation date="1992"> </creation><textClass><catRef targets="WRI ALLTIM3 ALLAVA2 ALLTYP3 WRIAAG0 WRIAD0 WRIASE3 WRIATY2 WRIAUD3 WRIDOM3 WRILEV2 WRIMED2 WRIPP5 WRISAM0 WRISTA3 WRITAS3"/><classCode scheme="DLEE">W newsp brdsht nat: science</classCode><keywords><term> (none) </term></keywords></textClass></profileDesc><revisionDesc><change date="2006-10-21" who="#OUCS">Tag usage updated for BNC-XML</change><change date="2000-12-13" who="#OUCS">Last check for BNC World first release</change><change date="2000-09-06" who="#OUCS">Redo tagusage tables</change><change date="2000-09-01" who="#OUCS">Check all tagcounts</change><change date="2000-06-23" who="#OUCS">Resequenced s-units and added headers</change><change date="2000-01-21" who="#OUCS">Added date info</change><change date="2000-01-09" who="#OUCS">Updated all catrefs</change><change date="2000-01-08" who="#OUCS">Updated source title</change><change date="2000-01-08" who="#OUCS">Updated titles</change><change date="1999-12-25" who="#OUCS">corrected tagUsage</change><change date="1999-09-13" who="#UCREL">POS codes revised for BNC-2; header updated</change><change date="1994-11-24" who="#dominic">Initial accession to corpus</change></revisionDesc></teiHeader>
<wtext type="NEWS"><div level="1"><head type="MAIN">
<s n="1"><w c5="AJ0" hw="instant" pos="ADJ">Instant </w><w c5="NN1" hw="diagnosis" pos="SUBST">diagnosis </w><w c5="PRP" hw="from" pos="PREP">from </w><w c5="NP0" hw="doctor" pos="SUBST">Doctor </w><w c5="NP0" hw="robot" pos="SUBST">Robot</w></s></head><head type="BYLINE">
<s n="2"><w c5="PRP" hw="by" pos="PREP">by </w><w c5="NP0" hw="robert" pos="SUBST">Robert </w><w c5="NP0" hw="matthews" pos="SUBST">Matthews </w><w c5="NN1" hw="science" pos="SUBST">Science </w><w c5="NN1" hw="correspondent" pos="SUBST">Correspondent</w></s></head><p>
<s n="3"><w c5="NN2" hw="scientist" pos="SUBST">SCIENTISTS </w><w c5="VBB" hw="be" pos="VERB">are </w><w c5="VVG" hw="test" pos="VERB">testing </w><w c5="AT0" hw="a" pos="ART">a </w><w c5="AJ0" hw="revolutionary" pos="ADJ">revolutionary </w><w c5="NN1" hw="computer" pos="SUBST">computer </w><w c5="NN1" hw="technique" pos="SUBST">technique </w><w c5="PRP" hw="for" pos="PREP">for </w><w c5="VVG" hw="diagnose" pos="VERB">diagnosing </w><w c5="AJ0" hw="medical" pos="ADJ">medical </w><w c5="NN2" hw="condition" pos="SUBST">conditions </w><w c5="PRP" hw="by" pos="PREP">by </w><w c5="VVG" hw="mimick" pos="VERB">mimicking </w><w c5="AT0" hw="the" pos="ART">the </w><w c5="NN1" hw="brain" pos="SUBST">brain </w><w c5="NN2" hw="process" pos="SUBST">processes </w><w c5="PRF" hw="of" pos="PREP">of </w><w c5="AJ0" hw="human" pos="ADJ">human </w><w c5="NN2" hw="consultant" pos="SUBST">consultants</w><c c5="PUN">.</c></s></p><p>
<s n="4"><w c5="AT0" hw="the" pos="ART">The </w><w c5="NN1" hw="breakthrough" pos="SUBST">breakthrough </w><w c5="VVZ" hw="follow" pos="VERB">follows </w><w c5="NN1" hw="research" pos="SUBST">research </w><w c5="PRP" hw="into" pos="PREP">into </w><w c5="AJ0" hw="so-called" pos="ADJ">so-called </w><w c5="AJ0-NN1" hw="neural" pos="ADJ">neural </w><w c5="NN2" hw="network" pos="SUBST">networks</w><c c5="PUN">, </c><w c5="PRP" hw="in" pos="PREP">in </w><w c5="DTQ" hw="which" pos="PRON">which </w><w c5="AJ0" hw="ordinary" pos="ADJ">ordinary </w><w c5="NN2" hw="computer" pos="SUBST">computers </w><w c5="VBB" hw="be" pos="VERB">are </w><w c5="VVN" hw="instruct" pos="VERB">instructed </w><w c5="TO0" hw="to" pos="PREP">to </w><w c5="VVI" hw="behave" pos="VERB">behave </w><w c5="PRP" hw="like" pos="PREP">like </w><w c5="AT0" hw="the" pos="ART">the </w><w c5="AJ0-NN1" hw="human" pos="ADJ">human </w><w c5="NN1" hw="brain" pos="SUBST">brain</w><c c5="PUN">, </c><w c5="VVG" hw="enable" pos="VERB">enabling </w><w c5="PNP" hw="they" pos="PRON">them </w><w c5="TO0" hw="to" pos="PREP">to </w><w c5="VBI" hw="be" pos="VERB">be </w><c c5="PUQ">‘</c><w c5="VVN" hw="teach" pos="VERB">taught</w><c c5="PUQ">’ </c><w c5="TO0" hw="to" pos="PREP">to </w><w c5="VVI" hw="solve" pos="VERB">solve </w><w c5="NN2" hw="problem" pos="SUBST">problems</w><c c5="PUN">, </c><mw c5="CJS"><w c5="AV0" hw="rather" pos="ADV">rather </w><w c5="CJS" hw="than" pos="CONJ">than </w></mw><w c5="VBI" hw="be" pos="VERB">be </w><w c5="AV0" hw="laboriously" pos="ADV">laboriously </w><w c5="VVN" hw="programme" pos="VERB">programmed</w><c c5="PUN">.</c></s></p><p>
<s n="5"><w c5="AT0" hw="a" pos="ART">A </w><w c5="AJ0" hw="conventional" pos="ADJ">conventional </w><w c5="NN1" hw="computer" pos="SUBST">computer </w><w c5="VBZ" hw="be" pos="VERB">is </w><w c5="VVN" hw="turn" pos="VERB">turned </w><w c5="PRP" hw="into" pos="PREP">into </w><w c5="AT0" hw="a" pos="ART">a </w><c c5="PUQ">‘</c><w c5="NN1" hw="thinking" pos="SUBST">thinking </w><w c5="NN1-VVB" hw="machine" pos="SUBST">machine</w><c c5="PUQ">’ </c><w c5="PRP" hw="by" pos="PREP">by </w><w c5="VVG" hw="program" pos="VERB">programming </w><w c5="PNP" hw="it" pos="PRON">it </w><w c5="TO0" hw="to" pos="PREP">to </w><w c5="VVI" hw="behave" pos="VERB">behave </w><mw c5="CJS"><w c5="PRP" hw="as" pos="PREP">as </w><w c5="CJS" hw="if" pos="CONJ">if </w></mw><w c5="PNP" hw="it" pos="PRON">it </w><w c5="VVD" hw="consist" pos="VERB">consisted </w><w c5="PRF" hw="of" pos="PREP">of </w><w c5="AT0" hw="a" pos="ART">a </w><w c5="NN1" hw="collection" pos="SUBST">collection </w><w c5="PRF" hw="of" pos="PREP">of </w><w c5="NN1" hw="brain" pos="SUBST">brain </w><w c5="NN2" hw="cell" pos="SUBST">cells </w><c c5="PUN">— </c><w c5="NN2" hw="neuron" pos="SUBST">neurons </w><c c5="PUN">— </c><w c5="DTQ" hw="which" pos="PRON">which </w><w c5="VM0" hw="will" pos="VERB">will </w><w c5="VVI" hw="respond" pos="VERB">respond </w><w c5="PRP" hw="to" pos="PREP">to </w><w c5="AT0" hw="a" pos="ART">a </w><w c5="NN1" hw="stimulus" pos="SUBST">stimulus</w><c c5="PUN">.</c></s>
<s n="6"><w c5="AT0" hw="the" pos="ART">The </w><w c5="NN1" hw="computer" pos="SUBST">computer </w><w c5="VBZ" hw="be" pos="VERB">is </w><w c5="AV0" hw="then" pos="ADV">then </w><w c5="VVN" hw="train" pos="VERB">trained </w><w c5="TO0" hw="to" pos="PREP">to </w><w c5="VVI" hw="become" pos="VERB">become </w><w c5="AT0" hw="an" pos="ART">an </w><w c5="NN1" hw="expert" pos="SUBST">expert </w><w c5="PRP" hw="in" pos="PREP">in </w><w c5="AJ0" hw="medical" pos="ADJ">medical </w><w c5="NN1" hw="diagnosis" pos="SUBST">diagnosis </w><w c5="PRP-AVP" hw="in" pos="PREP">in </w><w c5="AV0" hw="exactly" pos="ADV">exactly </w><w c5="AT0" hw="the" pos="ART">the </w><w c5="DT0" hw="same" pos="ADJ">same </w><w c5="NN1" hw="way" pos="SUBST">way </w><w c5="CJS" hw="as" pos="CONJ">as </w><w c5="AT0" hw="a" pos="ART">a </w><w c5="AJ0" hw="medical" pos="ADJ">medical </w><w c5="NN1" hw="student" pos="SUBST">student</w><c c5="PUN">: </c><w c5="PRP" hw="by" pos="PREP">by </w><w c5="VBG" hw="be" pos="VERB">being </w><w c5="VVN" hw="present" pos="VERB">presented </w><w c5="PRP" hw="with" pos="PREP">with </w><w c5="PNI" hw="lots" pos="PRON">lots </w><w c5="PRF" hw="of" pos="PREP">of </w><w c5="NN1" hw="case" pos="SUBST">case </w><w c5="NN2" hw="history" pos="SUBST">histories</w><c c5="PUN">, </c><w c5="CJC" hw="and" pos="CONJ">and </w><w c5="VBG" hw="be" pos="VERB">being </w><w c5="VVN" hw="tell" pos="VERB">told </w><w c5="DTQ" hw="what" pos="PRON">what </w><w c5="AT0" hw="the" pos="ART">the </w><w c5="AJ0" hw="correct" pos="ADJ">correct </w><w c5="NN1" hw="diagnosis" pos="SUBST">diagnosis </w><w c5="VBZ" hw="be" pos="VERB">is</w><c c5="PUN">.</c></s></p><p>
<s n="7"><w c5="PRP" hw="after" pos="PREP">After </w><w c5="CRD" hw="hundreds" pos="ADJ">hundreds </w><w c5="PRF" hw="of" pos="PREP">of </w><w c5="NN1" hw="training" pos="SUBST">training </w><w c5="NN2" hw="cycle" pos="SUBST">cycles</w><c c5="PUN">, </c><w c5="AT0" hw="the" pos="ART">the </w><w c5="NN1" hw="computer" pos="SUBST">computer </w><w c5="VVZ" hw="arrive" pos="VERB">arrives </w><w c5="PRP" hw="at" pos="PREP">at </w><w c5="DPS" hw="it" pos="PRON">its </w><w c5="DT0" hw="own" pos="ADJ">own </w><w c5="NN2" hw="rule" pos="SUBST">rules </w><w c5="PRP" hw="for" pos="PREP">for </w><w c5="VVG" hw="reach" pos="VERB">reaching </w><w c5="AT0" hw="the" pos="ART">the </w><w c5="DT0" hw="same" pos="ADJ">same </w><w c5="NN1" hw="diagnosis" pos="SUBST">diagnosis </w><w c5="CJS" hw="as" pos="CONJ">as </w><w c5="DPS" hw="it" pos="PRON">its </w><w c5="AJ0-NN1" hw="human" pos="ADJ">human </w><w c5="NN1" hw="mentor" pos="SUBST">mentor</w><c c5="PUN">.</c></s>
<s n="8"><w c5="PNP" hw="it" pos="PRON">It </w><w c5="VM0" hw="can" pos="VERB">can </w><w c5="AV0" hw="then" pos="ADV">then </w><w c5="VBI" hw="be" pos="VERB">be </w><w c5="VVN" hw="set" pos="VERB">set </w><w c5="AVP" hw="off" pos="ADV">off </w><w c5="PRP" hw="on" pos="PREP">on </w><w c5="AJ0" hw="new" pos="ADJ">new </w><w c5="NN2" hw="case" pos="SUBST">cases</w><c c5="PUN">.</c></s></p><p>
<s n="9"><w c5="AJ0" hw="british" pos="ADJ">British </w><w c5="NN2" hw="scientist" pos="SUBST">scientists </w><w c5="PRP" hw="at" pos="PREP">at </w><w c5="AT0" hw="a" pos="ART">a </w><w c5="NN1" hw="conference" pos="SUBST">conference </w><w c5="ORD" hw="last" pos="ADJ">last </w><w c5="NN1" hw="week" pos="SUBST">week</w><c c5="PUN">, </c><w c5="VVN" hw="organise" pos="VERB">organised </w><w c5="PRP" hw="by" pos="PREP">by </w><w c5="AT0" hw="the" pos="ART">the </w><w c5="NN1" hw="institute" pos="SUBST">Institute </w><w c5="PRF" hw="of" pos="PREP">of </w><w c5="AJ0" hw="physical" pos="ADJ">Physical </w><w c5="NN2" hw="science" pos="SUBST">Sciences </w><w c5="PRP" hw="in" pos="PREP">in </w><w c5="NN1" hw="medicine" pos="SUBST">Medicine </w><w c5="CJC" hw="and" pos="CONJ">and </w><w c5="VVN-VVD" hw="hold" pos="VERB">held </w><w c5="PRP" hw="at" pos="PREP">at </w><w c5="AT0" hw="the" pos="ART">the </w><w c5="AJ0" hw="royal" pos="ADJ">Royal </w><w c5="NN1" hw="marsden" pos="SUBST">Marsden </w><w c5="NN1" hw="hospital" pos="SUBST">Hospital</w><c c5="PUN">, </c><w c5="NP0" hw="london" pos="SUBST">London</w><c c5="PUN">, </c><w c5="VVD-VVN" hw="describe" pos="VERB">described </w><w c5="AJ0" hw="neural" pos="ADJ">neural </w><w c5="NN2" hw="computer" pos="SUBST">computers </w><w c5="AJ0" hw="able" pos="ADJ">able </w><w c5="TO0" hw="to" pos="PREP">to </w><w c5="VVI" hw="diagnose" pos="VERB">diagnose </w><w c5="AT0" hw="a" pos="ART">a </w><w c5="NN1" hw="host" pos="SUBST">host </w><w c5="PRF" hw="of" pos="PREP">of </w><w c5="AJ0" hw="medical" pos="ADJ">medical </w><w c5="NN2" hw="condition" pos="SUBST">conditions </w><c c5="PUN">— </c><w c5="PRP" hw="from" pos="PREP">from </w><w c5="NN1" hw="heart" pos="SUBST">heart </w><w c5="NN2" hw="problem" pos="SUBST">problems </w><w c5="PRP" hw="to" pos="PREP">to </w><w c5="NN1" hw="eye" pos="SUBST">eye </w><w c5="NN2" hw="defect" pos="SUBST">defects </w><c c5="PUN">— </c><w c5="PRP" hw="with" pos="PREP">with </w><mw c5="AV0"><w c5="AVP" hw="up" pos="ADV">up </w><w c5="PRP" hw="to" pos="PREP">to </w></mw><w c5="CRD" hw="98" pos="ADJ">98 </w><mw c5="NN0"><w c5="UNC" hw="per" pos="UNC">per </w><w c5="UNC" hw="cent" pos="UNC">cent </w></mw><w c5="NN1" hw="accuracy" pos="SUBST">accuracy</w><c c5="PUN">.</c></s>
<s n="10"><w c5="NP0" hw="dr" pos="SUBST">Dr </w><w c5="NP0" hw="michael" pos="SUBST">Michael </w><w c5="NP0" hw="turega" pos="SUBST">Turega</w><c c5="PUN">, </c><w c5="PRF" hw="of" pos="PREP">of </w><w c5="AT0" hw="the" pos="ART">the </w><w c5="NN1" hw="university" pos="SUBST">University </w><w c5="PRF" hw="of" pos="PREP">of </w><w c5="NP0" hw="manchester" pos="SUBST">Manchester </w><w c5="NN1" hw="institute" pos="SUBST">Institute </w><w c5="PRF" hw="of" pos="PREP">of </w><w c5="NN1" hw="science" pos="SUBST">Science </w><w c5="CJC" hw="and" pos="CONJ">and </w><w c5="NN1" hw="technology" pos="SUBST">Technology</w><c c5="PUN">, </c><w c5="VHZ" hw="have" pos="VERB">has </w><w c5="VVN" hw="work" pos="VERB">worked </w><w c5="PRP" hw="with" pos="PREP">with </w><w c5="AT0" hw="a" pos="ART">a </w><w c5="NN1" hw="casualty" pos="SUBST">casualty </w><w c5="NN1" hw="ward" pos="SUBST">ward </w><w c5="NN1" hw="consultant" pos="SUBST">consultant </w><w c5="TO0" hw="to" pos="PREP">to </w><w c5="VVI" hw="produce" pos="VERB">produce </w><w c5="AT0" hw="a" pos="ART">a </w><w c5="AJ0" hw="desk-top" pos="ADJ">desk-top </w><w c5="NN1" hw="computer" pos="SUBST">computer </w><w c5="VVG" hw="consist" pos="VERB">consisting </w><w c5="PRF" hw="of" pos="PREP">of </w><w c5="AV0" hw="just" pos="ADV">just </w><w c5="CRD" hw="35" pos="ADJ">35 </w><c c5="PUQ">‘</c><w c5="NN1" hw="brain" pos="SUBST">brain </w><w c5="NN2" hw="cell" pos="SUBST">cells</w><c c5="PUQ">’ </c><w c5="TO0" hw="to" pos="PREP">to </w><w c5="VVI" hw="give" pos="VERB">give </w><w c5="AJ0" hw="reliable" pos="ADJ">reliable </w><w c5="NN1" hw="diagnosis" pos="SUBST">diagnosis </w><w c5="PRF" hw="of" pos="PREP">of </w><w c5="NN1" hw="chest" pos="SUBST">chest </w><w c5="NN1" hw="pain" pos="SUBST">pain </w><w c5="PRP" hw="in" pos="PREP">in </w><w c5="NN2" hw="patient" pos="SUBST">patients</w><c c5="PUN">.</c></s></p><p>
<s n="11"><w c5="AT0" hw="the" pos="ART">The </w><w c5="AJ0-NN1" hw="umist" pos="ADJ">UMIST </w><w c5="NN1" hw="computer" pos="SUBST">computer </w><w c5="VBD" hw="be" pos="VERB">was </w><w c5="VVN" hw="train" pos="VERB">trained </w><w c5="PRP" hw="by" pos="PREP">by </w><w c5="VVG" hw="feed" pos="VERB">feeding </w><w c5="PNP" hw="it" pos="PRON">it </w><w c5="VVZ" hw="detail" pos="VERB">details </w><w c5="PRF" hw="of" pos="PREP">of </w><w c5="CRD" hw="70" pos="ADJ">70 </w><w c5="NN2" hw="patient" pos="SUBST">patients</w><c c5="PUN">, </c><mw c5="PRP"><w c5="DT0" hw="such" pos="ADJ">such </w><w c5="PRP" hw="as" pos="PREP">as </w></mw><w c5="NN1" hw="pulse" pos="SUBST">pulse </w><w c5="NN1" hw="rate" pos="SUBST">rate</w><c c5="PUN">, </c><w c5="NN1" hw="temperature" pos="SUBST">temperature</w><c c5="PUN">, </c><w c5="NN1-VVB" hw="age" pos="SUBST">age </w><w c5="CJC" hw="and" pos="CONJ">and </w><w c5="NN0" hw="data" pos="SUBST">data </w><w c5="PRP" hw="on" pos="PREP">on </w><w c5="AJ0" hw="previous" pos="ADJ">previous </w><w c5="NN1" hw="heart" pos="SUBST">heart </w><w c5="NN2" hw="problem" pos="SUBST">problems</w><c c5="PUN">.</c></s>
<s n="12"><w c5="PNP" hw="it" pos="PRON">It </w><w c5="VBD" hw="be" pos="VERB">was </w><w c5="AV0" hw="then" pos="ADV">then </w><w c5="VVN" hw="show" pos="VERB">shown </w><w c5="AT0" hw="the" pos="ART">the </w><w c5="AJ0" hw="correct" pos="ADJ">correct </w><w c5="NN1" hw="diagnosis" pos="SUBST">diagnosis </w><w c5="PRP" hw="in" pos="PREP">in </w><w c5="DT0" hw="each" pos="ADJ">each </w><w c5="NN1" hw="case" pos="SUBST">case</w><c c5="PUN">, </c><w c5="VVN" hw="break" pos="VERB">broken </w><w c5="PRP" hw="into" pos="PREP">into </w><w c5="CRD" hw="five" pos="ADJ">five </w><w c5="NN2" hw="category" pos="SUBST">categories</w><c c5="PUN">, </c><w c5="VVG" hw="range" pos="VERB">ranging </w><w c5="PRP" hw="from" pos="PREP">from </w><w c5="NN1" hw="flatulence" pos="SUBST">flatulence </w><w c5="PRP" hw="to" pos="PREP">to </w><w c5="NN1" hw="angina" pos="SUBST">angina</w><c c5="PUN">.</c></s>
<s n="13"><w c5="AT0" hw="the" pos="ART">The </w><w c5="AJ0-NN1" hw="umist" pos="ADJ">UMIST </w><w c5="NN1" hw="computer" pos="SUBST">computer </w><w c5="AV0" hw="automatically" pos="ADV">automatically </w><w c5="VVN-VVD" hw="deduce" pos="VERB">deduced </w><w c5="NN2" hw="rule" pos="SUBST">rules </w><w c5="DTQ" hw="which" pos="PRON">which </w><w c5="VVD" hw="enable" pos="VERB">enabled </w><w c5="DPS" hw="it" pos="PRON">its </w><c c5="PUQ">‘</c><w c5="NN1" hw="brain" pos="SUBST">brain </w><w c5="NN2" hw="cell" pos="SUBST">cells</w><c c5="PUQ">’ </c><w c5="TO0" hw="to" pos="PREP">to </w><w c5="VVI" hw="respond" pos="VERB">respond </w><w c5="PRP" hw="to" pos="PREP">to </w><w c5="AJ0" hw="similar" pos="ADJ">similar </w><w c5="NN2" hw="case" pos="SUBST">cases </w><w c5="PRP" hw="with" pos="PREP">with </w><w c5="AT0" hw="a" pos="ART">a </w><w c5="NN1" hw="level" pos="SUBST">level </w><w c5="PRF" hw="of" pos="PREP">of </w><w c5="AJ0" hw="diagnostic" pos="ADJ">diagnostic </w><w c5="NN2" hw="skill" pos="SUBST">skills </w><w c5="AJ0" hw="comparable" pos="ADJ">comparable </w><w c5="PRP" hw="to" pos="PREP">to </w><w c5="AT0" hw="a" pos="ART">a </w><w c5="NN1" hw="consultant" pos="SUBST">consultant</w><c c5="PUN">.</c></s></p><p>
<s n="14"><w c5="CJS" hw="when" pos="CONJ">When </w><w c5="VVN" hw="put" pos="VERB">put </w><w c5="TO0" hw="to" pos="PREP">to </w><w c5="VVI" hw="work" pos="VERB">work </w><w c5="PRP-AVP" hw="on" pos="PREP">on </w><w c5="AJ0" hw="new" pos="ADJ">new </w><w c5="AJ0-NN1" hw="patient" pos="ADJ">patient </w><w c5="NN0" hw="data" pos="SUBST">data</w><c c5="PUN">, </c><w c5="AT0" hw="the" pos="ART">the </w><w c5="AJ0-NN1" hw="neural" pos="ADJ">neural </w><w c5="NN1" hw="computer" pos="SUBST">computer </w><w c5="VVD" hw="reach" pos="VERB">reached </w><w c5="AT0" hw="the" pos="ART">the </w><w c5="DT0" hw="same" pos="ADJ">same </w><w c5="NN1" hw="diagnosis" pos="SUBST">diagnosis </w><w c5="CJS" hw="as" pos="CONJ">as </w><w c5="AT0" hw="the" pos="ART">the </w><w c5="NN1" hw="consultant" pos="SUBST">consultant </w><w c5="PRP-AVP" hw="in" pos="PREP">in </w><w c5="AV0" hw="almost" pos="ADV">almost </w><w c5="CRD" hw="90" pos="ADJ">90 </w><mw c5="NN0"><w c5="UNC" hw="per" pos="UNC">per </w><w c5="UNC" hw="cent" pos="UNC">cent </w></mw><w c5="PRF" hw="of" pos="PREP">of </w><w c5="NN2" hw="case" pos="SUBST">cases</w><c c5="PUN">.</c></s>
<s n="15"><w c5="AT0" hw="the" pos="ART">The </w><w c5="NN1" hw="accuracy" pos="SUBST">accuracy </w><w c5="PRF" hw="of" pos="PREP">of </w><w c5="AV0" hw="so" pos="ADV">so </w><w c5="AV0" hw="relatively" pos="ADV">relatively </w><w c5="AJ0" hw="simple" pos="ADJ">simple </w><w c5="AT0" hw="a" pos="ART">a </w><c c5="PUQ">‘</c><w c5="NN1" hw="brain" pos="SUBST">brain</w><c c5="PUQ">’ </c><w c5="VVD" hw="surprise" pos="VERB">surprised </w><w c5="AV0" hw="even" pos="ADV">even </w><w c5="DT0" hw="those" pos="ADJ">those </w><w c5="AJ0" hw="involved" pos="ADJ">involved </w><w c5="PRP" hw="in" pos="PREP">in </w><w c5="VVG-NN1" hw="build" pos="VERB">building </w><w c5="PNP" hw="it" pos="PRON">it</w><c c5="PUN">.</c></s>
<s n="16"><w c5="AJ0" hw="other" pos="ADJ">Other </w><w c5="NN2" hw="researcher" pos="SUBST">researchers </w><w c5="VHB" hw="have" pos="VERB">have </w><w c5="VVN" hw="build" pos="VERB">built </w><w c5="AJ0" hw="neural" pos="ADJ">neural </w><w c5="NN2" hw="network" pos="SUBST">networks </w><w c5="TO0" hw="to" pos="PREP">to </w><w c5="VVI" hw="solve" pos="VERB">solve </w><w c5="AT0" hw="the" pos="ART">the </w><w c5="NN1" hw="problem" pos="SUBST">problem </w><w c5="PRF" hw="of" pos="PREP">of </w><w c5="VVG" hw="check" pos="VERB">checking </w><w c5="AT0" hw="the" pos="ART">the </w><w c5="AJ0" hw="vast" pos="ADJ">vast </w><w c5="NN1" hw="amount" pos="SUBST">amount </w><w c5="PRF" hw="of" pos="PREP">of </w><w c5="NN0" hw="data" pos="SUBST">data </w><w c5="VVN-VVD" hw="gather" pos="VERB">gathered </w><w c5="PRP" hw="during" pos="PREP">during </w><w c5="AJ0" hw="mass" pos="ADJ">mass </w><w c5="NN2" hw="screening" pos="SUBST">screenings </w><w c5="PRP" hw="for" pos="PREP">for </w><w c5="AJ0" hw="fatal" pos="ADJ">fatal </w><w c5="NN2" hw="disease" pos="SUBST">diseases </w><mw c5="PRP"><w c5="DT0" hw="such" pos="ADJ">such </w><w c5="PRP" hw="as" pos="PREP">as </w></mw><w c5="NN1" hw="cancer" pos="SUBST">cancer</w><c c5="PUN">.</c></s></p><p>
<s n="17"><w c5="DT0" hw="each" pos="ADJ">Each </w><w c5="NN1" hw="year" pos="SUBST">year </w><w c5="CRD" hw="four" pos="ADJ">four </w><w c5="CRD" hw="million" pos="ADJ">million </w><w c5="AJ0" hw="cervical" pos="ADJ">cervical </w><w c5="NN2" hw="smear" pos="SUBST">smears </w><w c5="VBB" hw="be" pos="VERB">are </w><w c5="VVN" hw="take" pos="VERB">taken</w><c c5="PUN">, </c><w c5="CJC" hw="and" pos="CONJ">and </w><w c5="DT0" hw="each" pos="ADJ">each </w><w c5="PNI" hw="one" pos="PRON">one </w><w c5="VVZ" hw="need" pos="VERB">needs </w><mw c5="AV0"><w c5="PRP" hw="at" pos="PREP">at </w><w c5="AV0" hw="least" pos="ADV">least </w></mw><w c5="CRD" hw="five" pos="ADJ">five </w><w c5="NN2" hw="minute" pos="SUBST">minutes </w><w c5="TO0" hw="to" pos="PREP">to </w><w c5="VVI" hw="check" pos="VERB">check </w><w c5="PRP" hw="for" pos="PREP">for </w><w c5="AT0" hw="the" pos="ART">the </w><w c5="NN2" hw="sign" pos="SUBST">signs </w><w c5="PRF" hw="of" pos="PREP">of </w><w c5="NN1" hw="disease" pos="SUBST">disease</w><c c5="PUN">.</c></s>
<s n="18"><w c5="AJ0" hw="neural" pos="ADJ">Neural </w><w c5="NN2" hw="network" pos="SUBST">networks </w><w c5="VM0" hw="can" pos="VERB">can</w><c c5="PUN">, </c><w c5="PRP" hw="in" pos="PREP">in </w><w c5="NN1" hw="principle" pos="SUBST">principle </w><mw c5="AV0"><w c5="PRP" hw="at" pos="PREP">at </w><w c5="AV0" hw="least" pos="ADV">least</w></mw><c c5="PUN">, </c><w c5="VVB-NN1" hw="work" pos="VERB">work </w><w c5="AV0" hw="tirelessly" pos="ADV">tirelessly </w><w c5="CJC" hw="but" pos="CONJ">but </w><w c5="AV0" hw="accurately" pos="ADV">accurately </w><w c5="PRP" hw="on" pos="PREP">on </w><w c5="DT0" hw="such" pos="ADJ">such </w><w c5="AJ0" hw="huge" pos="ADJ">huge </w><w c5="NN2" hw="problem" pos="SUBST">problems</w><c c5="PUN">.</c></s></p><p>
<s n="19"><w c5="AT0" hw="a" pos="ART">A </w><w c5="NN1" hw="team" pos="SUBST">team </w><w c5="PRP" hw="at" pos="PREP">at </w><w c5="AT0" hw="the" pos="ART">the </w><w c5="NN1" hw="university" pos="SUBST">University </w><w c5="PRF" hw="of" pos="PREP">of </w><w c5="NP0" hw="dundee" pos="SUBST">Dundee </w><w c5="VVD" hw="report" pos="VERB">reported </w><w c5="PRP-AVP" hw="on" pos="PREP">on </w><w c5="AT0" hw="a" pos="ART">a </w><w c5="AJ0" hw="neural" pos="ADJ">neural </w><w c5="NN1" hw="computer" pos="SUBST">computer </w><w c5="CJT" hw="that" pos="CONJ">that </w><w c5="VVZ" hw="check" pos="VERB">checks </w><w c5="AJ0" hw="cervical" pos="ADJ">cervical </w><w c5="NN2" hw="smear" pos="SUBST">smears </w><w c5="VVG" hw="contain" pos="VERB">containing </w><mw c5="AV0"><w c5="AVP" hw="up" pos="ADV">up </w><w c5="PRP" hw="to" pos="PREP">to </w></mw><w c5="CRD" hw="200,000" pos="ADJ">200,000 </w><w c5="NN2" hw="cell" pos="SUBST">cells </w><w c5="CJC" hw="and" pos="CONJ">and </w><w c5="VVZ" hw="decide" pos="VERB">decides </w><w c5="CJS" hw="whether" pos="CONJ">whether </w><w c5="PNP" hw="they" pos="PRON">they </w><w c5="VBB" hw="be" pos="VERB">are </w><w c5="AJ0" hw="abnormal" pos="ADJ">abnormal </w><w c5="CJC" hw="or" pos="CONJ">or </w><w c5="XX0" hw="not" pos="ADV">not </w><w c5="PRP" hw="with" pos="PREP">with </w><w c5="CRD" hw="96" pos="ADJ">96 </w><mw c5="NN0"><w c5="UNC" hw="per" pos="UNC">per </w><w c5="UNC" hw="cent" pos="UNC">cent </w></mw><w c5="NN1" hw="accuracy" pos="SUBST">accuracy</w><c c5="PUN">.</c></s>
<s n="20"><w c5="NN2" hw="researcher" pos="SUBST">Researchers </w><w c5="PRP" hw="at" pos="PREP">at </w><w c5="AT0" hw="the" pos="ART">the </w><w c5="NN1" hw="university" pos="SUBST">University </w><w c5="PRF" hw="of" pos="PREP">of </w><w c5="NP0" hw="warwick" pos="SUBST">Warwick </w><w c5="VBB" hw="be" pos="VERB">are </w><w c5="VVG" hw="train" pos="VERB">training </w><w c5="AT0" hw="a" pos="ART">a </w><w c5="AJ0" hw="neural" pos="ADJ">neural </w><w c5="NN1" hw="computer" pos="SUBST">computer </w><w c5="TO0" hw="to" pos="PREP">to </w><w c5="VVI" hw="examine" pos="VERB">examine </w><w c5="AJ0" hw="brain-scanner" pos="ADJ">brain-scanner </w><w c5="NN2" hw="image" pos="SUBST">images </w><w c5="TO0" hw="to" pos="PREP">to </w><w c5="VVI" hw="recognise" pos="VERB">recognise </w><w c5="AT0" hw="the" pos="ART">the </w><w c5="NN2" hw="symptom" pos="SUBST">symptoms </w><w c5="PRF" hw="of" pos="PREP">of </w><w c5="AJ0" hw="mental" pos="ADJ">mental </w><w c5="NN2" hw="disease" pos="SUBST">diseases</w><c c5="PUN">.</c></s></p><p>
<s n="21"><w c5="CJS" hw="although" pos="CONJ">Although </w><w c5="AJ0" hw="impressive" pos="ADJ">impressive</w><c c5="PUN">, </c><w c5="DT0" hw="some" pos="ADJ">some </w><w c5="NN2" hw="scientist" pos="SUBST">scientists </w><w c5="VBB" hw="be" pos="VERB">are </w><w c5="AJ0" hw="concerned" pos="ADJ">concerned </w><w c5="PRP" hw="about" pos="PREP">about </w><w c5="AVQ" hw="how" pos="ADV">how </w><w c5="AJ0" hw="neural" pos="ADJ">neural </w><w c5="NN2" hw="network" pos="SUBST">networks </w><w c5="VVB" hw="reach" pos="VERB">reach </w><w c5="DPS" hw="they" pos="PRON">their </w><w c5="NN2" hw="answer" pos="SUBST">answers</w><c c5="PUN">.</c></s>
<s n="22"><w c5="CJS" hw="as" pos="CONJ">As </w><w c5="PNP" hw="they" pos="PRON">they </w><w c5="VBB" hw="be" pos="VERB">are </w><w c5="XX0" hw="not" pos="ADV">not </w><w c5="VVN" hw="programme" pos="VERB">programmed</w><c c5="PUN">, </c><w c5="PNP" hw="it" pos="PRON">it </w><w c5="VBZ" hw="be" pos="VERB">is </w><w c5="AJ0" hw="impossible" pos="ADJ">impossible </w><w c5="TO0" hw="to" pos="PREP">to </w><w c5="VVI" hw="tell" pos="VERB">tell </w><w c5="AV0" hw="precisely" pos="ADV">precisely </w><w c5="AVQ" hw="how" pos="ADV">how </w><w c5="PNP" hw="they" pos="PRON">they </w><w c5="VVB" hw="work" pos="VERB">work</w><c c5="PUN">.</c></s>
<s n="23"><c c5="PUQ">‘</c><w c5="PNP" hw="you" pos="PRON">You </w><w c5="VM0" hw="can" pos="VERB">can </w><w c5="AV0" hw="only" pos="ADV">only </w><w c5="VVI" hw="evaluate" pos="VERB">evaluate </w><w c5="AT0" hw="a" pos="ART">a </w><w c5="AJ0" hw="neural" pos="ADJ">neural </w><w c5="NN1" hw="network" pos="SUBST">network </w><w c5="AV0" hw="empirically" pos="ADV">empirically</w><c c5="PUN">; </c><w c5="PNP" hw="you" pos="PRON">you </w><w c5="VM0" hw="can" pos="VERB">can</w><w c5="XX0" hw="not" pos="ADV">not </w><w c5="VVI" hw="guarantee" pos="VERB">guarantee </w><mw c5="AV0"><w c5="AVP" hw="up" pos="ADV">up </w><w c5="AJ0" hw="front" pos="ADJ">front </w></mw><w c5="CJT" hw="that" pos="CONJ">that </w><w c5="AT0" hw="the" pos="ART">the </w><w c5="AJ0-NN1" hw="neural" pos="ADJ">neural </w><w c5="NN1" hw="network" pos="SUBST">network </w><w c5="VM0" hw="will" pos="VERB">will </w><w c5="VVI" hw="work" pos="VERB">work </w><w c5="AV0" hw="correctly" pos="ADV">correctly</w><c c5="PUN">,</c><c c5="PUQ">’ </c><w c5="VVD" hw="warn" pos="VERB">warned </w><w c5="NP0" hw="professor" pos="SUBST">Professor </w><w c5="NP0" hw="john" pos="SUBST">John </w><w c5="NP0" hw="stonham" pos="SUBST">Stonham </w><w c5="PRF" hw="of" pos="PREP">of </w><w c5="NP0" hw="brunel" pos="SUBST">Brunel </w><w c5="NN1" hw="university" pos="SUBST">University</w><c c5="PUN">.</c></s></p><p>
<s n="24"><w c5="CJC" hw="but" pos="CONJ">But </w><w c5="CJS" hw="since" pos="CONJ">since </w><w c5="AJ0" hw="neural" pos="ADJ">neural </w><w c5="NN2" hw="computer" pos="SUBST">computers </w><w c5="VM0" hw="can" pos="VERB">can </w><w c5="VVI" hw="carry" pos="VERB">carry </w><w c5="AVP" hw="out" pos="ADV">out </w><w c5="AV0" hw="highly" pos="ADV">highly </w><w c5="AJ0" hw="skilled" pos="ADJ">skilled </w><w c5="NN2" hw="task" pos="SUBST">tasks </w><w c5="AV0" hw="tirelessly" pos="ADV">tirelessly</w><c c5="PUN">, </c><w c5="PNP" hw="they" pos="PRON">they </w><w c5="VM0" hw="will" pos="VERB">will </w><w c5="AV0" hw="inevitably" pos="ADV">inevitably </w><w c5="VVI" hw="replace" pos="VERB">replace </w><w c5="NN2" hw="human" pos="SUBST">humans </w><w c5="PRP" hw="in" pos="PREP">in </w><w c5="DT0" hw="some" pos="ADJ">some </w><w c5="AJ0" hw="medical" pos="ADJ">medical </w><w c5="NN2" hw="task" pos="SUBST">tasks</w><c c5="PUN">.</c></s></p><p>
<s n="25"><w c5="NP0" hw="prof" pos="SUBST">Prof </w><w c5="NP0" hw="stonham" pos="SUBST">Stonham </w><w c5="VVD" hw="say" pos="VERB">said</w><c c5="PUN">: </c><c c5="PUQ">‘</c><w c5="AJ0" hw="neural" pos="ADJ">Neural </w><w c5="NN2" hw="network" pos="SUBST">networks </w><w c5="VBB" hw="be" pos="VERB">are </w><w c5="AT0" hw="the" pos="ART">the </w><w c5="AJ0" hw="only" pos="ADJ">only </w><w c5="NN1" hw="way" pos="SUBST">way </w><w c5="AV0" hw="forward" pos="ADV">forward </w><w c5="PRP" hw="for" pos="PREP">for </w><w c5="VVG" hw="solve" pos="VERB">solving </w><w c5="AJ0-NN1" hw="real-world" pos="ADJ">real-world </w><w c5="NN2" hw="problem" pos="SUBST">problems</w><c c5="PUN">.</c></s>
<s n="26"><w c5="CJS" hw="if" pos="CONJ">If</w><c c5="PUN">, </c><w c5="CJS-PRP" hw="as" pos="CONJ">as </w><w c5="AT0" hw="the" pos="ART">the </w><w c5="NN2" hw="politician" pos="SUBST">politicians </w><w c5="VVB" hw="say" pos="VERB">say</w><c c5="PUN">, </c><w c5="PNP" hw="we" pos="PRON">we </w><w c5="VVB" hw="need" pos="VERB">need </w><w c5="TO0" hw="to" pos="PREP">to </w><w c5="VVI" hw="improve" pos="VERB">improve </w><w c5="NN1" hw="efficiency" pos="SUBST">efficiency </w><w c5="AV0" hw="then" pos="ADV">then </w><w c5="PNP" hw="we" pos="PRON">we</w><w c5="VHB" hw="have" pos="VERB">'ve </w><w c5="VVN" hw="get" pos="VERB">got </w><w c5="TO0" hw="to" pos="PREP">to </w><w c5="VVI" hw="remove" pos="VERB">remove </w><w c5="NN0" hw="people" pos="SUBST">people </w><w c5="PRP" hw="in" pos="PREP">in </w><w c5="AT0" hw="the" pos="ART">the </w><w c5="AJ0" hw="long-term" pos="ADJ">long-term</w><c c5="PUN">.</c><c c5="PUQ">’</c></s></p></div></wtext></bncDoc>
