<bncDoc xml:id="AK7"><teiHeader><fileDesc><titleStmt><title>  Daily Telegraph, electronic edition of 1992-04-12: Applied Science pages. Sample containing about 537 words from a periodical (domain: natural sciences) </title><respStmt><resp> Data capture and transcription </resp><name> Oxford University Press </name> </respStmt></titleStmt><editionStmt><edition>BNC XML Edition, December 2006</edition></editionStmt><extent> 537 tokens; 538 w-units; 22 s-units </extent><publicationStmt><distributor>Distributed under licence by Oxford University Computing Services on behalf of the BNC Consortium.</distributor><availability> This material is protected by international copyright laws and may not be copied or redistributed in any way. Consult the BNC Web Site at http://www.natcorp.ox.ac.uk for full licencing and distribution conditions.</availability><idno type="bnc">AK7</idno><idno type="old"> DiPurS </idno></publicationStmt><sourceDesc><bibl><title>Daily Telegraph, electronic edition of 1992-04-12: Applied Science pages.</title> <imprint n="DAILYT1"><publisher>The Daily Telegraph plc</publisher> <pubPlace>London</pubPlace> <date value="1992">1992</date> </imprint> </bibl></sourceDesc></fileDesc><encodingDesc><tagsDecl><namespace name=""><tagUsage gi="c" occurs="70"/><tagUsage gi="div" occurs="1"/><tagUsage gi="head" occurs="2"/><tagUsage gi="mw" occurs="4"/><tagUsage gi="p" occurs="11"/><tagUsage gi="s" occurs="22"/><tagUsage gi="w" occurs="538"/></namespace></tagsDecl></encodingDesc><profileDesc><creation date="1992"> </creation><textClass><catRef targets="WRI ALLTIM3 ALLAVA2 ALLTYP3 WRIAAG0 WRIAD0 WRIASE3 WRIATY2 WRIAUD3 WRIDOM2 WRILEV2 WRIMED2 WRIPP5 WRISAM0 WRISTA3 WRITAS3"/><classCode scheme="DLEE">W newsp brdsht nat: science</classCode><keywords><term> (none) </term></keywords></textClass></profileDesc><revisionDesc><change date="2006-10-21" who="#OUCS">Tag usage updated for BNC-XML</change><change date="2000-12-13" who="#OUCS">Last check for BNC World first release</change><change date="2000-09-06" who="#OUCS">Redo tagusage tables</change><change date="2000-09-01" who="#OUCS">Check all tagcounts</change><change date="2000-06-23" who="#OUCS">Resequenced s-units and added headers</change><change date="2000-01-21" who="#OUCS">Added date info</change><change date="2000-01-09" who="#OUCS">Updated all catrefs</change><change date="2000-01-08" who="#OUCS">Updated source title</change><change date="2000-01-08" who="#OUCS">Updated titles</change><change date="1999-12-25" who="#OUCS">corrected tagUsage</change><change date="1999-09-13" who="#UCREL">POS codes revised for BNC-2; header updated</change><change date="1994-11-24" who="#dominic">Initial accession to corpus</change></revisionDesc></teiHeader>
<wtext type="NEWS"><div level="1"><head type="MAIN">
<s n="1"><w c5="NN2" hw="farmland" pos="SUBST">Farmlands </w><w c5="NN1" hw="crisis" pos="SUBST">crisis </w><w c5="VVZ-NN2" hw="lie" pos="VERB">lies </w><w c5="PRP" hw="in" pos="PREP">in </w><w c5="AT0" hw="the" pos="ART">the </w><w c5="NN1" hw="soil" pos="SUBST">soil</w></s></head><head type="BYLINE">
<s n="2"><w c5="PRP" hw="by" pos="PREP">by </w><w c5="NP0" hw="greg" pos="SUBST">Greg </w><w c5="NP0" hw="neale" pos="SUBST">Neale </w><w c5="NN1" hw="environment" pos="SUBST">Environment </w><w c5="NN1" hw="correspondent" pos="SUBST">Correspondent</w></s></head><p>
<s n="3"><w c5="AJ0" hw="severe" pos="ADJ">SEVERE </w><w c5="NN1" hw="drought" pos="SUBST">drought </w><w c5="VVN-VVD" hw="couple" pos="VERB">coupled </w><w c5="PRP" hw="with" pos="PREP">with </w><w c5="NN1" hw="damage" pos="SUBST">damage </w><w c5="PRP" hw="to" pos="PREP">to </w><w c5="AT0" hw="the" pos="ART">the </w><w c5="NN1" hw="ozone" pos="SUBST">ozone </w><w c5="NN1" hw="layer" pos="SUBST">layer </w><w c5="VBZ" hw="be" pos="VERB">is </w><w c5="AJ0" hw="likely" pos="ADJ">likely </w><w c5="TO0" hw="to" pos="PREP">to </w><w c5="VVI" hw="threaten" pos="VERB">threaten </w><w c5="NN1" hw="crop" pos="SUBST">crop </w><w c5="NN1" hw="growth" pos="SUBST">growth </w><w c5="PRP" hw="in" pos="PREP">in </w><w c5="NP0" hw="britain" pos="SUBST">Britain</w><c c5="PUN">, </c><w c5="NN2" hw="scientist" pos="SUBST">scientists </w><w c5="VVB-NN1" hw="fear" pos="VERB">fear</w><c c5="PUN">.</c></s>
<s n="4"><w c5="PNP" hw="they" pos="PRON">They </w><w c5="VVB" hw="warn" pos="VERB">warn </w><w c5="CJT" hw="that" pos="CONJ">that </w><w c5="AT0" hw="a" pos="ART">a </w><w c5="ORD" hw="fourth" pos="ADJ">fourth </w><w c5="NN1" hw="year" pos="SUBST">year </w><w c5="PRF" hw="of" pos="PREP">of </w><w c5="NN1" hw="drought" pos="SUBST">drought </w><w c5="VM0" hw="will" pos="VERB">will </w><w c5="AV0" hw="further/far" pos="ADV">further </w><w c5="VVI" hw="hit" pos="VERB">hit </w><w c5="NN2" hw="farmer" pos="SUBST">farmers </w><w c5="VVG" hw="struggle" pos="VERB">struggling </w><w c5="PRP" hw="in" pos="PREP">in </w><w c5="AT0" hw="the" pos="ART">the </w><w c5="AJ0-NN1" hw="potential" pos="ADJ">potential </w><c c5="PUQ">‘</c><w c5="NN1" hw="dustbowl" pos="SUBST">dustbowl</w><c c5="PUQ">’ </c><w c5="NN2" hw="region" pos="SUBST">regions </w><w c5="PRF" hw="of" pos="PREP">of </w><w c5="AJ0" hw="eastern" pos="ADJ">eastern </w><w c5="NP0" hw="england" pos="SUBST">England</w><c c5="PUN">.</c></s>
<s n="5"><w c5="CJC" hw="but" pos="CONJ">But </w><w c5="VVB-NN1" hw="concern" pos="VERB">concern </w><w c5="PRP" hw="for" pos="PREP">for </w><w c5="AT0" hw="the" pos="ART">the </w><w c5="NN1" hw="vulnerability" pos="SUBST">vulnerability </w><w c5="PRF" hw="of" pos="PREP">of </w><w c5="NN1" hw="land" pos="SUBST">land </w><w c5="VVN" hw="threaten" pos="VERB">threatened </w><w c5="PRP" hw="by" pos="PREP">by </w><w c5="NN1" hw="erosion" pos="SUBST">erosion </w><w c5="CJC" hw="and" pos="CONJ">and </w><w c5="NN1" hw="climate" pos="SUBST">climate </w><w c5="NN1" hw="change" pos="SUBST">change </w><w c5="VBZ" hw="be" pos="VERB">is </w><w c5="VVN" hw="spread" pos="VERB">spread </w><w c5="PRP" hw="across" pos="PREP">across </w><w c5="DT0" hw="much" pos="ADJ">much </w><w c5="PRF" hw="of" pos="PREP">of </w><w c5="AT0" hw="the" pos="ART">the </w><w c5="NN1" hw="country" pos="SUBST">country</w><c c5="PUN">.</c></s></p><p>
<s n="6"><w c5="AJ0" hw="environmental" pos="ADJ">Environmental </w><w c5="NN2" hw="scientist" pos="SUBST">scientists </w><w c5="VVB" hw="say" pos="VERB">say </w><w c5="AT0" hw="the" pos="ART">the </w><w c5="NN1" hw="depletion" pos="SUBST">depletion </w><w c5="PRF" hw="of" pos="PREP">of </w><w c5="AT0" hw="the" pos="ART">the </w><w c5="NN1" hw="ozone" pos="SUBST">ozone </w><w c5="NN1" hw="layer" pos="SUBST">layer </w><c c5="PUN">— </c><w c5="AJC" hw="thin" pos="ADJ">thinner </w><w c5="CJS" hw="than" pos="CONJ">than </w><w c5="AV0" hw="ever" pos="ADV">ever </w><w c5="AV0" hw="before" pos="ADV">before </w><w c5="PRP-AVP" hw="over" pos="PREP">over </w><w c5="AT0" hw="the" pos="ART">the </w><w c5="AJ0" hw="northern" pos="ADJ">northern </w><w c5="NN1" hw="hemisphere" pos="SUBST">hemisphere </w><c c5="PUN">— </c><w c5="VM0" hw="could" pos="VERB">could </w><w c5="VVI" hw="cause" pos="VERB">cause </w><w c5="AJ0" hw="serious" pos="ADJ">serious </w><w c5="NN1" hw="damage" pos="SUBST">damage </w><w c5="PRP" hw="to" pos="PREP">to </w><w c5="NN2" hw="crop" pos="SUBST">crops </w><w c5="CJC" hw="and" pos="CONJ">and </w><w c5="AJ0" hw="other" pos="ADJ">other </w><w c5="NN2" hw="plant" pos="SUBST">plants </w><w c5="CJS" hw="as" pos="CONJ">as </w><w c5="AJ0" hw="extra" pos="ADJ">extra </w><w c5="AJ0" hw="ultra-violet" pos="ADJ">ultra-violet </w><w c5="NN1" hw="radiation" pos="SUBST">radiation </w><w c5="VVZ" hw="reach" pos="VERB">reaches </w><w c5="AT0" hw="the" pos="ART">the </w><w c5="NN1" hw="planet" pos="SUBST">planet</w><w c5="POS" hw="'s" pos="UNC">'s </w><w c5="NN1" hw="surface" pos="SUBST">surface</w><c c5="PUN">.</c></s>
<s n="7"><w c5="AV0" hw="early" pos="ADV">Earlier </w><w c5="DT0" hw="this" pos="ADJ">this </w><w c5="NN1" hw="year" pos="SUBST">year</w><c c5="PUN">, </c><w c5="AT0" hw="the" pos="ART">The </w><w c5="NP0" hw="sunday" pos="SUBST">Sunday </w><w c5="NN1" hw="telegraph" pos="SUBST">Telegraph </w><w c5="VVD-VVN" hw="report" pos="VERB">reported </w><w c5="NN2" hw="scientist" pos="SUBST">scientists </w><w c5="AV0" hw="also" pos="ADV">also </w><w c5="VVB-NN1" hw="fear" pos="VERB">fear </w><w c5="NN1-VVB" hw="damage" pos="SUBST">damage </w><w c5="PRP" hw="to" pos="PREP">to </w><w c5="NN1" hw="life" pos="SUBST">life </w><w c5="PRP" hw="in" pos="PREP">in </w><w c5="AT0" hw="the" pos="ART">the </w><w c5="NN2" hw="ocean" pos="SUBST">oceans</w><c c5="PUN">.</c></s></p><p>
<s n="8"><w c5="ORD" hw="last" pos="ADJ">Last </w><w c5="NN1" hw="week" pos="SUBST">week</w><c c5="PUN">, </c><w c5="AT0" hw="a" pos="ART">a </w><w c5="NN1" hw="conference" pos="SUBST">conference </w><w c5="PRF" hw="of" pos="PREP">of </w><w c5="AT0" hw="the" pos="ART">the </w><w c5="NN1" hw="society" pos="SUBST">Society </w><w c5="PRP" hw="for" pos="PREP">for </w><w c5="AJ0" hw="experimental" pos="ADJ">Experimental </w><w c5="NN1" hw="biology" pos="SUBST">Biology </w><w c5="PRP" hw="at" pos="PREP">at </w><w c5="NP0" hw="lancaster" pos="SUBST">Lancaster </w><w c5="NN1" hw="university" pos="SUBST">University </w><w c5="VVD" hw="hear" pos="VERB">heard </w><w c5="AJ0" hw="new" pos="ADJ">new </w><w c5="NN1" hw="information" pos="SUBST">information </w><w c5="PRP" hw="about" pos="PREP">about </w><w c5="AT0" hw="the" pos="ART">the </w><w c5="AJ0" hw="possible" pos="ADJ">possible </w><w c5="NN2" hw="risk" pos="SUBST">risks </w><w c5="PRP" hw="to" pos="PREP">to </w><w c5="NN2" hw="crop" pos="SUBST">crops </w><w c5="PRP" hw="from" pos="PREP">from </w><w c5="AJ0" hw="increased" pos="ADJ">increased </w><w c5="NN1" hw="uvb" pos="SUBST">UVB </w><w c5="NN1" hw="radiation" pos="SUBST">radiation </w><w c5="NN2" hw="level" pos="SUBST">levels</w><c c5="PUN">.</c></s></p><p>
<s n="9"><w c5="NP0" hw="dr" pos="SUBST">Dr </w><w c5="NP0" hw="nigel" pos="SUBST">Nigel </w><w c5="NP0" hw="paul" pos="SUBST">Paul</w><c c5="PUN">, </c><w c5="AT0" hw="a" pos="ART">a </w><w c5="NP0" hw="lancaster" pos="SUBST">Lancaster </w><w c5="NN1" hw="biologist" pos="SUBST">biologist </w><w c5="AV0" hw="now" pos="ADV">now </w><w c5="PRP" hw="in" pos="PREP">in </w><w c5="AT0" hw="the" pos="ART">the </w><w c5="ORD" hw="third" pos="ADJ">third </w><w c5="NN1" hw="year" pos="SUBST">year </w><w c5="PRF" hw="of" pos="PREP">of </w><w c5="AT0" hw="a" pos="ART">a </w><w c5="NN1" hw="research" pos="SUBST">research </w><w c5="NN1" hw="programme" pos="SUBST">programme </w><w c5="VVN" hw="fund" pos="VERB">funded </w><w c5="PRP" hw="by" pos="PREP">by </w><w c5="AT0" hw="the" pos="ART">the </w><w c5="NN1" hw="department" pos="SUBST">Department </w><w c5="PRF" hw="of" pos="PREP">of </w><w c5="AT0" hw="the" pos="ART">the </w><w c5="NN1" hw="environment" pos="SUBST">Environment</w><c c5="PUN">, </c><w c5="VVD" hw="say" pos="VERB">said </w><w c5="AV0" hw="yesterday" pos="ADV">yesterday </w><w c5="CJT" hw="that" pos="CONJ">that </w><w c5="AJ0" hw="preliminary" pos="ADJ">preliminary </w><w c5="NN1" hw="research" pos="SUBST">research </w><w c5="VVD-VVN" hw="suggest" pos="VERB">suggested </w><w c5="NN2" hw="crop" pos="SUBST">crops </w><mw c5="PRP"><w c5="DT0" hw="such" pos="ADJ">such </w><w c5="PRP" hw="as" pos="PREP">as </w></mw><w c5="NN1" hw="barley" pos="SUBST">barley</w><c c5="PUN">, </c><w c5="NN2" hw="pea" pos="SUBST">peas</w><c c5="PUN">, </c><w c5="VVB-NN1" hw="cauliflower" pos="VERB">cauliflower</w><c c5="PUN">, </c><w c5="NN2" hw="sprout" pos="SUBST">sprouts </w><w c5="CJC" hw="and" pos="CONJ">and </w><w c5="NN1" hw="broccoli" pos="SUBST">broccoli </w><w c5="VBD" hw="be" pos="VERB">were </w><w c5="AV0" hw="most" pos="ADV">most </w><w c5="PRP" hw="at" pos="PREP">at </w><w c5="NN1" hw="risk" pos="SUBST">risk</w><c c5="PUN">.</c></s>
<s n="10"><w c5="NN2" hw="scientist" pos="SUBST">Scientists </w><w c5="VBB" hw="be" pos="VERB">are </w><w c5="AV0" hw="equally" pos="ADV">equally </w><w c5="AJ0" hw="worried" pos="ADJ">worried </w><w c5="PRP" hw="about" pos="PREP">about </w><w c5="AT0" hw="the" pos="ART">the </w><w c5="NN1" hw="soil" pos="SUBST">soil </w><w c5="PRP" hw="in" pos="PREP">in </w><w c5="DTQ" hw="which" pos="PRON">which </w><w c5="PNP" hw="they" pos="PRON">they </w><w c5="VVB" hw="grow" pos="VERB">grow</w><c c5="PUN">.</c></s>
<s n="11"><w c5="NN2" hw="figure" pos="SUBST">Figures </w><w c5="VVB" hw="suggest" pos="VERB">suggest </w><w c5="CJT-DT0" hw="that" pos="CONJ">that </w><mw c5="AV0"><w c5="AV0" hw="more" pos="ADV">more </w><w c5="CJS" hw="than" pos="CONJ">than </w></mw><w c5="CRD" hw="40" pos="ADJ">40 </w><mw c5="NN0"><w c5="UNC" hw="per" pos="UNC">per </w><w c5="UNC" hw="cent" pos="UNC">cent </w></mw><w c5="PRF" hw="of" pos="PREP">of </w><w c5="AJ0" hw="arable" pos="ADJ">arable </w><w c5="NN1" hw="land" pos="SUBST">land </w><w c5="PRP" hw="in" pos="PREP">in </w><w c5="NP0" hw="england" pos="SUBST">England </w><w c5="CJC" hw="and" pos="CONJ">and </w><w c5="NP0" hw="wales" pos="SUBST">Wales </w><w c5="VBZ" hw="be" pos="VERB">is </w><w c5="AV0" hw="potentially" pos="ADV">potentially </w><w c5="PRP" hw="at" pos="PREP">at </w><w c5="NN1" hw="risk" pos="SUBST">risk </w><w c5="PRP" hw="from" pos="PREP">from </w><w c5="NN1" hw="erosion" pos="SUBST">erosion </w><w c5="PRP" hw="by" pos="PREP">by </w><w c5="NN1" hw="wind" pos="SUBST">wind </w><w c5="CJC" hw="or" pos="CONJ">or </w><w c5="NN1" hw="water" pos="SUBST">water</w><c c5="PUN">.</c></s>
<s n="12"><w c5="EX0" hw="there" pos="PRON">There </w><w c5="VBB" hw="be" pos="VERB">are </w><w c5="VVG-AJ0" hw="mount" pos="VERB">mounting </w><w c5="NN2" hw="implication" pos="SUBST">implications </w><w c5="PRP" hw="for" pos="PREP">for </w><w c5="NN1" hw="water" pos="SUBST">water </w><w c5="NN2" hw="supply" pos="SUBST">supplies</w><c c5="PUN">, </c><w c5="NN1" hw="food" pos="SUBST">food </w><w c5="NN1" hw="production" pos="SUBST">production</w><c c5="PUN">, </c><w c5="NN2" hw="road" pos="SUBST">roads</w><c c5="PUN">, </c><w c5="NN2" hw="building" pos="SUBST">buildings </w><w c5="CJC" hw="and" pos="CONJ">and </w><w c5="NN1" hw="engineering" pos="SUBST">engineering </w><w c5="NN1-VVB" hw="work" pos="SUBST">work</w><c c5="PUN">, </c><w c5="AV0" hw="together" pos="ADV">together </w><w c5="PRP" hw="with" pos="PREP">with </w><w c5="AT0" hw="the" pos="ART">the </w><w c5="AJ0" hw="very" pos="ADJ">very </w><w c5="NN1" hw="face" pos="SUBST">face </w><w c5="PRF" hw="of" pos="PREP">of </w><w c5="AT0" hw="the" pos="ART">the </w><w c5="NN1" hw="countryside" pos="SUBST">countryside</w><c c5="PUN">.</c></s></p><p>
<s n="13"><w c5="CJS" hw="while" pos="CONJ">While </w><w c5="AJ0" hw="other" pos="ADJ">other </w><w c5="AJ0" hw="european" pos="ADJ">European </w><w c5="NN1" hw="community" pos="SUBST">Community </w><w c5="NN2" hw="country" pos="SUBST">countries </w><w c5="VBB" hw="be" pos="VERB">are </w><w c5="AV0" hw="increasingly" pos="ADV">increasingly </w><w c5="AJ0" hw="aware" pos="ADJ">aware </w><w c5="PRF" hw="of" pos="PREP">of </w><w c5="AT0" hw="the" pos="ART">the </w><w c5="NN1" hw="vulnerability" pos="SUBST">vulnerability </w><w c5="PRF" hw="of" pos="PREP">of </w><w c5="NN1" hw="land" pos="SUBST">land</w><c c5="PUN">, </c><w c5="AV0" hw="however" pos="ADV">however</w><c c5="PUN">, </c><w c5="NP0" hw="britain" pos="SUBST">Britain</w><w c5="POS" hw="'s" pos="UNC">'s </w><w c5="AJ0" hw="pioneering" pos="ADJ">pioneering </w><w c5="AJ0" hw="national" pos="ADJ">national </w><w c5="AJ0-NN1" hw="field-by-field" pos="ADJ">field-by-field </w><w c5="NN1" hw="soil" pos="SUBST">soil </w><w c5="NN1" hw="survey" pos="SUBST">survey </w><w c5="VVZ" hw="remain" pos="VERB">remains </w><w c5="AJ0" hw="incomplete" pos="ADJ">incomplete</w><c c5="PUN">, </c><w c5="CRD" hw="53" pos="ADJ">53 </w><w c5="NN2" hw="year" pos="SUBST">years </w><w c5="CJS" hw="after" pos="CONJ">after </w><w c5="PNP" hw="it" pos="PRON">it </w><w c5="VVD" hw="begin" pos="VERB">began</w><c c5="PUN">.</c></s></p><p>
<s n="14"><w c5="NP0" hw="professor" pos="SUBST">Professor </w><w c5="NP0" hw="peter" pos="SUBST">Peter </w><w c5="NP0" hw="bullock" pos="SUBST">Bullock</w><c c5="PUN">, </c><w c5="NN1" hw="director" pos="SUBST">director </w><w c5="PRF" hw="of" pos="PREP">of </w><w c5="AT0" hw="the" pos="ART">the </w><w c5="NN1" hw="soil" pos="SUBST">Soil </w><w c5="NN1" hw="survey" pos="SUBST">Survey </w><w c5="CJC" hw="and" pos="CONJ">and </w><w c5="NP0-NN1" hw="land" pos="SUBST">Land </w><w c5="NN1" hw="research" pos="SUBST">Research </w><w c5="NN1" hw="centre" pos="SUBST">Centre </w><w c5="NN2" hw="office" pos="SUBST">offices </w><w c5="PRP" hw="at" pos="PREP">at </w><w c5="NP0" hw="silsoe" pos="SUBST">Silsoe</w><c c5="PUN">, </c><w c5="NN1" hw="part" pos="SUBST">part </w><w c5="PRF" hw="of" pos="PREP">of </w><w c5="AT0" hw="the" pos="ART">the </w><w c5="NP0-NN1" hw="cranfield" pos="SUBST">Cranfield </w><w c5="NN1" hw="institute" pos="SUBST">Institute </w><w c5="PRF" hw="of" pos="PREP">of </w><w c5="NN1" hw="technology" pos="SUBST">Technology</w><c c5="PUN">, </c><w c5="PRP" hw="near" pos="PREP">near </w><w c5="NP0" hw="bedford" pos="SUBST">Bedford</w><c c5="PUN">, </c><w c5="VVD" hw="say" pos="VERB">said</w><c c5="PUN">: </c><c c5="PUQ">‘</c><w c5="PNP" hw="we" pos="PRON">We </w><w c5="VHB" hw="have" pos="VERB">have </w><w c5="TO0" hw="to" pos="PREP">to </w><w c5="VVI" hw="realise" pos="VERB">realise </w><w c5="CJT" hw="that" pos="CONJ">that </w><w c5="AT0" hw="a" pos="ART">a </w><w c5="AJ0" hw="significant" pos="ADJ">significant </w><w c5="NN1" hw="proportion" pos="SUBST">proportion </w><w c5="PRF" hw="of" pos="PREP">of </w><w c5="DPS" hw="we" pos="PRON">our </w><w c5="NN2" hw="soil" pos="SUBST">soils </w><w c5="VBB" hw="be" pos="VERB">are </w><w c5="AJ0" hw="fragile" pos="ADJ">fragile</w><c c5="PUN">.</c></s>
<s n="15"><w c5="VVN" hw="give" pos="VERB">Given </w><w c5="AJ0-VVG" hw="changing" pos="ADJ">changing </w><w c5="NN2" hw="pressure" pos="SUBST">pressures </w><w c5="PRP" hw="on" pos="PREP">on </w><w c5="AT0" hw="the" pos="ART">the </w><w c5="NN1" hw="land" pos="SUBST">land </w><c c5="PUN">— </c><w c5="PRP" hw="from" pos="PREP">from </w><w c5="NN2" hw="shift" pos="SUBST">shifts </w><w c5="PRP" hw="in" pos="PREP">in </w><w c5="NN1" hw="policy" pos="SUBST">policy </w><w c5="PRP" hw="to" pos="PREP">to </w><w c5="AT0" hw="the" pos="ART">the </w><w c5="NN1" hw="prospect" pos="SUBST">prospect </w><w c5="PRF" hw="of" pos="PREP">of </w><w c5="NN2" hw="change" pos="SUBST">changes </w><w c5="PRP" hw="in" pos="PREP">in </w><w c5="DPS" hw="we" pos="PRON">our </w><w c5="NN1" hw="climate" pos="SUBST">climate </w><c c5="PUN">— </c><w c5="PNP" hw="we" pos="PRON">we </w><w c5="AV0" hw="simply" pos="ADV">simply </w><w c5="VHB" hw="have" pos="VERB">have </w><w c5="TO0" hw="to" pos="PREP">to </w><w c5="VVI" hw="know" pos="VERB">know </w><w c5="DTQ" hw="which" pos="PRON">which </w><w c5="VVZ-NN2" hw="soil" pos="VERB">soils </w><w c5="VM0" hw="can" pos="VERB">can </w><w c5="VVI" hw="sustain" pos="VERB">sustain </w><w c5="DTQ" hw="which" pos="PRON">which </w><w c5="VVZ" hw="use" pos="VERB">uses</w><c c5="PUN">.</c></s></p><p>
<s n="16"><c c5="PUQ">‘</c><w c5="DPS" hw="we" pos="PRON">Our </w><w c5="AJS" hw="big" pos="ADJ">biggest </w><w c5="NN1" hw="problem" pos="SUBST">problem </w><w c5="VBZ" hw="be" pos="VERB">is </w><w c5="CJT" hw="that" pos="CONJ">that </w><w c5="PNP" hw="we" pos="PRON">we </w><w c5="VDB" hw="do" pos="VERB">do </w><w c5="XX0" hw="not" pos="ADV">not </w><w c5="VHI" hw="have" pos="VERB">have </w><w c5="AT0" hw="an" pos="ART">an </w><w c5="NN1" hw="organisation" pos="SUBST">organisation </w><w c5="PRP" hw="in" pos="PREP">in </w><w c5="AT0" hw="the" pos="ART">the </w><w c5="NN1" hw="country" pos="SUBST">country </w><w c5="CJT" hw="that" pos="CONJ">that </w><w c5="VHZ" hw="have" pos="VERB">has </w><w c5="AT0" hw="a" pos="ART">a </w><w c5="NN1" hw="monitoring" pos="SUBST">monitoring </w><w c5="NN1" hw="role" pos="SUBST">role </w><w c5="PRP" hw="for" pos="PREP">for </w><w c5="AT0" hw="the" pos="ART">the </w><w c5="NN1" hw="quality" pos="SUBST">quality </w><w c5="PRF" hw="of" pos="PREP">of </w><w c5="DPS" hw="we" pos="PRON">our </w><w c5="NN1" hw="soil" pos="SUBST">soil</w><c c5="PUN">.</c><c c5="PUQ">’</c></s></p><p>
<s n="17"><w c5="NP0" hw="robin" pos="SUBST">Robin </w><w c5="NP0" hw="maynard" pos="SUBST">Maynard</w><c c5="PUN">, </c><w c5="AT0" hw="a" pos="ART">a </w><w c5="NN1" hw="campaigner" pos="SUBST">campaigner </w><w c5="PRP" hw="for" pos="PREP">for </w><w c5="NN2" hw="friend" pos="SUBST">Friends </w><w c5="PRF" hw="of" pos="PREP">of </w><w c5="AT0" hw="the" pos="ART">the </w><w c5="NN1" hw="earth" pos="SUBST">Earth</w><c c5="PUN">, </c><w c5="VVD" hw="say" pos="VERB">said</w><c c5="PUN">: </c><c c5="PUQ">‘</c><w c5="PNP" hw="it" pos="PRON">It</w><w c5="VBZ" hw="be" pos="VERB">'s </w><w c5="AT0" hw="a" pos="ART">a </w><w c5="AJ0" hw="hidden" pos="ADJ">hidden </w><w c5="NN1" hw="problem" pos="SUBST">problem</w><c c5="PUN">; </c><w c5="DT0" hw="most" pos="ADJ">most </w><w c5="NN2" hw="farmer" pos="SUBST">farmers </w><w c5="VDB" hw="do" pos="VERB">do</w><w c5="XX0" hw="not" pos="ADV">n't </w><w c5="VVI" hw="know" pos="VERB">know </w><w c5="NN1" hw="soil" pos="SUBST">soil </w><w c5="VBZ" hw="be" pos="VERB">is </w><w c5="VBG" hw="be" pos="VERB">being </w><w c5="VVN" hw="erode" pos="VERB">eroded </w><w c5="CJS" hw="as" pos="CONJ">as </w><w c5="PNP" hw="they" pos="PRON">they </w><w c5="AV0" hw="increasingly" pos="ADV">increasingly </w><w c5="VVB" hw="rely" pos="VERB">rely </w><w c5="PRP-AVP" hw="on" pos="PREP">on </w><w c5="AT0" hw="a" pos="ART">a </w><w c5="NN1" hw="mixture" pos="SUBST">mixture </w><w c5="PRF" hw="of" pos="PREP">of </w><w c5="AJ0" hw="new" pos="ADJ">new </w><w c5="NN2" hw="strain" pos="SUBST">strains </w><w c5="PRF" hw="of" pos="PREP">of </w><w c5="NN2" hw="crop" pos="SUBST">crops</w><c c5="PUN">, </c><w c5="NN2" hw="fertiliser" pos="SUBST">fertilisers </w><w c5="CJC" hw="and" pos="CONJ">and </w><w c5="NN1" hw="farm" pos="SUBST">farm </w><w c5="NN1" hw="equipment" pos="SUBST">equipment</w><c c5="PUN">.</c><c c5="PUQ">’</c></s></p><p>
<s n="18"><w c5="NN2" hw="farmer" pos="SUBST">Farmers </w><w c5="PRP" hw="in" pos="PREP">in </w><w c5="NP0" hw="east" pos="SUBST">East </w><w c5="NP0" hw="anglia" pos="SUBST">Anglia</w><c c5="PUN">, </c><w c5="CRD" hw="one" pos="ADJ">one </w><w c5="PRF" hw="of" pos="PREP">of </w><w c5="AT0" hw="the" pos="ART">the </w><w c5="NN2" hw="region" pos="SUBST">regions </w><w c5="AV0" hw="most" pos="ADV">most </w><w c5="VVN" hw="affect" pos="VERB">affected </w><w c5="PRP" hw="by" pos="PREP">by </w><w c5="AT0" hw="the" pos="ART">the </w><w c5="NN1" hw="drought" pos="SUBST">drought</w><c c5="PUN">, </c><w c5="VVB-NN1" hw="hope" pos="VERB">hope </w><w c5="CJT" hw="that" pos="CONJ">that </w><w c5="EX0" hw="there" pos="PRON">there </w><w c5="VM0" hw="may" pos="VERB">may </w><w c5="AV0" hw="yet" pos="ADV">yet </w><w c5="VBI" hw="be" pos="VERB">be </w><w c5="AJ0" hw="sufficient" pos="ADJ">sufficient </w><w c5="NN1" hw="rain" pos="SUBST">rain </w><w c5="AV0" hw="early" pos="ADV">early </w><w c5="PRP" hw="in" pos="PREP">in </w><w c5="AT0" hw="the" pos="ART">the </w><w c5="AJ0" hw="growing" pos="ADJ">growing </w><w c5="NN1" hw="season" pos="SUBST">season </w><w c5="TO0" hw="to" pos="PREP">to </w><w c5="VVI" hw="safeguard" pos="VERB">safeguard </w><w c5="DT0" hw="this" pos="ADJ">this </w><w c5="NN1" hw="year" pos="SUBST">year</w><w c5="POS" hw="'s" pos="UNC">'s </w><w c5="NN2" hw="crop" pos="SUBST">crops</w><c c5="PUN">.</c></s></p><p>
<s n="19"><w c5="NP0" hw="geoffrey" pos="SUBST">Geoffrey </w><w c5="NP0" hw="kemp" pos="SUBST">Kemp</w><c c5="PUN">, </c><w c5="CRD" hw="58" pos="ADJ">58</w><c c5="PUN">, </c><w c5="NN2-VVZ" hw="farm" pos="SUBST">farms </w><w c5="DT0" hw="some" pos="ADJ">some </w><w c5="CRD" hw="230" pos="ADJ">230 </w><w c5="NN2" hw="acre" pos="SUBST">acres </w><w c5="PRP" hw="near" pos="PREP">near </w><w c5="NP0" hw="chatteris" pos="SUBST">Chatteris</w><c c5="PUN">, </c><w c5="CRD" hw="12" pos="ADJ">12 </w><w c5="NN2" hw="mile" pos="SUBST">miles </w><w c5="NN1" hw="north" pos="SUBST">north </w><w c5="PRF" hw="of" pos="PREP">of </w><w c5="NP0" hw="ely" pos="SUBST">Ely </w><w c5="PRP" hw="in" pos="PREP">in </w><w c5="NP0" hw="cambridgeshire" pos="SUBST">Cambridgeshire </w><w c5="CJC" hw="and" pos="CONJ">and </w><w c5="VBZ" hw="be" pos="VERB">is </w><w c5="AT0" hw="no" pos="ART">no </w><w c5="NN1" hw="stranger" pos="SUBST">stranger </w><w c5="PRP" hw="to" pos="PREP">to </w><w c5="AT0" hw="the" pos="ART">the </w><w c5="NN2" hw="effect" pos="SUBST">effects </w><w c5="PRF" hw="of" pos="PREP">of </w><w c5="NN1" hw="drought" pos="SUBST">drought </w><w c5="CJC" hw="or" pos="CONJ">or </w><w c5="NN1" hw="erosion" pos="SUBST">erosion </w><c c5="PUN">— </c><w c5="AV0" hw="particularly" pos="ADV">particularly </w><w c5="CJT-DT0" hw="that" pos="CONJ">that </w><w c5="VVD-VVN" hw="cause" pos="VERB">caused </w><w c5="PRP" hw="by" pos="PREP">by </w><w c5="NN1" hw="wind" pos="SUBST">wind </w><w c5="PRP" hw="on" pos="PREP">on </w><w c5="AJ0" hw="parched" pos="ADJ">parched</w><c c5="PUN">, </c><w c5="AJ0" hw="dry" pos="ADJ">dry </w><w c5="NN2" hw="soil" pos="SUBST">soils</w><c c5="PUN">.</c></s>
<s n="20"><c c5="PUQ">‘</c><w c5="PNP" hw="i" pos="PRON">I </w><w c5="VVD" hw="lose" pos="VERB">lost </w><w c5="CRD" hw="100" pos="ADJ">100 </w><w c5="NN2" hw="acre" pos="SUBST">acres </w><w c5="PRF" hw="of" pos="PREP">of </w><w c5="NN2" hw="carrot" pos="SUBST">carrots </w><w c5="PRP" hw="in" pos="PREP">in </w><w c5="CRD" hw="one" pos="ADJ">one </w><w c5="NN1" hw="evening" pos="SUBST">evening </w><w c5="CRD" hw="10" pos="ADJ">10 </w><w c5="NN2" hw="year" pos="SUBST">years </w><w c5="AV0" hw="ago" pos="ADV">ago</w><c c5="PUN">,</c><c c5="PUQ">’ </c><w c5="PNP" hw="he" pos="PRON">he </w><w c5="VVZ" hw="recall" pos="VERB">recalls</w><c c5="PUN">.</c></s></p><p>
<s n="21"><w c5="AV0" hw="nearby" pos="ADV">Nearby</w><c c5="PUN">, </c><w c5="NP0" hw="holme" pos="SUBST">Holme </w><w c5="NN1" hw="post" pos="SUBST">Post </w><w c5="VVZ" hw="show" pos="VERB">shows </w><w c5="AVQ" hw="how" pos="ADV">how </w><w c5="AV0" hw="far" pos="ADV">far </w><w c5="AT0" hw="the" pos="ART">the </w><w c5="NN1" hw="land" pos="SUBST">land </w><w c5="VBZ" hw="be" pos="VERB">is </w><w c5="AJ0" hw="vulnerable" pos="ADJ">vulnerable </w><w c5="PRP" hw="to" pos="PREP">to </w><w c5="AJ0" hw="environmental" pos="ADJ">environmental </w><w c5="NN1" hw="change" pos="SUBST">change</w><c c5="PUN">.</c></s>
<s n="22"><w c5="AT0" hw="the" pos="ART">The </w><w c5="NN1" hw="post" pos="SUBST">post</w><c c5="PUN">, </c><w c5="VVN-VVD" hw="erect" pos="VERB">erected </w><w c5="PRP" hw="in" pos="PREP">in </w><w c5="AT0" hw="the" pos="ART">the </w><w c5="CRD" hw="1840s" pos="ADJ">1840s </w><w c5="AVQ" hw="when" pos="ADV">when </w><w c5="AT0" hw="the" pos="ART">the </w><w c5="NN1" hw="area" pos="SUBST">area </w><w c5="VBD" hw="be" pos="VERB">was </w><w c5="VVN-AJ0" hw="drain" pos="VERB">drained</w><c c5="PUN">, </c><w c5="VVZ" hw="show" pos="VERB">shows </w><w c5="AT0" hw="the" pos="ART">the </w><w c5="NN1" hw="land" pos="SUBST">land </w><w c5="VHZ" hw="have" pos="VERB">has </w><w c5="VVN" hw="sink" pos="VERB">sunk </w><w c5="DT0" hw="some" pos="ADJ">some </w><w c5="AJ0" hw="13ft-14ft" pos="ADJ">13ft-14ft </w><c c5="PUN">— </c><w c5="AT0" hw="an" pos="ART">an </w><w c5="AJ0" hw="ominous" pos="ADJ">ominous </w><w c5="NN1" hw="decline" pos="SUBST">decline </w><mw c5="PRP"><w c5="PRP" hw="in" pos="PREP">in </w><w c5="NN1" hw="view" pos="SUBST">view </w><w c5="PRF" hw="of" pos="PREP">of </w></mw><w c5="NN2" hw="forecast" pos="SUBST">forecasts </w><w c5="CJT-DT0" hw="that" pos="CONJ">that </w><w c5="AJ0" hw="global" pos="ADJ">global </w><w c5="NN1" hw="warming" pos="SUBST">warming </w><w c5="VM0" hw="may" pos="VERB">may </w><w c5="VVI" hw="cause" pos="VERB">cause </w><w c5="AT0" hw="the" pos="ART">the </w><w c5="AJ0" hw="nearby" pos="ADJ">nearby </w><w c5="NN1" hw="sea" pos="SUBST">sea </w><w c5="TO0" hw="to" pos="PREP">to </w><w c5="VVI" hw="rise" pos="VERB">rise</w><c c5="PUN">.</c></s></p></div></wtext></bncDoc>
