<bncDoc xml:id="AKA"><teiHeader><fileDesc><titleStmt><title>  Daily Telegraph, electronic edition of 1992-04-13: Applied Science pages. Sample containing about 811 words from a periodical (domain: applied science) </title><respStmt><resp> Data capture and transcription </resp><name> Oxford University Press </name> </respStmt></titleStmt><editionStmt><edition>BNC XML Edition, December 2006</edition></editionStmt><extent> 811 tokens; 821 w-units; 38 s-units </extent><publicationStmt><distributor>Distributed under licence by Oxford University Computing Services on behalf of the BNC Consortium.</distributor><availability> This material is protected by international copyright laws and may not be copied or redistributed in any way. Consult the BNC Web Site at http://www.natcorp.ox.ac.uk for full licencing and distribution conditions.</availability><idno type="bnc">AKA</idno><idno type="old"> DjAppS </idno></publicationStmt><sourceDesc><bibl><title>Daily Telegraph, electronic edition of 1992-04-13: Applied Science pages.</title> <imprint n="DAILYT1"><publisher>The Daily Telegraph plc</publisher> <pubPlace>London</pubPlace> <date value="1992">1992</date> </imprint> </bibl></sourceDesc></fileDesc><encodingDesc><tagsDecl><namespace name=""><tagUsage gi="c" occurs="118"/><tagUsage gi="div" occurs="2"/><tagUsage gi="head" occurs="4"/><tagUsage gi="mw" occurs="7"/><tagUsage gi="p" occurs="16"/><tagUsage gi="s" occurs="38"/><tagUsage gi="w" occurs="821"/></namespace></tagsDecl></encodingDesc><profileDesc><creation date="1992"> </creation><textClass><catRef targets="WRI ALLTIM3 ALLAVA2 ALLTYP3 WRIAAG0 WRIAD0 WRIASE3 WRIATY2 WRIAUD3 WRIDOM3 WRILEV2 WRIMED2 WRIPP5 WRISAM0 WRISTA3 WRITAS3"/><classCode scheme="DLEE">W newsp brdsht nat: science</classCode><keywords><term> (none) </term></keywords></textClass></profileDesc><revisionDesc><change date="2006-10-21" who="#OUCS">Tag usage updated for BNC-XML</change><change date="2000-12-13" who="#OUCS">Last check for BNC World first release</change><change date="2000-09-06" who="#OUCS">Redo tagusage tables</change><change date="2000-09-01" who="#OUCS">Check all tagcounts</change><change date="2000-06-23" who="#OUCS">Resequenced s-units and added headers</change><change date="2000-01-21" who="#OUCS">Added date info</change><change date="2000-01-09" who="#OUCS">Updated all catrefs</change><change date="2000-01-08" who="#OUCS">Updated source title</change><change date="2000-01-08" who="#OUCS">Updated titles</change><change date="1999-12-25" who="#OUCS">corrected tagUsage</change><change date="1999-09-13" who="#UCREL">POS codes revised for BNC-2; header updated</change><change date="1994-11-24" who="#dominic">Initial accession to corpus</change></revisionDesc></teiHeader>
<wtext type="NEWS"><div level="1"><head type="MAIN">
<s n="1"><w c5="NN1" hw="science" pos="SUBST">Science</w><c c5="PUN">: </c><w c5="NN2" hw="window" pos="SUBST">Windows </w><w c5="PRP" hw="on" pos="PREP">on </w><w c5="NN2" hw="world" pos="SUBST">worlds </w><w c5="PRP" hw="beyond" pos="PREP">beyond </w><w c5="NN1" hw="science" pos="SUBST">Science </w><w c5="NN1" hw="editor" pos="SUBST">editor </w><w c5="NP0-NN1" hw="rogerhighfield" pos="SUBST">RogerHighfield </w><w c5="VVZ" hw="spotlight" pos="VERB">spotlights </w><w c5="AT0" hw="the" pos="ART">the </w><w c5="AJS" hw="good" pos="ADJ">best </w><w c5="PRF" hw="of" pos="PREP">of </w><w c5="AJ0" hw="british" pos="ADJ">British </w><w c5="NN1" hw="space" pos="SUBST">space </w><w c5="NN1" hw="wizardry" pos="SUBST">wizardry </w><w c5="AVP" hw="about" pos="ADV">about </w><w c5="TO0" hw="to" pos="PREP">to </w><w c5="VVI" hw="go" pos="VERB">go </w><w c5="PRP-AVP" hw="on" pos="PREP">on </w><w c5="NN1" hw="display" pos="SUBST">display </w><w c5="PRP" hw="in" pos="PREP">in </w><w c5="NP0" hw="seville" pos="SUBST">Seville</w></s></head><head type="BYLINE">
<s n="2"><w c5="PRP" hw="by" pos="PREP">By </w><w c5="NP0" hw="roger" pos="SUBST">ROGER </w><w c5="NP0" hw="highfield" pos="SUBST">HIGHFIELD</w></s></head><p>
<s n="3"><w c5="NN1-VVB" hw="space" pos="SUBST">SPACE </w><w c5="NN1" hw="science" pos="SUBST">science </w><w c5="VM0" hw="will" pos="VERB">will </w><w c5="VBI" hw="be" pos="VERB">be </w><w c5="AT0" hw="the" pos="ART">the </w><w c5="NN1" hw="centrepiece" pos="SUBST">centrepiece </w><w c5="PRF" hw="of" pos="PREP">of </w><w c5="AT0" hw="the" pos="ART">the </w><w c5="AJ0" hw="british" pos="ADJ">British </w><w c5="NN1" hw="pavilion" pos="SUBST">pavilion </w><w c5="PRP" hw="at" pos="PREP">at </w><w c5="NN1" hw="expo" pos="SUBST">Expo </w><c c5="PUQ">‘</c><w c5="CRD" hw="92" pos="ADJ">92</w><c c5="PUN">, </c><w c5="VVG" hw="open" pos="VERB">opening </w><w c5="PRP" hw="in" pos="PREP">in </w><w c5="NP0" hw="seville" pos="SUBST">Seville </w><w c5="ORD" hw="next" pos="ADJ">next </w><w c5="NP0" hw="monday" pos="SUBST">Monday</w><c c5="PUN">.</c></s>
<s n="4"><w c5="AV0" hw="about" pos="ADV">About </w><w c5="CRD" hw="two" pos="ADJ">two </w><w c5="CRD" hw="million" pos="ADJ">million </w><w c5="NN2" hw="visitor" pos="SUBST">visitors </w><w c5="VBB" hw="be" pos="VERB">are </w><w c5="VVN-AJ0" hw="expect" pos="VERB">expected </w><w c5="TO0" hw="to" pos="PREP">to </w><w c5="VVI" hw="see" pos="VERB">see </w><w c5="AT0" hw="the" pos="ART">the </w><w c5="NN1" hw="display" pos="SUBST">display </w><w c5="PRP" hw="on" pos="PREP">on </w><w c5="AJ0" hw="british" pos="ADJ">British </w><w c5="AJ0" hw="scientific" pos="ADJ">scientific </w><w c5="CJC" hw="and" pos="CONJ">and </w><w c5="AJ0" hw="technological" pos="ADJ">technological </w><w c5="NN2" hw="breakthrough" pos="SUBST">breakthroughs</w><c c5="PUN">, </c><w c5="VVG" hw="unravel" pos="VERB">unravelling </w><w c5="AT0" hw="the" pos="ART">the </w><w c5="NN2" hw="mystery" pos="SUBST">mysteries </w><w c5="PRF" hw="of" pos="PREP">of </w><w c5="AT0" hw="the" pos="ART">the </w><w c5="NN1" hw="sun" pos="SUBST">Sun </w><w c5="CJC" hw="and" pos="CONJ">and </w><w c5="VVG" hw="monitor" pos="VERB">monitoring </w><w c5="AT0" hw="the" pos="ART">the </w><w c5="NN1" hw="earth" pos="SUBST">Earth</w><w c5="POS" hw="'s" pos="UNC">'s </w><w c5="NN1" hw="health" pos="SUBST">health</w><c c5="PUN">.</c></s></p><p>
<s n="5"><w c5="NP0" hw="britain" pos="SUBST">Britain </w><w c5="VHZ" hw="have" pos="VERB">has </w><w c5="VVN" hw="contribute" pos="VERB">contributed </w><w c5="PRP" hw="to" pos="PREP">to </w><w c5="AT0" hw="the" pos="ART">the </w><w c5="AJ0" hw="european" pos="ADJ">European </w><w c5="NN1" hw="space" pos="SUBST">Space </w><w c5="NN1" hw="agency" pos="SUBST">Agency</w><w c5="VBZ" hw="be" pos="VERB">'s </w><w c5="UNC" hw="ers-1" pos="UNC">ERS-1 </w><w c5="NN1" hw="satellite" pos="SUBST">satellite</w><c c5="PUN">, </c><w c5="VVD-VVN" hw="launch" pos="VERB">launched </w><w c5="ORD" hw="last" pos="ADJ">last </w><w c5="NP0" hw="july" pos="SUBST">July </w><w c5="TO0" hw="to" pos="PREP">to </w><w c5="VVI" hw="monitor" pos="VERB">monitor </w><w c5="AT0" hw="the" pos="ART">the </w><w c5="NN2" hw="ocean" pos="SUBST">oceans</w><c c5="PUN">.</c></s>
<s n="6"><w c5="AT0" hw="a" pos="ART">A </w><w c5="NN1" hw="feature" pos="SUBST">feature </w><w c5="VM0" hw="will" pos="VERB">will </w><w c5="VBI" hw="be" pos="VERB">be </w><w c5="CRD" hw="one" pos="ADJ">one </w><w c5="PRF" hw="of" pos="PREP">of </w><w c5="AT0" hw="the" pos="ART">the </w><w c5="NN1" hw="satellite" pos="SUBST">satellite</w><w c5="POS" hw="'s" pos="UNC">'s </w><w c5="AV0" hw="most" pos="ADV">most </w><w c5="AJ0" hw="important" pos="ADJ">important </w><w c5="NN2" hw="instrument" pos="SUBST">instruments</w><c c5="PUN">, </c><w c5="AT0" hw="the" pos="ART">the </w><w c5="PRP-AVP" hw="along" pos="PREP">Along </w><w c5="NN1" hw="track" pos="SUBST">Track </w><w c5="VVG" hw="scan" pos="VERB">Scanning </w><w c5="NP0" hw="radiometer" pos="SUBST">Radiometer </w><c c5="PUL">(</c><w c5="NP0" hw="atsr" pos="SUBST">ATSR</w><c c5="PUR">)</c><c c5="PUN">, </c><w c5="VVN" hw="back" pos="VERB">backed </w><w c5="PRP" hw="by" pos="PREP">by </w><w c5="AT0" hw="the" pos="ART">the </w><w c5="NN1" hw="science" pos="SUBST">Science </w><w c5="CJC" hw="and" pos="CONJ">and </w><w c5="NN1" hw="engineering" pos="SUBST">Engineering </w><w c5="NN1" hw="research" pos="SUBST">Research </w><w c5="NN1" hw="council" pos="SUBST">Council </w><w c5="PRP" hw="as" pos="PREP">as </w><w c5="NN1" hw="part" pos="SUBST">part </w><w c5="PRF" hw="of" pos="PREP">of </w><w c5="DPS" hw="it" pos="PRON">its </w><w c5="NN0" hw="£75" pos="UNC">£75 </w><w c5="CRD" hw="million" pos="ADJ">million </w><w c5="NN1" hw="contribution" pos="SUBST">contribution</w><c c5="PUN">.</c></s></p><p>
<s n="7"><w c5="NP0-NN1" hw="atsr" pos="SUBST">ATSR </w><w c5="VM0" hw="will" pos="VERB">will </w><w c5="VVI" hw="measure" pos="VERB">measure </w><w c5="NN1" hw="sea" pos="SUBST">sea </w><w c5="NN1" hw="surface" pos="SUBST">surface </w><w c5="NN1" hw="temperature" pos="SUBST">temperature </w><w c5="PRP" hw="to" pos="PREP">to </w><w c5="AT0" hw="an" pos="ART">an </w><w c5="NN1" hw="accuracy" pos="SUBST">accuracy </w><w c5="PRF" hw="of" pos="PREP">of </w><w c5="CRD" hw="0.3" pos="ADJ">0.3 </w><w c5="NN2" hw="degree" pos="SUBST">degrees</w><c c5="PUN">.</c></s>
<s n="8"><w c5="PRP" hw="since" pos="PREP">Since </w><w c5="DPS" hw="it" pos="PRON">its </w><w c5="NN1" hw="launch" pos="SUBST">launch</w><c c5="PUN">, </c><w c5="PNP" hw="it" pos="PRON">it </w><w c5="VHZ" hw="have" pos="VERB">has </w><w c5="VVN" hw="provide" pos="VERB">provided </w><w c5="AT0" hw="a" pos="ART">a </w><w c5="NN1" hw="base" pos="SUBST">base </w><w c5="NN1" hw="line" pos="SUBST">line </w><w c5="PRP" hw="for" pos="PREP">for </w><w c5="VVG" hw="study" pos="VERB">studying </w><w c5="AJ0" hw="global" pos="ADJ">global </w><w c5="NN1" hw="warming" pos="SUBST">warming</w><c c5="PUN">.</c></s>
<s n="9"><c c5="PUQ">‘</c><w c5="PNP" hw="it" pos="PRON">It </w><w c5="VBZ" hw="be" pos="VERB">is </w><w c5="AT0" hw="a" pos="ART">a </w><w c5="AJ0" hw="beautiful" pos="ADJ">beautiful </w><w c5="NN1" hw="piece" pos="SUBST">piece </w><w c5="PRF" hw="of" pos="PREP">of </w><w c5="NN1" hw="technology" pos="SUBST">technology </w><w c5="CJC" hw="and" pos="CONJ">and </w><w c5="NN1" hw="science" pos="SUBST">science</w><c c5="PUN">,</c><c c5="PUQ">’ </c><w c5="VVD" hw="say" pos="VERB">said </w><w c5="NP0" hw="dr" pos="SUBST">Dr </w><w c5="NP0" hw="david" pos="SUBST">David </w><w c5="NP0" hw="llewellyn-jones" pos="SUBST">Llewellyn-Jones </w><w c5="PRF" hw="of" pos="PREP">of </w><w c5="AT0" hw="the" pos="ART">the </w><w c5="NP0" hw="rutherford" pos="SUBST">Rutherford </w><w c5="NP0" hw="appleton" pos="SUBST">Appleton </w><w c5="NN1" hw="laboratory" pos="SUBST">Laboratory </w><w c5="PRP" hw="in" pos="PREP">in </w><w c5="NP0" hw="oxfordshire" pos="SUBST">Oxfordshire</w><c c5="PUN">, </c><w c5="CRD" hw="one" pos="ADJ">one </w><w c5="PRF" hw="of" pos="PREP">of </w><w c5="AT0" hw="the" pos="ART">the </w><w c5="NN1-NP0" hw="atsr" pos="SUBST">ATSR </w><w c5="NN1" hw="team" pos="SUBST">team</w><c c5="PUN">.</c></s></p><p>
<s n="10"><w c5="AT0" hw="the" pos="ART">The </w><w c5="NN1" hw="pavilion" pos="SUBST">pavilion </w><w c5="VM0" hw="will" pos="VERB">will </w><w c5="AV0" hw="also" pos="ADV">also </w><w c5="VVI" hw="feature" pos="VERB">feature </w><w c5="AT0" hw="the" pos="ART">the </w><w c5="NN1-AJ0" hw="solar" pos="SUBST">Solar </w><w c5="CJC" hw="and" pos="CONJ">and </w><w c5="AJ0" hw="heliospheric" pos="ADJ">Heliospheric </w><w c5="NN1" hw="observatory" pos="SUBST">Observatory</w><c c5="PUN">, </c><w c5="NP0" hw="soho" pos="SUBST">SOHO</w><c c5="PUN">, </c><w c5="CJC" hw="and" pos="CONJ">and </w><w c5="VVB-NN1" hw="cluster" pos="VERB">Cluster </w><w c5="NN1" hw="space" pos="SUBST">space </w><w c5="NN2" hw="mission" pos="SUBST">missions</w><c c5="PUN">.</c></s>
<s n="11"><w c5="VVN-AJ0" hw="schedule" pos="VERB">Scheduled </w><w c5="PRP" hw="for" pos="PREP">for </w><w c5="NN1" hw="launch" pos="SUBST">launch </w><w c5="PRP" hw="in" pos="PREP">in </w><w c5="CRD" hw="1995" pos="ADJ">1995</w><c c5="PUN">, </c><w c5="NP0" hw="britain" pos="SUBST">Britain </w><w c5="VHZ" hw="have" pos="VERB">has </w><w c5="VVN" hw="contribute" pos="VERB">contributed </w><w c5="DT0" hw="some" pos="ADJ">some </w><w c5="NN0" hw="£70" pos="UNC">£70 </w><w c5="CRD" hw="million" pos="ADJ">million</w><c c5="PUN">.</c></s></p><p>
<s n="12"><w c5="CRD" hw="one" pos="ADJ">One </w><w c5="PRF" hw="of" pos="PREP">of </w><w c5="NP0" hw="esa" pos="SUBST">ESA</w><w c5="POS" hw="'s" pos="UNC">'s </w><w c5="NN1" hw="cornerstone" pos="SUBST">cornerstone </w><w c5="AJ0" hw="scientific" pos="ADJ">scientific </w><w c5="NN2" hw="mission" pos="SUBST">missions</w><c c5="PUN">, </c><w c5="NP0" hw="soho" pos="SUBST">SOHO </w><w c5="VM0" hw="will" pos="VERB">will </w><w c5="VVI" hw="lurk" pos="VERB">lurk </w><w c5="PRP" hw="between" pos="PREP">between </w><w c5="AT0" hw="the" pos="ART">the </w><w c5="NN1" hw="sun" pos="SUBST">Sun </w><w c5="CJC" hw="and" pos="CONJ">and </w><w c5="AT0" hw="the" pos="ART">the </w><w c5="NN1" hw="earth" pos="SUBST">Earth</w><c c5="PUN">.</c></s>
<s n="13"><mw c5="AV0"><w c5="PRP" hw="on" pos="PREP">On </w><w c5="NN1" hw="board" pos="SUBST">board </w></mw><w c5="VM0" hw="will" pos="VERB">will </w><w c5="VBI" hw="be" pos="VERB">be </w><w c5="AT0" hw="the" pos="ART">the </w><w c5="AJ0-NN1" hw="british-built" pos="ADJ">British-built </w><w c5="NN1" hw="instrument" pos="SUBST">instrument </w><w c5="CJT" hw="that" pos="CONJ">that </w><w c5="VM0" hw="will" pos="VERB">will </w><w c5="VVI" hw="attempt" pos="VERB">attempt </w><w c5="TO0" hw="to" pos="PREP">to </w><w c5="VVI" hw="answer" pos="VERB">answer </w><w c5="AVQ" hw="why" pos="ADV">why </w><w c5="AT0" hw="the" pos="ART">the </w><w c5="NN1" hw="sun" pos="SUBST">Sun</w><w c5="POS" hw="'s" pos="UNC">'s </w><w c5="AJ0" hw="outer" pos="ADJ">outer </w><w c5="NN1" hw="atmosphere" pos="SUBST">atmosphere </w><c c5="PUN">— </c><w c5="AT0" hw="the" pos="ART">the </w><w c5="NN1" hw="corona" pos="SUBST">corona </w><c c5="PUN">— </c><w c5="VBZ" hw="be" pos="VERB">is </w><w c5="VVN" hw="heat" pos="VERB">heated </w><w c5="PRP" hw="to" pos="PREP">to </w><w c5="PRP-AVP" hw="over" pos="PREP">over </w><w c5="CRD" hw="1" pos="ADJ">1 </w><w c5="CRD" hw="million" pos="ADJ">million </w><w c5="NN2" hw="degree" pos="SUBST">degrees</w><c c5="PUN">, </c><w c5="VVG" hw="boil" pos="VERB">boiling </w><w c5="AVP-PRP" hw="off" pos="ADV">off </w><w c5="AJ0" hw="charged" pos="ADJ">charged </w><w c5="NN2" hw="particle" pos="SUBST">particles </w><w c5="TO0" hw="to" pos="PREP">to </w><w c5="VVI" hw="produce" pos="VERB">produce </w><w c5="AT0" hw="the" pos="ART">the </w><w c5="AJ0" hw="solar" pos="ADJ">solar </w><w c5="NN1" hw="wind" pos="SUBST">wind</w><c c5="PUN">.</c></s>
<s n="14"><w c5="AT0" hw="the" pos="ART">The </w><w c5="NN1" hw="wind" pos="SUBST">wind </w><w c5="CJC" hw="and" pos="CONJ">and </w><w c5="DPS" hw="it" pos="PRON">its </w><w c5="NN1" hw="effect" pos="SUBST">effect </w><w c5="PRP" hw="on" pos="PREP">on </w><w c5="AT0" hw="the" pos="ART">the </w><w c5="NN1" hw="earth" pos="SUBST">Earth</w><w c5="POS" hw="'s" pos="UNC">'s </w><w c5="AJ0" hw="magnetic" pos="ADJ">magnetic </w><w c5="NN1" hw="field" pos="SUBST">field </w><w c5="VM0" hw="will" pos="VERB">will </w><w c5="VBI" hw="be" pos="VERB">be </w><w c5="VVN" hw="measure" pos="VERB">measured </w><w c5="PRP" hw="by" pos="PREP">by </w><w c5="NN1" hw="cluster" pos="SUBST">Cluster</w><c c5="PUN">, </c><w c5="AT0" hw="a" pos="ART">a </w><w c5="AJ0" hw="joint" pos="ADJ">joint </w><w c5="NP0" hw="esa/nasa" pos="SUBST">ESA/Nasa </w><w c5="NN1" hw="project" pos="SUBST">project</w><c c5="PUN">.</c></s></p><p>
<s n="15"><w c5="AT0" hw="the" pos="ART">The </w><w c5="NN1" hw="wind" pos="SUBST">wind </w><w c5="VVZ" hw="swirl" pos="VERB">swirls </w><w c5="PRP-AVP" hw="around" pos="PREP">around </w><w c5="AT0" hw="the" pos="ART">the </w><w c5="NN1" hw="earth" pos="SUBST">Earth </w><w c5="CJC" hw="and" pos="CONJ">and </w><w c5="DPS" hw="it" pos="PRON">its </w><w c5="AJ0" hw="magnetic" pos="ADJ">magnetic </w><w c5="NN1" hw="field" pos="SUBST">field</w><c c5="PUN">, </c><w c5="VVG" hw="trigger" pos="VERB">triggering </w><w c5="AJ0" hw="spectacular" pos="ADJ">spectacular </w><w c5="NN2" hw="aurorae" pos="SUBST">aurorae</w><c c5="PUN">.</c></s>
<s n="16"><w c5="CJS" hw="because" pos="CONJ">Because </w><w c5="DT0" hw="this" pos="ADJ">this </w><w c5="NN1" hw="wind" pos="SUBST">wind</w><c c5="PUN">, </c><w c5="VVG" hw="consist" pos="VERB">consisting </w><w c5="PRF" hw="of" pos="PREP">of </w><w c5="AJ0" hw="charged" pos="ADJ">charged </w><w c5="NN2" hw="particle" pos="SUBST">particles </w><mw c5="PRP"><w c5="DT0" hw="such" pos="ADJ">such </w><w c5="PRP" hw="as" pos="PREP">as </w></mw><w c5="NN2" hw="electron" pos="SUBST">electrons</w><c c5="PUN">, </c><w c5="VBZ" hw="be" pos="VERB">is </w><w c5="AV0" hw="constantly" pos="ADV">constantly </w><w c5="VVG-AJ0" hw="change" pos="VERB">changing</w><c c5="PUN">, </c><w c5="NN1-VVB" hw="cluster" pos="SUBST">Cluster </w><w c5="VM0" hw="will" pos="VERB">will </w><w c5="VVI" hw="use" pos="VERB">use </w><w c5="CRD" hw="four" pos="ADJ">four </w><w c5="NN0" hw="spacecraft" pos="SUBST">spacecraft </w><w c5="VVG" hw="fly" pos="VERB">flying </w><w c5="PRP" hw="in" pos="PREP">in </w><w c5="NN1" hw="formation" pos="SUBST">formation</w><c c5="PUN">.</c></s>
<s n="17"><w c5="PNP" hw="it" pos="PRON">It </w><w c5="VM0" hw="will" pos="VERB">will </w><w c5="VVI" hw="study" pos="VERB">study</w><c c5="PUN">, </c><mw c5="AV0"><w c5="PRP" hw="for" pos="PREP">for </w><w c5="NN1" hw="instance" pos="SUBST">instance</w></mw><c c5="PUN">, </c><w c5="AVQ" hw="how" pos="ADV">how </w><w c5="AT0" hw="the" pos="ART">the </w><w c5="NN1" hw="earth" pos="SUBST">Earth</w><w c5="POS" hw="'s" pos="UNC">'s </w><w c5="AJ0" hw="magnetic" pos="ADJ">magnetic </w><w c5="NN1" hw="field" pos="SUBST">field </w><w c5="VVZ" hw="form" pos="VERB">forms </w><w c5="AT0" hw="a" pos="ART">a </w><w c5="NN1" hw="shield" pos="SUBST">shield</w><c c5="PUN">.</c></s></p><p>
<s n="18"><w c5="AT0" hw="the" pos="ART">The </w><w c5="NP0" hw="ulysses" pos="SUBST">Ulysses </w><w c5="NN1-VVB" hw="probe" pos="SUBST">probe </w><w c5="VM0" hw="will" pos="VERB">will </w><w c5="AV0" hw="also" pos="ADV">also </w><w c5="VVI" hw="feature" pos="VERB">feature </w><w c5="PRP" hw="at" pos="PREP">at </w><w c5="NN1" hw="expo" pos="SUBST">Expo</w><c c5="PUN">.</c></s>
<s n="19"><w c5="PRP" hw="in" pos="PREP">In </w><w c5="NP0" hw="february" pos="SUBST">February</w><c c5="PUN">, </c><w c5="PNP" hw="it" pos="PRON">it </w><w c5="VVD" hw="sweep" pos="VERB">swept </w><w c5="PRP" hw="past" pos="PREP">past </w><w c5="NP0" hw="jupiter" pos="SUBST">Jupiter </w><w c5="PRP" hw="with" pos="PREP">with </w><w c5="AJ0" hw="british" pos="ADJ">British </w><w c5="NN2" hw="instrument" pos="SUBST">instruments </w><mw c5="AV0"><w c5="PRP" hw="on" pos="PREP">on </w><w c5="NN1" hw="board" pos="SUBST">board</w></mw><c c5="PUN">, </c><w c5="VVG" hw="harness" pos="VERB">harnessing </w><w c5="AT0" hw="the" pos="ART">the </w><w c5="NN1" hw="planet" pos="SUBST">planet</w><w c5="POS" hw="'s" pos="UNC">'s </w><w c5="AJ0" hw="gravitational" pos="ADJ">gravitational </w><w c5="NN1" hw="field" pos="SUBST">field </w><w c5="TO0" hw="to" pos="PREP">to </w><w c5="VVI" hw="hurl" pos="VERB">hurl </w><w c5="PNP" hw="it" pos="PRON">it </w><w c5="PRP" hw="into" pos="PREP">into </w><w c5="AT0" hw="an" pos="ART">an </w><w c5="NN1" hw="orbit" pos="SUBST">orbit </w><w c5="VVG-AJ0" hw="enable" pos="VERB">enabling </w><w c5="NN1" hw="study" pos="SUBST">study </w><w c5="PRF" hw="of" pos="PREP">of </w><w c5="AT0" hw="the" pos="ART">the </w><w c5="NN2" hw="pole" pos="SUBST">poles </w><w c5="PRF" hw="of" pos="PREP">of </w><w c5="AT0" hw="the" pos="ART">the </w><w c5="NN1" hw="sun" pos="SUBST">Sun </w><w c5="PRP" hw="in" pos="PREP">in </w><w c5="CRD" hw="1994–95" pos="UNC">1994–95</w><c c5="PUN">.</c></s></p><p>
<s n="20"><w c5="NP0" hw="ulysses" pos="SUBST">Ulysses </w><w c5="VHZ" hw="have" pos="VERB">has </w><w c5="AV0" hw="already" pos="ADV">already </w><w c5="VVN" hw="relay" pos="VERB">relayed </w><w c5="NN0" hw="data" pos="SUBST">data </w><w c5="PRP" hw="on" pos="PREP">on </w><w c5="NP0" hw="jupiter" pos="SUBST">Jupiter</w><w c5="POS" hw="'s" pos="UNC">'s </w><w c5="AJ0" hw="magnetic" pos="ADJ">magnetic </w><w c5="NN1" hw="field" pos="SUBST">field</w><c c5="PUN">, </c><w c5="AVQ" hw="how" pos="ADV">how </w><w c5="AT0" hw="the" pos="ART">the </w><w c5="AJ0" hw="solar" pos="ADJ">solar </w><w c5="NN1" hw="wind" pos="SUBST">wind </w><w c5="VVZ" hw="interact" pos="VERB">interacts </w><w c5="PRP" hw="with" pos="PREP">with </w><w c5="PNP" hw="it" pos="PRON">it</w><c c5="PUN">, </c><w c5="CJC" hw="and" pos="CONJ">and </w><w c5="PRP" hw="on" pos="PREP">on </w><w c5="AT0" hw="the" pos="ART">the </w><w c5="AJ0" hw="interplanetary" pos="ADJ">interplanetary </w><w c5="NN1" hw="region" pos="SUBST">region</w><c c5="PUN">.</c></s>
<s n="21"><w c5="PNP" hw="it" pos="PRON">It </w><w c5="VM0" hw="will" pos="VERB">will </w><w c5="VVI" hw="study" pos="VERB">study </w><w c5="DT0" hw="this" pos="ADJ">this </w><w c5="AJ0" hw="unexplored" pos="ADJ">unexplored </w><w c5="NN1" hw="region" pos="SUBST">region</w><c c5="PUN">, </c><w c5="AT0" hw="the" pos="ART">the </w><c c5="PUQ">‘</c><w c5="AJ0" hw="uninhabited" pos="ADJ">uninhabited </w><w c5="NN1" hw="world" pos="SUBST">world </w><w c5="PRP" hw="beyond" pos="PREP">beyond </w><w c5="AT0" hw="the" pos="ART">the </w><w c5="NN1" hw="sun" pos="SUBST">Sun</w><c c5="PUQ">’</c><c c5="PUN">, </c><w c5="CJS" hw="as" pos="CONJ">as </w><w c5="VVN" hw="describe" pos="VERB">described </w><w c5="PRP" hw="by" pos="PREP">by </w><w c5="NP0" hw="dante" pos="SUBST">Dante </w><w c5="PRP" hw="in" pos="PREP">in </w><w c5="DPS" hw="he" pos="PRON">his </w><w c5="AJ0-NN1" hw="epic" pos="ADJ">epic </w><w c5="NN1" hw="poem" pos="SUBST">poem </w><w c5="PRP" hw="about" pos="PREP">about </w><w c5="AT0" hw="the" pos="ART">the </w><w c5="AJ0" hw="greek" pos="ADJ">Greek </w><w c5="AJ0" hw="mythological" pos="ADJ">mythological </w><w c5="NN1" hw="figure" pos="SUBST">figure</w><c c5="PUN">.</c></s></p></div><div level="1"><head type="MAIN">
<s n="22"><w c5="NN1" hw="science" pos="SUBST">Science</w><c c5="PUN">: </c><w c5="VVG" hw="break" pos="VERB">Breaking </w><w c5="AJ0" hw="even" pos="ADJ">even </w><w c5="PRP" hw="in" pos="PREP">in </w><w c5="AT0" hw="the" pos="ART">the </w><w c5="NN1" hw="name" pos="SUBST">name </w><w c5="PRF" hw="of" pos="PREP">of </w><w c5="NN1" hw="invention" pos="SUBST">invention </w><w c5="NP0" hw="christine" pos="SUBST">Christine </w><w c5="NP0" hw="mcgourty" pos="SUBST">McGourty </w><w c5="VVZ-NN2" hw="preview" pos="VERB">previews </w><w c5="AT0" hw="the" pos="ART">the </w><w c5="NP0" hw="edinburgh" pos="SUBST">Edinburgh </w><w c5="NN1" hw="science" pos="SUBST">Science </w><w c5="NN1" hw="festival" pos="SUBST">Festival</w></s></head><head type="BYLINE">
<s n="23"><w c5="PRP" hw="by" pos="PREP">By </w><w c5="NP0" hw="christine" pos="SUBST">CHRISTINE </w><w c5="NP0-NN1" hw="mcgourty" pos="SUBST">MCGOURTY</w></s></head><p>
<s n="24"><w c5="AV0" hw="anew" pos="ADV">ANEW </w><w c5="NN1" hw="method" pos="SUBST">method </w><w c5="PRF" hw="of" pos="PREP">of </w><w c5="VVG" hw="repair" pos="VERB">repairing </w><w c5="NN1" hw="bone" pos="SUBST">bone </w><w c5="NN2" hw="fracture" pos="SUBST">fractures </w><w c5="VVG" hw="use" pos="VERB">using </w><w c5="AT0" hw="a" pos="ART">a </w><w c5="NN1" hw="device" pos="SUBST">device </w><w c5="PRP" hw="like" pos="PREP">like </w><w c5="AT0" hw="a" pos="ART">a </w><w c5="NN0" hw="series" pos="SUBST">series </w><w c5="PRF" hw="of" pos="PREP">of </w><c c5="PUQ">‘</c><w c5="NN1" hw="plastic" pos="SUBST">plastic </w><w c5="NN1" hw="chinese" pos="SUBST">chinese </w><w c5="NN2" hw="lantern" pos="SUBST">lanterns</w><c c5="PUQ">’ </c><w c5="VHZ" hw="have" pos="VERB">has </w><w c5="VBN" hw="be" pos="VERB">been </w><w c5="VVN" hw="develop" pos="VERB">developed </w><w c5="PRP" hw="at" pos="PREP">at </w><w c5="AJ0" hw="heriot-watt" pos="ADJ">Heriot-Watt </w><w c5="NN1" hw="university" pos="SUBST">University</w><c c5="PUN">.</c></s></p><p>
<s n="25"><w c5="AT0" hw="the" pos="ART">The </w><w c5="NN1" hw="technique" pos="SUBST">technique </w><w c5="VM0" hw="will" pos="VERB">will </w><w c5="VBI" hw="be" pos="VERB">be </w><w c5="VVN" hw="announce" pos="VERB">announced </w><w c5="PRP" hw="at" pos="PREP">at </w><w c5="AT0" hw="the" pos="ART">the </w><w c5="ORD" hw="fourth" pos="ADJ">fourth </w><w c5="NP0" hw="edinburgh" pos="SUBST">Edinburgh </w><w c5="AJ0" hw="international" pos="ADJ">International </w><w c5="NN1" hw="science" pos="SUBST">Science </w><w c5="NN1" hw="festival" pos="SUBST">Festival</w><c c5="PUN">, </c><w c5="DTQ" hw="which" pos="PRON">which </w><w c5="VVD" hw="open" pos="VERB">opened </w><w c5="PRP" hw="on" pos="PREP">on </w><w c5="NP0" hw="saturday" pos="SUBST">Saturday</w><c c5="PUN">.</c></s>
<s n="26"><w c5="AT0" hw="the" pos="ART">The </w><w c5="NN1" hw="fracture" pos="SUBST">fracture </w><w c5="NN1" hw="repair" pos="SUBST">repair </w><w c5="VBZ" hw="be" pos="VERB">is </w><w c5="VBG" hw="be" pos="VERB">being </w><w c5="VVN" hw="test" pos="VERB">tested </w><w c5="ORD" hw="first" pos="ADJ">first </w><w c5="PRP" hw="on" pos="PREP">on </w><w c5="AT0" hw="the" pos="ART">the </w><w c5="AJ0" hw="upper" pos="ADJ">upper </w><w c5="NN1" hw="arm" pos="SUBST">arm</w><c c5="PUN">, </c><w c5="DTQ" hw="which" pos="PRON">which </w><w c5="VBZ" hw="be" pos="VERB">is </w><w c5="AJ0" hw="difficult" pos="ADJ">difficult </w><w c5="TO0" hw="to" pos="PREP">to </w><w c5="VVI" hw="encase" pos="VERB">encase </w><w c5="PRP" hw="in" pos="PREP">in </w><w c5="NN1" hw="plaster" pos="SUBST">plaster </w><w c5="CJC" hw="and" pos="CONJ">and </w><w c5="AV0" hw="also" pos="ADV">also </w><w c5="VVZ" hw="make" pos="VERB">makes </w><w c5="AT0" hw="the" pos="ART">the </w><w c5="NN1" hw="insertion" pos="SUBST">insertion </w><w c5="PRF" hw="of" pos="PREP">of </w><w c5="NN2" hw="plate" pos="SUBST">plates </w><w c5="CJC" hw="and" pos="CONJ">and </w><w c5="VVZ" hw="screw" pos="VERB">screws </w><w c5="AV0-AJ0" hw="hard" pos="ADV">hard </w><mw c5="PRP"><w c5="CJS" hw="because" pos="CONJ">because </w><w c5="PRF" hw="of" pos="PREP">of </w></mw><w c5="AT0" hw="the" pos="ART">the </w><w c5="AJ0" hw="large" pos="ADJ">large </w><w c5="NN1" hw="amount" pos="SUBST">amount </w><w c5="PRF" hw="of" pos="PREP">of </w><w c5="NN1" hw="tissue" pos="SUBST">tissue</w><c c5="PUN">, </c><w c5="NN1" hw="muscle" pos="SUBST">muscle </w><w c5="CJC" hw="and" pos="CONJ">and </w><w c5="NN1-VVB" hw="nerve" pos="SUBST">nerve </w><w c5="NN1" hw="material" pos="SUBST">material</w><c c5="PUN">.</c></s></p><p>
<s n="27"><w c5="PRP" hw="after" pos="PREP">After </w><w c5="AJ0" hw="early" pos="ADJ">early </w><w c5="NN2" hw="trial" pos="SUBST">trials </w><w c5="AT0" hw="the" pos="ART">the </w><w c5="NN1" hw="technique" pos="SUBST">technique </w><w c5="VM0" hw="will" pos="VERB">will </w><w c5="VBI" hw="be" pos="VERB">be </w><w c5="VVN" hw="test" pos="VERB">tested </w><w c5="PRP" hw="on" pos="PREP">on </w><w c5="AJ0" hw="other" pos="ADJ">other </w><w c5="AJ0-NN1" hw="human" pos="ADJ">human </w><w c5="NN2" hw="bone" pos="SUBST">bones </w><w c5="CJC" hw="and" pos="CONJ">and </w><w c5="PRP" hw="on" pos="PREP">on </w><w c5="NN1" hw="animal" pos="SUBST">animal </w><w c5="NN2" hw="fracture" pos="SUBST">fractures</w><c c5="PUN">; </c><w c5="NP0" hw="bruce" pos="SUBST">Bruce </w><w c5="NP0" hw="davies" pos="SUBST">Davies</w><c c5="PUN">, </c><w c5="PNQ" hw="who" pos="PRON">who </w><w c5="VVD" hw="develop" pos="VERB">developed </w><w c5="AT0" hw="the" pos="ART">the </w><w c5="NN1" hw="process" pos="SUBST">process</w><c c5="PUN">, </c><w c5="VVD" hw="say" pos="VERB">said </w><w c5="PNP" hw="it" pos="PRON">it </w><w c5="VM0" hw="could" pos="VERB">could </w><w c5="VBI" hw="be" pos="VERB">be </w><w c5="AV0" hw="generally" pos="ADV">generally </w><w c5="AJ0" hw="available" pos="ADJ">available </w><w c5="PRP" hw="in" pos="PREP">in </w><w c5="CRD" hw="two" pos="ADJ">two </w><w c5="PRP" hw="to" pos="PREP">to </w><w c5="CRD" hw="three" pos="ADJ">three </w><w c5="NN2" hw="year" pos="SUBST">years</w><c c5="PUN">.</c></s></p><p>
<s n="28"><w c5="PNP" hw="it" pos="PRON">It </w><w c5="VBZ" hw="be" pos="VERB">is </w><w c5="PNI-CRD" hw="one" pos="PRON">one </w><w c5="PRP" hw="among" pos="PREP">among </w><w c5="DT0" hw="many" pos="ADJ">many </w><c c5="PUQ">‘</c><w c5="NN1" hw="heavyweight" pos="SUBST">heavyweight</w><c c5="PUQ">’ </c><w c5="NN2" hw="event" pos="SUBST">events </w><w c5="VBG" hw="be" pos="VERB">being </w><w c5="VVN" hw="introduce" pos="VERB">introduced </w><w c5="PRP" hw="into" pos="PREP">into </w><w c5="AT0" hw="the" pos="ART">the </w><w c5="NN1" hw="festival" pos="SUBST">festival </w><w c5="PRP" hw="by" pos="PREP">by </w><w c5="NN2" hw="organiser" pos="SUBST">organisers </w><w c5="PNQ" hw="who" pos="PRON">who </w><w c5="VBB" hw="be" pos="VERB">are </w><w c5="VVG" hw="try" pos="VERB">trying </w><w c5="TO0" hw="to" pos="PREP">to </w><w c5="VVI" hw="gain" pos="VERB">gain </w><w c5="NN1" hw="credibility" pos="SUBST">credibility </w><w c5="PRP" hw="in" pos="PREP">in </w><w c5="AT0" hw="the" pos="ART">the </w><w c5="NN1" hw="science" pos="SUBST">science </w><w c5="NN1" hw="community" pos="SUBST">community</w><c c5="PUN">, </c><w c5="DPS" hw="they" pos="PRON">their </w><w c5="AJ0" hw="main" pos="ADJ">main </w><w c5="NN1" hw="aim" pos="SUBST">aim </w><w c5="VBG" hw="be" pos="VERB">being </w><w c5="TO0" hw="to" pos="PREP">to </w><w c5="VVI" hw="bring" pos="VERB">bring </w><w c5="NN1" hw="science" pos="SUBST">science </w><w c5="PRP" hw="to" pos="PREP">to </w><w c5="AT0" hw="the" pos="ART">the </w><w c5="NN0" hw="people" pos="SUBST">people</w><c c5="PUN">, </c><w c5="AV0" hw="mostly" pos="ADV">mostly </w><w c5="AJ0" hw="scottish" pos="ADJ">Scottish</w><c c5="PUN">.</c></s>
<s n="29"><w c5="PRP" hw="in" pos="PREP">In </w><w c5="DT0" hw="this" pos="ADJ">this </w><w c5="PNP" hw="it" pos="PRON">it </w><w c5="VVZ" hw="succeed" pos="VERB">succeeds</w><c c5="PUN">.</c></s>
<s n="30"><w c5="AV0" hw="however" pos="ADV">However</w><c c5="PUN">, </c><w c5="AV0" hw="only" pos="ADV">only </w><w c5="AT0" hw="a" pos="ART">a </w><w c5="AJ0" hw="small" pos="ADJ">small </w><w c5="NN1" hw="number" pos="SUBST">number </w><w c5="PRF" hw="of" pos="PREP">of </w><w c5="AJ0" hw="overseas" pos="ADJ">overseas </w><w c5="NN2" hw="visitor" pos="SUBST">visitors </w><w c5="CJC" hw="and" pos="CONJ">and </w><w c5="NN2" hw="speaker" pos="SUBST">speakers </w><w c5="VVB" hw="attend" pos="VERB">attend </w><w c5="DT0" hw="each" pos="ADJ">each </w><w c5="NN1" hw="year" pos="SUBST">year</w><c c5="PUN">, </c><w c5="CJC" hw="and" pos="CONJ">and </w><w c5="AT0" hw="the" pos="ART">the </w><w c5="NN1" hw="festival" pos="SUBST">festival </w><w c5="AV0" hw="hardly" pos="ADV">hardly </w><w c5="VVZ" hw="merit" pos="VERB">merits </w><w c5="DPS" hw="it" pos="PRON">its </w><c c5="PUQ">‘</c><w c5="AJ0" hw="international" pos="ADJ">International</w><c c5="PUQ">’ </c><w c5="NN1" hw="billing" pos="SUBST">billing</w><c c5="PUN">.</c></s>
<s n="31"><w c5="DT0" hw="this" pos="ADJ">This </w><w c5="VBZ" hw="be" pos="VERB">is </w><w c5="CRD" hw="one" pos="ADJ">one </w><w c5="NN1" hw="aspect" pos="SUBST">aspect </w><w c5="NN2" hw="organiser" pos="SUBST">organisers </w><w c5="VVB" hw="hope" pos="VERB">hope </w><w c5="TO0" hw="to" pos="PREP">to </w><w c5="VVI" hw="change" pos="VERB">change </w><w c5="CJS" hw="if" pos="CONJ">if </w><w c5="PNP" hw="it" pos="PRON">it </w><w c5="VVZ" hw="continue" pos="VERB">continues </w><w c5="PRP" hw="beyond" pos="PREP">beyond </w><w c5="CRD" hw="1993" pos="ADJ">1993</w><c c5="PUN">, </c><w c5="AVQ" hw="when" pos="ADV">when </w><w c5="AT0" hw="the" pos="ART">the </w><w c5="AJ0" hw="five-year" pos="ADJ">five-year </w><w c5="NN1" hw="guarantee" pos="SUBST">guarantee </w><w c5="PRF" hw="of" pos="PREP">of </w><w c5="AJ0" hw="public" pos="ADJ">public </w><w c5="NN2" hw="fund" pos="SUBST">funds </w><w c5="VVZ" hw="run" pos="VERB">runs </w><w c5="AVP" hw="out" pos="ADV">out</w><c c5="PUN">.</c></s></p><p>
<s n="32"><w c5="PRP" hw="with" pos="PREP">With </w><w c5="NN2" hw="fund" pos="SUBST">funds </w><w c5="PRF" hw="of" pos="PREP">of </w><w c5="AV0" hw="about" pos="ADV">about </w><w c5="NN0" hw="£150,000" pos="UNC">£150,000 </w><w c5="PRP" hw="from" pos="PREP">from </w><w c5="AT0" hw="the" pos="ART">the </w><w c5="NN1" hw="district" pos="SUBST">district </w><w c5="CJC" hw="and" pos="CONJ">and </w><w c5="AJ0" hw="regional" pos="ADJ">regional </w><w c5="NN2" hw="council" pos="SUBST">councils </w><w c5="CJC" hw="and" pos="CONJ">and </w><w c5="AT0" hw="a" pos="ART">a </w><w c5="AJ0" hw="similar" pos="ADJ">similar </w><w c5="NN1" hw="amount" pos="SUBST">amount </w><w c5="PRP" hw="from" pos="PREP">from </w><w c5="AT0" hw="the" pos="ART">the </w><w c5="AJ0" hw="private" pos="ADJ">private </w><w c5="NN1" hw="sector" pos="SUBST">sector</w><c c5="PUN">, </c><w c5="AT0" hw="the" pos="ART">the </w><w c5="NN1" hw="event" pos="SUBST">event </w><c c5="PUQ">‘</c><mw c5="AV0"><w c5="AV0" hw="just" pos="ADV">just </w><w c5="AV0" hw="about" pos="ADV">about </w></mw><w c5="VVZ" hw="break" pos="VERB">breaks </w><w c5="AJ0" hw="even" pos="ADJ">even</w><c c5="PUQ">’ </c><w c5="DT0" hw="each" pos="ADJ">each </w><w c5="NN1" hw="year" pos="SUBST">year</w><c c5="PUN">, </c><w c5="AT0" hw="a" pos="ART">a </w><w c5="NN1" hw="spokesman" pos="SUBST">spokesman </w><w c5="VVD" hw="say" pos="VERB">said</w><c c5="PUN">.</c></s></p><p>
<s n="33"><w c5="PNP" hw="it" pos="PRON">It </w><w c5="VDZ" hw="do" pos="VERB">does </w><w c5="XX0" hw="not" pos="ADV">not </w><w c5="VVI" hw="provide" pos="VERB">provide </w><w c5="AT0" hw="an" pos="ART">an </w><w c5="AJ0" hw="important" pos="ADJ">important </w><w c5="NN1" hw="venue" pos="SUBST">venue </w><w c5="PRP" hw="for" pos="PREP">for </w><w c5="NN2" hw="researcher" pos="SUBST">researchers </w><w c5="TO0" hw="to" pos="PREP">to </w><w c5="VVI" hw="announce" pos="VERB">announce </w><w c5="AJ0" hw="new" pos="ADJ">new </w><w c5="NN2" hw="result" pos="SUBST">results</w><c c5="PUN">, </c><w c5="CJC" hw="but" pos="CONJ">but </w><w c5="VVZ" hw="offer" pos="VERB">offers </w><w c5="AV0" hw="instead" pos="ADV">instead </w><w c5="AT0" hw="a" pos="ART">a </w><w c5="AJ0" hw="brief" pos="ADJ">brief </w><w c5="NN1" hw="taste" pos="SUBST">taste </w><w c5="PRF" hw="of" pos="PREP">of </w><w c5="NN1" hw="science" pos="SUBST">science </w><w c5="PRP" hw="to" pos="PREP">to </w><w c5="AT0" hw="the" pos="ART">the </w><w c5="NN2" hw="local" pos="SUBST">locals </w><w c5="PRP-AVP" hw="in" pos="PREP">in </w><mw c5="AV0"><w c5="AV0" hw="more" pos="ADV">more </w><w c5="CJS" hw="than" pos="CONJ">than </w></mw><w c5="CRD" hw="300" pos="ADJ">300 </w><w c5="NN2" hw="event" pos="SUBST">events </w><w c5="VVG" hw="cover" pos="VERB">covering </w><w c5="PNI" hw="everything" pos="PRON">everything </w><w c5="PRP" hw="from" pos="PREP">from </w><w c5="NN1" hw="fitness" pos="SUBST">fitness </w><w c5="VVG-NN1" hw="test" pos="VERB">testing </w><w c5="PRP" hw="to" pos="PREP">to </w><w c5="NN1" hw="x-ray" pos="SUBST">X-ray </w><w c5="NN1" hw="astronomy" pos="SUBST">astronomy</w><c c5="PUN">.</c></s>
<s n="34"><w c5="AT0" hw="a" pos="ART">A </w><c c5="PUQ">‘</c><w c5="AJ0" hw="mad" pos="ADJ">Mad </w><w c5="NN1" hw="lab" pos="SUBST">Lab</w><c c5="PUQ">’ </c><w c5="VVZ" hw="boast" pos="VERB">boasts </w><w c5="AT0" hw="a" pos="ART">a </w><w c5="NN1" hw="host" pos="SUBST">host </w><w c5="PRF" hw="of" pos="PREP">of </w><c c5="PUQ">‘</c><w c5="VVG-NN1" hw="flash" pos="VERB">flashing</w><c c5="PUN">, </c><w c5="VVG" hw="gyrate" pos="VERB">gyrating</w><c c5="PUN">, </c><w c5="AJ0" hw="noisy" pos="ADJ">noisy</w><c c5="PUQ">’</c><w c5="AJ0-NN1" hw="science-based" pos="ADJ">science-based </w><w c5="NN2" hw="gadget" pos="SUBST">gadgets</w><c c5="PUN">, </c><w c5="PRP" hw="with" pos="PREP">with </w><w c5="PNI" hw="something" pos="PRON">something </w><w c5="PRP" hw="for" pos="PREP">for </w><w c5="AT0" hw="every" pos="ART">every </w><w c5="NN1" hw="visitor" pos="SUBST">visitor </w><w c5="TO0" hw="to" pos="PREP">to </w><w c5="VVI" hw="take" pos="VERB">take </w><w c5="AV0" hw="home" pos="ADV">home</w><c c5="PUN">, </c><w c5="CJC" hw="and" pos="CONJ">and </w><w c5="AT0" hw="a" pos="ART">a </w><w c5="NN1" hw="boomerang" pos="SUBST">boomerang </w><w c5="NN1" hw="workshop" pos="SUBST">workshop </w><w c5="VVZ" hw="promise" pos="VERB">promises </w><w c5="AT0" hw="a" pos="ART">a </w><w c5="NN1" hw="prize" pos="SUBST">prize </w><w c5="PRP" hw="for" pos="PREP">for </w><w c5="AT0" hw="the" pos="ART">the </w><c c5="PUQ">‘</c><w c5="AJS" hw="good" pos="ADJ">best </w><w c5="NN1" hw="returner" pos="SUBST">returner</w><c c5="PUQ">’</c><c c5="PUN">.</c></s></p><p>
<s n="35"><w c5="AT0" hw="a" pos="ART">A </w><c c5="PUQ">‘</c><w c5="NN1" hw="bubble" pos="SUBST">Bubble </w><w c5="NN1-NP0" hw="blowout" pos="SUBST">Blowout</w><c c5="PUQ">’ </c><w c5="VVZ" hw="give" pos="VERB">gives </w><w c5="NN1" hw="advice" pos="SUBST">advice </w><w c5="PRP" hw="on" pos="PREP">on </w><w c5="NN1-AJ0" hw="bubble-making" pos="SUBST">bubble-making</w><c c5="PUN">, </c><w c5="CJC" hw="and" pos="CONJ">and </w><w c5="VVG" hw="make" pos="VERB">making </w><w c5="AT0" hw="a" pos="ART">a </w><w c5="AJ0" hw="rare" pos="ADJ">rare </w><w c5="AJ0-NN1" hw="public" pos="ADJ">public </w><w c5="NN1" hw="appearance" pos="SUBST">appearance </w><w c5="VBZ" hw="be" pos="VERB">is </w><w c5="AJ0" hw="droopy" pos="ADJ">Droopy</w><c c5="PUN">, </c><w c5="AT0" hw="the" pos="ART">the </w><w c5="AJ0" hw="legless" pos="ADJ">legless</w><c c5="PUN">, </c><w c5="VVG-AJ0" hw="wander" pos="VERB">wandering </w><w c5="NN1" hw="robot" pos="SUBST">robot </w><w c5="DTQ" hw="whose" pos="PRON">whose </w><w c5="NN1" hw="aim" pos="SUBST">aim </w><w c5="PRP" hw="in" pos="PREP">in </w><w c5="NN1" hw="life" pos="SUBST">life </w><w c5="VBZ" hw="be" pos="VERB">is </w><w c5="TO0" hw="to" pos="PREP">to </w><w c5="VVI" hw="seek" pos="VERB">seek </w><w c5="AVP" hw="out" pos="ADV">out </w><w c5="AJ0" hw="warm" pos="ADJ">warm</w><c c5="PUN">, </c><w c5="AJ0" hw="dark" pos="ADJ">dark </w><w c5="NN2" hw="place" pos="SUBST">places </w><w c5="PRP" hw="in" pos="PREP">in </w><w c5="DTQ" hw="which" pos="PRON">which </w><w c5="TO0" hw="to" pos="PREP">to </w><w c5="VVI" hw="hide" pos="VERB">hide</w><c c5="PUN">.</c></s></p><p>
<s n="36"><w c5="PRP" hw="on" pos="PREP">On </w><w c5="AT0" hw="a" pos="ART">a </w><w c5="AV0" hw="more" pos="ADV">more </w><w c5="AJ0" hw="serious" pos="ADJ">serious </w><w c5="NN1" hw="note" pos="SUBST">note</w><c c5="PUN">, </c><w c5="EX0" hw="there" pos="PRON">there </w><w c5="VBB" hw="be" pos="VERB">are </w><w c5="NN2" hw="talk" pos="SUBST">talks </w><w c5="PRP" hw="on" pos="PREP">on </w><w c5="AT0" hw="the" pos="ART">the </w><w c5="NN1" hw="speed" pos="SUBST">speed </w><w c5="PRF" hw="of" pos="PREP">of </w><w c5="NN1" hw="expansion" pos="SUBST">expansion </w><w c5="PRF" hw="of" pos="PREP">of </w><w c5="AT0" hw="the" pos="ART">the </w><w c5="NN1" hw="universe" pos="SUBST">universe</w><c c5="PUN">, </c><w c5="AT0" hw="the" pos="ART">the </w><w c5="NN0" hw="ethics" pos="SUBST">ethics </w><w c5="PRF" hw="of" pos="PREP">of </w><w c5="AT0" hw="the" pos="ART">the </w><w c5="AJ0" hw="international" pos="ADJ">international </w><w c5="NN1" hw="project" pos="SUBST">project </w><w c5="TO0" hw="to" pos="PREP">to </w><w c5="VVI" hw="unravel" pos="VERB">unravel </w><w c5="NN1" hw="man" pos="SUBST">man</w><w c5="POS" hw="'s" pos="UNC">'s </w><w c5="AJ0" hw="genetic" pos="ADJ">genetic </w><w c5="NN1" hw="code" pos="SUBST">code</w><c c5="PUN">, </c><w c5="NN1" hw="fraud" pos="SUBST">fraud </w><w c5="PRP" hw="in" pos="PREP">in </w><w c5="AT0" hw="the" pos="ART">the </w><w c5="NN1" hw="laboratory" pos="SUBST">laboratory</w><c c5="PUN">, </c><w c5="CJC" hw="and" pos="CONJ">and </w><w c5="AT0" hw="a" pos="ART">a </w><w c5="NN1" hw="seminar" pos="SUBST">seminar </w><w c5="PRP" hw="on" pos="PREP">on </w><w c5="AVQ" hw="how" pos="ADV">how </w><w c5="TO0" hw="to" pos="PREP">to </w><w c5="VVI" hw="protect" pos="VERB">protect </w><w c5="DPS" hw="you" pos="PRON">your </w><w c5="NN2" hw="invention" pos="SUBST">inventions </w><w c5="PRP" hw="with" pos="PREP">with </w><w c5="NN2" hw="patent" pos="SUBST">patents</w><c c5="PUN">.</c></s>
<s n="37"><w c5="AJ0" hw="virtual" pos="ADJ">Virtual </w><w c5="NN1" hw="reality" pos="SUBST">reality</w><c c5="PUN">, </c><c c5="PUQ">‘</c><w c5="AJ0" hw="smart" pos="ADJ">smart</w><c c5="PUQ">’ </c><w c5="NN2" hw="material" pos="SUBST">materials</w><c c5="PUN">, </c><w c5="NN2" hw="biosensor" pos="SUBST">biosensors </w><w c5="CJC" hw="and" pos="CONJ">and </w><w c5="AJ0" hw="other" pos="ADJ">other </w><w c5="NN2" hw="example" pos="SUBST">examples </w><w c5="PRF" hw="of" pos="PREP">of </w><w c5="AJ0" hw="leading-edge" pos="ADJ">leading-edge </w><w c5="NN1" hw="science" pos="SUBST">science </w><w c5="AV0" hw="also" pos="ADV">also </w><w c5="NN1-VVB" hw="feature" pos="SUBST">feature</w><c c5="PUN">.</c></s>
<s n="38"><w c5="CJS" hw="if" pos="CONJ">If </w><w c5="PNP" hw="it" pos="PRON">it </w><w c5="DT0" hw="all" pos="ADJ">all </w><w c5="VVZ" hw="prove" pos="VERB">proves </w><w c5="AV0" hw="too" pos="ADV">too </w><w c5="DT0" hw="much" pos="ADJ">much</w><c c5="PUN">, </c><w c5="NN2" hw="visitor" pos="SUBST">visitors </w><w c5="VM0" hw="may" pos="VERB">may </w><w c5="VVI" hw="find" pos="VERB">find </w><w c5="NN1" hw="refuge" pos="SUBST">refuge </w><w c5="PRP" hw="in" pos="PREP">in </w><w c5="AT0" hw="a" pos="ART">a </w><w c5="NN1" hw="seminar" pos="SUBST">seminar </w><w c5="PRP" hw="on" pos="PREP">on </w><w c5="NN1" hw="stress" pos="SUBST">stress </w><w c5="NN1" hw="control" pos="SUBST">control</w><c c5="PUN">.</c></s></p></div></wtext></bncDoc>
