<bncDoc xml:id="AKC"><teiHeader><fileDesc><titleStmt><title>  Daily Telegraph, electronic edition of 1992-04-13: Religious affairs stories. Sample containing about 424 words from a periodical (domain: belief and thought) </title><respStmt><resp> Data capture and transcription </resp><name> Oxford University Press </name> </respStmt></titleStmt><editionStmt><edition>BNC XML Edition, December 2006</edition></editionStmt><extent> 424 tokens; 426 w-units; 24 s-units </extent><publicationStmt><distributor>Distributed under licence by Oxford University Computing Services on behalf of the BNC Consortium.</distributor><availability> This material is protected by international copyright laws and may not be copied or redistributed in any way. Consult the BNC Web Site at http://www.natcorp.ox.ac.uk for full licencing and distribution conditions.</availability><idno type="bnc">AKC</idno><idno type="old"> DjBeli </idno></publicationStmt><sourceDesc><bibl><title>Daily Telegraph, electronic edition of 1992-04-13: Religious affairs stories.</title> <imprint n="DAILYT1"><publisher>The Daily Telegraph plc</publisher> <pubPlace>London</pubPlace> <date value="1992">1992</date> </imprint> </bibl></sourceDesc></fileDesc><encodingDesc><tagsDecl><namespace name=""><tagUsage gi="c" occurs="55"/><tagUsage gi="div" occurs="1"/><tagUsage gi="head" occurs="2"/><tagUsage gi="mw" occurs="2"/><tagUsage gi="p" occurs="17"/><tagUsage gi="s" occurs="24"/><tagUsage gi="w" occurs="426"/></namespace></tagsDecl></encodingDesc><profileDesc><creation date="1992"> </creation><textClass><catRef targets="WRI ALLTIM3 ALLAVA2 ALLTYP3 WRIAAG0 WRIAD0 WRIASE3 WRIATY2 WRIAUD3 WRIDOM8 WRILEV2 WRIMED2 WRIPP5 WRISAM0 WRISTA3 WRITAS3"/><classCode scheme="DLEE">W newsp brdsht nat: social</classCode><keywords><term> (none) </term></keywords></textClass></profileDesc><revisionDesc><change date="2006-10-21" who="#OUCS">Tag usage updated for BNC-XML</change><change date="2000-12-13" who="#OUCS">Last check for BNC World first release</change><change date="2000-09-06" who="#OUCS">Redo tagusage tables</change><change date="2000-09-01" who="#OUCS">Check all tagcounts</change><change date="2000-06-23" who="#OUCS">Resequenced s-units and added headers</change><change date="2000-01-21" who="#OUCS">Added date info</change><change date="2000-01-09" who="#OUCS">Updated all catrefs</change><change date="2000-01-08" who="#OUCS">Updated source title</change><change date="2000-01-08" who="#OUCS">Updated titles</change><change date="1999-12-25" who="#OUCS">corrected tagUsage</change><change date="1999-09-13" who="#UCREL">POS codes revised for BNC-2; header updated</change><change date="1994-11-24" who="#dominic">Initial accession to corpus</change></revisionDesc></teiHeader>
<wtext type="NEWS"><div level="1"><head type="MAIN">
<s n="1"><w c5="NN2" hw="pilgrim" pos="SUBST">Pilgrims </w><w c5="VVD-VVN" hw="urge" pos="VERB">urged </w><w c5="TO0" hw="to" pos="PREP">to </w><w c5="VVI" hw="take" pos="VERB">take </w><w c5="AV0" hw="less" pos="ADV">less </w><w c5="AJ0" hw="holy" pos="ADJ">Holy </w><w c5="NN1" hw="water" pos="SUBST">water</w></s></head><head type="BYLINE">
<s n="2"><w c5="PRP" hw="by" pos="PREP">By </w><w c5="NP0" hw="tom" pos="SUBST">Tom </w><w c5="NP0" hw="ross" pos="SUBST">Ross</w></s></head><p>
<s n="3"><w c5="NN2" hw="pilgrim" pos="SUBST">PILGRIMS </w><w c5="PRP" hw="to" pos="PREP">to </w><w c5="NP0" hw="walsingham" pos="SUBST">Walsingham </w><w c5="VBB" hw="be" pos="VERB">are </w><w c5="VBG" hw="be" pos="VERB">being </w><w c5="VVN" hw="ask" pos="VERB">asked </w><w c5="PRP" hw="by" pos="PREP">by </w><w c5="NN2" hw="clergy" pos="SUBST">clergy </w><w c5="TO0" hw="to" pos="PREP">to </w><w c5="VVI" hw="reduce" pos="VERB">reduce </w><w c5="AT0" hw="the" pos="ART">the </w><w c5="NN1" hw="amount" pos="SUBST">amount </w><w c5="PRF" hw="of" pos="PREP">of </w><w c5="AJ0" hw="holy" pos="ADJ">Holy </w><w c5="NN1" hw="water" pos="SUBST">water </w><w c5="PNP" hw="they" pos="PRON">they </w><w c5="VVB" hw="take" pos="VERB">take </w><w c5="PRP" hw="from" pos="PREP">from </w><w c5="AT0" hw="the" pos="ART">the </w><w c5="AJ0-NN1" hw="anglican" pos="ADJ">Anglican </w><w c5="NN1" hw="shrine" pos="SUBST">shrine </w><mw c5="PRP"><w c5="CJS" hw="because" pos="CONJ">because </w><w c5="PRF" hw="of" pos="PREP">of </w></mw><w c5="NN2" hw="fear" pos="SUBST">fears </w><w c5="CJT" hw="that" pos="CONJ">that </w><w c5="AT0" hw="the" pos="ART">the </w><w c5="NN1" hw="well" pos="SUBST">well </w><w c5="VM0" hw="will" pos="VERB">will </w><w c5="VVI" hw="dry" pos="VERB">dry </w><w c5="AVP" hw="up" pos="ADV">up</w><c c5="PUN">.</c></s></p><p>
<s n="4"><w c5="AT0" hw="a" pos="ART">A </w><w c5="AJ0" hw="four-year" pos="ADJ">four-year </w><w c5="NN1" hw="drought" pos="SUBST">drought </w><w c5="PRP" hw="in" pos="PREP">in </w><w c5="NP0" hw="east" pos="SUBST">East </w><w c5="NP0" hw="anglia" pos="SUBST">Anglia </w><w c5="CJC" hw="and" pos="CONJ">and </w><w c5="AJ0" hw="extra" pos="ADJ">extra </w><w c5="NN2" hw="demand" pos="SUBST">demands </w><w c5="PRP" hw="for" pos="PREP">for </w><w c5="NN1" hw="water" pos="SUBST">water </w><w c5="PRP" hw="from" pos="PREP">from </w><w c5="AT0" hw="a" pos="ART">a </w><w c5="AJ0" hw="burgeoning" pos="ADJ">burgeoning </w><w c5="AJ0" hw="local" pos="ADJ">local </w><w c5="NN1" hw="population" pos="SUBST">population </w><w c5="VHB" hw="have" pos="VERB">have </w><w c5="VVN" hw="lower" pos="VERB">lowered </w><w c5="AT0" hw="the" pos="ART">the </w><w c5="NN1" hw="water" pos="SUBST">water </w><w c5="NN1" hw="table" pos="SUBST">table</w><c c5="PUN">.</c></s></p><p>
<s n="5"><w c5="NP0" hw="father" pos="SUBST">Father </w><w c5="NP0" hw="roy" pos="SUBST">Roy </w><w c5="NN2" hw="fellow" pos="SUBST">Fellows</w><c c5="PUN">, </c><w c5="NN1" hw="administrator" pos="SUBST">administrator </w><w c5="PRF" hw="of" pos="PREP">of </w><w c5="AT0" hw="the" pos="ART">the </w><w c5="NN1" hw="shrine" pos="SUBST">shrine</w><c c5="PUN">, </c><w c5="VVD" hw="say" pos="VERB">said </w><w c5="NN1" hw="rationing" pos="SUBST">rationing </w><w c5="VBD" hw="be" pos="VERB">was </w><w c5="AJ0" hw="necessary" pos="ADJ">necessary </w><w c5="TO0" hw="to" pos="PREP">to </w><w c5="VVI" hw="conserve" pos="VERB">conserve </w><w c5="NN2" hw="supply" pos="SUBST">supplies</w><c c5="PUN">.</c></s></p><p>
<s n="6"><w c5="AT0" hw="the" pos="ART">The </w><w c5="NN1" hw="well" pos="SUBST">well</w><c c5="PUN">, </c><w c5="VVD" hw="dig" pos="VERB">dug </w><w c5="CRD" hw="900" pos="ADJ">900 </w><w c5="NN2" hw="year" pos="SUBST">years </w><w c5="AV0" hw="ago" pos="ADV">ago </w><w c5="CJC" hw="and" pos="CONJ">and </w><w c5="VVN" hw="feed" pos="VERB">fed </w><w c5="PRP" hw="by" pos="PREP">by </w><w c5="NN2" hw="spring" pos="SUBST">springs</w><c c5="PUN">, </c><w c5="VBD" hw="be" pos="VERB">was </w><w c5="VVN" hw="deepen" pos="VERB">deepened </w><w c5="PRP" hw="by" pos="PREP">by </w><w c5="CRD" hw="seven" pos="ADJ">seven </w><w c5="NN2" hw="foot" pos="SUBST">feet </w><w c5="ORD" hw="last" pos="ADJ">last </w><w c5="NN1" hw="summer" pos="SUBST">summer </w><w c5="PRP" hw="to" pos="PREP">to </w><w c5="CRD" hw="34" pos="ADJ">34 </w><w c5="NN2" hw="foot" pos="SUBST">feet</w><c c5="PUN">, </c><w c5="CJC" hw="but" pos="CONJ">but </w><w c5="PNP" hw="it" pos="PRON">it </w><w c5="VBZ" hw="be" pos="VERB">is </w><w c5="AV0" hw="still" pos="ADV">still </w><w c5="PRP" hw="in" pos="PREP">in </w><w c5="NN1" hw="danger" pos="SUBST">danger </w><w c5="PRF" hw="of" pos="PREP">of </w><w c5="VVG" hw="dry" pos="VERB">drying </w><w c5="AVP" hw="up" pos="ADV">up</w><c c5="PUN">.</c></s></p><p>
<s n="7"><w c5="PRP" hw="on" pos="PREP">On </w><w c5="NN1-AJ0" hw="average" pos="SUBST">average</w><c c5="PUN">, </c><w c5="CRD" hw="250" pos="ADJ">250 </w><w c5="NN2" hw="pilgrim" pos="SUBST">pilgrims </w><w c5="VVB" hw="visit" pos="VERB">visit </w><w c5="AT0" hw="the" pos="ART">the </w><w c5="NN1" hw="shrine" pos="SUBST">shrine </w><w c5="AT0" hw="every" pos="ART">every </w><w c5="NN1" hw="weekend" pos="SUBST">weekend </w><w c5="PRP" hw="from" pos="PREP">from </w><w c5="NN1" hw="easter" pos="SUBST">Easter </w><w c5="PRP" hw="to" pos="PREP">to </w><w c5="NP0" hw="september" pos="SUBST">September</w><c c5="PUN">.</c></s>
<s n="8"><w c5="AV0" hw="sometimes" pos="ADV">Sometimes </w><w c5="NN2" hw="number" pos="SUBST">numbers </w><w c5="VVB-NN1" hw="reach" pos="VERB">reach </w><w c5="CRD" hw="1,000" pos="ADJ">1,000</w><c c5="PUN">.</c></s></p><p>
<s n="9"><w c5="DT0" hw="some" pos="ADJ">Some </w><w c5="NN2" hw="pilgrim" pos="SUBST">pilgrims </w><w c5="VHB" hw="have" pos="VERB">have </w><w c5="VVN" hw="take" pos="VERB">taken </w><w c5="AV0" hw="as" pos="ADV">as </w><w c5="DT0" hw="much" pos="ADJ">much </w><w c5="CJS" hw="as" pos="CONJ">as </w><w c5="CRD" hw="five" pos="ADJ">five </w><w c5="NN2" hw="gallon" pos="SUBST">gallons </w><w c5="PRF" hw="of" pos="PREP">of </w><w c5="NN1" hw="water" pos="SUBST">water</w><c c5="PUN">, </c><w c5="NP0" hw="fr" pos="SUBST">Fr </w><w c5="NP0" hw="fellows" pos="SUBST">Fellows </w><w c5="VVD" hw="say" pos="VERB">said</w><c c5="PUN">.</c></s>
<s n="10"><w c5="PNP" hw="they" pos="PRON">They </w><w c5="VM0" hw="will" pos="VERB">will </w><w c5="AV0" hw="now" pos="ADV">now </w><w c5="VBI" hw="be" pos="VERB">be </w><w c5="VVN" hw="ask" pos="VERB">asked </w><w c5="TO0" hw="to" pos="PREP">to </w><w c5="VVI" hw="use" pos="VERB">use </w><w c5="AV0-AJ0" hw="only" pos="ADV">only </w><w c5="AJ0" hw="small" pos="ADJ">small </w><w c5="NN2" hw="bottle" pos="SUBST">bottles</w><c c5="PUN">.</c></s></p><p>
<s n="11"><c c5="PUQ">‘</c><w c5="AT0" hw="the" pos="ART">The </w><w c5="AJ0" hw="low" pos="ADJ">low </w><w c5="NN1" hw="water" pos="SUBST">water </w><w c5="NN1" hw="table" pos="SUBST">table </w><w c5="VVZ" hw="affect" pos="VERB">affects </w><w c5="PNI" hw="everyone" pos="PRON">everyone </w><w c5="AV0" hw="here" pos="ADV">here</w><c c5="PUN">, </c><w c5="PRP" hw="from" pos="PREP">from </w><w c5="AT0" hw="the" pos="ART">the </w><w c5="NN2" hw="farmer" pos="SUBST">farmers </w><w c5="PRP" hw="to" pos="PREP">to </w><w c5="AT0" hw="the" pos="ART">the </w><w c5="NN1" hw="river" pos="SUBST">river </w><w c5="NN2" hw="authority" pos="SUBST">authorities</w><c c5="PUN">,</c><c c5="PUQ">’ </c><w c5="PNP" hw="he" pos="PRON">he </w><w c5="VVD" hw="add" pos="VERB">added</w><c c5="PUN">.</c></s></p><p>
<s n="12"><c c5="PUQ">‘</c><w c5="PNP" hw="we" pos="PRON">We </w><w c5="VBB" hw="be" pos="VERB">are </w><w c5="AV0" hw="therefore" pos="ADV">therefore </w><w c5="VVG" hw="ask" pos="VERB">asking </w><w c5="NN2" hw="pilgrim" pos="SUBST">pilgrims </w><w c5="TO0" hw="to" pos="PREP">to </w><w c5="VBI" hw="be" pos="VERB">be </w><w c5="VVN" hw="restrain" pos="VERB">restrained </w><w c5="PRP" hw="in" pos="PREP">in </w><w c5="DPS" hw="they" pos="PRON">their </w><w c5="NN1" hw="use" pos="SUBST">use </w><w c5="PRF" hw="of" pos="PREP">of </w><w c5="AJ0" hw="holy" pos="ADJ">Holy </w><w c5="NN1" hw="water" pos="SUBST">water</w><c c5="PUN">.</c><c c5="PUQ">’</c></s></p><p>
<s n="13"><w c5="NP0" hw="walsingham" pos="SUBST">Walsingham </w><w c5="VVD" hw="arrive" pos="VERB">arrived </w><w c5="PRP" hw="on" pos="PREP">on </w><w c5="AT0" hw="the" pos="ART">the </w><w c5="NN1" hw="pilgrim" pos="SUBST">pilgrim</w><w c5="POS" hw="'s" pos="UNC">'s </w><w c5="NN1" hw="map" pos="SUBST">map </w><w c5="PRP" hw="in" pos="PREP">in </w><w c5="AT0" hw="the" pos="ART">the </w><w c5="ORD" hw="11th" pos="ADJ">11th </w><w c5="NN1" hw="century" pos="SUBST">century </w><w c5="AVQ" hw="when" pos="ADV">when </w><w c5="AT0" hw="the" pos="ART">the </w><w c5="NN1" hw="virgin" pos="SUBST">Virgin </w><w c5="NP0" hw="mary" pos="SUBST">Mary </w><w c5="VBD" hw="be" pos="VERB">was </w><w c5="VVN" hw="say" pos="VERB">said </w><w c5="TO0" hw="to" pos="PREP">to </w><w c5="VHI" hw="have" pos="VERB">have </w><w c5="VVN" hw="appear" pos="VERB">appeared </w><w c5="PRP" hw="to" pos="PREP">to </w><w c5="NP0" hw="lady" pos="SUBST">Lady </w><w c5="NP0" hw="richelda" pos="SUBST">Richelda</w><c c5="PUN">, </c><w c5="AT0" hw="a" pos="ART">a </w><w c5="NN1" hw="citizen" pos="SUBST">citizen </w><w c5="PRF" hw="of" pos="PREP">of </w><w c5="AT0" hw="the" pos="ART">the </w><w c5="NP0" hw="norfolk" pos="SUBST">Norfolk </w><w c5="NN1" hw="town" pos="SUBST">town</w><c c5="PUN">.</c></s></p><p>
<s n="14"><w c5="NP0" hw="lady" pos="SUBST">Lady </w><w c5="NP0" hw="richelda" pos="SUBST">Richelda </w><w c5="VBZ" hw="be" pos="VERB">is </w><w c5="VVN" hw="believe" pos="VERB">believed </w><w c5="TO0" hw="to" pos="PREP">to </w><w c5="VHI" hw="have" pos="VERB">have </w><w c5="VBN" hw="be" pos="VERB">been </w><w c5="VVN" hw="tell" pos="VERB">told </w><w c5="PRP" hw="by" pos="PREP">by </w><w c5="AT0" hw="the" pos="ART">the </w><w c5="NN1" hw="virgin" pos="SUBST">Virgin </w><w c5="NP0" hw="mary" pos="SUBST">Mary </w><w c5="TO0" hw="to" pos="PREP">to </w><w c5="VVI" hw="build" pos="VERB">build </w><w c5="AT0" hw="a" pos="ART">a </w><w c5="NN1" hw="replica" pos="SUBST">replica </w><w c5="PRF" hw="of" pos="PREP">of </w><w c5="DPS" hw="she" pos="PRON">her </w><w c5="NN1" hw="house" pos="SUBST">house </w><w c5="PRP" hw="in" pos="PREP">in </w><w c5="NP0" hw="nazareth" pos="SUBST">Nazareth</w><c c5="PUN">.</c></s>
<s n="15"><w c5="AV0" hw="there" pos="ADV">There </w><w c5="PNP" hw="she" pos="PRON">she </w><w c5="VVD" hw="find" pos="VERB">found </w><w c5="AT0" hw="a" pos="ART">a </w><w c5="NN1" hw="spring" pos="SUBST">spring</w><c c5="PUN">.</c></s></p><p>
<s n="16"><c c5="PUQ">‘</c><w c5="AT0" hw="the" pos="ART">The </w><w c5="NN1" hw="water" pos="SUBST">water </w><w c5="VBZ" hw="be" pos="VERB">is </w><w c5="VVN" hw="associate" pos="VERB">associated </w><w c5="PRP" hw="with" pos="PREP">with </w><w c5="AT0" hw="the" pos="ART">the </w><w c5="NN1" hw="legend" pos="SUBST">legend </w><w c5="PRF" hw="of" pos="PREP">of </w><w c5="AT0" hw="the" pos="ART">the </w><w c5="NN1" hw="shrine" pos="SUBST">shrine</w><c c5="PUN">, </c><w c5="CJS" hw="so" pos="CONJ">so </w><w c5="PNP" hw="we" pos="PRON">we </w><w c5="VHB" hw="have" pos="VERB">have </w><w c5="AT0" hw="a" pos="ART">a </w><w c5="NN1" hw="service" pos="SUBST">service </w><w c5="PRP" hw="at" pos="PREP">at </w><w c5="AT0" hw="the" pos="ART">the </w><w c5="NN1" hw="well" pos="SUBST">well </w><w c5="DT0" hw="each" pos="ADJ">each </w><w c5="NN1" hw="day" pos="SUBST">day</w><c c5="PUN">,</c><c c5="PUQ">’ </c><w c5="VVD" hw="say" pos="VERB">said </w><w c5="NP0" hw="fr" pos="SUBST">Fr </w><w c5="NP0" hw="fellows" pos="SUBST">Fellows</w><c c5="PUN">.</c></s>
<s n="17"><c c5="PUQ">‘</c><w c5="PNP" hw="it" pos="PRON">It </w><w c5="VHZ" hw="have" pos="VERB">has </w><w c5="AT0" hw="a" pos="ART">a </w><w c5="AJ0" hw="symbolic" pos="ADJ">symbolic </w><w c5="NN1" hw="role" pos="SUBST">role </w><w c5="TO0" hw="to" pos="PREP">to </w><w c5="VVI" hw="play" pos="VERB">play</w><c c5="PUN">.</c><c c5="PUQ">’</c></s></p><p>
<s n="18"><w c5="DT0" hw="some" pos="ADJ">Some </w><w c5="NN2" hw="worshipper" pos="SUBST">worshippers </w><w c5="VVB" hw="believe" pos="VERB">believe </w><w c5="AT0" hw="the" pos="ART">the </w><w c5="NN1" hw="water" pos="SUBST">water </w><w c5="VHZ" hw="have" pos="VERB">has </w><w c5="AJ0" hw="healing" pos="ADJ">healing </w><w c5="NN2" hw="property" pos="SUBST">properties </w><w c5="AVQ-CJS" hw="when" pos="ADV">when </w><w c5="AJ0" hw="drunk" pos="ADJ">drunk </w><w c5="CJC" hw="or" pos="CONJ">or </w><w c5="VVN-VVD" hw="sprinkle" pos="VERB">sprinkled </w><w c5="PRP-AVP" hw="over" pos="PREP">over </w><w c5="AT0" hw="the" pos="ART">the </w><w c5="AJ0-NN1" hw="sick" pos="ADJ">sick</w><c c5="PUN">.</c></s>
<s n="19"><w c5="NP0" hw="walsingham" pos="SUBST">Walsingham </w><w c5="VBZ" hw="be" pos="VERB">is </w><w c5="AT0" hw="a" pos="ART">a </w><w c5="AJ0" hw="holy" pos="ADJ">holy </w><w c5="NN1" hw="town" pos="SUBST">town </w><w c5="PRP" hw="to" pos="PREP">to </w><w c5="AV0" hw="both" pos="ADV">both </w><w c5="NN2" hw="anglican" pos="SUBST">Anglicans </w><w c5="CJC" hw="and" pos="CONJ">and </w><w c5="AJ0" hw="roman" pos="ADJ">Roman </w><w c5="NN2" hw="catholic" pos="SUBST">Catholics </w><w c5="CJC" hw="and" pos="CONJ">and </w><w c5="VHZ" hw="have" pos="VERB">has </w><w c5="CRD" hw="two" pos="ADJ">two </w><w c5="NN2" hw="shrine" pos="SUBST">shrines</w><c c5="PUN">, </c><w c5="CJC" hw="but" pos="CONJ">but </w><w c5="AT0" hw="the" pos="ART">the </w><w c5="NN1" hw="well" pos="SUBST">well </w><w c5="VBZ" hw="be" pos="VERB">is </w><w c5="VVN" hw="base" pos="VERB">based </w><w c5="PRP" hw="in" pos="PREP">in </w><w c5="AT0" hw="the" pos="ART">the </w><w c5="AJ0" hw="anglican" pos="ADJ">Anglican </w><w c5="PNI" hw="one" pos="PRON">one</w><c c5="PUN">.</c></s></p><p>
<s n="20"><w c5="CJS" hw="when" pos="CONJ">When </w><w c5="AT0" hw="the" pos="ART">the </w><w c5="AJ0-NN1" hw="anglican" pos="ADJ">Anglican </w><w c5="NN1" hw="shrine" pos="SUBST">shrine </w><w c5="VBD" hw="be" pos="VERB">was </w><w c5="VVN" hw="build" pos="VERB">built </w><w c5="PRP" hw="in" pos="PREP">in </w><w c5="CRD" hw="1931" pos="ADJ">1931</w><c c5="PUN">, </c><w c5="PRP" hw="on" pos="PREP">on </w><w c5="AT0" hw="the" pos="ART">the </w><w c5="NN1" hw="site" pos="SUBST">site </w><w c5="PRF" hw="of" pos="PREP">of </w><w c5="AT0" hw="the" pos="ART">the </w><w c5="AJ0" hw="11th-century" pos="ADJ">11th-century </w><w c5="NN1" hw="building" pos="SUBST">building</w><c c5="PUN">, </c><w c5="AT0" hw="the" pos="ART">the </w><w c5="NN1" hw="well" pos="SUBST">well </w><w c5="VBD" hw="be" pos="VERB">was </w><w c5="VVN-AJ0" hw="rediscover" pos="VERB">rediscovered</w><c c5="PUN">.</c></s></p><p>
<s n="21"><w c5="AT0" hw="the" pos="ART">The </w><w c5="AJ0" hw="other" pos="ADJ">other </w><w c5="NN1" hw="shrine" pos="SUBST">shrine</w><c c5="PUN">, </c><w c5="AT0" hw="a" pos="ART">a </w><w c5="NN1" hw="mile" pos="SUBST">mile </w><mw c5="PRP"><w c5="AVP" hw="out" pos="ADV">out </w><w c5="PRF" hw="of" pos="PREP">of </w></mw><w c5="NN1" hw="town" pos="SUBST">town </w><w c5="PRP" hw="in" pos="PREP">in </w><w c5="NP0" hw="houghton" pos="SUBST">Houghton </w><w c5="NP0" hw="st" pos="SUBST">St </w><w c5="NP0" hw="giles" pos="SUBST">Giles</w><c c5="PUN">, </c><w c5="VBZ" hw="be" pos="VERB">is </w><w c5="AT0" hw="the" pos="ART">the </w><w c5="AJ0" hw="14th-century" pos="ADJ">14th-century </w><w c5="AJ0" hw="national" pos="ADJ">national </w><w c5="AJ0-NN1" hw="roman" pos="ADJ">Roman </w><w c5="AJ0-NN1" hw="catholic" pos="ADJ">Catholic </w><w c5="NN1" hw="shrine" pos="SUBST">shrine </w><w c5="PRF" hw="of" pos="PREP">of </w><w c5="DPS" hw="we" pos="PRON">Our </w><w c5="NN1" hw="lady" pos="SUBST">Lady </w><w c5="PRF" hw="of" pos="PREP">of </w><w c5="NP0" hw="walsingham" pos="SUBST">Walsingham</w><c c5="PUN">, </c><w c5="CJC" hw="and" pos="CONJ">and </w><w c5="VBZ" hw="be" pos="VERB">is </w><w c5="VVN" hw="know" pos="VERB">known </w><w c5="PRP" hw="as" pos="PREP">as </w><w c5="AT0" hw="the" pos="ART">the </w><w c5="NN1" hw="slipper" pos="SUBST">slipper </w><w c5="NN1" hw="chapel" pos="SUBST">chapel</w><c c5="PUN">.</c></s></p><p>
<s n="22"><w c5="NN2" hw="pilgrim" pos="SUBST">Pilgrims </w><w c5="VVB" hw="take" pos="VERB">take </w><w c5="AVP-PRP" hw="off" pos="ADV">off </w><w c5="DPS" hw="they" pos="PRON">their </w><w c5="NN2" hw="shoe" pos="SUBST">shoes </w><w c5="CJC" hw="and" pos="CONJ">and </w><w c5="VVB-NN1" hw="walk" pos="VERB">walk </w><w c5="PRP" hw="from" pos="PREP">from </w><w c5="AT0" hw="the" pos="ART">the </w><w c5="NN1" hw="slipper" pos="SUBST">slipper </w><w c5="NN1" hw="chapel" pos="SUBST">chapel </w><w c5="PRP" hw="into" pos="PREP">into </w><w c5="NP0" hw="walsingham" pos="SUBST">Walsingham </w><w c5="PRP" hw="to" pos="PREP">to </w><w c5="AT0" hw="the" pos="ART">the </w><w c5="AJ0-NN1" hw="anglican" pos="ADJ">Anglican </w><w c5="NN1" hw="site" pos="SUBST">site</w><c c5="PUN">.</c></s></p><p>
<s n="23"><w c5="NP0" hw="mrs" pos="SUBST">Mrs </w><w c5="NP0" hw="kitty" pos="SUBST">Kitty </w><w c5="NP0" hw="heslop" pos="SUBST">Heslop</w><c c5="PUN">, </c><w c5="AT0" hw="a" pos="ART">a </w><w c5="NN1" hw="member" pos="SUBST">member </w><w c5="PRF" hw="of" pos="PREP">of </w><w c5="AT0" hw="the" pos="ART">the </w><w c5="NP0" hw="york" pos="SUBST">York </w><w c5="NN1-NP0" hw="union" pos="SUBST">Union </w><w c5="PRF" hw="of" pos="PREP">of </w><w c5="AJ0" hw="catholic" pos="ADJ">Catholic </w><w c5="NN2" hw="mother" pos="SUBST">Mothers </w><w c5="CJC" hw="and" pos="CONJ">and </w><w c5="AT0" hw="a" pos="ART">a </w><w c5="AJ0" hw="veteran" pos="ADJ">veteran </w><w c5="NN1" hw="pilgrim" pos="SUBST">pilgrim </w><w c5="PRP" hw="to" pos="PREP">to </w><w c5="NP0" hw="walsingham" pos="SUBST">Walsingham</w><c c5="PUN">, </c><w c5="VBD" hw="be" pos="VERB">was </w><w c5="AJ0" hw="unimpressed" pos="ADJ">unimpressed </w><w c5="PRP" hw="by" pos="PREP">by </w><w c5="NN2" hw="suggestion" pos="SUBST">suggestions </w><w c5="CJT" hw="that" pos="CONJ">that </w><w c5="AT0" hw="the" pos="ART">the </w><w c5="NN1" hw="well" pos="SUBST">well </w><w c5="VM0" hw="might" pos="VERB">might </w><w c5="VVI" hw="dry" pos="VERB">dry </w><w c5="AVP" hw="up" pos="ADV">up</w><c c5="PUN">.</c></s></p><p>
<s n="24"><c c5="PUQ">‘</c><w c5="VVB" hw="take" pos="VERB">Take </w><w c5="DPS" hw="i" pos="PRON">my </w><w c5="NN1" hw="word" pos="SUBST">word </w><w c5="PRP" hw="for" pos="PREP">for </w><w c5="PNP" hw="it" pos="PRON">it</w><c c5="PUN">, </c><w c5="PNP" hw="i" pos="PRON">I</w><w c5="VHB" hw="have" pos="VERB">'ve </w><w c5="VBN" hw="be" pos="VERB">been </w><w c5="VVG" hw="go" pos="VERB">going </w><w c5="PRP" hw="for" pos="PREP">for </w><w c5="CRD" hw="30" pos="ADJ">30 </w><w c5="NN2" hw="year" pos="SUBST">years </w><w c5="CJS" hw="since" pos="CONJ">since </w><w c5="AT0" hw="the" pos="ART">the </w><w c5="NN1" hw="well" pos="SUBST">well </w><w c5="VBD" hw="be" pos="VERB">was </w><w c5="AT0" hw="a" pos="ART">a </w><w c5="NN1" hw="bucket" pos="SUBST">bucket </w><w c5="PRP" hw="in" pos="PREP">in </w><w c5="AT0" hw="a" pos="ART">a </w><w c5="NN1" hw="hole" pos="SUBST">hole </w><w c5="PRP" hw="in" pos="PREP">in </w><w c5="AT0" hw="the" pos="ART">the </w><w c5="NN1" hw="ground" pos="SUBST">ground</w><c c5="PUN">, </c><w c5="CJC" hw="and" pos="CONJ">and </w><w c5="EX0" hw="there" pos="PRON">there </w><w c5="VBZ" hw="be" pos="VERB">is </w><w c5="PNI" hw="plenty" pos="PRON">plenty </w><w c5="PRF" hw="of" pos="PREP">of </w><w c5="NN1" hw="water" pos="SUBST">water</w><c c5="PUN">,</c><c c5="PUQ">’ </c><w c5="PNP" hw="she" pos="PRON">she </w><w c5="VVD" hw="say" pos="VERB">said</w><c c5="PUN">.</c></s></p></div></wtext></bncDoc>
