<bncDoc xml:id="AKG"><teiHeader><fileDesc><titleStmt><title>  Daily Telegraph, electronic edition of 1992-04-13: News and features. Sample containing about 678 words from a periodical (domain: social science) </title><respStmt><resp> Data capture and transcription </resp><name> Oxford University Press </name> </respStmt></titleStmt><editionStmt><edition>BNC XML Edition, December 2006</edition></editionStmt><extent> 678 tokens; 683 w-units; 34 s-units </extent><publicationStmt><distributor>Distributed under licence by Oxford University Computing Services on behalf of the BNC Consortium.</distributor><availability> This material is protected by international copyright laws and may not be copied or redistributed in any way. Consult the BNC Web Site at http://www.natcorp.ox.ac.uk for full licencing and distribution conditions.</availability><idno type="bnc">AKG</idno><idno type="old"> DjSoci </idno></publicationStmt><sourceDesc><bibl><title>Daily Telegraph, electronic edition of 1992-04-13: News and features.</title> <imprint n="DAILYT1"><publisher>The Daily Telegraph plc</publisher> <pubPlace>London</pubPlace> <date value="1992">1992</date> </imprint> </bibl></sourceDesc></fileDesc><encodingDesc><tagsDecl><namespace name=""><tagUsage gi="c" occurs="93"/><tagUsage gi="div" occurs="2"/><tagUsage gi="head" occurs="3"/><tagUsage gi="mw" occurs="5"/><tagUsage gi="p" occurs="25"/><tagUsage gi="s" occurs="34"/><tagUsage gi="w" occurs="683"/></namespace></tagsDecl></encodingDesc><profileDesc><creation date="1992"> </creation><textClass><catRef targets="WRI ALLTIM3 ALLAVA2 ALLTYP3 WRIAAG0 WRIAD0 WRIASE3 WRIATY2 WRIAUD3 WRIDOM4 WRILEV2 WRIMED2 WRIPP5 WRISAM0 WRISTA3 WRITAS3"/><classCode scheme="DLEE">W newsp brdsht nat: social</classCode><keywords><term> (none) </term></keywords></textClass></profileDesc><revisionDesc><change date="2006-10-21" who="#OUCS">Tag usage updated for BNC-XML</change><change date="2000-12-13" who="#OUCS">Last check for BNC World first release</change><change date="2000-09-06" who="#OUCS">Redo tagusage tables</change><change date="2000-09-01" who="#OUCS">Check all tagcounts</change><change date="2000-06-23" who="#OUCS">Resequenced s-units and added headers</change><change date="2000-01-21" who="#OUCS">Added date info</change><change date="2000-01-09" who="#OUCS">Updated all catrefs</change><change date="2000-01-08" who="#OUCS">Updated source title</change><change date="2000-01-08" who="#OUCS">Updated titles</change><change date="1999-12-25" who="#OUCS">corrected tagUsage</change><change date="1999-09-13" who="#UCREL">POS codes revised for BNC-2; header updated</change><change date="1994-11-24" who="#dominic">Initial accession to corpus</change></revisionDesc></teiHeader>
<wtext type="NEWS"><div level="1"><head type="MAIN">
<s n="1"><w c5="NP0" hw="ec" pos="SUBST">EC </w><w c5="AJ0" hw="fake" pos="ADJ">fake </w><w c5="NN1" hw="drug" pos="SUBST">drug </w><w c5="NN1" hw="fraud" pos="SUBST">fraud </w><c c5="PUQ">‘</c><w c5="NN1" hw="threat" pos="SUBST">threat </w><w c5="PRP" hw="to" pos="PREP">to </w><w c5="NN2" hw="patient" pos="SUBST">patients</w><c c5="PUQ">’</c></s></head><head type="BYLINE">
<s n="2"><w c5="PRP" hw="by" pos="PREP">By </w><w c5="NP0" hw="peter" pos="SUBST">Peter </w><w c5="NP0" hw="pallot" pos="SUBST">Pallot</w><c c5="PUN">, </c><w c5="NN1" hw="health" pos="SUBST">Health </w><w c5="NN2" hw="service" pos="SUBST">Services </w><w c5="NN0" hw="staff" pos="SUBST">Staff</w></s></head><p>
<s n="3"><w c5="NN2" hw="patient" pos="SUBST">PATIENTS </w><w c5="PRP" hw="on" pos="PREP">on </w><w c5="AJ0" hw="life-saving" pos="ADJ">life-saving </w><w c5="NN2" hw="drug" pos="SUBST">drugs </w><w c5="VM0" hw="could" pos="VERB">could </w><w c5="VBI" hw="be" pos="VERB">be </w><w c5="VVG" hw="take" pos="VERB">taking </w><w c5="AJ0" hw="ineffective" pos="ADJ">ineffective </w><w c5="CJC" hw="or" pos="CONJ">or </w><w c5="AJ0" hw="dangerous" pos="ADJ">dangerous </w><w c5="AJ0-NN1" hw="counterfeit" pos="ADJ">counterfeit </w><w c5="NN2" hw="product" pos="SUBST">products </w><w c5="PRP" hw="without" pos="PREP">without </w><w c5="VVG" hw="realise" pos="VERB">realising </w><w c5="PNP" hw="it" pos="PRON">it</w><c c5="PUN">, </c><w c5="PRP" hw="as" pos="PREP">as </w><w c5="NN2" hw="victim" pos="SUBST">victims </w><w c5="PRF" hw="of" pos="PREP">of </w><w c5="AT0" hw="a" pos="ART">a </w><w c5="NN1" hw="trade" pos="SUBST">trade </w><w c5="NN1" hw="ruse" pos="SUBST">ruse</w><c c5="PUN">, </c><w c5="NN2" hw="manufacturer" pos="SUBST">manufacturers </w><w c5="VVD" hw="say" pos="VERB">said </w><w c5="AV0" hw="today" pos="ADV">today</w><c c5="PUN">.</c></s></p><p>
<s n="4"><w c5="NN2" hw="sufferer" pos="SUBST">Sufferers </w><w c5="PRP" hw="from" pos="PREP">from </w><w c5="NN1" hw="diabetes" pos="SUBST">diabetes </w><w c5="CJC" hw="and" pos="CONJ">and </w><w c5="NN1" hw="epilepsy" pos="SUBST">epilepsy</w><c c5="PUN">, </c><w c5="CJC" hw="or" pos="CONJ">or </w><w c5="DT0" hw="those" pos="ADJ">those </w><w c5="VVN-AJ0" hw="give" pos="VERB">given </w><w c5="AJ0-NN1" hw="counterfeit" pos="ADJ">counterfeit </w><w c5="NN2" hw="antibiotic" pos="SUBST">antibiotics</w><c c5="PUN">, </c><w c5="VM0" hw="could" pos="VERB">could </w><w c5="VBI" hw="be" pos="VERB">be </w><w c5="AV0" hw="particularly" pos="ADV">particularly </w><w c5="PRP" hw="at" pos="PREP">at </w><w c5="NN1" hw="risk" pos="SUBST">risk</w><c c5="PUN">, </c><w c5="VVD" hw="say" pos="VERB">said </w><w c5="AT0" hw="the" pos="ART">the </w><w c5="NN1" hw="association" pos="SUBST">Association </w><w c5="PRF" hw="of" pos="PREP">of </w><w c5="AT0" hw="the" pos="ART">the </w><w c5="AJ0" hw="british" pos="ADJ">British </w><w c5="AJ0" hw="pharmaceutical" pos="ADJ">Pharmaceutical </w><w c5="NN1" hw="industry" pos="SUBST">Industry</w><c c5="PUN">.</c></s></p><p>
<s n="5"><w c5="AT0" hw="the" pos="ART">The </w><w c5="NN1" hw="warning" pos="SUBST">warning </w><w c5="VVZ" hw="follow" pos="VERB">follows </w><w c5="NN2" hw="incident" pos="SUBST">incidents </w><w c5="PRP" hw="in" pos="PREP">in </w><w c5="DTQ" hw="which" pos="PRON">which </w><w c5="AJ0" hw="national" pos="ADJ">National </w><w c5="NN1" hw="health" pos="SUBST">Health </w><w c5="NN1" hw="service" pos="SUBST">Service </w><w c5="NN2" hw="patient" pos="SUBST">patients </w><w c5="VHB" hw="have" pos="VERB">have </w><w c5="VBN" hw="be" pos="VERB">been </w><w c5="AV0" hw="inadvertently" pos="ADV">inadvertently </w><w c5="VVN-VVD" hw="dispense" pos="VERB">dispensed </w><w c5="AJ0" hw="counterfeit" pos="ADJ">counterfeit </w><w c5="NN2" hw="version" pos="SUBST">versions </w><w c5="PRF" hw="of" pos="PREP">of </w><w c5="AT0" hw="the" pos="ART">the </w><w c5="NN1" hw="world" pos="SUBST">world</w><w c5="POS" hw="'s" pos="UNC">'s </w><w c5="AJ0" hw="best-selling" pos="ADJ">best-selling </w><w c5="NN1" hw="drug" pos="SUBST">drug</w><c c5="PUN">, </c><w c5="NP0" hw="zantac" pos="SUBST">Zantac</w><c c5="PUN">, </c><w c5="PRP" hw="for" pos="PREP">for </w><w c5="NN1" hw="stomach" pos="SUBST">stomach </w><w c5="NN2" hw="ulcer" pos="SUBST">ulcers</w><c c5="PUN">.</c></s></p><p>
<s n="6"><c c5="PUQ">‘</c><w c5="CJS" hw="as" pos="CONJ">As </w><w c5="PNP" hw="it" pos="PRON">it </w><w c5="VVZ" hw="happen" pos="VERB">happens </w><w c5="AT0" hw="the" pos="ART">the </w><w c5="NP0" hw="zantac" pos="SUBST">Zantac </w><w c5="VDD" hw="do" pos="VERB">did </w><w c5="VVI" hw="contain" pos="VERB">contain </w><w c5="DT0" hw="some" pos="ADJ">some </w><w c5="NN1-VVB" hw="ranitidine" pos="SUBST">ranitidine </w><c c5="PUL">[</c><w c5="AT0" hw="the" pos="ART">the </w><w c5="AJ0" hw="active" pos="ADJ">active </w><w c5="NN1" hw="substance" pos="SUBST">substance</w><c c5="PUR">]</c><w c5="CJC" hw="but" pos="CONJ">but </w><w c5="AJ0" hw="other" pos="ADJ">other </w><w c5="NN2" hw="counterfeit" pos="SUBST">counterfeits </w><w c5="VHB" hw="have" pos="VERB">have </w><w c5="VBN" hw="be" pos="VERB">been </w><w c5="AV0" hw="completely" pos="ADV">completely </w><w c5="AJ0" hw="inert" pos="ADJ">inert</w><c c5="PUN">,</c><c c5="PUQ">’ </c><w c5="NP0" hw="mr" pos="SUBST">Mr </w><w c5="NP0" hw="peter" pos="SUBST">Peter </w><w c5="NP0" hw="lumley" pos="SUBST">Lumley</w><c c5="PUN">, </c><w c5="NN1" hw="association" pos="SUBST">association </w><w c5="NN1" hw="spokesman" pos="SUBST">spokesman</w><c c5="PUN">, </c><w c5="VVD" hw="say" pos="VERB">said </w><w c5="AV0" hw="yesterday" pos="ADV">yesterday</w><c c5="PUN">.</c></s></p><p>
<s n="7"><w c5="PRP" hw="in" pos="PREP">In </w><w c5="DT0" hw="another" pos="ADJ">another </w><w c5="NN1" hw="incident" pos="SUBST">incident</w><c c5="PUN">, </c><w c5="NN2" hw="patient" pos="SUBST">patients </w><w c5="VHD" hw="have" pos="VERB">had </w><w c5="VBN" hw="be" pos="VERB">been </w><w c5="VVN" hw="give" pos="VERB">given </w><w c5="AJ0" hw="fake" pos="ADJ">fake </w><w c5="AJ0-NN1" hw="steroid" pos="ADJ">steroid </w><w c5="NN2" hw="cream" pos="SUBST">creams</w><c c5="PUN">, </c><w c5="PNP" hw="he" pos="PRON">he </w><w c5="VVD" hw="add" pos="VERB">added</w><c c5="PUN">.</c></s></p><p>
<s n="8"><w c5="AJ0" hw="illegal" pos="ADJ">Illegal </w><w c5="AJ0-NN1" hw="counterfeit" pos="ADJ">counterfeit </w><w c5="NN2" hw="manufacturer" pos="SUBST">manufacturers </w><w c5="VHB" hw="have" pos="VERB">have </w><w c5="VVN" hw="take" pos="VERB">taken </w><w c5="NN1" hw="advantage" pos="SUBST">advantage </w><w c5="PRF" hw="of" pos="PREP">of </w><w c5="AT0" hw="a" pos="ART">a </w><w c5="AJ0" hw="burgeoning" pos="ADJ">burgeoning </w><w c5="AJ0-NN1" hw="circular" pos="ADJ">circular </w><w c5="NN1" hw="trade" pos="SUBST">trade </w><w c5="PRP" hw="between" pos="PREP">between </w><w c5="ZZ0" hw="e" pos="SUBST">E </w><w c5="ZZ0" hw="c" pos="SUBST">C </w><w c5="NN2" hw="country" pos="SUBST">countries </w><w c5="PRP" hw="in" pos="PREP">in </w><w c5="NN2" hw="pharmaceutical" pos="SUBST">pharmaceuticals</w><c c5="PUN">.</c></s></p><p>
<s n="9"><w c5="DT0" hw="this" pos="ADJ">This </w><w c5="NN1" hw="trade" pos="SUBST">trade </w><c c5="PUN">— </c><w c5="VVN" hw="dub" pos="VERB">dubbed </w><w c5="AV0-AJ0" hw="parallel" pos="ADV">parallel </w><w c5="VVG" hw="import" pos="VERB">importing </w><c c5="PUN">— </c><w c5="VHZ" hw="have" pos="VERB">has </w><w c5="VVN" hw="spring" pos="VERB">sprung </w><w c5="AVP" hw="up" pos="ADV">up </w><w c5="PRP" hw="within" pos="PREP">within </w><w c5="NP0" hw="europe" pos="SUBST">Europe </w><w c5="CJS" hw="because" pos="CONJ">because </w><w c5="DT0" hw="each" pos="ADJ">each </w><w c5="ZZ0" hw="e" pos="SUBST">E </w><w c5="ZZ0" hw="c" pos="SUBST">C </w><w c5="NN1" hw="member" pos="SUBST">member </w><w c5="NN1" hw="state" pos="SUBST">State </w><w c5="VHZ" hw="have" pos="VERB">has </w><w c5="AT0" hw="a" pos="ART">a </w><w c5="AJ0" hw="different" pos="ADJ">different </w><w c5="NN1" hw="health" pos="SUBST">health </w><w c5="NN1" hw="service" pos="SUBST">service </w><w c5="CJC" hw="and" pos="CONJ">and </w><w c5="AJ0" hw="different" pos="ADJ">different </w><w c5="NN2" hw="way" pos="SUBST">ways </w><w c5="PRF" hw="of" pos="PREP">of </w><w c5="VVG-NN1" hw="fix" pos="VERB">fixing </w><w c5="NN2" hw="drug" pos="SUBST">drugs </w><w c5="NN2" hw="price" pos="SUBST">prices</w><c c5="PUN">.</c></s></p><p>
<s n="10"><w c5="AT0" hw="the" pos="ART">The </w><w c5="AJ0-NN1" hw="french" pos="ADJ">French </w><w c5="NN1" hw="health" pos="SUBST">Health </w><w c5="NN1" hw="ministry" pos="SUBST">Ministry </w><w c5="VVZ" hw="pay" pos="VERB">pays </w><w c5="CRD" hw="30" pos="ADJ">30 </w><mw c5="NN0"><w c5="UNC" hw="per" pos="UNC">per </w><w c5="UNC" hw="cent" pos="UNC">cent </w></mw><w c5="AV0" hw="less" pos="ADV">less </w><w c5="PRP" hw="for" pos="PREP">for </w><w c5="DPS" hw="it" pos="PRON">its </w><w c5="NN2" hw="product" pos="SUBST">products </w><w c5="CJS" hw="than" pos="CONJ">than </w><w c5="DT0" hw="most" pos="ADJ">most </w><w c5="AJ0" hw="european" pos="ADJ">European </w><w c5="NN2" hw="country" pos="SUBST">countries</w><c c5="PUN">, </c><w c5="PRP" hw="including" pos="PREP">including </w><w c5="NP0" hw="britain" pos="SUBST">Britain</w><c c5="PUN">.</c></s></p><p>
<s n="11"><w c5="NN2" hw="price" pos="SUBST">Prices </w><w c5="PRP" hw="in" pos="PREP">in </w><w c5="NP0" hw="greece" pos="SUBST">Greece </w><w c5="CJC" hw="and" pos="CONJ">and </w><w c5="NP0" hw="portugal" pos="SUBST">Portugal </w><w c5="VBB" hw="be" pos="VERB">are </w><w c5="AV0" hw="also" pos="ADV">also </w><mw c5="AV0"><w c5="AVP" hw="up" pos="ADV">up </w><w c5="PRP" hw="to" pos="PREP">to </w></mw><w c5="CRD" hw="40" pos="ADJ">40 </w><mw c5="NN0"><w c5="UNC" hw="per" pos="UNC">per </w><w c5="UNC" hw="cent" pos="UNC">cent </w></mw><w c5="AJC" hw="low" pos="ADJ">lower </w><w c5="CJS" hw="than" pos="CONJ">than </w><w c5="PRP" hw="in" pos="PREP">in </w><w c5="AT0" hw="the" pos="ART">the </w><w c5="NN1" hw="rest" pos="SUBST">rest </w><w c5="PRF" hw="of" pos="PREP">of </w><w c5="NP0" hw="europe" pos="SUBST">Europe</w><c c5="PUN">.</c></s></p><p>
<s n="12"><w c5="NN1-AJ0" hw="high-price" pos="SUBST">High-price</w><c c5="PUN">, </c><w c5="AJ0" hw="low-bulk" pos="ADJ">low-bulk </w><w c5="NN2" hw="pharmaceutical" pos="SUBST">pharmaceuticals </w><w c5="VBB" hw="be" pos="VERB">are </w><w c5="AJ0" hw="ideal" pos="ADJ">ideal </w><w c5="PRP" hw="for" pos="PREP">for </w><w c5="VVG" hw="move" pos="VERB">moving </w><w c5="PRP" hw="from" pos="PREP">from </w><w c5="AJ0" hw="cheap" pos="ADJ">cheap </w><w c5="PRP" hw="to" pos="PREP">to </w><w c5="AJ0" hw="expensive" pos="ADJ">expensive </w><w c5="NN2" hw="market" pos="SUBST">markets </w><w c5="CJC" hw="and" pos="CONJ">and</w><c c5="PUN">, </c><w c5="PRP" hw="under" pos="PREP">under </w><w c5="NN1" hw="commmunity" pos="SUBST">Commmunity </w><w c5="NN2" hw="rule" pos="SUBST">rules</w><c c5="PUN">, </c><w c5="NN2" hw="manufacturer" pos="SUBST">manufacturers </w><w c5="VBB" hw="be" pos="VERB">are </w><w c5="AJ0" hw="powerless" pos="ADJ">powerless </w><w c5="TO0" hw="to" pos="PREP">to </w><w c5="VVI" hw="intervene" pos="VERB">intervene</w><c c5="PUN">.</c></s></p><p>
<s n="13"><w c5="NP0" hw="mr" pos="SUBST">Mr </w><w c5="NP0" hw="lumley" pos="SUBST">Lumley </w><w c5="VVD" hw="say" pos="VERB">said </w><w c5="AJ0" hw="parallel" pos="ADJ">parallel </w><w c5="NN1" hw="trade" pos="SUBST">trade </w><w c5="VHD" hw="have" pos="VERB">had </w><w c5="VVN" hw="become" pos="VERB">become </w><w c5="AV0" hw="so" pos="ADV">so </w><w c5="AJ0" hw="great" pos="ADJ">great </w><w c5="CJT" hw="that" pos="CONJ">that </w><w c5="CRD" hw="eight" pos="ADJ">eight </w><w c5="PRP" hw="in" pos="PREP">in </w><w c5="CRD" hw="10" pos="ADJ">10 </w><w c5="AJ0" hw="high" pos="ADJ">High </w><w c5="NN1" hw="street" pos="SUBST">Street </w><w c5="NN2" hw="chemist" pos="SUBST">chemists </w><w c5="PRP" hw="in" pos="PREP">in </w><w c5="NP0" hw="britain" pos="SUBST">Britain </w><w c5="AV0" hw="regularly" pos="ADV">regularly </w><w c5="VVN-VVD" hw="dispense" pos="VERB">dispensed </w><w c5="NN2" hw="drug" pos="SUBST">drugs </w><w c5="VVN-VVD" hw="make" pos="VERB">made </w><w c5="PRP" hw="in" pos="PREP">in </w><w c5="NP0" hw="britain" pos="SUBST">Britain</w><c c5="PUN">, </c><w c5="VVN-VVD" hw="export" pos="VERB">exported </w><w c5="PRP" hw="to" pos="PREP">to </w><w c5="NP0" hw="france" pos="SUBST">France</w><c c5="PUN">, </c><w c5="VVB" hw="say" pos="VERB">say</w><c c5="PUN">, </c><w c5="CJC" hw="and" pos="CONJ">and </w><w c5="VVN-VVD" hw="re-import" pos="VERB">re-imported </w><w c5="PRP" hw="for" pos="PREP">for </w><w c5="NN1" hw="sale" pos="SUBST">sale </w><w c5="PRP" hw="to" pos="PREP">to </w><w c5="NP0" hw="nhs" pos="SUBST">NHS </w><w c5="NN2" hw="patient" pos="SUBST">patients</w><c c5="PUN">.</c></s></p><p>
<s n="14"><w c5="AJ0-NN1" hw="parallel" pos="ADJ">Parallel </w><w c5="NN1" hw="trade" pos="SUBST">trade </w><w c5="VBZ" hw="be" pos="VERB">is </w><w c5="AV0" hw="now" pos="ADV">now </w><w c5="AV0" hw="so" pos="ADV">so </w><w c5="AV0" hw="well" pos="ADV">well </w><w c5="VVN-VVD" hw="establish" pos="VERB">established </w><w c5="DT0-CJT" hw="that" pos="ADJ">that </w><w c5="NN1" hw="health" pos="SUBST">Health </w><w c5="NN1" hw="department" pos="SUBST">Department </w><w c5="NN2" hw="payment" pos="SUBST">payments </w><w c5="PRP" hw="to" pos="PREP">to </w><w c5="NN2" hw="pharmacist" pos="SUBST">pharmacists </w><w c5="VM0" hw="can" pos="VERB">can </w><w c5="VBI" hw="be" pos="VERB">be </w><w c5="VVN" hw="claw" pos="VERB">clawed </w><w c5="AVP" hw="back" pos="ADV">back </w><w c5="PRP" hw="for" pos="PREP">for </w><w c5="NN0" hw="sales" pos="SUBST">sales </w><w c5="PRF" hw="of" pos="PREP">of </w><w c5="AJ0" hw="discounted" pos="ADJ">discounted </w><w c5="NN2" hw="drug" pos="SUBST">drugs</w><c c5="PUN">.</c></s></p><p>
<s n="15"><w c5="VVN" hw="give" pos="VERB">Given </w><w c5="AT0" hw="the" pos="ART">the </w><w c5="AJ0" hw="thriving" pos="ADJ">thriving </w><w c5="AJ0-NN1" hw="circular" pos="ADJ">circular </w><w c5="NN1" hw="trade" pos="SUBST">trade</w><c c5="PUN">, </c><w c5="PNP" hw="it" pos="PRON">it </w><w c5="VBD" hw="be" pos="VERB">was </w><w c5="AJ0" hw="easy" pos="ADJ">easy </w><w c5="PRP" hw="for" pos="PREP">for </w><w c5="AJ0" hw="counterfeit" pos="ADJ">counterfeit </w><w c5="NN2" hw="manufacturer" pos="SUBST">manufacturers </w><w c5="TO0" hw="to" pos="PREP">to </w><w c5="VVI" hw="pass" pos="VERB">pass </w><w c5="AVP-PRP" hw="off" pos="ADV">off </w><w c5="NN2" hw="goods" pos="SUBST">goods </w><w c5="DTQ" hw="which" pos="PRON">which </w><w c5="PNP" hw="they" pos="PRON">they </w><w c5="VVB" hw="know" pos="VERB">know </w><w c5="VM0" hw="would" pos="VERB">would </w><w c5="XX0" hw="not" pos="ADV">not </w><w c5="VBI" hw="be" pos="VERB">be </w><w c5="VVN" hw="check" pos="VERB">checked</w><c c5="PUN">, </c><w c5="VVD" hw="say" pos="VERB">said </w><w c5="NP0" hw="mr" pos="SUBST">Mr </w><w c5="NP0" hw="lumley" pos="SUBST">Lumley</w><c c5="PUN">.</c></s>
<s n="16"><c c5="PUQ">‘</c><w c5="EX0" hw="there" pos="PRON">There </w><w c5="VBZ" hw="be" pos="VERB">is </w><w c5="NN1" hw="evidence" pos="SUBST">evidence </w><w c5="PRF" hw="of" pos="PREP">of </w><w c5="AJ0" hw="unlicensed" pos="ADJ">unlicensed </w><w c5="NN2" hw="product" pos="SUBST">products </w><w c5="VBG" hw="be" pos="VERB">being </w><w c5="VVN" hw="insert" pos="VERB">inserted </w><w c5="PRP" hw="into" pos="PREP">into </w><w c5="AT0" hw="the" pos="ART">the </w><w c5="NN1" hw="chain" pos="SUBST">chain</w><c c5="PUN">,</c><c c5="PUQ">’ </c><w c5="PNP" hw="he" pos="PRON">he </w><w c5="VVD" hw="say" pos="VERB">said</w><c c5="PUN">.</c></s></p><p>
<s n="17"><w c5="AT0" hw="the" pos="ART">The </w><w c5="NN2" hw="medicine" pos="SUBST">Medicines </w><w c5="NN1" hw="control" pos="SUBST">Control </w><w c5="NN1" hw="agency" pos="SUBST">Agency </w><w c5="VVD" hw="make" pos="VERB">made </w><w c5="AJ0" hw="visual" pos="ADJ">visual </w><w c5="NN2" hw="check" pos="SUBST">checks </w><w c5="PRP" hw="on" pos="PREP">on </w><w c5="NN2" hw="package" pos="SUBST">packages </w><w c5="CJC" hw="but" pos="CONJ">but </w><w c5="VDD" hw="do" pos="VERB">did </w><w c5="XX0" hw="not" pos="ADV">not </w><w c5="VVI" hw="run" pos="VERB">run </w><w c5="NN1" hw="laboratory" pos="SUBST">laboratory </w><w c5="NN2-VVZ" hw="test" pos="SUBST">tests </w><w c5="PRP" hw="on" pos="PREP">on </w><w c5="NN2" hw="batch" pos="SUBST">batches</w><c c5="PUN">, </c><w c5="AT0" hw="the" pos="ART">the </w><w c5="AJ0" hw="only" pos="ADJ">only </w><w c5="NN1" hw="way" pos="SUBST">way </w><w c5="TO0" hw="to" pos="PREP">to </w><w c5="VVI" hw="spot" pos="VERB">spot </w><w c5="AJ0" hw="fake" pos="ADJ">fake </w><w c5="NN2" hw="product" pos="SUBST">products</w><c c5="PUN">, </c><w c5="PNP" hw="he" pos="PRON">he </w><w c5="VVD" hw="continue" pos="VERB">continued</w><c c5="PUN">.</c></s></p><p>
<s n="18"><w c5="PRP" hw="in" pos="PREP">In </w><w c5="AT0" hw="a" pos="ART">a </w><w c5="NN1" hw="drive" pos="SUBST">drive </w><w c5="PRP" hw="against" pos="PREP">against </w><w c5="VVG" hw="counterfeit" pos="VERB">counterfeiting</w><c c5="PUN">, </c><w c5="AT0" hw="the" pos="ART">the </w><w c5="NN1" hw="association" pos="SUBST">association </w><w c5="VBZ" hw="be" pos="VERB">is </w><w c5="VVG" hw="ask" pos="VERB">asking </w><w c5="NN1" hw="member" pos="SUBST">member </w><w c5="NN2" hw="company" pos="SUBST">companies</w><c c5="PUN">, </c><w c5="DTQ" hw="which" pos="PRON">which </w><w c5="VVB" hw="sell" pos="VERB">sell </w><w c5="NN2" hw="drug" pos="SUBST">drugs </w><w c5="PRP" hw="worth" pos="PREP">worth </w><w c5="NN0" hw="£3" pos="UNC">£3 </w><w c5="CRD" hw="billion" pos="ADJ">billion </w><w c5="AT0" hw="a" pos="ART">a </w><w c5="NN1" hw="year" pos="SUBST">year </w><w c5="PRP" hw="to" pos="PREP">to </w><w c5="AT0" hw="the" pos="ART">the </w><w c5="NP0" hw="nhs" pos="SUBST">NHS</w><c c5="PUN">, </c><w c5="PRP" hw="for" pos="PREP">for </w><c c5="PUQ">‘</c><w c5="AJC" hw="great" pos="ADJ">greater </w><w c5="NN1" hw="openness" pos="SUBST">openness</w><c c5="PUQ">’ </c><w c5="CJS" hw="when" pos="CONJ">when </w><w c5="PNP" hw="they" pos="PRON">they </w><w c5="VVB" hw="detect" pos="VERB">detect </w><w c5="NN1" hw="fraud" pos="SUBST">fraud</w><c c5="PUN">.</c></s></p><p>
<s n="19"><mw c5="PRP"><w c5="AV0" hw="instead" pos="ADV">Instead </w><w c5="PRF" hw="of" pos="PREP">of </w></mw><w c5="VVG" hw="keep" pos="VERB">keeping </w><w c5="AJ0" hw="quiet" pos="ADJ">quiet </w><w c5="PRP" hw="about" pos="PREP">about </w><w c5="NN1" hw="information" pos="SUBST">information </w><w c5="DTQ" hw="which" pos="PRON">which </w><w c5="VM0" hw="might" pos="VERB">might </w><w c5="VVI" hw="deter" pos="VERB">deter </w><w c5="NN2" hw="doctor" pos="SUBST">doctors </w><w c5="PRP" hw="from" pos="PREP">from </w><w c5="VVG" hw="prescribe" pos="VERB">prescribing </w><w c5="AT0" hw="the" pos="ART">the </w><w c5="NN1" hw="product" pos="SUBST">product </w><w c5="PRP" hw="under" pos="PREP">under </w><w c5="NN1" hw="suspicion" pos="SUBST">suspicion</w><c c5="PUN">, </c><w c5="NN2" hw="company" pos="SUBST">companies </w><w c5="VM0" hw="should" pos="VERB">should </w><w c5="VVI" hw="urge" pos="VERB">urge </w><w c5="AT0" hw="the" pos="ART">the </w><w c5="NN1" hw="agency" pos="SUBST">agency </w><w c5="TO0" hw="to" pos="PREP">to </w><w c5="VVI" hw="batch" pos="VERB">batch </w><w c5="NN1-VVB" hw="test" pos="SUBST">test </w><w c5="NN2" hw="import" pos="SUBST">imports</w><c c5="PUN">.</c></s></p><p>
<s n="20"><w c5="NP0" hw="mr" pos="SUBST">Mr </w><w c5="NP0" hw="lumley" pos="SUBST">Lumley </w><w c5="VVD" hw="say" pos="VERB">said </w><w c5="AT0" hw="the" pos="ART">the </w><w c5="AJ0" hw="fake" pos="ADJ">fake </w><w c5="NP0-NN1" hw="zantac" pos="SUBST">Zantac </w><w c5="VBD" hw="be" pos="VERB">was </w><w c5="VVN" hw="discover" pos="VERB">discovered </w><w c5="CJS" hw="because" pos="CONJ">because </w><w c5="AT0" hw="a" pos="ART">a </w><w c5="NN1" hw="patient" pos="SUBST">patient </w><w c5="VVD" hw="notice" pos="VERB">noticed </w><w c5="CJT" hw="that" pos="CONJ">that </w><w c5="AT0" hw="the" pos="ART">the </w><w c5="NN1" hw="product" pos="SUBST">product </w><w c5="VVD" hw="taste" pos="VERB">tasted </w><w c5="AJ0" hw="abnormal" pos="ADJ">abnormal </w><w c5="CJC" hw="and" pos="CONJ">and </w><w c5="VVD" hw="contact" pos="VERB">contacted </w><w c5="NP0" hw="glaxo" pos="SUBST">Glaxo</w><c c5="PUN">, </c><w c5="NP0" hw="zantac" pos="SUBST">Zantac</w><w c5="POS" hw="'s" pos="UNC">'s </w><w c5="NN1" hw="maker" pos="SUBST">maker</w><c c5="PUN">.</c></s></p><p>
<s n="21"><w c5="PNP" hw="he" pos="PRON">He </w><w c5="VVD" hw="say" pos="VERB">said</w><c c5="PUN">: </c><c c5="PUQ">‘</c><w c5="PNP" hw="we" pos="PRON">We </w><w c5="VHB" hw="have" pos="VERB">have </w><w c5="TO0" hw="to" pos="PREP">to </w><w c5="VVI" hw="acknowledge" pos="VERB">acknowledge </w><w c5="AJ0-AV0" hw="parallel" pos="ADJ">parallel </w><w c5="NN1-VVG" hw="importing" pos="SUBST">importing </w><w c5="VBZ" hw="be" pos="VERB">is </w><w c5="AT0" hw="a" pos="ART">a </w><w c5="NN1" hw="fact" pos="SUBST">fact </w><w c5="PRF" hw="of" pos="PREP">of </w><w c5="NN1" hw="life" pos="SUBST">life </w><w c5="CJC" hw="and" pos="CONJ">and </w><w c5="NN2" hw="patient" pos="SUBST">patients </w><w c5="VM0" hw="will" pos="VERB">will </w><w c5="VVI" hw="find" pos="VERB">find </w><w c5="DT0" hw="some" pos="ADJ">some </w><w c5="NN2" hw="instruction" pos="SUBST">instructions </w><w c5="PRP" hw="in" pos="PREP">in </w><w c5="DPS" hw="they" pos="PRON">their </w><w c5="NN2" hw="package" pos="SUBST">packages </w><w c5="VM0" hw="may" pos="VERB">may </w><w c5="VBI" hw="be" pos="VERB">be </w><w c5="PRP" hw="in" pos="PREP">in </w><w c5="AT0" hw="a" pos="ART">a </w><w c5="AJ0" hw="foreign" pos="ADJ">foreign </w><w c5="NN1" hw="language" pos="SUBST">language</w><c c5="PUN">, </c><w c5="CJC" hw="but" pos="CONJ">but </w><w c5="PNP" hw="they" pos="PRON">they </w><w c5="VM0" hw="should" pos="VERB">should </w><w c5="VBI" hw="be" pos="VERB">be </w><w c5="VVN" hw="overlay" pos="VERB">overlaid </w><w c5="PRP" hw="with" pos="PREP">with </w><w c5="NN1-AJ0" hw="english" pos="SUBST">English</w><c c5="PUN">.</c></s></p><p>
<s n="22"><c c5="PUQ">‘</c><w c5="AV0" hw="however" pos="ADV">However</w><c c5="PUN">, </c><w c5="CJS" hw="if" pos="CONJ">if </w><w c5="AT0" hw="a" pos="ART">a </w><w c5="NN1" hw="product" pos="SUBST">product </w><w c5="VVZ" hw="look" pos="VERB">looks </w><w c5="AJ0" hw="different" pos="ADJ">different </w><w c5="CJC" hw="or" pos="CONJ">or </w><w c5="NN2-VVZ" hw="taste" pos="SUBST">tastes </w><w c5="AJ0" hw="different" pos="ADJ">different </w><w c5="PRP" hw="from" pos="PREP">from </w><w c5="AJ0" hw="normal" pos="ADJ">normal</w><c c5="PUN">, </c><w c5="AT0" hw="the" pos="ART">the </w><w c5="NN1" hw="patient" pos="SUBST">patient </w><w c5="VM0" hw="should" pos="VERB">should </w><w c5="ORD" hw="first" pos="ADJ">first </w><w c5="VVI" hw="contact" pos="VERB">contact </w><w c5="AT0" hw="the" pos="ART">the </w><w c5="NN1" hw="pharmacist" pos="SUBST">pharmacist</w><c c5="PUN">, </c><w c5="PNQ" hw="who" pos="PRON">who </w><w c5="VHZ" hw="have" pos="VERB">has </w><w c5="AT0" hw="a" pos="ART">a </w><w c5="AJ0" hw="professional" pos="ADJ">professional </w><w c5="NN1" hw="duty" pos="SUBST">duty </w><w c5="TO0" hw="to" pos="PREP">to </w><w c5="VVI" hw="dispense" pos="VERB">dispense </w><w c5="AV0-AJ0" hw="only" pos="ADV">only </w><w c5="AJ0" hw="licensed" pos="ADJ">licensed </w><w c5="NN2" hw="medicine" pos="SUBST">medicines</w><c c5="PUN">.</c></s></p><p>
<s n="23"><c c5="PUQ">‘</c><w c5="CJS" hw="if" pos="CONJ">If </w><w c5="PNP" hw="he" pos="PRON">he </w><w c5="VBZ" hw="be" pos="VERB">is </w><w c5="XX0" hw="not" pos="ADV">not </w><w c5="AJ0" hw="happy" pos="ADJ">happy</w><c c5="PUN">, </c><w c5="AT0" hw="the" pos="ART">the </w><w c5="NN1" hw="patient" pos="SUBST">patient </w><w c5="VM0" hw="should" pos="VERB">should </w><w c5="VVI" hw="contact" pos="VERB">contact </w><w c5="AT0" hw="the" pos="ART">the </w><w c5="NN1" hw="manufacturer" pos="SUBST">manufacturer</w><c c5="PUN">.</c><c c5="PUQ">’</c></s></p><p>
<s n="24"><w c5="NN1" hw="fraud" pos="SUBST">Fraud </w><w c5="VBZ" hw="be" pos="VERB">is </w><w c5="AJ0" hw="likely" pos="ADJ">likely </w><w c5="TO0" hw="to" pos="PREP">to </w><w c5="VVI" hw="occur" pos="VERB">occur </w><w c5="AV0" hw="only" pos="ADV">only </w><w c5="PRP" hw="in" pos="PREP">in </w><w c5="NN0" hw="sales" pos="SUBST">sales </w><w c5="PRF" hw="of" pos="PREP">of </w><w c5="AJ0-NN1" hw="brand-name" pos="ADJ">brand-name </w><w c5="NN2" hw="drug" pos="SUBST">drugs </w><w c5="AV0" hw="still" pos="ADV">still </w><w c5="PRP" hw="under" pos="PREP">under </w><w c5="NN1" hw="patent" pos="SUBST">patent</w><c c5="PUN">.</c></s>
<s n="25"><w c5="AV0" hw="once" pos="ADV">Once </w><w c5="AJ0" hw="patent" pos="ADJ">patent </w><w c5="NN1" hw="life" pos="SUBST">life </w><w c5="VHZ" hw="have" pos="VERB">has </w><w c5="VVN" hw="end" pos="VERB">ended</w><c c5="PUN">, </c><w c5="AT0" hw="the" pos="ART">the </w><w c5="NN2" hw="manufacturer" pos="SUBST">manufacturers</w><w c5="POS" hw="'" pos="UNC">' </w><w c5="NN1" hw="price" pos="SUBST">price </w><w c5="NN2-VVZ" hw="drop" pos="SUBST">drops </w><w c5="CJC" hw="and" pos="CONJ">and </w><w c5="AJ0" hw="parallel" pos="ADJ">parallel </w><w c5="NN1" hw="trading" pos="SUBST">trading </w><w c5="VBZ" hw="be" pos="VERB">is </w><w c5="AV0" hw="barely" pos="ADV">barely </w><w c5="AJ0" hw="profitable" pos="ADJ">profitable</w><c c5="PUN">.</c></s></p></div><div level="1"><head type="MAIN">
<s n="26"><w c5="NN1" hw="letter" pos="SUBST">Letter </w><w c5="PRP" hw="to" pos="PREP">to </w><w c5="AT0" hw="the" pos="ART">the </w><w c5="NN1" hw="editor" pos="SUBST">Editor</w><c c5="PUN">: </c><w c5="NN1" hw="education" pos="SUBST">Education </w><w c5="NN1-AJ0" hw="brief" pos="SUBST">brief</w></s></head><p>
<s n="27"><w c5="NN1" hw="sir" pos="SUBST">SIR </w><c c5="PUN">— </c><w c5="VVG" hw="follow" pos="VERB">Following </w><w c5="AT0" hw="the" pos="ART">the </w><w c5="NN2" hw="conservative" pos="SUBST">Conservatives</w><w c5="POS" hw="'" pos="UNC">' </w><w c5="NN1" hw="election" pos="SUBST">election </w><w c5="NN1" hw="victory" pos="SUBST">victory </w><w c5="VM0" hw="may" pos="VERB">may </w><w c5="PNP" hw="i" pos="PRON">I</w><c c5="PUN">, </c><w c5="CJS" hw="as" pos="CONJ">as </w><w c5="NN1" hw="chairman" pos="SUBST">chairman </w><w c5="PRF" hw="of" pos="PREP">of </w><w c5="AT0" hw="the" pos="ART">the </w><w c5="NN2" hw="governor" pos="SUBST">governors </w><w c5="PRF" hw="of" pos="PREP">of </w><w c5="AT0" hw="a" pos="ART">a </w><w c5="AJ0" hw="large" pos="ADJ">large </w><w c5="AJ0" hw="rural" pos="ADJ">rural </w><w c5="AJ0" hw="comprehensive" pos="ADJ">comprehensive </w><w c5="NN1" hw="school" pos="SUBST">school</w><c c5="PUN">, </c><w c5="VVB" hw="make" pos="VERB">make </w><w c5="AT0" hw="a" pos="ART">a </w><w c5="AJ0" hw="threefold" pos="ADJ">threefold </w><w c5="NN1" hw="plea" pos="SUBST">plea </w><mw c5="PRP"><w c5="PRP" hw="in" pos="PREP">in </w><w c5="NN1" hw="respect" pos="SUBST">respect </w><w c5="PRF" hw="of" pos="PREP">of </w></mw><w c5="AT0" hw="the" pos="ART">the </w><w c5="NN1" hw="future" pos="SUBST">future </w><w c5="PRF" hw="of" pos="PREP">of </w><w c5="NN1" hw="state" pos="SUBST">state </w><w c5="NN1" hw="education" pos="SUBST">education</w><c c5="PUN">.</c></s></p><p>
<s n="28"><w c5="ORD" hw="first" pos="ADJ">First</w><c c5="PUN">, </c><w c5="DT0" hw="any" pos="ADJ">any </w><w c5="NN2" hw="change" pos="SUBST">changes </w><w c5="PRP" hw="in" pos="PREP">in </w><w c5="NN1" hw="education" pos="SUBST">education </w><w c5="CJC" hw="and" pos="CONJ">and </w><w c5="DPS" hw="they" pos="PRON">their </w><w c5="NN2" hw="implication" pos="SUBST">implications </w><w c5="VM0" hw="must" pos="VERB">must </w><w c5="VBI" hw="be" pos="VERB">be </w><w c5="AV0" hw="carefully" pos="ADV">carefully </w><w c5="VVN" hw="plan" pos="VERB">planned </w><w c5="CJC" hw="and" pos="CONJ">and </w><w c5="AV0" hw="fully" pos="ADV">fully </w><w c5="VVN-VVD" hw="think" pos="VERB">thought </w><w c5="AVP" hw="through" pos="ADV">through</w><c c5="PUN">.</c></s>
<s n="29"><w c5="NN2" hw="initiative" pos="SUBST">Initiatives </w><w c5="VM0" hw="must" pos="VERB">must </w><w c5="VBI" hw="be" pos="VERB">be </w><w c5="AV0" hw="completely" pos="ADV">completely </w><w c5="VVN" hw="research" pos="VERB">researched </w><w c5="PRP" hw="in" pos="PREP">in </w><w c5="NN1" hw="partnership" pos="SUBST">partnership </w><w c5="PRP" hw="with" pos="PREP">with </w><w c5="NN2" hw="educationalist" pos="SUBST">educationalists </w><w c5="PRP" hw="before" pos="PREP">before </w><w c5="VBG" hw="be" pos="VERB">being </w><w c5="VVN" hw="launch" pos="VERB">launched</w><c c5="PUN">.</c></s></p><p>
<s n="30"><w c5="ORD" hw="second" pos="ADJ">Second</w><c c5="PUN">, </c><w c5="DTQ" hw="what" pos="PRON">what </w><w c5="NN1" hw="education" pos="SUBST">education </w><w c5="AV0" hw="now" pos="ADV">now </w><w c5="VVZ" hw="need" pos="VERB">needs </w><w c5="DT0" hw="more" pos="ADJ">more </w><w c5="CJS" hw="than" pos="CONJ">than </w><w c5="AV0" hw="ever" pos="ADV">ever </w><w c5="VBZ" hw="be" pos="VERB">is </w><w c5="AT0" hw="a" pos="ART">a </w><w c5="NN1" hw="period" pos="SUBST">period </w><w c5="PRF" hw="of" pos="PREP">of </w><w c5="NN1-AJ0" hw="calm" pos="SUBST">calm </w><w c5="CJC" hw="and" pos="CONJ">and </w><w c5="NN1" hw="stability" pos="SUBST">stability </w><w c5="PRP" hw="in" pos="PREP">in </w><w c5="DTQ" hw="which" pos="PRON">which </w><w c5="NN2-VVZ" hw="change" pos="SUBST">changes </w><w c5="VM0" hw="can" pos="VERB">can </w><w c5="VBI" hw="be" pos="VERB">be </w><w c5="VVN" hw="introduce" pos="VERB">introduced </w><w c5="CJC" hw="or" pos="CONJ">or </w><w c5="VVN-AJ0" hw="consolidate" pos="VERB">consolidated </w><w c5="PRP" hw="in" pos="PREP">in </w><w c5="NN1" hw="partnership" pos="SUBST">partnership </w><w c5="PRP" hw="with" pos="PREP">with </w><w c5="AT0" hw="the" pos="ART">the </w><w c5="NN1" hw="teaching" pos="SUBST">teaching </w><w c5="NN1" hw="profession" pos="SUBST">profession </w><w c5="PRP" hw="without" pos="PREP">without </w><w c5="AJ0" hw="undue" pos="ADJ">undue </w><w c5="NN1" hw="haste" pos="SUBST">haste </w><w c5="CJC" hw="and" pos="CONJ">and </w><w c5="NN1" hw="lack" pos="SUBST">lack </w><w c5="PRF" hw="of" pos="PREP">of </w><w c5="NN1" hw="preparation" pos="SUBST">preparation</w><c c5="PUN">.</c></s></p><p>
<s n="31"><w c5="AV0" hw="finally" pos="ADV">Finally</w><c c5="PUN">, </c><w c5="DTQ" hw="whatever" pos="PRON">whatever </w><w c5="AT0" hw="the" pos="ART">the </w><w c5="NN1" hw="future" pos="SUBST">future </w><w c5="PRF" hw="of" pos="PREP">of </w><w c5="NN1" hw="state" pos="SUBST">state </w><w c5="NN2" hw="school" pos="SUBST">schools</w><w c5="POS" hw="'" pos="UNC">' </w><w c5="NN1" hw="funding" pos="SUBST">funding</w><c c5="PUN">, </c><w c5="CJS" hw="whether" pos="CONJ">whether </w><w c5="PNP" hw="it" pos="PRON">it </w><w c5="VBB" hw="be" pos="VERB">be </w><w c5="NN1" hw="grant" pos="SUBST">grant </w><w c5="VVN-VVD" hw="maintain" pos="VERB">maintained </w><w c5="CJC" hw="or" pos="CONJ">or </w><w c5="VVN-VVD" hw="devolve" pos="VERB">devolved </w><w c5="PRP" hw="under" pos="PREP">under </w><w c5="AT0" hw="the" pos="ART">the </w><w c5="AJ0" hw="local" pos="ADJ">local </w><w c5="NN1" hw="management" pos="SUBST">management </w><w c5="PRF" hw="of" pos="PREP">of </w><w c5="NN2" hw="school" pos="SUBST">schools</w><c c5="PUN">, </c><w c5="DT0" hw="all" pos="ADJ">all </w><w c5="NN2" hw="school" pos="SUBST">schools </w><w c5="VM0" hw="must" pos="VERB">must </w><w c5="VBI" hw="be" pos="VERB">be </w><w c5="AV0" hw="fairly" pos="ADV">fairly </w><w c5="CJC" hw="and" pos="CONJ">and </w><w c5="AV0" hw="adequately" pos="ADV">adequately </w><w c5="VVD" hw="resource" pos="VERB">resourced</w><c c5="PUN">.</c></s>
<s n="32"><w c5="EX0" hw="there" pos="PRON">There </w><w c5="VM0" hw="must" pos="VERB">must </w><w c5="VBI" hw="be" pos="VERB">be </w><w c5="AT0" hw="no" pos="ART">no </w><w c5="NN2" hw="school" pos="SUBST">schools </w><w c5="DTQ" hw="which" pos="PRON">which </w><w c5="VBB" hw="be" pos="VERB">are </w><w c5="NN2" hw="winner" pos="SUBST">winners </w><w c5="CJC" hw="or" pos="CONJ">or </w><w c5="NN2" hw="loser" pos="SUBST">losers</w><c c5="PUN">.</c></s>
<s n="33"><w c5="DPS" hw="we" pos="PRON">Our </w><w c5="NN1" hw="nation" pos="SUBST">nation</w><w c5="POS" hw="'s" pos="UNC">'s </w><w c5="NN2" hw="child" pos="SUBST">children </w><w c5="VM0" hw="must" pos="VERB">must </w><w c5="VBI" hw="be" pos="VERB">be </w><w c5="AT0" hw="the" pos="ART">the </w><w c5="NN2" hw="winner" pos="SUBST">winners</w><c c5="PUN">.</c></s>
<s n="34"><w c5="NP0" hw="peter" pos="SUBST">PETER </w><w c5="NP0" hw="bardgett" pos="SUBST">BARDGETT </w><w c5="NP0" hw="frome" pos="SUBST">Frome</w><c c5="PUN">, </c><w c5="NP0" hw="somerset" pos="SUBST">Somerset</w></s></p></div></wtext></bncDoc>
