<bncDoc xml:id="AKK"><teiHeader><fileDesc><titleStmt><title>  Daily Telegraph, electronic edition of 1992-04-15: Religious affairs stories. Sample containing about 509 words from a periodical (domain: belief and thought) </title><respStmt><resp> Data capture and transcription </resp><name> Oxford University Press </name> </respStmt></titleStmt><editionStmt><edition>BNC XML Edition, December 2006</edition></editionStmt><extent> 509 tokens; 519 w-units; 25 s-units </extent><publicationStmt><distributor>Distributed under licence by Oxford University Computing Services on behalf of the BNC Consortium.</distributor><availability> This material is protected by international copyright laws and may not be copied or redistributed in any way. Consult the BNC Web Site at http://www.natcorp.ox.ac.uk for full licencing and distribution conditions.</availability><idno type="bnc">AKK</idno><idno type="old"> DkBeli </idno></publicationStmt><sourceDesc><bibl><title>Daily Telegraph, electronic edition of 1992-04-15: Religious affairs stories.</title> <imprint n="DAILYT1"><publisher>The Daily Telegraph plc</publisher> <pubPlace>London</pubPlace> <date value="1992">1992</date> </imprint> </bibl></sourceDesc></fileDesc><encodingDesc><tagsDecl><namespace name=""><tagUsage gi="c" occurs="71"/><tagUsage gi="div" occurs="2"/><tagUsage gi="head" occurs="2"/><tagUsage gi="mw" occurs="3"/><tagUsage gi="p" occurs="9"/><tagUsage gi="s" occurs="25"/><tagUsage gi="w" occurs="519"/></namespace></tagsDecl></encodingDesc><profileDesc><creation date="1992"> </creation><textClass><catRef targets="WRI ALLTIM3 ALLAVA2 ALLTYP3 WRIAAG0 WRIAD0 WRIASE3 WRIATY2 WRIAUD3 WRIDOM8 WRILEV2 WRIMED2 WRIPP5 WRISAM0 WRISTA3 WRITAS3"/><classCode scheme="DLEE">W newsp brdsht nat: social</classCode><keywords><term> (none) </term></keywords></textClass></profileDesc><revisionDesc><change date="2006-10-21" who="#OUCS">Tag usage updated for BNC-XML</change><change date="2000-12-13" who="#OUCS">Last check for BNC World first release</change><change date="2000-09-06" who="#OUCS">Redo tagusage tables</change><change date="2000-09-01" who="#OUCS">Check all tagcounts</change><change date="2000-06-23" who="#OUCS">Resequenced s-units and added headers</change><change date="2000-01-21" who="#OUCS">Added date info</change><change date="2000-01-09" who="#OUCS">Updated all catrefs</change><change date="2000-01-08" who="#OUCS">Updated source title</change><change date="2000-01-08" who="#OUCS">Updated titles</change><change date="1999-12-25" who="#OUCS">corrected tagUsage</change><change date="1999-09-13" who="#UCREL">POS codes revised for BNC-2; header updated</change><change date="1994-11-24" who="#dominic">Initial accession to corpus</change></revisionDesc></teiHeader>
<wtext type="NEWS"><div level="1"><head>
<s n="1"><w c5="NP0" hw="peterborough" pos="SUBST">Peterborough</w><c c5="PUN">: </c><w c5="NP0" hw="fo" pos="SUBST">Fo </w><w c5="UNC" hw="pas" pos="UNC">pas</w></s></head><p>
<s n="2"><w c5="AT0" hw="a" pos="ART">A </w><w c5="NN1" hw="couple" pos="SUBST">COUPLE </w><w c5="PRF" hw="of" pos="PREP">of </w><w c5="NN1" hw="hail" pos="SUBST">Hail </w><w c5="NP0" hw="marys" pos="SUBST">Marys </w><w c5="VM0" hw="might" pos="VERB">might </w><w c5="VHI" hw="have" pos="VERB">have </w><w c5="VBN" hw="be" pos="VERB">been </w><w c5="PRP" hw="in" pos="PREP">in </w><w c5="NN1" hw="order" pos="SUBST">order </w><w c5="CJS" hw="as" pos="CONJ">as </w><w c5="AT0" hw="the" pos="ART">the </w><w c5="AJ0" hw="first-night" pos="ADJ">first-night </w><w c5="NN1" hw="audience" pos="SUBST">audience </w><w c5="VVD" hw="leave" pos="VERB">left </w><w c5="NP0" hw="dario" pos="SUBST">Dario </w><w c5="NP0" hw="fo" pos="SUBST">Fo</w><w c5="POS" hw="'s" pos="UNC">'s </w><w c5="NP0" hw="vatican" pos="SUBST">Vatican </w><w c5="NN1" hw="farce" pos="SUBST">farce</w><c c5="PUN">, </c><w c5="AT0" hw="the" pos="ART">The </w><w c5="NN1-NP0" hw="pope" pos="SUBST">Pope </w><w c5="CJC" hw="and" pos="CONJ">and </w><w c5="AT0" hw="the" pos="ART">the </w><w c5="NN1" hw="witch" pos="SUBST">Witch</w><c c5="PUN">, </c><w c5="DTQ" hw="which" pos="PRON">which </w><w c5="VVD" hw="open" pos="VERB">opened </w><w c5="PRP" hw="at" pos="PREP">at </w><w c5="AT0" hw="the" pos="ART">the </w><w c5="NN1" hw="comedy" pos="SUBST">Comedy </w><w c5="NN1" hw="theatre" pos="SUBST">Theatre</w><c c5="PUN">, </c><w c5="NP0" hw="london" pos="SUBST">London</w><c c5="PUN">, </c><w c5="PRP" hw="on" pos="PREP">on </w><w c5="NP0" hw="monday" pos="SUBST">Monday</w><c c5="PUN">.</c></s>
<s n="3"><w c5="CJS" hw="as" pos="CONJ">As </w><w c5="DPS" hw="i" pos="PRON">my </w><w c5="NN1" hw="colleague" pos="SUBST">colleague </w><w c5="NP0" hw="charles" pos="SUBST">Charles </w><w c5="NP0" hw="spencer" pos="SUBST">Spencer </w><w c5="VVZ" hw="describe" pos="VERB">describes </w><w c5="PRP-AVP" hw="on" pos="PREP">on </w><w c5="DPS" hw="we" pos="PRON">our </w><w c5="NN2" hw="art" pos="SUBST">arts </w><w c5="NN2" hw="page" pos="SUBST">pages</w><c c5="PUN">, </c><w c5="NP0" hw="frances" pos="SUBST">Frances </w><w c5="NP0" hw="de" pos="SUBST">de </w><w c5="NP0" hw="la" pos="SUBST">la </w><w c5="NP0" hw="tour" pos="SUBST">Tour </w><w c5="CJC" hw="and" pos="CONJ">and </w><w c5="NP0" hw="berwick" pos="SUBST">Berwick </w><w c5="NP0" hw="kaler" pos="SUBST">Kaler </w><w c5="VVD" hw="spend" pos="VERB">spent </w><w c5="AT0" hw="an" pos="ART">an </w><w c5="AJ0" hw="acrobatic" pos="ADJ">acrobatic </w><w c5="NN1" hw="night" pos="SUBST">night </w><w c5="VVG" hw="undermine" pos="VERB">undermining </w><w c5="NN1" hw="catholicism" pos="SUBST">Catholicism</w><c c5="PUN">, </c><w c5="CJC" hw="but" pos="CONJ">but </w><w c5="XX0" hw="not" pos="ADV">not </w><w c5="PRP" hw="to" pos="PREP">to </w><w c5="AJ0" hw="universal" pos="ADJ">universal </w><w c5="NN1" hw="delight" pos="SUBST">delight</w><c c5="PUN">.</c></s></p><p>
<s n="4"><w c5="NP0-NN1" hw="dario" pos="SUBST">Dario </w><w c5="NP0-NN1" hw="fo" pos="SUBST">Fo </w><w c5="VVD" hw="send" pos="VERB">sent </w><w c5="AT0" hw="a" pos="ART">a </w><w c5="NN1" hw="fax" pos="SUBST">fax </w><w c5="NN1" hw="message" pos="SUBST">message </w><w c5="PRP" hw="from" pos="PREP">from </w><w c5="NP0" hw="italy" pos="SUBST">Italy </w><w c5="VVG" hw="give" pos="VERB">giving </w><w c5="DPS" hw="he" pos="PRON">his </w><w c5="NN1" hw="blessing" pos="SUBST">blessing </w><w c5="PRP" hw="to" pos="PREP">to </w><w c5="AT0" hw="the" pos="ART">the </w><w c5="NN1" hw="production" pos="SUBST">production</w><c c5="PUN">.</c></s>
<s n="5"><c c5="PUQ">‘</c><w c5="PNP" hw="i" pos="PRON">I </w><w c5="VDB" hw="do" pos="VERB">do</w><w c5="XX0" hw="not" pos="ADV">n't </w><w c5="AV0" hw="really" pos="ADV">really </w><w c5="VVI" hw="understand" pos="VERB">understand </w><w c5="DT0" hw="all" pos="ADJ">all </w><w c5="DT0" hw="this" pos="ADJ">this </w><w c5="NN1" hw="italian" pos="SUBST">Italian</w><c c5="PUN">,</c><c c5="PUQ">’ </c><w c5="VVD" hw="say" pos="VERB">said </w><w c5="NP0-NN1" hw="kaler" pos="SUBST">Kaler</w><c c5="PUN">, </c><w c5="PNQ" hw="who" pos="PRON">who </w><w c5="VVD" hw="play" pos="VERB">played </w><w c5="AT0" hw="a" pos="ART">a </w><w c5="AJ0" hw="paranoid" pos="ADJ">paranoid </w><w c5="NP0" hw="john" pos="SUBST">John </w><w c5="NP0" hw="paul" pos="SUBST">Paul </w><w c5="CRD" hw="ii" pos="ADJ">II</w><c c5="PUN">, </c><w c5="CJS" hw="as" pos="CONJ">as </w><w c5="PNP" hw="he" pos="PRON">he </w><w c5="VVD" hw="try" pos="VERB">tried </w><w c5="TO0" hw="to" pos="PREP">to </w><w c5="VVI" hw="decipher" pos="VERB">decipher </w><w c5="PNP" hw="it" pos="PRON">it </w><w c5="AV0" hw="afterwards" pos="ADV">afterwards</w><c c5="PUN">.</c></s>
<s n="6"><c c5="PUQ">‘</c><w c5="PNP" hw="i" pos="PRON">I </w><w c5="VDB" hw="do" pos="VERB">do </w><w c5="VVI" hw="hope" pos="VERB">hope </w><w c5="AT0" hw="the" pos="ART">the </w><w c5="NN2" hw="audience" pos="SUBST">audiences </w><w c5="VM0" hw="will" pos="VERB">will </w><w c5="VVI" hw="cheer" pos="VERB">cheer </w><w c5="AVP" hw="up" pos="ADV">up </w><mw c5="AV0"><w c5="AT0" hw="a" pos="ART">a </w><w c5="NN1" hw="bit" pos="SUBST">bit</w></mw><c c5="PUN">.</c></s>
<s n="7"><w c5="PNP" hw="it" pos="PRON">It</w><w c5="VBZ" hw="be" pos="VERB">'s </w><w c5="AT0" hw="an" pos="ART">an </w><w c5="NN1" hw="attack" pos="SUBST">attack </w><w c5="PRP" hw="on" pos="PREP">on </w><w c5="AT0" hw="the" pos="ART">the </w><w c5="NP0" hw="vatican" pos="SUBST">Vatican</w><c c5="PUN">, </c><w c5="XX0" hw="not" pos="ADV">not </w><w c5="NN1" hw="catholicism" pos="SUBST">Catholicism</w><c c5="PUN">, </c><w c5="PNP" hw="you" pos="PRON">you </w><w c5="VVB" hw="know" pos="VERB">know</w><c c5="PUN">.</c><c c5="PUQ">’</c></s></p><p>
<s n="8"><w c5="AT0" hw="a" pos="ART">A </w><w c5="NN1" hw="pantomime" pos="SUBST">pantomime </w><w c5="NN1" hw="dame" pos="SUBST">dame</w><c c5="PUN">, </c><w c5="NP0" hw="kaler" pos="SUBST">Kaler</w><w c5="POS" hw="'s" pos="UNC">'s </w><w c5="AJ0" hw="normal" pos="ADJ">normal </w><w c5="NN1" hw="attire" pos="SUBST">attire </w><w c5="VBZ" hw="be" pos="VERB">is </w><w c5="NN2" hw="bloomer" pos="SUBST">bloomers </w><w c5="CJC" hw="and" pos="CONJ">and </w><w c5="AT0" hw="a" pos="ART">a </w><w c5="NN1" hw="wig" pos="SUBST">wig</w><c c5="PUN">, </c><mw c5="PRP"><w c5="AV0" hw="rather" pos="ADV">rather </w><w c5="CJS" hw="than" pos="CONJ">than </w></mw><w c5="AJ0" hw="papal" pos="ADJ">papal </w><w c5="NN2" hw="robe" pos="SUBST">robes</w><c c5="PUN">.</c></s>
<s n="9"><c c5="PUQ">‘</c><w c5="DPS" hw="i" pos="PRON">My </w><w c5="ORD" hw="next" pos="ADJ">next </w><w c5="NN1" hw="show" pos="SUBST">show </w><w c5="VBZ" hw="be" pos="VERB">is </w><w c5="NN2" hw="babe" pos="SUBST">Babes </w><w c5="PRP" hw="in" pos="PREP">in </w><w c5="AT0" hw="the" pos="ART">the </w><w c5="NP0-NN1" hw="wood" pos="SUBST">Wood</w><c c5="PUN">, </c><w c5="PRP" hw="in" pos="PREP">in </w><w c5="NP0" hw="york" pos="SUBST">York</w><c c5="PUN">,</c><c c5="PUQ">’ </c><w c5="PNP" hw="he" pos="PRON">he </w><w c5="VVD" hw="say" pos="VERB">said</w><c c5="PUN">.</c></s>
<s n="10"><w c5="PRP" hw="in" pos="PREP">In </w><w c5="AT0" hw="the" pos="ART">the </w><w c5="NN1" hw="audience" pos="SUBST">audience </w><w c5="PNP" hw="i" pos="PRON">I </w><w c5="VVD" hw="find" pos="VERB">found </w><w c5="AT0" hw="an" pos="ART">an </w><w c5="AJ0" hw="appreciative" pos="ADJ">appreciative </w><w c5="NP0" hw="dave" pos="SUBST">Dave </w><w c5="NP0" hw="allen" pos="SUBST">Allen</w><c c5="PUN">, </c><w c5="AT0" hw="the" pos="ART">the </w><w c5="NN1" hw="comedian" pos="SUBST">comedian</w><c c5="PUN">.</c></s>
<s n="11"><c c5="PUQ">‘</c><w c5="PNP" hw="it" pos="PRON">It</w><w c5="VBZ" hw="be" pos="VERB">'s </w><w c5="AT0" hw="a" pos="ART">a </w><w c5="AJ0" hw="whopping" pos="ADJ">whopping </w><w c5="AJ0" hw="great" pos="ADJ">great </w><w c5="NN1" hw="satire" pos="SUBST">satire</w><c c5="PUN">,</c><c c5="PUQ">’ </c><w c5="PNP" hw="he" pos="PRON">he </w><w c5="VVD" hw="say" pos="VERB">said</w><c c5="PUN">, </c><c c5="PUQ">‘</c><w c5="CJC" hw="and" pos="CONJ">and </w><w c5="PNP" hw="i" pos="PRON">I </w><w c5="VBD" hw="be" pos="VERB">was</w><w c5="XX0" hw="not" pos="ADV">n't </w><mw c5="AV0"><w c5="PRP" hw="at" pos="PREP">at </w><w c5="DT0" hw="all" pos="ADJ">all </w></mw><w c5="VVN" hw="offend" pos="VERB">offended</w><c c5="PUN">.</c></s>
<s n="12"><w c5="PNP" hw="i" pos="PRON">I </w><w c5="VVD" hw="go" pos="VERB">went </w><w c5="TO0" hw="to" pos="PREP">to </w><w c5="VBI" hw="be" pos="VERB">be </w><w c5="VVN" hw="entertain" pos="VERB">entertained</w><c c5="PUN">.</c></s>
<s n="13"><w c5="PNP" hw="i" pos="PRON">I</w><w c5="VBB" hw="be" pos="VERB">'m </w><w c5="AT0" hw="a" pos="ART">a </w><w c5="AJ0" hw="great" pos="ADJ">great </w><w c5="NN1" hw="fan" pos="SUBST">fan </w><w c5="PRF" hw="of" pos="PREP">of </w><w c5="NP0" hw="dario" pos="SUBST">Dario </w><w c5="NP0-NN1" hw="fo" pos="SUBST">Fo</w><c c5="PUN">.</c><c c5="PUQ">’</c></s></p></div><div level="1"><head>
<s n="14"><w c5="NN1" hw="way" pos="SUBST">Way </w><w c5="PRF" hw="of" pos="PREP">of </w><w c5="AT0" hw="the" pos="ART">the </w><w c5="NN1" hw="world" pos="SUBST">World</w><c c5="PUN">: </c><w c5="AJ0" hw="roman" pos="ADJ">Roman </w><w c5="NN2" hw="thought" pos="SUBST">thoughts</w></s></head><p>
<s n="15"><w c5="AJ0" hw="holy" pos="ADJ">HOLY </w><w c5="NN1" hw="week" pos="SUBST">Week </w><w c5="VBZ" hw="be" pos="VERB">is </w><w c5="AT0" hw="a" pos="ART">a </w><w c5="NN1" hw="time" pos="SUBST">time </w><w c5="AVQ" hw="when" pos="ADV">when </w><w c5="DT0" hw="many" pos="ADJ">many </w><w c5="NN0" hw="people" pos="SUBST">people </w><w c5="VVB" hw="look" pos="VERB">look </w><w c5="AVP" hw="around" pos="ADV">around </w><w c5="PRP" hw="for" pos="PREP">for </w><w c5="AJ0" hw="devotional" pos="ADJ">devotional </w><w c5="NN1" hw="reading" pos="SUBST">reading</w><c c5="PUN">, </c><w c5="CJC" hw="and" pos="CONJ">and </w><w c5="PNP" hw="i" pos="PRON">I </w><w c5="VVB" hw="suppose" pos="VERB">suppose </w><w c5="PNP" hw="we" pos="PRON">we </w><w c5="VM0" hw="should" pos="VERB">should </w><w c5="VBI" hw="be" pos="VERB">be </w><w c5="AJ0" hw="grateful" pos="ADJ">grateful </w><w c5="PRP" hw="to" pos="PREP">to </w><w c5="AT0" hw="the" pos="ART">the </w><w c5="NN1" hw="observer" pos="SUBST">Observer </w><w c5="PRP" hw="for" pos="PREP">for </w><w c5="VVG-NN1" hw="draw" pos="VERB">drawing </w><w c5="NN1" hw="attention" pos="SUBST">attention </w><w c5="PRP" hw="to" pos="PREP">to </w><w c5="AT0" hw="a" pos="ART">a </w><c c5="PUQ">‘</c><w c5="AJ0" hw="dirty" pos="ADJ">dirty</w><c c5="PUQ">’ </c><w c5="NN1" hw="book" pos="SUBST">book </w><w c5="PRP" hw="on" pos="PREP">on </w><w c5="NN1" hw="sex" pos="SUBST">sex </w><w c5="PRP" hw="for" pos="PREP">for </w><w c5="NN2" hw="catholic" pos="SUBST">Catholics </w><w c5="DTQ" hw="which" pos="PRON">which </w><w c5="VHZ" hw="have" pos="VERB">has </w><w c5="VBN" hw="be" pos="VERB">been </w><w c5="VVN" hw="write" pos="VERB">written </w><w c5="PRP" hw="by" pos="PREP">by </w><w c5="AT0" hw="the" pos="ART">the </w><w c5="AJ0" hw="30-year-old" pos="ADJ">30-year-old </w><w c5="AJ0" hw="retiring" pos="ADJ">retiring </w><w c5="NN1" hw="editor" pos="SUBST">editor </w><w c5="PRF" hw="of" pos="PREP">of </w><w c5="AT0" hw="the" pos="ART">the </w><w c5="AJ0-NN1" hw="catholic" pos="ADJ">Catholic </w><w c5="NN1" hw="herald" pos="SUBST">Herald </w><w c5="CJC" hw="and" pos="CONJ">and </w><w c5="AT0" hw="a" pos="ART">a </w><w c5="NN1" hw="friend" pos="SUBST">friend</w><c c5="PUN">.</c></s></p><p>
<s n="16"><w c5="VVN-AJ0" hw="call" pos="VERB">Called </w><w c5="NN2" hw="catholic" pos="SUBST">Catholics </w><w c5="CJC" hw="and" pos="CONJ">and </w><w c5="NN1" hw="sex" pos="SUBST">Sex</w><c c5="PUN">, </c><w c5="PNP" hw="it" pos="PRON">it </w><w c5="VVZ" hw="consist" pos="VERB">consists </w><w c5="PRF" hw="of" pos="PREP">of </w><w c5="AJ0" hw="endless" pos="ADJ">endless </w><w c5="NN2" hw="complaint" pos="SUBST">complaints </w><w c5="PRP" hw="about" pos="PREP">about </w><w c5="NN2" hw="restriction" pos="SUBST">restrictions </w><w c5="PRP" hw="on" pos="PREP">on </w><w c5="AJ0" hw="sexual" pos="ADJ">sexual </w><w c5="NN1" hw="behaviour" pos="SUBST">behaviour </w><w c5="VVN" hw="impose" pos="VERB">imposed </w><w c5="PRP" hw="by" pos="PREP">by </w><w c5="AT0" hw="the" pos="ART">the </w><w c5="AJ0-NN1" hw="catholic" pos="ADJ">Catholic </w><w c5="NN1" hw="church" pos="SUBST">church</w><c c5="PUN">.</c></s>
<s n="17"><w c5="PNP" hw="it" pos="PRON">It </w><w c5="VDZ" hw="do" pos="VERB">does </w><w c5="XX0" hw="not" pos="ADV">not </w><w c5="VVI" hw="seem" pos="VERB">seem </w><w c5="TO0" hw="to" pos="PREP">to </w><w c5="VVI" hw="take" pos="VERB">take </w><w c5="PRP" hw="into" pos="PREP">into </w><w c5="NN1" hw="account" pos="SUBST">account </w><w c5="CJT" hw="that" pos="CONJ">that </w><w c5="DT0" hw="many" pos="ADJ">many </w><w c5="NN0" hw="people" pos="SUBST">people </w><w c5="VM0" hw="may" pos="VERB">may </w><w c5="VBI" hw="be" pos="VERB">be </w><w c5="AV0" hw="quite" pos="ADV">quite </w><w c5="AJ0" hw="grateful" pos="ADJ">grateful </w><w c5="TO0" hw="to" pos="PREP">to </w><w c5="VHI" hw="have" pos="VERB">have </w><w c5="NN2" hw="restriction" pos="SUBST">restrictions </w><w c5="VVN-VVD" hw="impose" pos="VERB">imposed </w><w c5="PRP" hw="on" pos="PREP">on </w><w c5="DPS" hw="they" pos="PRON">their </w><w c5="AJ0" hw="sexual" pos="ADJ">sexual </w><w c5="NN1" hw="behaviour" pos="SUBST">behaviour</w><c c5="PUN">, </c><w c5="CJS" hw="while" pos="CONJ">while </w><w c5="NN2" hw="other" pos="SUBST">others </w><w c5="VM0" hw="can" pos="VERB">can </w><w c5="AV0" hw="perfectly" pos="ADV">perfectly </w><w c5="AV0" hw="well" pos="ADV">well </w><w c5="VVI" hw="get" pos="VERB">get </w><w c5="AVP" hw="on" pos="ADV">on </w><w c5="PRP" hw="with" pos="PREP">with </w><w c5="DTQ" hw="what" pos="PRON">what </w><w c5="PNP" hw="they" pos="PRON">they </w><w c5="VVB" hw="want" pos="VERB">want </w><w c5="TO0" hw="to" pos="PREP">to </w><w c5="VDI" hw="do" pos="VERB">do </w><w c5="CJC" hw="and" pos="CONJ">and </w><w c5="VVI" hw="keep" pos="VERB">keep </w><w c5="AJ0" hw="quiet" pos="ADJ">quiet </w><w c5="PRP" hw="about" pos="PREP">about </w><w c5="PNP" hw="it" pos="PRON">it</w><c c5="PUN">.</c></s>
<s n="18"><w c5="PNP" hw="you" pos="PRON">You </w><w c5="VM0" hw="can" pos="VERB">ca</w><w c5="XX0" hw="not" pos="ADV">n't </w><w c5="VVI" hw="please" pos="VERB">please </w><w c5="PNI" hw="everyone" pos="PRON">everyone </w><w c5="DT0" hw="all" pos="ADJ">all </w><w c5="AT0" hw="the" pos="ART">the </w><w c5="NN1" hw="time" pos="SUBST">time</w><c c5="PUN">, </c><w c5="CJC" hw="but" pos="CONJ">but </w><w c5="AT0" hw="the" pos="ART">the </w><w c5="AJ0-NN1" hw="catholic" pos="ADJ">Catholic </w><w c5="NN1" hw="church" pos="SUBST">church </w><w c5="VHZ" hw="have" pos="VERB">has </w><w c5="XX0" hw="not" pos="ADV">not </w><w c5="VDN" hw="do" pos="VERB">done </w><w c5="AV0" hw="too" pos="ADV">too </w><w c5="AV0" hw="badly" pos="ADV">badly</w><c c5="PUN">, </c><w c5="PRP" hw="over" pos="PREP">over </w><w c5="AT0" hw="the" pos="ART">the </w><w c5="NN2" hw="year" pos="SUBST">years</w><c c5="PUN">.</c></s></p><p>
<s n="19"><w c5="PNP" hw="i" pos="PRON">I </w><w c5="VBD" hw="be" pos="VERB">was </w><w c5="AV0" hw="less" pos="ADV">less </w><w c5="AJ0" hw="impressed" pos="ADJ">impressed </w><w c5="PRP" hw="by" pos="PREP">by </w><w c5="AT0" hw="a" pos="ART">a </w><w c5="NN1" hw="news" pos="SUBST">news </w><w c5="NN1" hw="story" pos="SUBST">story </w><w c5="PRP" hw="in" pos="PREP">in </w><w c5="AT0" hw="the" pos="ART">the </w><w c5="NP0" hw="sunday" pos="SUBST">Sunday </w><w c5="NN2" hw="time" pos="SUBST">Times </w><w c5="VVG" hw="announce" pos="VERB">announcing </w><w c5="CJT" hw="that" pos="CONJ">that </w><w c5="AT0" hw="the" pos="ART">the </w><w c5="NN1-NP0" hw="pope" pos="SUBST">Pope </w><w c5="VBZ" hw="be" pos="VERB">is </w><w c5="VVG" hw="crack" pos="VERB">cracking </w><w c5="AVP" hw="down" pos="ADV">down </w><w c5="PRP" hw="on" pos="PREP">on </w><w c5="NN2" hw="sinner" pos="SUBST">sinners </w><w c5="PRP" hw="for" pos="PREP">for </w><w c5="NN1" hw="easter" pos="SUBST">Easter </w><w c5="NN1" hw="week" pos="SUBST">week</w><c c5="PUN">: </c><c c5="PUQ">‘</c><w c5="AT0" hw="the" pos="ART">The </w><w c5="NN1-NP0" hw="pope" pos="SUBST">Pope </w><w c5="VHZ" hw="have" pos="VERB">has </w><w c5="VVN" hw="order" pos="VERB">ordered </w><w c5="NN2" hw="priest" pos="SUBST">priests </w><w c5="PRP" hw="in" pos="PREP">in </w><w c5="AT0" hw="the" pos="ART">the </w><w c5="NN1-AJ0" hw="confessional" pos="SUBST">confessional </w><w c5="NN1" hw="box" pos="SUBST">box </w><w c5="TO0" hw="to" pos="PREP">to </w><w c5="VVI" hw="clamp" pos="VERB">clamp </w><w c5="AVP" hw="down" pos="ADV">down </w><w c5="PRP" hw="on" pos="PREP">on </w><w c5="NN1" hw="sin" pos="SUBST">sin </w><w c5="CJS" hw="as" pos="CONJ">as </w><w c5="NN2" hw="church" pos="SUBST">churches </w><w c5="VVB" hw="prepare" pos="VERB">prepare </w><w c5="PRP" hw="for" pos="PREP">for </w><w c5="AT0" hw="the" pos="ART">the </w><w c5="AJ0" hw="traditional" pos="ADJ">traditional </w><w c5="NN1" hw="easter" pos="SUBST">Easter </w><w c5="NN1" hw="rush" pos="SUBST">rush </w><w c5="PRF" hw="of" pos="PREP">of </w><w c5="NN2" hw="sinner" pos="SUBST">sinners </w><w c5="VVG" hw="seek" pos="VERB">seeking </w><w c5="NN1" hw="forgiveness" pos="SUBST">forgiveness </w><w c5="DT0" hw="this" pos="ADJ">this </w><w c5="NN1" hw="week" pos="SUBST">week</w><c c5="PUN">,</c><c c5="PUQ">’ </c><w c5="PNP" hw="it" pos="PRON">it </w><w c5="VVD" hw="announce" pos="VERB">announced </w><w c5="AV0" hw="knowingly" pos="ADV">knowingly</w><c c5="PUN">.</c></s></p><p>
<s n="20"><w c5="DT0" hw="any" pos="ADJ">Any </w><w c5="NN1" hw="news" pos="SUBST">news </w><w c5="NN1" hw="story" pos="SUBST">story </w><w c5="VVG" hw="announce" pos="VERB">announcing </w><w c5="AT0" hw="a" pos="ART">a </w><w c5="NN1" hw="crackdown" pos="SUBST">crackdown </w><w c5="VBZ" hw="be" pos="VERB">is </w><w c5="NN1-AJ0" hw="suspect" pos="SUBST">suspect</w><c c5="PUN">, </c><w c5="AV0" hw="usually" pos="ADV">usually </w><w c5="AT0" hw="the" pos="ART">the </w><w c5="NN1" hw="product" pos="SUBST">product </w><w c5="PRF" hw="of" pos="PREP">of </w><w c5="AT0" hw="an" pos="ART">an </w><w c5="AJ0" hw="unattributable" pos="ADJ">unattributable </w><w c5="NN1" hw="briefing" pos="SUBST">briefing </w><w c5="PRP" hw="by" pos="PREP">by </w><w c5="DT0" hw="some" pos="ADJ">some </w><w c5="NN1" hw="politician" pos="SUBST">politician</w><c c5="PUN">.</c></s>
<s n="21"><w c5="AT0" hw="the" pos="ART">The </w><w c5="NN1" hw="organisation" pos="SUBST">organisation </w><w c5="PRF" hw="of" pos="PREP">of </w><w c5="AT0" hw="the" pos="ART">the </w><w c5="AJ0-NN1" hw="catholic" pos="ADJ">Catholic </w><w c5="NN1" hw="church" pos="SUBST">church </w><w c5="VBZ" hw="be" pos="VERB">is </w><w c5="XX0" hw="not" pos="ADV">not </w><w c5="TO0" hw="to" pos="PREP">to </w><w c5="VBI" hw="be" pos="VERB">be </w><w c5="AJ0" hw="confused" pos="ADJ">confused </w><w c5="PRP" hw="with" pos="PREP">with </w><w c5="DT0" hw="that" pos="ADJ">that </w><w c5="PRF" hw="of" pos="PREP">of </w><w c5="AT0" hw="the" pos="ART">the </w><w c5="NN1" hw="ministry" pos="SUBST">Ministry </w><w c5="PRF" hw="of" pos="PREP">of </w><w c5="NN1" hw="transport" pos="SUBST">Transport </w><w c5="CJC" hw="or" pos="CONJ">or </w><w c5="NN2" hw="police" pos="SUBST">police </w><w c5="NN1" hw="department" pos="SUBST">department</w><c c5="PUN">.</c></s></p><p>
<s n="22"><w c5="NN2" hw="pope" pos="SUBST">Popes </w><w c5="VVB" hw="lack" pos="VERB">lack </w><w c5="AT0" hw="the" pos="ART">the </w><w c5="NN1" hw="machinery" pos="SUBST">machinery </w><w c5="TO0" hw="to" pos="PREP">to </w><w c5="VVI" hw="administer" pos="VERB">administer </w><w c5="NN2" hw="crackdown" pos="SUBST">crackdowns</w><c c5="PUN">.</c></s>
<s n="23"><w c5="PNP" hw="they" pos="PRON">They </w><w c5="VM0" hw="can" pos="VERB">can </w><w c5="AV0" hw="only" pos="ADV">only </w><w c5="VVI" hw="issue" pos="VERB">issue </w><w c5="NN2" hw="brief" pos="SUBST">briefs</w><c c5="PUN">, </c><w c5="NN2" hw="bull" pos="SUBST">bulls</w><c c5="PUN">, </c><w c5="NN2-VVZ" hw="encyclical" pos="SUBST">encyclicals </w><w c5="CJC" hw="and" pos="CONJ">and </w><w c5="AT0" hw="the" pos="ART">the </w><w c5="AJ0" hw="occasional" pos="ADJ">occasional </w><w c5="NN1" hw="definition" pos="SUBST">definition</w><c c5="PUN">.</c></s>
<s n="24"><w c5="PNP" hw="i" pos="PRON">I </w><w c5="VVB" hw="hope" pos="VERB">hope </w><w c5="AT0" hw="the" pos="ART">the </w><w c5="NN1" hw="drivel" pos="SUBST">drivel </w><w c5="DTQ" hw="which" pos="PRON">which </w><w c5="VVD" hw="appear" pos="VERB">appeared </w><w c5="PRP" hw="in" pos="PREP">in </w><w c5="AT0" hw="the" pos="ART">the </w><w c5="NP0" hw="sunday" pos="SUBST">Sunday </w><w c5="NN2" hw="time" pos="SUBST">Times </w><w c5="VBD" hw="be" pos="VERB">was </w><w c5="XX0" hw="not" pos="ADV">not </w><w c5="AT0" hw="the" pos="ART">the </w><w c5="NN1" hw="result" pos="SUBST">result </w><w c5="PRF" hw="of" pos="PREP">of </w><w c5="AT0" hw="a" pos="ART">a </w><w c5="NP0" hw="vatican" pos="SUBST">Vatican </w><w c5="NN1" hw="briefing" pos="SUBST">briefing</w><c c5="PUN">, </c><w c5="CJS" hw="because" pos="CONJ">because </w><w c5="PNP" hw="it" pos="PRON">it </w><w c5="VM0" hw="would" pos="VERB">would </w><w c5="VBI" hw="be" pos="VERB">be </w><w c5="AT0" hw="a" pos="ART">a </w><w c5="AJ0" hw="terrible" pos="ADJ">terrible </w><w c5="NN1" hw="thing" pos="SUBST">thing </w><w c5="CJS" hw="if" pos="CONJ">if </w><w c5="AT0" hw="the" pos="ART">the </w><w c5="AJ0" hw="holy" pos="ADJ">Holy </w><w c5="NN1" hw="see" pos="SUBST">See </w><w c5="VVD" hw="go" pos="VERB">went </w><w c5="AT0" hw="the" pos="ART">the </w><w c5="NN1" hw="way" pos="SUBST">way </w><w c5="PRF" hw="of" pos="PREP">of </w><w c5="NP0" hw="westminster" pos="SUBST">Westminster </w><w c5="CJC" hw="and" pos="CONJ">and </w><w c5="NP0" hw="liverpool" pos="SUBST">Liverpool</w><c c5="PUN">.</c></s></p><p>
<s n="25"><w c5="DT0" hw="all" pos="ADJ">All </w><w c5="DT0" hw="that" pos="ADJ">that </w><w c5="VBZ" hw="be" pos="VERB">is </w><w c5="AV0" hw="most" pos="ADV">most </w><w c5="AJ0" hw="sensible" pos="ADJ">sensible </w><w c5="CJC" hw="and" pos="CONJ">and </w><w c5="VVD" hw="clearhead" pos="VERB">clearheaded </w><w c5="PRP" hw="in" pos="PREP">in </w><w c5="AT0" hw="the" pos="ART">the </w><w c5="AJ0-NN1" hw="catholic" pos="ADJ">Catholic </w><w c5="NN1" hw="church" pos="SUBST">church </w><w c5="VM0" hw="will" pos="VERB">will </w><w c5="VVI" hw="meet" pos="VERB">meet </w><w c5="PRP" hw="in" pos="PREP">in </w><w c5="NP0" hw="rome" pos="SUBST">Rome </w><w c5="PRP" hw="on" pos="PREP">on </w><w c5="NP0" hw="may" pos="SUBST">May </w><w c5="CRD" hw="17" pos="ADJ">17 </w><w c5="TO0" hw="to" pos="PREP">to </w><w c5="VVI" hw="celebrate" pos="VERB">celebrate </w><w c5="AT0" hw="the" pos="ART">the </w><w c5="NN1" hw="beatification" pos="SUBST">beatification </w><w c5="PRF" hw="of" pos="PREP">of </w><w c5="NP0" hw="mgr" pos="SUBST">Mgr </w><w c5="NP0" hw="josemaria" pos="SUBST">Josemaria </w><w c5="NP0" hw="escriva" pos="SUBST">Escriva </w><c c5="PUL">(</c><w c5="CRD" hw="1902–1975" pos="UNC">1902–1975</w><c c5="PUR">) </c><w c5="PNQ" hw="who" pos="PRON">who </w><w c5="VVD" hw="found" pos="VERB">founded </w><w c5="NP0" hw="opus" pos="SUBST">Opus </w><w c5="NP0" hw="dei" pos="SUBST">Dei</w><c c5="PUN">, </c><w c5="AT0" hw="the" pos="ART">the </w><w c5="AJ0" hw="unecstatic" pos="ADJ">unecstatic </w><w c5="AJ0" hw="religious" pos="ADJ">religious </w><w c5="NN1" hw="movement" pos="SUBST">movement </w><w c5="DTQ" hw="which" pos="PRON">which </w><w c5="VM0" hw="may" pos="VERB">may </w><w c5="AV0" hw="yet" pos="ADV">yet </w><w c5="VVI" hw="save" pos="VERB">save </w><w c5="NN1" hw="christianity" pos="SUBST">Christianity </w><w c5="PRP" hw="from" pos="PREP">from </w><w c5="AT0" hw="the" pos="ART">the </w><w c5="NN1" hw="sex" pos="SUBST">sex </w><w c5="NN2" hw="therapist" pos="SUBST">therapists</w><c c5="PUN">.</c></s></p></div></wtext></bncDoc>
