<bncDoc xml:id="AKN"><teiHeader><fileDesc><titleStmt><title>  Daily Telegraph, electronic edition of 1992-04-15: Applied Science pages. Sample containing about 1070 words from a periodical (domain: natural sciences) </title><respStmt><resp> Data capture and transcription </resp><name> Oxford University Press </name> </respStmt></titleStmt><editionStmt><edition>BNC XML Edition, December 2006</edition></editionStmt><extent> 1070 tokens; 1079 w-units; 55 s-units </extent><publicationStmt><distributor>Distributed under licence by Oxford University Computing Services on behalf of the BNC Consortium.</distributor><availability> This material is protected by international copyright laws and may not be copied or redistributed in any way. Consult the BNC Web Site at http://www.natcorp.ox.ac.uk for full licencing and distribution conditions.</availability><idno type="bnc">AKN</idno><idno type="old"> DkPurS </idno></publicationStmt><sourceDesc><bibl><title>Daily Telegraph, electronic edition of 1992-04-15: Applied Science pages.</title> <imprint n="DAILYT1"><publisher>The Daily Telegraph plc</publisher> <pubPlace>London</pubPlace> <date value="1992">1992</date> </imprint> </bibl></sourceDesc></fileDesc><encodingDesc><tagsDecl><namespace name=""><tagUsage gi="c" occurs="140"/><tagUsage gi="div" occurs="4"/><tagUsage gi="head" occurs="8"/><tagUsage gi="mw" occurs="6"/><tagUsage gi="p" occurs="33"/><tagUsage gi="s" occurs="55"/><tagUsage gi="w" occurs="1079"/></namespace></tagsDecl></encodingDesc><profileDesc><creation date="1992"> </creation><textClass><catRef targets="WRI ALLTIM3 ALLAVA2 ALLTYP3 WRIAAG0 WRIAD0 WRIASE3 WRIATY2 WRIAUD3 WRIDOM2 WRILEV2 WRIMED2 WRIPP5 WRISAM0 WRISTA3 WRITAS3"/><classCode scheme="DLEE">W newsp brdsht nat: science</classCode><keywords><term> (none) </term></keywords></textClass></profileDesc><revisionDesc><change date="2006-10-21" who="#OUCS">Tag usage updated for BNC-XML</change><change date="2000-12-13" who="#OUCS">Last check for BNC World first release</change><change date="2000-09-06" who="#OUCS">Redo tagusage tables</change><change date="2000-09-01" who="#OUCS">Check all tagcounts</change><change date="2000-06-23" who="#OUCS">Resequenced s-units and added headers</change><change date="2000-01-21" who="#OUCS">Added date info</change><change date="2000-01-09" who="#OUCS">Updated all catrefs</change><change date="2000-01-08" who="#OUCS">Updated source title</change><change date="2000-01-08" who="#OUCS">Updated titles</change><change date="1999-12-25" who="#OUCS">corrected tagUsage</change><change date="1999-09-13" who="#UCREL">POS codes revised for BNC-2; header updated</change><change date="1994-11-24" who="#dominic">Initial accession to corpus</change></revisionDesc></teiHeader>
<wtext type="NEWS"><div level="1"><head type="MAIN">
<s n="1"><w c5="NN1" hw="seaweed" pos="SUBST">Seaweed </w><w c5="VM0" hw="may" pos="VERB">may </w><w c5="VVI" hw="turn" pos="VERB">turn </w><w c5="NN1" hw="tide" pos="SUBST">tide </w><w c5="PRF" hw="of" pos="PREP">of </w><w c5="AJ0" hw="costly" pos="ADJ">costly </w><w c5="NN2" hw="drug" pos="SUBST">drugs</w></s></head><head type="BYLINE">
<s n="2"><w c5="PRP" hw="by" pos="PREP">By </w><w c5="NP0" hw="roger" pos="SUBST">Roger </w><w c5="NP0" hw="highfield" pos="SUBST">Highfield </w><w c5="NN1" hw="science" pos="SUBST">Science </w><w c5="NN1" hw="editor" pos="SUBST">Editor</w></s></head><p>
<s n="3"><w c5="NN1" hw="seaweed" pos="SUBST">SEAWEED </w><w c5="VBZ" hw="be" pos="VERB">is </w><w c5="VVG" hw="help" pos="VERB">helping </w><w c5="TO0" hw="to" pos="PREP">to </w><w c5="VVI" hw="slash" pos="VERB">slash </w><w c5="AT0" hw="the" pos="ART">the </w><w c5="NN1" hw="cost" pos="SUBST">cost </w><w c5="PRF" hw="of" pos="PREP">of </w><w c5="AT0" hw="a" pos="ART">a </w><w c5="AJ0" hw="new" pos="ADJ">new </w><w c5="NN1" hw="generation" pos="SUBST">generation </w><w c5="PRF" hw="of" pos="PREP">of </w><w c5="NN2" hw="drug" pos="SUBST">drugs </w><w c5="PRP" hw="by" pos="PREP">by </w><w c5="CRD" hw="1,000" pos="ADJ">1,000 </w><w c5="NN1-VVB" hw="fold" pos="SUBST">fold</w><c c5="PUN">, </c><w c5="NN2" hw="delegate" pos="SUBST">delegates </w><w c5="VBD" hw="be" pos="VERB">were </w><w c5="VVN" hw="tell" pos="VERB">told </w><w c5="AV0" hw="yesterday" pos="ADV">yesterday</w><c c5="PUN">.</c></s></p><p>
<s n="4"><w c5="NN1" hw="medicine" pos="SUBST">Medicine </w><w c5="VBZ" hw="be" pos="VERB">is </w><w c5="VBG" hw="be" pos="VERB">being </w><w c5="VVN" hw="revolutionise" pos="VERB">revolutionised </w><w c5="PRP" hw="by" pos="PREP">by </w><w c5="AT0" hw="a" pos="ART">a </w><w c5="NN1" hw="host" pos="SUBST">host </w><w c5="PRF" hw="of" pos="PREP">of </w><w c5="AJ0" hw="natural" pos="ADJ">natural </w><w c5="NN2" hw="protein" pos="SUBST">proteins </w><w c5="CJT" hw="that" pos="CONJ">that </w><w c5="VM0" hw="can" pos="VERB">can </w><w c5="VBI" hw="be" pos="VERB">be </w><w c5="AJ0" hw="mass-produced" pos="ADJ">mass-produced </w><w c5="PRP" hw="by" pos="PREP">by </w><w c5="NN2" hw="bacterium" pos="SUBST">bacteria</w><c c5="PUN">, </c><w c5="VVG" hw="range" pos="VERB">ranging </w><w c5="PRP" hw="from" pos="PREP">from </w><w c5="AJ0" hw="human" pos="ADJ">human </w><w c5="NN1" hw="growth" pos="SUBST">growth </w><w c5="NN1" hw="hormone" pos="SUBST">hormone </w><w c5="VVG" hw="cost" pos="VERB">costing </w><w c5="NN0" hw="$700,000" pos="SUBST">$700,000 </w><c c5="PUL">(</c><w c5="NN0" hw="£400,000" pos="UNC">£400,000</w><c c5="PUR">) </c><w c5="AT0" hw="a" pos="ART">a </w><w c5="NN1" hw="kilogram" pos="SUBST">kilogram </w><w c5="PRP" hw="to" pos="PREP">to </w><w c5="AT0" hw="the" pos="ART">the </w><w c5="NN1" hw="blood" pos="SUBST">blood </w><w c5="VVG-NN1" hw="clot" pos="VERB">clotting </w><w c5="NN1" hw="agent" pos="SUBST">agent </w><w c5="NN1" hw="factor" pos="SUBST">Factor </w><w c5="CRD" hw="viii" pos="ADJ">VIII </w><w c5="DTQ" hw="which" pos="PRON">which </w><w c5="VVZ" hw="cost" pos="VERB">costs </w><w c5="NN0" hw="$1" pos="SUBST">$1 </w><w c5="CRD" hw="billion" pos="ADJ">billion </w><w c5="PRP" hw="per" pos="PREP">per </w><w c5="NN1" hw="kilogram" pos="SUBST">kilogram</w><c c5="PUN">.</c></s></p><p>
<s n="5"><w c5="AV0" hw="now" pos="ADV">Now </w><w c5="AT0" hw="the" pos="ART">the </w><w c5="NN1" hw="expertise" pos="SUBST">expertise </w><w c5="PRF" hw="of" pos="PREP">of </w><w c5="AT0" hw="a" pos="ART">a </w><w c5="AJ0" hw="small" pos="ADJ">small </w><w c5="AJ0" hw="british" pos="ADJ">British </w><w c5="NN1" hw="company" pos="SUBST">company </w><w c5="VVZ" hw="open" pos="VERB">opens </w><w c5="AT0" hw="the" pos="ART">the </w><w c5="NN1" hw="way" pos="SUBST">way </w><w c5="PRP" hw="to" pos="PREP">to </w><w c5="VVG" hw="cut" pos="VERB">cutting </w><w c5="AT0" hw="the" pos="ART">the </w><w c5="NN1" hw="cost" pos="SUBST">cost </w><w c5="PRF" hw="of" pos="PREP">of </w><w c5="DT0" hw="these" pos="ADJ">these </w><w c5="NN1" hw="biotechnology" pos="SUBST">biotechnology </w><w c5="NN2" hw="drug" pos="SUBST">drugs </w><w c5="PRP-AVP" hw="by" pos="PREP">by </w><w c5="PRP" hw="between" pos="PREP">between </w><w c5="CRD" hw="five" pos="ADJ">five </w><w c5="CJC" hw="and" pos="CONJ">and </w><w c5="CRD" hw="1,000" pos="ADJ">1,000 </w><w c5="NN1-VVB" hw="fold" pos="SUBST">fold</w><c c5="PUN">, </c><w c5="AT0" hw="the" pos="ART">the </w><w c5="NN1" hw="congress" pos="SUBST">congress </w><w c5="PRP" hw="at" pos="PREP">at </w><w c5="NN1-AJ0" hw="umist" pos="SUBST">Umist </w><w c5="PRP" hw="in" pos="PREP">in </w><w c5="NP0" hw="manchester" pos="SUBST">Manchester </w><w c5="VBD" hw="be" pos="VERB">was </w><w c5="VVN" hw="tell" pos="VERB">told </w><w c5="AV0" hw="yesterday" pos="ADV">yesterday</w><c c5="PUN">.</c></s></p><p>
<s n="6"><w c5="NP0" hw="dr" pos="SUBST">Dr </w><w c5="NP0" hw="ken" pos="SUBST">Ken </w><w c5="NP0" hw="jones" pos="SUBST">Jones</w><c c5="PUN">, </c><w c5="PRF" hw="of" pos="PREP">of </w><w c5="NN1" hw="affinity" pos="SUBST">Affinity </w><w c5="NN1" hw="chromatography" pos="SUBST">Chromatography</w><c c5="PUN">, </c><w c5="NP0" hw="isle" pos="SUBST">Isle </w><w c5="PRF" hw="of" pos="PREP">of </w><w c5="NP0" hw="man" pos="SUBST">Man</w><c c5="PUN">, </c><w c5="VVD" hw="say" pos="VERB">said </w><w c5="NN1-VVB" hw="biotech" pos="SUBST">biotech </w><w c5="NN2" hw="drug" pos="SUBST">drugs </w><w c5="VVB" hw="promise" pos="VERB">promise </w><w c5="TO0" hw="to" pos="PREP">to </w><w c5="VVI" hw="increase" pos="VERB">increase </w><w c5="NN1" hw="life" pos="SUBST">life </w><w c5="NN1" hw="expectancy" pos="SUBST">expectancy </w><w c5="PRP" hw="by" pos="PREP">by </w><w c5="CRD" hw="20" pos="ADJ">20 </w><w c5="NN2" hw="year" pos="SUBST">years</w><c c5="PUN">.</c></s></p><p>
<s n="7"><w c5="PRP" hw="until" pos="PREP">Until </w><w c5="AV0" hw="now" pos="ADV">now </w><w c5="DPS" hw="they" pos="PRON">their </w><w c5="NN1" hw="cost" pos="SUBST">cost </w><w c5="VVD" hw="make" pos="VERB">made </w><w c5="AT0" hw="the" pos="ART">the </w><w c5="NN1" hw="price" pos="SUBST">price </w><w c5="PRF" hw="of" pos="PREP">of </w><w c5="NN1" hw="gold" pos="SUBST">gold </w><w c5="VVB" hw="appear" pos="VERB">appear </w><c c5="PUQ">‘</c><w c5="NN2" hw="peanut" pos="SUBST">peanuts</w><c c5="PUQ">’ </c><w c5="PRP" hw="by" pos="PREP">by </w><w c5="NN1" hw="comparison" pos="SUBST">comparison</w><c c5="PUN">.</c></s>
<s n="8"><w c5="AV0" hw="now" pos="ADV">Now </w><w c5="PNP" hw="he" pos="PRON">he </w><w c5="VHZ" hw="have" pos="VERB">has </w><w c5="VVN" hw="commercialise" pos="VERB">commercialised </w><w c5="AT0" hw="a" pos="ART">a </w><w c5="NN1" hw="method" pos="SUBST">method </w><w c5="TO0" hw="to" pos="PREP">to </w><w c5="VVI" hw="recover" pos="VERB">recover </w><w c5="AT0" hw="the" pos="ART">the </w><w c5="NN2" hw="drug" pos="SUBST">drugs</w><c c5="PUN">, </c><w c5="ORD" hw="first" pos="ADJ">first </w><w c5="VVN" hw="develop" pos="VERB">developed </w><w c5="PRP" hw="by" pos="PREP">by </w><w c5="NP0" hw="dr" pos="SUBST">Dr </w><w c5="NP0" hw="chris" pos="SUBST">Chris </w><w c5="NP0" hw="lowe" pos="SUBST">Lowe </w><w c5="PRF" hw="of" pos="PREP">of </w><w c5="NP0" hw="cambridge" pos="SUBST">Cambridge </w><w c5="NN1" hw="university" pos="SUBST">University</w><c c5="PUN">.</c></s></p><p>
<s n="9"><w c5="AT0" hw="the" pos="ART">The </w><w c5="NN1" hw="technique" pos="SUBST">technique </w><w c5="VHZ" hw="have" pos="VERB">has </w><w c5="AV0" hw="already" pos="ADV">already </w><w c5="VBN" hw="be" pos="VERB">been </w><w c5="VVN" hw="use" pos="VERB">used </w><w c5="TO0" hw="to" pos="PREP">to </w><w c5="VVI" hw="manufacture" pos="VERB">manufacture </w><w c5="AJ0" hw="anti-cancer" pos="ADJ">anti-cancer </w><w c5="NN2" hw="drug" pos="SUBST">drugs </w><w c5="CJC" hw="and" pos="CONJ">and </w><w c5="NN1" hw="blood" pos="SUBST">blood </w><w c5="NN2" hw="product" pos="SUBST">products</w><c c5="PUN">, </c><w c5="PRP" hw="with" pos="PREP">with </w><w c5="NN0" hw="sales" pos="SUBST">sales </w><w c5="VVG" hw="go" pos="VERB">going </w><w c5="PRP" hw="to" pos="PREP">to </w><w c5="CRD" hw="21" pos="ADJ">21 </w><w c5="NN2" hw="country" pos="SUBST">countries </w><w c5="PRP" hw="including" pos="PREP">including </w><w c5="NP0" hw="japan" pos="SUBST">Japan</w><c c5="PUN">.</c></s></p><p>
<s n="10"><c c5="PUQ">‘</c><w c5="DT0" hw="this" pos="ADJ">This </w><w c5="NN1" hw="venture" pos="SUBST">venture </w><w c5="VHZ" hw="have" pos="VERB">has </w><w c5="VVN" hw="prove" pos="VERB">proved </w><w c5="TO0" hw="to" pos="PREP">to </w><w c5="VBI" hw="be" pos="VERB">be </w><w c5="DT0" hw="that" pos="ADJ">that </w><w c5="NN1" hw="rarity" pos="SUBST">rarity </w><w c5="PRP" hw="in" pos="PREP">in </w><w c5="NP0" hw="britain" pos="SUBST">Britain</w><c c5="PUN">, </c><w c5="AT0" hw="a" pos="ART">a </w><w c5="AJ0" hw="classical" pos="ADJ">classical </w><w c5="NN1" hw="technology" pos="SUBST">technology </w><w c5="NN1-VVB" hw="transfer" pos="SUBST">transfer </w><w c5="PRP" hw="from" pos="PREP">from </w><w c5="AT0" hw="a" pos="ART">a </w><w c5="AJ0" hw="british" pos="ADJ">British </w><w c5="NN1" hw="university" pos="SUBST">university </w><w c5="PRP" hw="to" pos="PREP">to </w><w c5="AT0" hw="a" pos="ART">a </w><w c5="AJ0" hw="british" pos="ADJ">British </w><w c5="NN1" hw="company" pos="SUBST">company </w><w c5="VVN" hw="follow" pos="VERB">followed </w><w c5="PRP" hw="by" pos="PREP">by </w><w c5="NN1" hw="success" pos="SUBST">success</w><c c5="PUN">,</c><c c5="PUQ">’ </c><w c5="PNP" hw="he" pos="PRON">he </w><w c5="VVD" hw="say" pos="VERB">said</w><c c5="PUN">.</c></s></p><p>
<s n="11"><w c5="AT0" hw="the" pos="ART">The </w><w c5="NN1" hw="protein" pos="SUBST">protein </w><w c5="NN2" hw="drug" pos="SUBST">drugs </w><w c5="VBB" hw="be" pos="VERB">are </w><w c5="VVN" hw="manufacture" pos="VERB">manufactured </w><w c5="PRP" hw="in" pos="PREP">in </w><w c5="NN2" hw="vat" pos="SUBST">vats </w><w c5="PRF" hw="of" pos="PREP">of </w><w c5="NN2" hw="bacterium" pos="SUBST">bacteria </w><w c5="VVG" hw="use" pos="VERB">using </w><w c5="AJ0" hw="genetic" pos="ADJ">genetic </w><w c5="NN1" hw="engineering" pos="SUBST">engineering </w><w c5="NN2" hw="method" pos="SUBST">methods</w><c c5="PUN">.</c></s>
<s n="12"><w c5="PNP" hw="it" pos="PRON">It </w><w c5="AV0" hw="then" pos="ADV">then </w><w c5="VVZ" hw="take" pos="VERB">takes </w><mw c5="AV0"><w c5="AVP" hw="up" pos="ADV">up </w><w c5="PRP" hw="to" pos="PREP">to </w></mw><w c5="CRD" hw="15" pos="ADJ">15 </w><w c5="NN2" hw="stage" pos="SUBST">stages </w><w c5="PRF" hw="of" pos="PREP">of </w><w c5="NN1" hw="filtration" pos="SUBST">filtration </w><w c5="CJC" hw="and" pos="CONJ">and </w><w c5="AJ0" hw="other" pos="ADJ">other </w><w c5="NN2" hw="method" pos="SUBST">methods </w><w c5="TO0" hw="to" pos="PREP">to </w><w c5="VVI" hw="separate" pos="VERB">separate </w><w c5="AT0" hw="the" pos="ART">the </w><w c5="DT0" hw="few" pos="ADJ">few </w><w c5="NN2" hw="part" pos="SUBST">parts </w><w c5="PRP" hw="per" pos="PREP">per </w><w c5="CRD" hw="million" pos="ADJ">million </w><w c5="PRF" hw="of" pos="PREP">of </w><w c5="AJ0" hw="useful" pos="ADJ">useful </w><w c5="NN1" hw="protein" pos="SUBST">protein</w><c c5="PUN">.</c></s>
<s n="13"><c c5="PUQ">‘</c><w c5="AV0" hw="now" pos="ADV">Now </w><w c5="PNP" hw="you" pos="PRON">you </w><w c5="VM0" hw="can" pos="VERB">can </w><w c5="VVI" hw="replace" pos="VERB">replace </w><w c5="DT0" hw="all" pos="ADJ">all </w><w c5="DT0" hw="those" pos="ADJ">those </w><w c5="NN2" hw="stage" pos="SUBST">stages </w><w c5="PRP" hw="with" pos="PREP">with </w><w c5="PNI-CRD" hw="one" pos="PRON">one</w><c c5="PUN">,</c><c c5="PUQ">’ </c><w c5="VVD" hw="say" pos="VERB">said </w><w c5="NP0" hw="dr" pos="SUBST">Dr </w><w c5="NP0" hw="jones" pos="SUBST">Jones</w><c c5="PUN">.</c></s></p><p>
<s n="14"><w c5="VVG" hw="use" pos="VERB">Using </w><w c5="AT0" hw="an" pos="ART">an </w><w c5="AJ0" hw="advanced" pos="ADJ">advanced </w><w c5="NN1" hw="form" pos="SUBST">form </w><w c5="PRF" hw="of" pos="PREP">of </w><w c5="NN1" hw="chromatography" pos="SUBST">chromatography</w><c c5="PUN">, </c><w c5="AT0" hw="the" pos="ART">the </w><w c5="NN1" hw="protein" pos="SUBST">protein </w><w c5="VBZ" hw="be" pos="VERB">is </w><w c5="VVN" hw="separate" pos="VERB">separated </w><w c5="PRP" hw="by" pos="PREP">by </w><w c5="VVG" hw="pass" pos="VERB">passing </w><w c5="AT0" hw="the" pos="ART">the </w><w c5="NN2" hw="bacterium" pos="SUBST">bacteria </w><w c5="PRP" hw="through" pos="PREP">through </w><w c5="AT0" hw="a" pos="ART">a </w><w c5="NN1" hw="column" pos="SUBST">column </w><w c5="VVG" hw="contain" pos="VERB">containing </w><w c5="NN1-VVB" hw="agarose" pos="SUBST">agarose</w><c c5="PUN">, </c><w c5="AT0" hw="a" pos="ART">a </w><w c5="AJ0" hw="seaweed-based" pos="ADJ">seaweed-based </w><w c5="NN1" hw="material" pos="SUBST">material</w><c c5="PUN">.</c></s></p><p>
<s n="15"><w c5="AT0" hw="the" pos="ART">The </w><w c5="NN1" hw="protein" pos="SUBST">protein </w><w c5="VBZ" hw="be" pos="VERB">is </w><w c5="AV0" hw="then" pos="ADV">then </w><w c5="VVN" hw="release" pos="VERB">released </w><w c5="PRP" hw="from" pos="PREP">from </w><w c5="AT0" hw="the" pos="ART">the </w><w c5="NN1" hw="agarose" pos="SUBST">agarose </w><w c5="PRP" hw="by" pos="PREP">by </w><w c5="VVG" hw="add" pos="VERB">adding </w><w c5="AT0" hw="a" pos="ART">a </w><w c5="AJ0" hw="salty" pos="ADJ">salty </w><w c5="NN1" hw="solution" pos="SUBST">solution</w><c c5="PUN">, </c><w c5="PNP" hw="he" pos="PRON">he </w><w c5="VVD" hw="say" pos="VERB">said</w><c c5="PUN">.</c></s>
<s n="16"><c c5="PUQ">‘</c><w c5="DT0" hw="that" pos="ADJ">That </w><w c5="VBZ" hw="be" pos="VERB">is </w><w c5="AT0" hw="the" pos="ART">the </w><w c5="NN1" hw="beauty" pos="SUBST">beauty</w><c c5="PUN">.</c></s>
<s n="17"><w c5="PNP" hw="you" pos="PRON">You </w><w c5="VM0" hw="can" pos="VERB">can </w><w c5="VVI" hw="bring" pos="VERB">bring </w><w c5="PNP" hw="it" pos="PRON">it </w><w c5="AVP" hw="off" pos="ADV">off </w><w c5="PRP" hw="in" pos="PREP">in </w><w c5="CRD" hw="one" pos="ADJ">one </w><w c5="NN1-VVB" hw="step" pos="SUBST">step </w><w c5="PRP" hw="with" pos="PREP">with </w><w c5="CRD" hw="99" pos="ADJ">99 </w><mw c5="NN0"><w c5="UNC" hw="per" pos="UNC">per </w><w c5="UNC" hw="cent" pos="UNC">cent </w></mw><w c5="NN1" hw="purity" pos="SUBST">purity</w><c c5="PUN">.</c><c c5="PUQ">’</c></s></p><p>
<s n="18"><w c5="AJ0" hw="high-pitched" pos="ADJ">High-pitched </w><w c5="NN1" hw="sound" pos="SUBST">sound </w><w c5="VM0" hw="may" pos="VERB">may </w><w c5="VBI" hw="be" pos="VERB">be </w><w c5="AT0" hw="a" pos="ART">a </w><w c5="AJ0" hw="powerful" pos="ADJ">powerful </w><w c5="AJ0" hw="new" pos="ADJ">new </w><w c5="NN1" hw="weapon" pos="SUBST">weapon </w><w c5="TO0" hw="to" pos="PREP">to </w><w c5="VVI" hw="help" pos="VERB">help </w><w c5="VVI" hw="recycle" pos="VERB">recycle </w><w c5="NN1" hw="plastic" pos="SUBST">plastic</w><c c5="PUN">, </c><w c5="AT0" hw="the" pos="ART">the </w><w c5="NN1" hw="congress" pos="SUBST">congress </w><w c5="VBD" hw="be" pos="VERB">was </w><w c5="VVN" hw="tell" pos="VERB">told </w><w c5="AV0" hw="yesterday" pos="ADV">yesterday</w><c c5="PUN">.</c></s></p><p>
<s n="19"><w c5="VVB-NN1" hw="ultrasound" pos="VERB">Ultrasound</w><c c5="PUN">, </c><w c5="DTQ" hw="which" pos="PRON">which </w><w c5="VBZ" hw="be" pos="VERB">is </w><w c5="AJ0" hw="audible" pos="ADJ">audible </w><w c5="PRP" hw="to" pos="PREP">to </w><w c5="NN2" hw="dog" pos="SUBST">dogs </w><w c5="CJC" hw="and" pos="CONJ">and </w><w c5="AJC" hw="young" pos="ADJ">younger </w><w c5="NN0" hw="people" pos="SUBST">people</w><c c5="PUN">, </c><w c5="VVZ" hw="create" pos="VERB">creates </w><w c5="AJ0" hw="hot" pos="ADJ">hot </w><w c5="NN2" hw="spot" pos="SUBST">spots </w><w c5="PRF" hw="of" pos="PREP">of </w><w c5="NN1" hw="energy" pos="SUBST">energy </w><w c5="CJT" hw="that" pos="CONJ">that </w><w c5="VM0" hw="can" pos="VERB">can </w><w c5="VVI" hw="mix" pos="VERB">mix </w><w c5="AJ0" hw="disparate" pos="ADJ">disparate </w><w c5="NN2" hw="type" pos="SUBST">types </w><w c5="PRF" hw="of" pos="PREP">of </w><w c5="NN1" hw="plastic" pos="SUBST">plastic</w><c c5="PUN">, </c><mw c5="PRP"><w c5="DT0" hw="such" pos="ADJ">such </w><w c5="PRP" hw="as" pos="PREP">as </w></mw><w c5="NN1" hw="polystyrene" pos="SUBST">polystyrene </w><w c5="NN2-VVZ" hw="cup" pos="SUBST">cups </w><w c5="CJC" hw="and" pos="CONJ">and </w><w c5="NN1" hw="pvc" pos="SUBST">PVC</w><c c5="PUN">, </c><w c5="PRP" hw="into" pos="PREP">into </w><w c5="AT0" hw="a" pos="ART">a </w><w c5="AJ0" hw="re-usable" pos="ADJ">re-usable </w><w c5="NN1" hw="plastic" pos="SUBST">plastic</w><c c5="PUN">, </c><w c5="VVD" hw="say" pos="VERB">said </w><w c5="NP0" hw="dr" pos="SUBST">Dr </w><w c5="NP0" hw="gareth" pos="SUBST">Gareth </w><w c5="NP0" hw="price" pos="SUBST">Price</w><c c5="PUN">, </c><w c5="PRF" hw="of" pos="PREP">of </w><w c5="NP0" hw="bath" pos="SUBST">Bath </w><w c5="NN1" hw="university" pos="SUBST">University</w><c c5="PUN">.</c></s></p><p>
<s n="20"><w c5="AV0" hw="highly" pos="ADV">Highly </w><w c5="AJ0" hw="toxic" pos="ADJ">toxic </w><w c5="NN2" hw="pollutant" pos="SUBST">pollutants </w><w c5="VM0" hw="could" pos="VERB">could </w><w c5="VBI" hw="be" pos="VERB">be </w><w c5="AV0" hw="safely" pos="ADV">safely </w><w c5="VVN-AJ0" hw="dispose" pos="VERB">disposed </w><w c5="PRF" hw="of" pos="PREP">of </w><w c5="PRP" hw="by" pos="PREP">by </w><w c5="VVG" hw="burn" pos="VERB">burning </w><w c5="PNP" hw="they" pos="PRON">them </w><w c5="PRP" hw="under" pos="PREP">under </w><w c5="NN1" hw="water" pos="SUBST">water</w><c c5="PUN">, </c><w c5="NP0" hw="prof" pos="SUBST">Prof </w><w c5="NP0" hw="keith" pos="SUBST">Keith </w><w c5="NP0" hw="bartle" pos="SUBST">Bartle</w><c c5="PUN">, </c><w c5="PRF" hw="of" pos="PREP">of </w><w c5="NP0" hw="leeds" pos="SUBST">Leeds </w><w c5="NN1" hw="university" pos="SUBST">University</w><c c5="PUN">, </c><w c5="VVD" hw="tell" pos="VERB">told </w><w c5="AT0" hw="the" pos="ART">the </w><w c5="NN1" hw="conference" pos="SUBST">conference</w><c c5="PUN">.</c></s>
<s n="21"><w c5="PRP" hw="despite" pos="PREP">Despite </w><w c5="VVG" hw="sound" pos="VERB">sounding </w><w c5="AJ0" hw="unlikely" pos="ADJ">unlikely</w><c c5="PUN">, </c><w c5="VVG" hw="burn" pos="VERB">burning </w><w c5="AT0" hw="the" pos="ART">the </w><w c5="NN1" hw="waste" pos="SUBST">waste </w><w c5="PRP" hw="in" pos="PREP">in </w><w c5="NN1" hw="water" pos="SUBST">water </w><w c5="VBZ" hw="be" pos="VERB">is </w><w c5="AT0" hw="a" pos="ART">a </w><w c5="AV0" hw="much" pos="ADV">much </w><w c5="AV0" hw="more" pos="ADV">more </w><w c5="VVN-AJ0" hw="control" pos="VERB">controlled </w><w c5="CJC" hw="and" pos="CONJ">and </w><w c5="AJ0" hw="efficient" pos="ADJ">efficient </w><w c5="NN1" hw="way" pos="SUBST">way </w><w c5="TO0" hw="to" pos="PREP">to </w><w c5="VVI" hw="break" pos="VERB">break </w><w c5="PNP" hw="it" pos="PRON">it </w><w c5="AJ0" hw="down" pos="ADJ">down </w><w c5="CJS" hw="than" pos="CONJ">than </w><w c5="AJ0" hw="conventional" pos="ADJ">conventional </w><w c5="NN1" hw="incineration" pos="SUBST">incineration</w><c c5="PUN">.</c></s></p></div><div level="1"><head type="MAIN">
<s n="22"><w c5="NN1" hw="cancer" pos="SUBST">Cancer </w><w c5="AT0" hw="no" pos="ART">no </w><w c5="NN1" hw="barrier" pos="SUBST">barrier </w><w c5="PRP" hw="to" pos="PREP">to </w><w c5="NN1" hw="parenthood" pos="SUBST">parenthood</w></s></head><head type="BYLINE">
<s n="23"><w c5="PRP" hw="by" pos="PREP">By </w><w c5="NP0" hw="peter" pos="SUBST">Peter </w><w c5="NP0-NN1" hw="pallot" pos="SUBST">Pallot </w><w c5="NN1" hw="health" pos="SUBST">Health </w><w c5="NN2" hw="service" pos="SUBST">Services </w><w c5="NN0" hw="staff" pos="SUBST">Staff</w></s></head><p>
<s n="24"><w c5="NN0" hw="people" pos="SUBST">PEOPLE </w><w c5="PNQ" hw="who" pos="PRON">who </w><w c5="VVD" hw="survive" pos="VERB">survived </w><w c5="NN1" hw="treatment" pos="SUBST">treatment </w><w c5="PRP" hw="for" pos="PREP">for </w><w c5="NN1" hw="cancer" pos="SUBST">cancer </w><w c5="CJS" hw="when" pos="CONJ">when </w><w c5="PNP" hw="they" pos="PRON">they </w><w c5="VBD" hw="be" pos="VERB">were </w><w c5="NN2" hw="child" pos="SUBST">children </w><w c5="PRP" hw="in" pos="PREP">in </w><w c5="AT0" hw="the" pos="ART">the </w><w c5="CRD" hw="1960s" pos="ADJ">1960s </w><w c5="VHB" hw="have" pos="VERB">have </w><w c5="VBN" hw="be" pos="VERB">been </w><w c5="AJ0" hw="able" pos="ADJ">able </w><w c5="TO0" hw="to" pos="PREP">to </w><w c5="VVI" hw="become" pos="VERB">become </w><w c5="NN2" hw="parent" pos="SUBST">parents </w><w c5="PRF" hw="of" pos="PREP">of </w><w c5="AJ0" hw="healthy" pos="ADJ">healthy </w><w c5="NN2" hw="child" pos="SUBST">children</w><c c5="PUN">, </c><w c5="NN1-VVB" hw="research" pos="SUBST">research </w><w c5="VVZ" hw="show" pos="VERB">shows</w><c c5="PUN">.</c></s></p><p>
<s n="25"><w c5="VVZ-NN2" hw="fear" pos="VERB">Fears </w><w c5="CJT" hw="that" pos="CONJ">that </w><w c5="NN1" hw="radiotherapy" pos="SUBST">radiotherapy </w><w c5="VM0" hw="would" pos="VERB">would </w><w c5="VVI" hw="cause" pos="VERB">cause </w><w c5="AJ0" hw="genetic" pos="ADJ">genetic </w><w c5="NN2" hw="mutation" pos="SUBST">mutations </w><w c5="VVG" hw="lead" pos="VERB">leading </w><w c5="PRP" hw="to" pos="PREP">to </w><w c5="NN2" hw="handicap" pos="SUBST">handicaps </w><w c5="PRP" hw="in" pos="PREP">in </w><w c5="NN0" hw="offspring" pos="SUBST">offspring </w><w c5="VVB" hw="appear" pos="VERB">appear </w><w c5="TO0" hw="to" pos="PREP">to </w><w c5="VBI" hw="be" pos="VERB">be </w><w c5="AJ0" hw="groundless" pos="ADJ">groundless</w><c c5="PUN">, </c><mw c5="PRP"><w c5="VVG" hw="accord" pos="VERB">according </w><w c5="PRP" hw="to" pos="PREP">to </w></mw><w c5="NN2" hw="study" pos="SUBST">studies </w><w c5="PRP" hw="among" pos="PREP">among </w><w c5="CRD" hw="3,000" pos="ADJ">3,000 </w><w c5="NN2" hw="survivor" pos="SUBST">survivors</w><c c5="PUN">.</c></s></p><p>
<s n="26"><w c5="NP0" hw="dr" pos="SUBST">Dr </w><w c5="NP0" hw="mike" pos="SUBST">Mike </w><w c5="NP0" hw="hawkins" pos="SUBST">Hawkins</w><c c5="PUN">, </c><w c5="PRF" hw="of" pos="PREP">of </w><w c5="AT0" hw="the" pos="ART">the </w><w c5="NN1" hw="childhood" pos="SUBST">Childhood </w><w c5="NN1" hw="cancer" pos="SUBST">Cancer </w><w c5="NN1" hw="research" pos="SUBST">Research </w><w c5="NN1" hw="group" pos="SUBST">Group </w><w c5="PRP" hw="at" pos="PREP">at </w><w c5="NP0" hw="oxford" pos="SUBST">Oxford </w><w c5="NN1" hw="university" pos="SUBST">University</w><c c5="PUN">, </c><w c5="AV0" hw="also" pos="ADV">also </w><w c5="VVN" hw="allay" pos="VERB">allayed </w><w c5="NN2-VVZ" hw="fear" pos="SUBST">fears </w><w c5="CJT" hw="that" pos="CONJ">that </w><w c5="NN1" hw="susceptibility" pos="SUBST">susceptibility </w><w c5="PRP" hw="to" pos="PREP">to </w><w c5="NN1" hw="cancer" pos="SUBST">cancer </w><w c5="VM0" hw="might" pos="VERB">might </w><w c5="VBI" hw="be" pos="VERB">be </w><w c5="AV0" hw="much" pos="ADV">much </w><w c5="AJC" hw="high" pos="ADJ">higher </w><w c5="PRP" hw="among" pos="PREP">among </w><w c5="NN2" hw="child" pos="SUBST">children </w><w c5="PRF" hw="of" pos="PREP">of </w><w c5="DT0" hw="those" pos="ADJ">those </w><w c5="PNQ" hw="who" pos="PRON">who </w><w c5="VVD" hw="undergo" pos="VERB">underwent </w><w c5="NN1" hw="treatment" pos="SUBST">treatment</w><c c5="PUN">.</c></s></p><p>
<s n="27"><w c5="AJC" hw="far" pos="ADJ">Further </w><w c5="NN1" hw="research" pos="SUBST">research </w><w c5="VBZ" hw="be" pos="VERB">is </w><w c5="TO0" hw="to" pos="PREP">to </w><w c5="VBI" hw="be" pos="VERB">be </w><w c5="VVN" hw="carry" pos="VERB">carried </w><w c5="AVP" hw="out" pos="ADV">out </w><w c5="PRP" hw="among" pos="PREP">among </w><w c5="CRD" hw="5,000" pos="ADJ">5,000 </w><w c5="NN0" hw="people" pos="SUBST">people </w><w c5="PNQ" hw="who" pos="PRON">who </w><w c5="VVD" hw="survive" pos="VERB">survived </w><w c5="NN1" hw="childhood" pos="SUBST">childhood </w><w c5="NN1" hw="cancer" pos="SUBST">cancer </w><w c5="CJC" hw="and" pos="CONJ">and </w><w c5="VBD" hw="be" pos="VERB">were </w><w c5="VVN" hw="bear" pos="VERB">born </w><w c5="PRP" hw="before" pos="PREP">before </w><w c5="CRD" hw="1969" pos="ADJ">1969</w><c c5="PUN">.</c></s></p><p>
<s n="28"><w c5="CRD" hw="one" pos="ADJ">One </w><w c5="NN1" hw="mother" pos="SUBST">mother </w><w c5="PNQ" hw="who" pos="PRON">who </w><w c5="VVB" hw="beat" pos="VERB">beat </w><w c5="NN1" hw="cancer" pos="SUBST">cancer </w><w c5="PRP" hw="as" pos="PREP">as </w><w c5="AT0" hw="a" pos="ART">a </w><w c5="NN1" hw="child" pos="SUBST">child </w><w c5="CJC" hw="and" pos="CONJ">and </w><w c5="VVD" hw="grow" pos="VERB">grew </w><w c5="AVP" hw="up" pos="ADV">up </w><w c5="TO0" hw="to" pos="PREP">to </w><w c5="VHI" hw="have" pos="VERB">have </w><w c5="AT0" hw="a" pos="ART">a </w><w c5="AJ0" hw="healthy" pos="ADJ">healthy </w><w c5="NN1" hw="daughter" pos="SUBST">daughter </w><w c5="VBZ" hw="be" pos="VERB">is </w><w c5="NP0" hw="sally" pos="SUBST">Sally </w><w c5="NP0" hw="scott" pos="SUBST">Scott</w><c c5="PUN">.</c></s></p><p>
<s n="29"><w c5="CJS" hw="when" pos="CONJ">When </w><w c5="PNP" hw="she" pos="PRON">she </w><w c5="VBD" hw="be" pos="VERB">was </w><w c5="CRD" hw="13" pos="ADJ">13 </w><w c5="NN2" hw="doctor" pos="SUBST">doctors </w><w c5="VVD" hw="discover" pos="VERB">discovered </w><w c5="PNP" hw="she" pos="PRON">she </w><w c5="VHD" hw="have" pos="VERB">had </w><w c5="NN1" hw="bone" pos="SUBST">bone </w><w c5="NN1" hw="cancer" pos="SUBST">cancer</w><c c5="PUN">.</c></s>
<s n="30"><w c5="NN2" hw="surgeon" pos="SUBST">Surgeons </w><w c5="VVD" hw="remove" pos="VERB">removed </w><w c5="DPS" hw="she" pos="PRON">her </w><w c5="AJ0-NN1" hw="right" pos="ADJ">right </w><w c5="NN1" hw="leg" pos="SUBST">leg </w><w c5="PRP" hw="above" pos="PREP">above </w><w c5="AT0" hw="the" pos="ART">the </w><w c5="NN1" hw="knee" pos="SUBST">knee </w><w c5="CJC" hw="and" pos="CONJ">and </w><w c5="PNP" hw="she" pos="PRON">she </w><w c5="VVD" hw="lose" pos="VERB">lost </w><w c5="DPS" hw="she" pos="PRON">her </w><w c5="NN1" hw="hair" pos="SUBST">hair </w><w c5="PRP" hw="through" pos="PREP">through </w><w c5="NN1" hw="radiotherapy" pos="SUBST">radiotherapy</w><c c5="PUN">.</c></s></p><p>
<s n="31"><w c5="CJS" hw="when" pos="CONJ">When </w><w c5="PNP" hw="she" pos="PRON">she </w><w c5="VVD" hw="marry" pos="VERB">married </w><w c5="NP0" hw="darren" pos="SUBST">Darren</w><c c5="PUN">, </c><w c5="CRD" hw="28" pos="ADJ">28</w><c c5="PUN">, </c><w c5="NN2" hw="doctor" pos="SUBST">doctors </w><w c5="VVD" hw="tell" pos="VERB">told </w><w c5="PNP" hw="she" pos="PRON">her </w><w c5="CJT" hw="that" pos="CONJ">that </w><w c5="AT0" hw="the" pos="ART">the </w><w c5="NN1" hw="side" pos="SUBST">side </w><w c5="NN2" hw="effect" pos="SUBST">effects </w><w c5="PRF" hw="of" pos="PREP">of </w><w c5="NN2" hw="drug" pos="SUBST">drugs </w><w c5="CJC" hw="and" pos="CONJ">and </w><w c5="NN1" hw="radiotherapy" pos="SUBST">radiotherapy </w><w c5="VM0" hw="might" pos="VERB">might </w><w c5="VVI" hw="make" pos="VERB">make </w><w c5="PNP" hw="it" pos="PRON">it </w><w c5="AJ0" hw="difficult" pos="ADJ">difficult </w><w c5="TO0" hw="to" pos="PREP">to </w><w c5="VVI" hw="conceive" pos="VERB">conceive</w><c c5="PUN">.</c></s></p><p>
<s n="32"><w c5="CJC" hw="but" pos="CONJ">But </w><w c5="NP0" hw="mrs" pos="SUBST">Mrs </w><w c5="NP0" hw="scott" pos="SUBST">Scott</w><c c5="PUN">, </c><w c5="CRD" hw="26" pos="ADJ">26</w><c c5="PUN">, </c><w c5="PRP" hw="from" pos="PREP">from </w><w c5="NP0" hw="crewe" pos="SUBST">Crewe</w><c c5="PUN">, </c><w c5="NP0" hw="cheshire" pos="SUBST">Cheshire</w><c c5="PUN">, </c><w c5="VVD" hw="give" pos="VERB">gave </w><w c5="NN1" hw="birth" pos="SUBST">birth </w><w c5="PRP" hw="to" pos="PREP">to </w><w c5="NP0" hw="katie" pos="SUBST">Katie </w><w c5="CRD" hw="two" pos="ADJ">two </w><w c5="NN2" hw="year" pos="SUBST">years </w><w c5="AV0" hw="ago" pos="ADV">ago </w><w c5="CJC" hw="and" pos="CONJ">and </w><w c5="VBZ" hw="be" pos="VERB">is </w><w c5="VVG" hw="expect" pos="VERB">expecting </w><w c5="DT0" hw="another" pos="ADJ">another </w><w c5="NN1" hw="child" pos="SUBST">child</w><c c5="PUN">.</c></s></p></div><div level="1"><head type="MAIN">
<s n="33"><w c5="AJ0" hw="balanced" pos="ADJ">Balanced </w><w c5="NN1" hw="diet" pos="SUBST">diet </w><c c5="PUQ">‘</c><w c5="AV0" hw="still" pos="ADV">still </w><w c5="VVN" hw="ignore" pos="VERB">ignored</w><c c5="PUQ">’</c></s></head><p>
<s n="34"><w c5="CRD" hw="millions" pos="ADJ">Millions </w><w c5="PRF" hw="of" pos="PREP">of </w><w c5="NN2" hw="pound" pos="SUBST">pounds </w><w c5="VBB" hw="be" pos="VERB">are </w><w c5="VVN" hw="spend" pos="VERB">spent </w><w c5="PRP" hw="on" pos="PREP">on </w><w c5="NN1" hw="food" pos="SUBST">food </w><w c5="NN1" hw="promotion" pos="SUBST">promotion </w><w c5="AV0" hw="yet" pos="ADV">yet </w><w c5="AT0" hw="the" pos="ART">the </w><w c5="NN1" hw="importance" pos="SUBST">importance </w><w c5="PRF" hw="of" pos="PREP">of </w><w c5="AT0" hw="a" pos="ART">a </w><w c5="AJ0" hw="balanced" pos="ADJ">balanced </w><w c5="NN1" hw="diet" pos="SUBST">diet </w><w c5="VBZ" hw="be" pos="VERB">is </w><w c5="AV0" hw="often" pos="ADV">often </w><w c5="VVN" hw="ignore" pos="VERB">ignored </w><w c5="PRP" hw="by" pos="PREP">by </w><w c5="AJ0" hw="british" pos="ADJ">British </w><w c5="NN1" hw="health" pos="SUBST">health </w><w c5="NN2" hw="expert" pos="SUBST">experts </w><w c5="CJC" hw="and" pos="CONJ">and </w><w c5="NN1" hw="food" pos="SUBST">food </w><w c5="NN2" hw="firm" pos="SUBST">firms</w><c c5="PUN">, </c><w c5="AT0" hw="the" pos="ART">the </w><w c5="NN2" hw="consumer" pos="SUBST">Consumers</w><w c5="POS" hw="'" pos="UNC">' </w><w c5="NN1" hw="association" pos="SUBST">Association </w><w c5="VVD" hw="say" pos="VERB">said </w><w c5="PRP-AVP" hw="in" pos="PREP">in </w><w c5="AT0" hw="a" pos="ART">a </w><w c5="NN1" hw="report" pos="SUBST">report </w><w c5="AV0" hw="yesterday" pos="ADV">yesterday</w><c c5="PUN">.</c></s></p><p>
<s n="35"><w c5="NP0" hw="dr" pos="SUBST">Dr </w><w c5="NP0" hw="john" pos="SUBST">John </w><w c5="NP0" hw="beishon" pos="SUBST">Beishon</w><c c5="PUN">, </c><w c5="DPS" hw="it" pos="PRON">its </w><w c5="NN1" hw="director" pos="SUBST">director</w><c c5="PUN">, </c><w c5="VVD" hw="say" pos="VERB">said </w><w c5="NN0" hw="people" pos="SUBST">people </w><w c5="VBD" hw="be" pos="VERB">were </w><w c5="AJ0" hw="confused" pos="ADJ">confused </w><w c5="PRP" hw="about" pos="PREP">about </w><w c5="DTQ" hw="what" pos="PRON">what </w><w c5="TO0" hw="to" pos="PREP">to </w><w c5="VVI" hw="eat" pos="VERB">eat </w><w c5="CJC" hw="and" pos="CONJ">and </w><w c5="DTQ" hw="what" pos="PRON">what </w><w c5="TO0" hw="to" pos="PREP">to </w><w c5="VVI" hw="avoid" pos="VERB">avoid</w><c c5="PUN">.</c></s>
<s n="36"><w c5="AJ0" hw="vested" pos="ADJ">Vested </w><w c5="NN2" hw="interest" pos="SUBST">interests </w><w c5="VBD" hw="be" pos="VERB">were </w><w c5="AJ0" hw="reluctant" pos="ADJ">reluctant </w><w c5="TO0" hw="to" pos="PREP">to </w><w c5="VVI" hw="accept" pos="VERB">accept </w><w c5="CJT" hw="that" pos="CONJ">that </w><w c5="AT0" hw="the" pos="ART">the </w><w c5="AJ0" hw="typical" pos="ADJ">typical </w><w c5="NN1" hw="diet" pos="SUBST">diet </w><w c5="VBD" hw="be" pos="VERB">was </w><w c5="AT0" hw="a" pos="ART">a </w><w c5="NN1" hw="cause" pos="SUBST">cause </w><w c5="PRF" hw="of" pos="PREP">of </w><w c5="AJ0" hw="coronary" pos="ADJ">coronary </w><w c5="NN1" hw="heart" pos="SUBST">heart </w><w c5="NN1" hw="disease" pos="SUBST">disease</w><c c5="PUN">, </c><w c5="NN2-VVZ" hw="stroke" pos="SUBST">strokes </w><w c5="CJC" hw="and" pos="CONJ">and </w><w c5="NN1" hw="cancer" pos="SUBST">cancer</w><c c5="PUN">, </c><w c5="CJC" hw="and" pos="CONJ">and </w><w c5="CJT" hw="that" pos="CONJ">that </w><w c5="NN0" hw="people" pos="SUBST">people </w><w c5="VM0" hw="should" pos="VERB">should </w><w c5="VVI" hw="eat" pos="VERB">eat </w><w c5="AV0" hw="less" pos="ADV">less </w><w c5="AJ0-NN1" hw="fat" pos="ADJ">fat</w><c c5="PUN">, </c><w c5="NN1" hw="sugar" pos="SUBST">sugar </w><w c5="CJC" hw="and" pos="CONJ">and </w><w c5="NN1" hw="salt" pos="SUBST">salt </w><w c5="CJC" hw="and" pos="CONJ">and </w><w c5="DT0" hw="more" pos="ADJ">more </w><w c5="NN2" hw="cereal" pos="SUBST">cereals</w><c c5="PUN">, </c><w c5="NN0" hw="fruit" pos="SUBST">fruit </w><w c5="CJC" hw="and" pos="CONJ">and </w><w c5="NN2" hw="vegetable" pos="SUBST">vegetables</w><c c5="PUN">.</c></s></p></div><div level="1"><head type="MAIN">
<s n="37"><w c5="NN2" hw="doctor" pos="SUBST">Doctors </w><w c5="VVB" hw="condemn" pos="VERB">condemn </w><w c5="AJ0-NN1" hw="alternative" pos="ADJ">alternative </w><w c5="NN2" hw="cure" pos="SUBST">cures</w></s></head><head type="MAIN">
<s n="38"><c c5="PUQ">‘</c><w c5="AJ0" hw="false" pos="ADJ">False </w><w c5="NN2" hw="claim" pos="SUBST">claims</w><c c5="PUQ">’ </c><w c5="VVN" hw="make" pos="VERB">made </w><w c5="PRP" hw="by" pos="PREP">by </w><w c5="NN2" hw="practitioner" pos="SUBST">practitioners </w><w c5="PRF" hw="of" pos="PREP">of </w><w c5="AJ0" hw="unorthodox" pos="ADJ">unorthodox </w><w c5="NN1" hw="medicine" pos="SUBST">medicine</w></s></head><head type="BYLINE">
<s n="39"><w c5="PRP" hw="by" pos="PREP">By </w><w c5="NP0" hw="david" pos="SUBST">David </w><w c5="NP0" hw="fletcher" pos="SUBST">Fletcher</w><c c5="PUN">, </c><w c5="NN1" hw="health" pos="SUBST">Health </w><w c5="NN2" hw="service" pos="SUBST">Services </w><w c5="NN1" hw="correspondent" pos="SUBST">Correspondent</w></s></head><p>
<s n="40"><w c5="AJ0" hw="alternative" pos="ADJ">ALTERNATIVE </w><w c5="NN1" hw="medicine" pos="SUBST">medicine </w><w c5="NN2" hw="practitioner" pos="SUBST">practitioners </w><w c5="VBD" hw="be" pos="VERB">were </w><w c5="VVN" hw="accuse" pos="VERB">accused </w><w c5="PRP" hw="by" pos="PREP">by </w><w c5="AT0" hw="the" pos="ART">the </w><w c5="AJ0" hw="royal" pos="ADJ">Royal </w><w c5="NN1" hw="college" pos="SUBST">College </w><w c5="PRF" hw="of" pos="PREP">of </w><w c5="NN2" hw="physician" pos="SUBST">Physicians </w><w c5="AV0" hw="yesterday" pos="ADV">yesterday </w><w c5="PRF" hw="of" pos="PREP">of </w><w c5="VVG" hw="make" pos="VERB">making </w><w c5="AJ0" hw="false" pos="ADJ">false </w><w c5="CJC" hw="and" pos="CONJ">and </w><w c5="AJ0" hw="misleading" pos="ADJ">misleading </w><w c5="NN2" hw="claim" pos="SUBST">claims </w><w c5="PRP" hw="for" pos="PREP">for </w><w c5="DPS" hw="they" pos="PRON">their </w><w c5="NN2" hw="treatment" pos="SUBST">treatments </w><w c5="PRF" hw="of" pos="PREP">of </w><w c5="NN2" hw="allergy" pos="SUBST">allergies </w><w c5="PRP" hw="by" pos="PREP">by </w><w c5="AJ0" hw="unorthodox" pos="ADJ">unorthodox </w><w c5="NN2" hw="method" pos="SUBST">methods</w><c c5="PUN">.</c></s></p><p>
<s n="41"><w c5="PRP" hw="in" pos="PREP">In </w><w c5="AT0" hw="a" pos="ART">a </w><w c5="NN1" hw="report" pos="SUBST">report </w><w c5="PRP" hw="on" pos="PREP">on </w><w c5="AJ0" hw="conventional" pos="ADJ">conventional </w><w c5="CJC" hw="and" pos="CONJ">and </w><w c5="AJ0" hw="alternative" pos="ADJ">alternative </w><w c5="NN2" hw="treatment" pos="SUBST">treatments </w><w c5="PRP" hw="for" pos="PREP">for </w><w c5="NN1" hw="allergy" pos="SUBST">allergy</w><c c5="PUN">, </c><w c5="AT0" hw="the" pos="ART">the </w><w c5="AJ0" hw="royal" pos="ADJ">Royal </w><w c5="NN1" hw="college" pos="SUBST">College </w><w c5="VVD" hw="say" pos="VERB">said </w><w c5="DT0" hw="some" pos="ADJ">some </w><w c5="NN2" hw="test" pos="SUBST">tests </w><w c5="CJC" hw="and" pos="CONJ">and </w><w c5="AJ0" hw="diagnostic" pos="ADJ">diagnostic </w><w c5="NN2" hw="concept" pos="SUBST">concepts </w><w c5="VVN" hw="use" pos="VERB">used </w><w c5="PRP" hw="by" pos="PREP">by </w><w c5="AJ0" hw="alternative" pos="ADJ">alternative </w><w c5="NN2" hw="practitioner" pos="SUBST">practitioners </w><w c5="VM0" hw="could" pos="VERB">could </w><w c5="VVI" hw="harm" pos="VERB">harm </w><w c5="NN2" hw="patient" pos="SUBST">patients</w><c c5="PUN">.</c></s></p><p>
<s n="42"><w c5="PNP" hw="it" pos="PRON">It </w><w c5="VVD" hw="say" pos="VERB">said</w><c c5="PUN">: </c><c c5="PUQ">‘</c><w c5="AT0" hw="the" pos="ART">The </w><w c5="NN1" hw="public" pos="SUBST">public </w><w c5="VM0" hw="should" pos="VERB">should </w><w c5="VBI" hw="be" pos="VERB">be </w><w c5="VVN" hw="warn" pos="VERB">warned </w><w c5="PRP" hw="against" pos="PREP">against </w><w c5="AJ0" hw="costly" pos="ADJ">costly </w><w c5="NN2" hw="method" pos="SUBST">methods </w><w c5="PRF" hw="of" pos="PREP">of </w><w c5="NN1" hw="diagnosis" pos="SUBST">diagnosis </w><w c5="CJC" hw="and" pos="CONJ">and </w><w c5="NN2" hw="treatment" pos="SUBST">treatments </w><w c5="DTQ" hw="which" pos="PRON">which </w><w c5="VHB" hw="have" pos="VERB">have </w><w c5="XX0" hw="not" pos="ADV">not </w><w c5="VBN" hw="be" pos="VERB">been </w><w c5="VVN" hw="validate" pos="VERB">validated</w><c c5="PUN">.</c><c c5="PUQ">’</c></s></p><p>
<s n="43"><w c5="PNP" hw="it" pos="PRON">It </w><w c5="XX0" hw="not" pos="ADV">not </w><w c5="AV0" hw="only" pos="ADV">only </w><w c5="VVZ" hw="criticise" pos="VERB">criticises </w><w c5="AV0" hw="nearly" pos="ADV">nearly </w><w c5="DT0" hw="all" pos="ADJ">all </w><w c5="NN2" hw="form" pos="SUBST">forms </w><w c5="PRF" hw="of" pos="PREP">of </w><w c5="AJ0" hw="alternative" pos="ADJ">alternative </w><w c5="NN1" hw="treatment" pos="SUBST">treatment</w><c c5="PUN">, </c><w c5="CJC" hw="but" pos="CONJ">but </w><w c5="VVZ" hw="accuse" pos="VERB">accuses </w><w c5="NN2" hw="practitioner" pos="SUBST">practitioners </w><w c5="PRF" hw="of" pos="PREP">of </w><w c5="NN1" hw="reluctance" pos="SUBST">reluctance </w><w c5="TO0" hw="to" pos="PREP">to </w><w c5="VVI" hw="submit" pos="VERB">submit </w><w c5="NN2" hw="claim" pos="SUBST">claims </w><w c5="PRP" hw="to" pos="PREP">to </w><w c5="AJ0" hw="scientific" pos="ADJ">scientific </w><w c5="NN1" hw="examination" pos="SUBST">examination</w><c c5="PUN">.</c></s></p><p>
<s n="44"><w c5="PNP" hw="it" pos="PRON">It </w><w c5="VVZ" hw="say" pos="VERB">says </w><w c5="AJ0" hw="alternative" pos="ADJ">alternative </w><w c5="NN2" hw="practitioner" pos="SUBST">practitioners </w><w c5="VVB" hw="fail" pos="VERB">fail </w><w c5="TO0" hw="to" pos="PREP">to </w><w c5="VVI" hw="diagnose" pos="VERB">diagnose </w><w c5="AV0" hw="potentially" pos="ADV">potentially </w><w c5="AJ0" hw="serious" pos="ADJ">serious </w><w c5="NN2" hw="problem" pos="SUBST">problems </w><w c5="CJC" hw="and" pos="CONJ">and </w><w c5="VVB-NN1" hw="cause" pos="VERB">cause </w><w c5="AV0" hw="further/far" pos="ADV">further </w><w c5="VVB-NN1" hw="harm" pos="VERB">harm </w><w c5="PRP" hw="by" pos="PREP">by </w><w c5="VVG" hw="recommend" pos="VERB">recommending </w><w c5="AJ0" hw="unhealthy" pos="ADJ">unhealthy </w><w c5="NN2" hw="diet" pos="SUBST">diets</w><c c5="PUN">, </c><w c5="PRP" hw="by" pos="PREP">by </w><w c5="VVG" hw="reinforce" pos="VERB">reinforcing </w><w c5="AJ0" hw="obsessional" pos="ADJ">obsessional </w><w c5="NN1" hw="behaviour" pos="SUBST">behaviour</w><c c5="PUN">, </c><w c5="CJC" hw="and" pos="CONJ">and </w><w c5="PRP" hw="by" pos="PREP">by </w><w c5="AJ0" hw="encouraging" pos="ADJ">encouraging </w><w c5="AJ0" hw="social" pos="ADJ">social </w><w c5="NN1" hw="isolation" pos="SUBST">isolation</w><c c5="PUN">.</c></s></p><p>
<s n="45"><c c5="PUQ">‘</c><w c5="AJ0" hw="vulnerable" pos="ADJ">Vulnerable </w><w c5="NN0" hw="people" pos="SUBST">people </w><w c5="VM0" hw="should" pos="VERB">should </w><w c5="VBI" hw="be" pos="VERB">be </w><w c5="AJ0" hw="aware" pos="ADJ">aware </w><w c5="CJT" hw="that" pos="CONJ">that </w><w c5="EX0" hw="there" pos="PRON">there </w><w c5="VBB" hw="be" pos="VERB">are </w><w c5="DT0" hw="some" pos="ADJ">some </w><w c5="NN2" hw="laboratory" pos="SUBST">laboratories </w><w c5="CJC" hw="and" pos="CONJ">and </w><w c5="NN2" hw="practitioner" pos="SUBST">practitioners </w><w c5="PNQ" hw="who" pos="PRON">who </w><w c5="VVB" hw="rely" pos="VERB">rely </w><w c5="PRP-AVP" hw="on" pos="PREP">on </w><w c5="AJ0" hw="controversial" pos="ADJ">controversial </w><w c5="CJC" hw="and" pos="CONJ">and </w><w c5="AJ0-VVN" hw="unproven" pos="ADJ">unproven </w><w c5="NN2" hw="procedure" pos="SUBST">procedures</w><c c5="PUN">…</c><w c5="DTQ" hw="which" pos="PRON">which </w><w c5="VBB" hw="be" pos="VERB">are </w><w c5="XX0" hw="not" pos="ADV">not </w><w c5="VVN" hw="consider" pos="VERB">considered </w><w c5="PRP" hw="by" pos="PREP">by </w><w c5="AJ0" hw="independent" pos="ADJ">independent </w><w c5="NN2" hw="observer" pos="SUBST">observers </w><w c5="AV0" hw="either" pos="ADV">either </w><w c5="TO0" hw="to" pos="PREP">to </w><w c5="VBI" hw="be" pos="VERB">be </w><w c5="AJ0" hw="reliable" pos="ADJ">reliable </w><w c5="CJC" hw="or" pos="CONJ">or </w><w c5="TO0" hw="to" pos="PREP">to </w><w c5="VHI" hw="have" pos="VERB">have </w><w c5="AT0" hw="a" pos="ART">a </w><w c5="AJ0" hw="scientific" pos="ADJ">scientific </w><w c5="NN1" hw="basis" pos="SUBST">basis</w><c c5="PUN">.</c><c c5="PUQ">’</c></s>
<s n="46"><w c5="DPS" hw="it" pos="PRON">Its </w><w c5="NN2" hw="comment" pos="SUBST">comments </w><w c5="PRP" hw="on" pos="PREP">on </w><w c5="AJ0" hw="various" pos="ADJ">various </w><w c5="NN2" hw="therapy" pos="SUBST">therapies </w><w c5="PRP" hw="for" pos="PREP">for </w><w c5="DT0" hw="some" pos="ADJ">some </w><w c5="NN2" hw="allergy" pos="SUBST">allergies </w><w c5="VBB" hw="be" pos="VERB">are</w><c c5="PUN">: </c><w c5="NP0" hw="homoeopathy" pos="SUBST">Homoeopathy</w><c c5="PUN">: </c><c c5="PUQ">‘</c><w c5="EX0" hw="there" pos="PRON">There </w><w c5="VBZ" hw="be" pos="VERB">is </w><mw c5="AV0"><w c5="CJS" hw="as" pos="CONJ">as </w><w c5="AV0" hw="yet" pos="ADV">yet </w></mw><w c5="AT0" hw="no" pos="ART">no </w><w c5="AJ0" hw="adequate" pos="ADJ">adequate </w><w c5="NN1" hw="evidence" pos="SUBST">evidence </w><w c5="CJT" hw="that" pos="CONJ">that </w><w c5="DT0" hw="any" pos="ADJ">any </w><w c5="NN1" hw="benefit" pos="SUBST">benefit </w><w c5="VBZ" hw="be" pos="VERB">is </w><w c5="VVN" hw="confer" pos="VERB">conferred</w><c c5="PUN">.</c><c c5="PUQ">’</c></s>
<s n="47"><w c5="NN1" hw="acupuncture" pos="SUBST">Acupuncture</w><c c5="PUN">: </c><c c5="PUQ">‘</c><w c5="NN2-VVZ" hw="claim" pos="SUBST">Claims</w><c c5="PUN">…</c><w c5="VBB" hw="be" pos="VERB">are </w><w c5="XX0" hw="not" pos="ADV">not </w><w c5="VVN" hw="base" pos="VERB">based </w><w c5="PRP" hw="on" pos="PREP">on </w><w c5="AT0" hw="the" pos="ART">the </w><w c5="NN2" hw="result" pos="SUBST">results </w><w c5="PRF" hw="of" pos="PREP">of </w><w c5="AV0" hw="well" pos="ADV">well </w><w c5="VVN-VVD" hw="perform" pos="VERB">performed </w><w c5="AJ0" hw="clinical" pos="ADJ">clinical </w><w c5="NN2" hw="trial" pos="SUBST">trials </w><w c5="CJS" hw="although" pos="CONJ">although </w><w c5="DT0" hw="some" pos="ADJ">some </w><w c5="NN2" hw="study" pos="SUBST">studies </w><w c5="VHB" hw="have" pos="VERB">have </w><w c5="VVN" hw="show" pos="VERB">shown </w><w c5="AT0" hw="a" pos="ART">a </w><w c5="AJ0" hw="small" pos="ADJ">small </w><w c5="CJC" hw="but" pos="CONJ">but </w><w c5="AJ0" hw="temporary" pos="ADJ">temporary </w><w c5="NN1" hw="improvement" pos="SUBST">improvement </w><w c5="PRP" hw="in" pos="PREP">in </w><w c5="NN1" hw="wheeziness" pos="SUBST">wheeziness</w><c c5="PUN">.</c><c c5="PUQ">’</c></s>
<s n="48"><w c5="NN1" hw="hair" pos="SUBST">Hair </w><w c5="NN1" hw="analysis" pos="SUBST">analysis</w><c c5="PUN">: </c><c c5="PUQ">‘</c><w c5="AT0" hw="the" pos="ART">The </w><w c5="NN1" hw="concept" pos="SUBST">concept </w><w c5="PRF" hw="of" pos="PREP">of </w><w c5="AJ0" hw="allergic" pos="ADJ">allergic </w><w c5="NN2" hw="symptom" pos="SUBST">symptoms </w><w c5="VBG" hw="be" pos="VERB">being </w><w c5="VVN" hw="relate" pos="VERB">related </w><w c5="PRP" hw="to" pos="PREP">to </w><w c5="AT0" hw="the" pos="ART">the </w><w c5="NN2" hw="level" pos="SUBST">levels </w><w c5="PRF" hw="of" pos="PREP">of </w><w c5="NN1" hw="metal" pos="SUBST">metal </w><w c5="DTQ" hw="which" pos="PRON">which </w><w c5="VBB" hw="be" pos="VERB">are </w><w c5="AV0" hw="commonly" pos="ADV">commonly </w><w c5="VVN" hw="find" pos="VERB">found </w><w c5="PRP" hw="in" pos="PREP">in </w><w c5="NN1" hw="hair" pos="SUBST">hair </w><w c5="NN2" hw="sample" pos="SUBST">samples </w><w c5="VBZ" hw="be" pos="VERB">is </w><w c5="AV0" hw="entirely" pos="ADV">entirely </w><w c5="AJ0" hw="speculative" pos="ADJ">speculative</w><c c5="PUN">.</c></s>
<s n="49"><w c5="EX0" hw="there" pos="PRON">There </w><w c5="VBZ" hw="be" pos="VERB">is </w><w c5="AT0" hw="no" pos="ART">no </w><w c5="AJ0" hw="scientific" pos="ADJ">scientific </w><w c5="NN0" hw="data" pos="SUBST">data </w><w c5="TO0" hw="to" pos="PREP">to </w><w c5="VVI" hw="substantiate" pos="VERB">substantiate </w><w c5="DT0" hw="this" pos="ADJ">this </w><w c5="NN1" hw="hypothesis" pos="SUBST">hypothesis</w><c c5="PUN">.</c><c c5="PUQ">’</c></s>
<s n="50"><w c5="AJ0-NN1" hw="herbal" pos="ADJ">Herbal </w><w c5="NN2" hw="remedy" pos="SUBST">remedies</w><c c5="PUN">: </c><c c5="PUQ">‘</c><w c5="EX0" hw="there" pos="PRON">There </w><w c5="VBZ" hw="be" pos="VERB">is </w><w c5="AT0" hw="no" pos="ART">no </w><w c5="NN1" hw="evidence" pos="SUBST">evidence </w><w c5="CJT" hw="that" pos="CONJ">that </w><w c5="PNP" hw="they" pos="PRON">they </w><w c5="VVB" hw="work" pos="VERB">work</w><c c5="PUQ">’ </c><mw c5="PRP"><w c5="AV0" hw="apart" pos="ADV">apart </w><w c5="PRP" hw="from" pos="PREP">from </w></mw><w c5="AJ0" hw="traditional" pos="ADJ">traditional </w><w c5="AJ0" hw="chinese" pos="ADJ">Chinese </w><w c5="AJ0" hw="medicinal" pos="ADJ">medicinal </w><w c5="NN2" hw="plant" pos="SUBST">plants </w><w c5="PRP" hw="in" pos="PREP">in </w><w c5="AT0" hw="the" pos="ART">the </w><w c5="NN1" hw="treatment" pos="SUBST">treatment </w><w c5="PRF" hw="of" pos="PREP">of </w><w c5="NN1" hw="childhood" pos="SUBST">childhood </w><w c5="NN1" hw="eczema" pos="SUBST">eczema</w><c c5="PUN">.</c></s>
<s n="51"><w c5="NP0-NN1" hw="vega" pos="SUBST">Vega </w><c c5="PUQ">‘</c><w c5="AJ0" hw="black" pos="ADJ">black </w><w c5="NN1" hw="box" pos="SUBST">box</w><c c5="PUQ">’ </c><w c5="NN1" hw="testing" pos="SUBST">testing</w><c c5="PUN">: </c><c c5="PUQ">‘</c><w c5="EX0" hw="there" pos="PRON">There </w><w c5="VBB" hw="be" pos="VERB">are </w><w c5="AT0" hw="no" pos="ART">no </w><w c5="AJ0" hw="valid" pos="ADJ">valid </w><w c5="AJ0" hw="controlled" pos="ADJ">controlled </w><w c5="NN2" hw="trial" pos="SUBST">trials </w><w c5="TO0" hw="to" pos="PREP">to </w><w c5="VVI" hw="substantiate" pos="VERB">substantiate </w><w c5="AT0" hw="the" pos="ART">the </w><w c5="NN2" hw="claim" pos="SUBST">claims </w><w c5="VVN-VVD" hw="make" pos="VERB">made </w><w c5="PRP" hw="for" pos="PREP">for </w><w c5="DPS" hw="it" pos="PRON">its </w><w c5="NN1" hw="use" pos="SUBST">use</w><c c5="PUN">.</c><c c5="PUQ">’</c></s></p><p>
<s n="52"><w c5="AT0" hw="the" pos="ART">The </w><w c5="NN1" hw="report" pos="SUBST">report </w><w c5="VVZ" hw="say" pos="VERB">says </w><w c5="DT0" hw="many" pos="ADJ">many </w><w c5="PRF" hw="of" pos="PREP">of </w><w c5="AT0" hw="the" pos="ART">the </w><w c5="NN2" hw="test" pos="SUBST">tests </w><w c5="CJC" hw="and" pos="CONJ">and </w><w c5="NN2" hw="concept" pos="SUBST">concepts </w><w c5="VVN" hw="use" pos="VERB">used </w><w c5="PRP" hw="by" pos="PREP">by </w><w c5="AJ0" hw="alternative" pos="ADJ">alternative </w><w c5="NN2" hw="practitioner" pos="SUBST">practitioners </w><w c5="VBB" hw="be" pos="VERB">are </w><c c5="PUQ">‘</c><w c5="AJ0" hw="speculative" pos="ADJ">speculative</w><c c5="PUQ">’ </c><w c5="CJC" hw="and" pos="CONJ">and </w><w c5="EX0" hw="there" pos="PRON">there </w><w c5="VBZ" hw="be" pos="VERB">is </w><w c5="AT0" hw="no" pos="ART">no </w><w c5="NN1" hw="justification" pos="SUBST">justification </w><w c5="TO0" hw="to" pos="PREP">to </w><w c5="VVI" hw="pay" pos="VERB">pay </w><w c5="PRP" hw="for" pos="PREP">for </w><w c5="DPS" hw="they" pos="PRON">their </w><w c5="NN2" hw="treatment" pos="SUBST">treatments</w><c c5="PUN">.</c></s></p><p>
<s n="53"><w c5="PRP" hw="by" pos="PREP">By </w><w c5="NN1" hw="contrast" pos="SUBST">contrast</w><c c5="PUN">, </c><w c5="AT0" hw="the" pos="ART">the </w><w c5="NN1" hw="report" pos="SUBST">report </w><w c5="VVZ" hw="list" pos="VERB">lists </w><w c5="AT0" hw="a" pos="ART">a </w><w c5="NN1" hw="range" pos="SUBST">range </w><w c5="PRF" hw="of" pos="PREP">of </w><w c5="NN1" hw="drug" pos="SUBST">drug </w><w c5="NN2" hw="treatment" pos="SUBST">treatments </w><w c5="PRP" hw="for" pos="PREP">for </w><w c5="NN2" hw="allergy" pos="SUBST">allergies</w><c c5="PUN">.</c></s></p><p>
<s n="54"><w c5="PNP" hw="it" pos="PRON">It </w><w c5="VVZ" hw="say" pos="VERB">says </w><w c5="NN1" hw="avoidance" pos="SUBST">avoidance </w><w c5="PRF" hw="of" pos="PREP">of </w><w c5="AT0" hw="the" pos="ART">the </w><w c5="NN1" hw="substance" pos="SUBST">substance </w><w c5="VVG" hw="cause" pos="VERB">causing </w><w c5="AT0" hw="the" pos="ART">the </w><w c5="NN1" hw="allergy" pos="SUBST">allergy </w><w c5="VBZ" hw="be" pos="VERB">is </w><w c5="AT0" hw="the" pos="ART">the </w><w c5="ORD" hw="first" pos="ADJ">first </w><w c5="NN1" hw="line" pos="SUBST">line </w><w c5="PRF" hw="of" pos="PREP">of </w><w c5="NN1" hw="treatment" pos="SUBST">treatment </w><w c5="VVN" hw="follow" pos="VERB">followed </w><w c5="PRP" hw="by" pos="PREP">by </w><w c5="NN2" hw="drug" pos="SUBST">drugs</w><c c5="PUN">, </c><w c5="CJS" hw="where" pos="CONJ">where </w><w c5="AJ0" hw="possible" pos="ADJ">possible</w><c c5="PUN">, </c><w c5="TO0" hw="to" pos="PREP">to </w><w c5="VVI" hw="relieve" pos="VERB">relieve </w><w c5="NN2" hw="symptom" pos="SUBST">symptoms </w><w c5="CJC" hw="and" pos="CONJ">and </w><w c5="PRP" hw="by" pos="PREP">by </w><w c5="NN1" hw="desensitisation" pos="SUBST">desensitisation </w><w c5="PRP" hw="in" pos="PREP">in </w><w c5="AT0" hw="a" pos="ART">a </w><w c5="DT0" hw="few" pos="ADJ">few </w><w c5="AJ0" hw="selected" pos="ADJ">selected </w><w c5="NN2" hw="case" pos="SUBST">cases</w><c c5="PUN">.</c></s></p><p>
<s n="55"><w c5="AT0" hw="the" pos="ART">The </w><w c5="NN1" hw="report" pos="SUBST">report </w><w c5="VBD" hw="be" pos="VERB">was </w><w c5="AV0" hw="bitterly" pos="ADV">bitterly </w><w c5="VVN" hw="criticise" pos="VERB">criticised </w><w c5="PRP" hw="by" pos="PREP">by </w><w c5="AT0" hw="the" pos="ART">the </w><w c5="AJ0" hw="british" pos="ADJ">British </w><w c5="NN1" hw="society" pos="SUBST">Society </w><w c5="PRP" hw="for" pos="PREP">for </w><w c5="NN1" hw="allergy" pos="SUBST">Allergy </w><w c5="CJC" hw="and" pos="CONJ">and </w><w c5="AJ0" hw="environmental" pos="ADJ">Environmental </w><w c5="NN1" hw="medicine" pos="SUBST">Medicine </w><w c5="DTQ" hw="which" pos="PRON">which </w><w c5="VVD" hw="accuse" pos="VERB">accused </w><w c5="AT0" hw="the" pos="ART">the </w><w c5="NN2" hw="author" pos="SUBST">authors </w><w c5="PRF" hw="of" pos="PREP">of </w><c c5="PUQ">‘</c><w c5="DT0" hw="many" pos="ADJ">many </w><w c5="NN2" hw="inaccuracy" pos="SUBST">inaccuracies</w><c c5="PUQ">’ </c><w c5="PRP" hw="in" pos="PREP">in </w><w c5="VVG" hw="describe" pos="VERB">describing </w><w c5="NN2" hw="treatment" pos="SUBST">treatments </w><w c5="PRF" hw="of" pos="PREP">of </w><w c5="DTQ" hw="which" pos="PRON">which </w><w c5="PNP" hw="they" pos="PRON">they </w><w c5="VHD" hw="have" pos="VERB">had </w><w c5="AT0" hw="no" pos="ART">no </w><w c5="AJ0" hw="first-hand" pos="ADJ">first-hand </w><w c5="NN1" hw="experience" pos="SUBST">experience</w><c c5="PUN">.</c></s></p></div></wtext></bncDoc>
