<bncDoc xml:id="AKT"><teiHeader><fileDesc><titleStmt><title>  Daily Telegraph, electronic edition of 1992-04-16: Religious affairs stories. Sample containing about 924 words from a periodical (domain: belief and thought) </title><respStmt><resp> Data capture and transcription </resp><name> Oxford University Press </name> </respStmt></titleStmt><editionStmt><edition>BNC XML Edition, December 2006</edition></editionStmt><extent> 924 tokens; 934 w-units; 49 s-units </extent><publicationStmt><distributor>Distributed under licence by Oxford University Computing Services on behalf of the BNC Consortium.</distributor><availability> This material is protected by international copyright laws and may not be copied or redistributed in any way. Consult the BNC Web Site at http://www.natcorp.ox.ac.uk for full licencing and distribution conditions.</availability><idno type="bnc">AKT</idno><idno type="old"> DlBeli </idno></publicationStmt><sourceDesc><bibl><title>Daily Telegraph, electronic edition of 1992-04-16: Religious affairs stories.</title> <imprint n="DAILYT1"><publisher>The Daily Telegraph plc</publisher> <pubPlace>London</pubPlace> <date value="1992">1992</date> </imprint> </bibl></sourceDesc></fileDesc><encodingDesc><tagsDecl><namespace name=""><tagUsage gi="c" occurs="148"/><tagUsage gi="div" occurs="2"/><tagUsage gi="head" occurs="3"/><tagUsage gi="mw" occurs="9"/><tagUsage gi="p" occurs="17"/><tagUsage gi="s" occurs="49"/><tagUsage gi="w" occurs="934"/></namespace></tagsDecl></encodingDesc><profileDesc><creation date="1992"> </creation><textClass><catRef targets="WRI ALLTIM3 ALLAVA2 ALLTYP3 WRIAAG0 WRIAD0 WRIASE3 WRIATY2 WRIAUD3 WRIDOM8 WRILEV2 WRIMED2 WRIPP5 WRISAM0 WRISTA3 WRITAS3"/><classCode scheme="DLEE">W newsp brdsht nat: social</classCode><keywords><term> (none) </term></keywords></textClass></profileDesc><revisionDesc><change date="2006-10-21" who="#OUCS">Tag usage updated for BNC-XML</change><change date="2000-12-13" who="#OUCS">Last check for BNC World first release</change><change date="2000-09-06" who="#OUCS">Redo tagusage tables</change><change date="2000-09-01" who="#OUCS">Check all tagcounts</change><change date="2000-06-23" who="#OUCS">Resequenced s-units and added headers</change><change date="2000-01-21" who="#OUCS">Added date info</change><change date="2000-01-09" who="#OUCS">Updated all catrefs</change><change date="2000-01-08" who="#OUCS">Updated source title</change><change date="2000-01-08" who="#OUCS">Updated titles</change><change date="1999-12-25" who="#OUCS">corrected tagUsage</change><change date="1999-09-13" who="#UCREL">POS codes revised for BNC-2; header updated</change><change date="1994-11-24" who="#dominic">Initial accession to corpus</change></revisionDesc></teiHeader>
<wtext type="NEWS"><div level="1"><head type="MAIN">
<s n="1"><w c5="NP0" hw="peterborough" pos="SUBST">Peterborough</w><c c5="PUN">:</c></s></head><p>
<s n="2"><w c5="NP0" hw="cardinal" pos="SUBST">CARDINAL </w><w c5="NP0" hw="hume" pos="SUBST">Hume </w><w c5="VM0" hw="will" pos="VERB">will </w><w c5="VVI" hw="celebrate" pos="VERB">celebrate </w><w c5="AJ0" hw="good" pos="ADJ">Good </w><w c5="NP0" hw="friday" pos="SUBST">Friday </w><w c5="PRP" hw="in" pos="PREP">in </w><w c5="AJ0" hw="ecumenical" pos="ADJ">ecumenical </w><w c5="NN1" hw="fashion" pos="SUBST">fashion</w><c c5="PUN">, </c><w c5="VVG" hw="watch" pos="VERB">watching </w><w c5="AT0" hw="a" pos="ART">a </w><w c5="NN1" hw="passion" pos="SUBST">Passion </w><w c5="VVI" hw="parade" pos="VERB">parade </w><w c5="PRP-AVP" hw="in" pos="PREP">in </w><w c5="AJ0" hw="central" pos="ADJ">central </w><w c5="NP0" hw="london" pos="SUBST">London </w><w c5="PRP" hw="with" pos="PREP">with </w><w c5="AT0" hw="the" pos="ART">the </w><w c5="NN1" hw="bishop" pos="SUBST">Bishop </w><w c5="PRF" hw="of" pos="PREP">of </w><w c5="NP0" hw="london" pos="SUBST">London</w><c c5="PUN">, </c><w c5="NN2" hw="salvationist" pos="SUBST">Salvationists</w><c c5="PUN">, </c><w c5="NN2" hw="methodist" pos="SUBST">Methodists </w><w c5="CJC" hw="and" pos="CONJ">and </w><w c5="NN2" hw="muslim" pos="SUBST">Muslims</w><c c5="PUN">.</c></s>
<s n="3"><w c5="AT0" hw="the" pos="ART">The </w><w c5="NN1" hw="day" pos="SUBST">day </w><w c5="VVZ" hw="mark" pos="VERB">marks </w><w c5="AT0" hw="a" pos="ART">a </w><w c5="NN1" hw="highlight" pos="SUBST">highlight </w><w c5="PRP" hw="for" pos="PREP">for </w><w c5="NP0" hw="simon" pos="SUBST">Simon </w><w c5="NP0" hw="hannigan" pos="SUBST">Hannigan</w><c c5="PUN">, </c><w c5="CRD" hw="29" pos="ADJ">29</w><c c5="PUN">, </c><w c5="PNQ" hw="who" pos="PRON">who </w><w c5="VM0" hw="will" pos="VERB">will </w><w c5="VVI" hw="take" pos="VERB">take </w><w c5="AT0" hw="the" pos="ART">the </w><w c5="NN1" hw="role" pos="SUBST">role </w><w c5="PRF" hw="of" pos="PREP">of </w><w c5="NP0" hw="jesus" pos="SUBST">Jesus</w><c c5="PUN">.</c></s>
<s n="4"><w c5="VVG" hw="play" pos="VERB">Playing </w><w c5="NP0" hw="mary" pos="SUBST">Mary </w><w c5="VBZ" hw="be" pos="VERB">is </w><w c5="NP0" hw="kathleen" pos="SUBST">Kathleen </w><w c5="NP0" hw="campbell" pos="SUBST">Campbell</w><c c5="PUN">, </c><w c5="CRD" hw="35" pos="ADJ">35</w><c c5="PUN">, </c><w c5="PNQ" hw="who" pos="PRON">who </w><w c5="VVZ" hw="happen" pos="VERB">happens </w><w c5="TO0" hw="to" pos="PREP">to </w><w c5="VBI" hw="be" pos="VERB">be </w><w c5="NP0" hw="hannigan" pos="SUBST">Hannigan</w><w c5="POS" hw="'s" pos="UNC">'s </w><w c5="NN1" hw="fiancee" pos="SUBST">fiancee</w><c c5="PUN">.</c></s></p><p>
<s n="5"><c c5="PUQ">‘</c><w c5="PNP" hw="it" pos="PRON">It </w><w c5="VM0" hw="will" pos="VERB">will </w><w c5="VBI" hw="be" pos="VERB">be </w><w c5="AT0" hw="a" pos="ART">a </w><w c5="AJ0-NN1" hw="moving" pos="ADJ">moving </w><w c5="CJC" hw="and" pos="CONJ">and </w><w c5="AJ0" hw="exhausting" pos="ADJ">exhausting </w><w c5="NN1" hw="day" pos="SUBST">day</w><c c5="PUN">,</c><c c5="PUQ">’ </c><w c5="VVZ" hw="say" pos="VERB">says </w><w c5="NP0" hw="hannigan" pos="SUBST">Hannigan</w><c c5="PUN">, </c><w c5="PNQ" hw="who" pos="PRON">who </w><w c5="VVZ" hw="come" pos="VERB">comes </w><w c5="PRP" hw="from" pos="PREP">from </w><w c5="AT0" hw="an" pos="ART">an </w><w c5="AJ0" hw="ecclesiastical" pos="ADJ">ecclesiastical </w><w c5="NN1" hw="family" pos="SUBST">family</w><c c5="PUN">.</c></s>
<s n="6"><c c5="PUQ">‘</c><w c5="PNP" hw="i" pos="PRON">I </w><w c5="VHB" hw="have" pos="VERB">have </w><w c5="TO0" hw="to" pos="PREP">to </w><w c5="VVI" hw="drag" pos="VERB">drag </w><w c5="AT0" hw="the" pos="ART">the </w><w c5="NN1" hw="cross" pos="SUBST">cross </w><w c5="AV0-AJ0" hw="halfway" pos="ADV">halfway </w><w c5="PRP" hw="up" pos="PREP">up </w><w c5="NP0" hw="victoria" pos="SUBST">Victoria </w><w c5="NN1" hw="street" pos="SUBST">Street</w><c c5="PUN">.</c></s>
<s n="7"><w c5="PNP" hw="i" pos="PRON">I </w><w c5="VHB" hw="have" pos="VERB">have </w><w c5="VBN" hw="be" pos="VERB">been </w><w c5="VVG" hw="keep" pos="VERB">keeping </w><w c5="AJ0" hw="fit" pos="ADJ">fit </w><w c5="PRP" hw="with" pos="PREP">with </w><w c5="NN1-VVG" hw="swimming" pos="SUBST">swimming</w><c c5="PUN">.</c></s>
<s n="8"><w c5="NP0" hw="simon" pos="SUBST">Simon </w><w c5="PRF" hw="of" pos="PREP">of </w><w c5="NP0" hw="cyrene" pos="SUBST">Cyrene </w><w c5="VVZ" hw="come" pos="VERB">comes </w><w c5="TO0" hw="to" pos="PREP">to </w><w c5="VVI" hw="help" pos="VERB">help </w><w c5="PNP" hw="i" pos="PRON">me </w><w c5="CJS" hw="when" pos="CONJ">when </w><w c5="PNP" hw="we" pos="PRON">we </w><w c5="VVB" hw="reach" pos="VERB">reach </w><w c5="AJ0" hw="new" pos="ADJ">New </w><w c5="NP0" hw="scotland" pos="SUBST">Scotland </w><w c5="NN1" hw="yard" pos="SUBST">Yard</w><c c5="PUN">.</c><c c5="PUQ">’</c></s></p><p>
<s n="9"><w c5="AT0" hw="the" pos="ART">The </w><w c5="NN2" hw="actor" pos="SUBST">actors </w><w c5="PRP" hw="from" pos="PREP">from </w><w c5="AT0" hw="the" pos="ART">the </w><w c5="NN2" hw="rite" pos="SUBST">Rites </w><w c5="PRF" hw="of" pos="PREP">Of </w><w c5="NN1" hw="passage" pos="SUBST">Passage </w><w c5="NN1" hw="company" pos="SUBST">company </w><w c5="VM0" hw="will" pos="VERB">will </w><w c5="VVI" hw="stop" pos="VERB">stop </w><w c5="AVP" hw="off" pos="ADV">off </w><w c5="PRP" hw="at" pos="PREP">at </w><w c5="AJ0" hw="methodist" pos="ADJ">Methodist </w><w c5="AJ0" hw="central" pos="ADJ">Central </w><w c5="NN1" hw="hall" pos="SUBST">Hall </w><w c5="PRP" hw="for" pos="PREP">for </w><w c5="AT0" hw="a" pos="ART">a </w><w c5="NN1" hw="flashback" pos="SUBST">flashback </w><w c5="PRP" hw="to" pos="PREP">to </w><w c5="AT0" hw="the" pos="ART">the </w><w c5="ORD" hw="last" pos="ADJ">Last </w><w c5="NN1" hw="supper" pos="SUBST">Supper</w><c c5="PUN">.</c></s>
<s n="10"><c c5="PUQ">‘</c><w c5="PNP" hw="we" pos="PRON">We</w><w c5="VBB" hw="be" pos="VERB">'re </w><w c5="VVG" hw="go" pos="VERB">going </w><w c5="TO0" hw="to" pos="PREP">to </w><w c5="VHI" hw="have" pos="VERB">have </w><w c5="NN1" hw="bread" pos="SUBST">bread</w><c c5="PUN">, </c><w c5="CJC" hw="but" pos="CONJ">but </w><w c5="XX0" hw="not" pos="ADV">not </w><w c5="AJ0" hw="real" pos="ADJ">real </w><w c5="NN1" hw="wine" pos="SUBST">wine</w><c c5="PUN">,</c><c c5="PUQ">’ </c><w c5="VVZ" hw="say" pos="VERB">says </w><w c5="NP0-NN1" hw="hannigan" pos="SUBST">Hannigan</w><c c5="PUN">.</c></s>
<s n="11"><c c5="PUQ">‘</c><w c5="PNP" hw="i" pos="PRON">I </w><w c5="VVB" hw="think" pos="VERB">think </w><w c5="PNP" hw="it" pos="PRON">it</w><w c5="VBZ" hw="be" pos="VERB">'s </w><w c5="VVG" hw="go" pos="VERB">going </w><w c5="TO0" hw="to" pos="PREP">to </w><w c5="VBI" hw="be" pos="VERB">be </w><w c5="NP0-NN1" hw="ribena" pos="SUBST">Ribena</w><c c5="PUN">.</c><c c5="PUQ">’</c></s>
<s n="12"><w c5="VVG-NN1" hw="help" pos="VERB">Helping </w><w c5="TO0" hw="to" pos="PREP">to </w><w c5="VVI" hw="organise" pos="VERB">organise </w><w c5="AT0" hw="the" pos="ART">the </w><w c5="NN1" hw="event" pos="SUBST">event </w><w c5="VBZ" hw="be" pos="VERB">is </w><w c5="NP0" hw="fr" pos="SUBST">Fr </w><w c5="NP0" hw="michael" pos="SUBST">Michael </w><w c5="NN1" hw="seed" pos="SUBST">Seed</w><c c5="PUN">, </c><w c5="NP0" hw="hume" pos="SUBST">Hume</w><w c5="POS" hw="'s" pos="UNC">'s </w><w c5="AJ0" hw="ecumenical" pos="ADJ">ecumenical </w><w c5="NN1" hw="adviser" pos="SUBST">adviser</w><c c5="PUN">, </c><w c5="PNQ" hw="who" pos="PRON">who </w><w c5="VVZ" hw="disclose" pos="VERB">discloses </w><w c5="CJT-DT0" hw="that" pos="CONJ">that </w><w c5="AJ0" hw="certain" pos="ADJ">certain </w><w c5="NN2" hw="precaution" pos="SUBST">precautions </w><w c5="VHB" hw="have" pos="VERB">have </w><w c5="VHN" hw="have" pos="VERB">had </w><w c5="TO0" hw="to" pos="PREP">to </w><w c5="VBI" hw="be" pos="VERB">be </w><w c5="VVN" hw="make" pos="VERB">made</w><c c5="PUN">.</c></s>
<s n="13"><c c5="PUQ">‘</c><w c5="PNP" hw="we" pos="PRON">We </w><w c5="VHB" hw="have" pos="VERB">have </w><w c5="VVN" hw="take" pos="VERB">taken </w><w c5="AVP" hw="out" pos="ADV">out </w><w c5="NN1" hw="insurance" pos="SUBST">insurance </w><mw c5="CJS"><w c5="PRP" hw="in" pos="PREP">in </w><w c5="NN1" hw="case" pos="SUBST">case </w></mw><w c5="AT0" hw="a" pos="ART">a </w><w c5="NN1" hw="coach" pos="SUBST">coach </w><w c5="VVZ" hw="come" pos="VERB">comes </w><w c5="AVP" hw="along" pos="ADV">along </w><w c5="CJC" hw="and" pos="CONJ">and </w><w c5="VVZ-NN2" hw="run" pos="VERB">runs </w><w c5="PRP-AVP" hw="over" pos="PREP">over </w><w c5="NP0" hw="mary" pos="SUBST">Mary </w><w c5="NP0" hw="magdalene" pos="SUBST">Magdalene</w><c c5="PUN">,</c><c c5="PUQ">’ </c><w c5="PNP" hw="he" pos="PRON">he </w><w c5="VVZ" hw="say" pos="VERB">says</w><c c5="PUN">.</c></s></p></div><div level="1"><head type="MAIN">
<s n="14"><w c5="NN1" hw="commentary" pos="SUBST">Commentary</w><c c5="PUN">: </c><w c5="VVB" hw="save" pos="VERB">Save </w><w c5="PNP" hw="we" pos="PRON">us </w><w c5="PRP" hw="from" pos="PREP">from </w><w c5="AT0" hw="the" pos="ART">the </w><w c5="NN2" hw="believer" pos="SUBST">believers</w></s></head><head type="BYLINE">
<s n="15"><w c5="PRP" hw="by" pos="PREP">By </w><w c5="NP0" hw="claudia" pos="SUBST">CLAUDIA </w><w c5="NP0" hw="fitzherbert" pos="SUBST">FITZHERBERT</w></s></head><p>
<s n="16"><w c5="VM0" hw="can" pos="VERB">CAN</w><w c5="XX0" hw="not" pos="ADV">NOT </w><w c5="VVI" hw="help" pos="VERB">help </w><w c5="VVG" hw="feel" pos="VERB">feeling </w><w c5="AT0" hw="a" pos="ART">a </w><w c5="AJ0" hw="certain" pos="ADJ">certain </w><w c5="NN1" hw="degree" pos="SUBST">degree </w><w c5="PRF" hw="of" pos="PREP">of </w><w c5="NN1" hw="admiration" pos="SUBST">admiration </w><w c5="PRP" hw="for" pos="PREP">for </w><w c5="AT0" hw="the" pos="ART">the </w><w c5="AJ0" hw="evangelical" pos="ADJ">Evangelical </w><w c5="NN2" hw="christian" pos="SUBST">Christians </w><w c5="PNQ" hw="who" pos="PRON">who </w><w c5="VBB" hw="be" pos="VERB">are</w><c c5="PUN">, </c><w c5="AV0" hw="invariably" pos="ADV">invariably</w><c c5="PUN">, </c><w c5="TO0" hw="to" pos="PREP">to </w><w c5="VBI" hw="be" pos="VERB">be </w><w c5="VVN" hw="find" pos="VERB">found </w><w c5="VVG-AJ0" hw="lurk" pos="VERB">lurking </w><w c5="PRP" hw="behind" pos="PREP">behind </w><w c5="AT0" hw="every" pos="ART">every </w><w c5="NN1" hw="accusation" pos="SUBST">accusation </w><w c5="PRF" hw="of" pos="PREP">of </w><w c5="AJ0" hw="satanic" pos="ADJ">satanic </w><w c5="NN1" hw="child" pos="SUBST">child </w><w c5="NN1" hw="abuse" pos="SUBST">abuse</w><c c5="PUN">.</c></s>
<s n="17"><w c5="PNP" hw="i" pos="PRON">I </w><w c5="VVB" hw="respect" pos="VERB">respect </w><w c5="PNP" hw="they" pos="PRON">them </w><w c5="PRP" hw="for" pos="PREP">for </w><w c5="AT0" hw="the" pos="ART">the </w><w c5="AJ0" hw="medieval" pos="ADJ">medieval </w><w c5="NN1" hw="certainty" pos="SUBST">certainty </w><w c5="PRF" hw="of" pos="PREP">of </w><w c5="DPS" hw="they" pos="PRON">their </w><w c5="NN2" hw="belief" pos="SUBST">beliefs </w><w c5="CJC" hw="and" pos="CONJ">and </w><w c5="PRP" hw="for" pos="PREP">for </w><w c5="AT0" hw="the" pos="ART">the </w><w c5="AJ0" hw="casuistical" pos="ADJ">casuistical </w><w c5="NN1" hw="cunning" pos="SUBST">cunning </w><w c5="PRF" hw="of" pos="PREP">of </w><w c5="DPS" hw="they" pos="PRON">their </w><w c5="NN2" hw="argument" pos="SUBST">arguments</w><c c5="PUN">.</c></s></p><p>
<s n="18"><w c5="PNP" hw="they" pos="PRON">They </w><w c5="VHB" hw="have" pos="VERB">have </w><w c5="AT0" hw="no" pos="ART">no </w><w c5="NN1" hw="difficulty" pos="SUBST">difficulty </w><w c5="PRP" hw="in" pos="PREP">in </w><w c5="VVG" hw="imagine" pos="VERB">imagining</w><c c5="PUN">, </c><mw c5="AV0"><w c5="PRP" hw="for" pos="PREP">for </w><w c5="NN1" hw="example" pos="SUBST">example</w></mw><c c5="PUN">, </c><w c5="CJT" hw="that" pos="CONJ">that </w><w c5="EX0" hw="there" pos="PRON">there </w><w c5="VBB" hw="be" pos="VERB">are </w><w c5="CRD" hw="thousands" pos="ADJ">thousands </w><w c5="PRF" hw="of" pos="PREP">of </w><w c5="NN0" hw="people" pos="SUBST">people </w><mw c5="AV0"><w c5="PRP" hw="at" pos="PREP">at </w><w c5="AJ0" hw="large" pos="ADJ">large </w></mw><w c5="PRP" hw="in" pos="PREP">in </w><w c5="NP0" hw="britain" pos="SUBST">Britain </w><w c5="PNQ" hw="who" pos="PRON">who </w><w c5="VBB" hw="be" pos="VERB">are </w><w c5="PRP" hw="in" pos="PREP">in </w><w c5="AT0" hw="the" pos="ART">the </w><w c5="NN1" hw="habit" pos="SUBST">habit </w><w c5="PRF" hw="of" pos="PREP">of </w><w c5="VVG-AJ0" hw="abort" pos="VERB">aborting </w><w c5="NN2" hw="baby" pos="SUBST">babies </w><w c5="AV0" hw="specifically" pos="ADV">specifically </w><w c5="PRP" hw="for" pos="PREP">for </w><w c5="AT0" hw="the" pos="ART">the </w><w c5="NN1" hw="purpose" pos="SUBST">purpose </w><w c5="PRF" hw="of" pos="PREP">of </w><w c5="VVG" hw="eat" pos="VERB">eating </w><w c5="PNP" hw="they" pos="PRON">them </w><w c5="CJC" hw="and" pos="CONJ">and </w><w c5="PNP" hw="they" pos="PRON">they </w><w c5="VVB" hw="argue" pos="VERB">argue</w><c c5="PUN">, </c><w c5="AV0" hw="ingeniously" pos="ADV">ingeniously</w><c c5="PUN">, </c><w c5="CJT" hw="that" pos="CONJ">that </w><w c5="AT0" hw="the" pos="ART">the </w><w c5="NN1" hw="lack" pos="SUBST">lack </w><w c5="PRF" hw="of" pos="PREP">of </w><w c5="AJ0" hw="forensic" pos="ADJ">forensic </w><w c5="NN1" hw="evidence" pos="SUBST">evidence </w><w c5="PRF" hw="of" pos="PREP">of </w><w c5="AJ0" hw="satanic" pos="ADJ">satanic </w><w c5="NN1" hw="abuse" pos="SUBST">abuse </w><w c5="VM0" hw="can" pos="VERB">can </w><w c5="PNX" hw="itself" pos="PRON">itself </w><w c5="VBI" hw="be" pos="VERB">be </w><w c5="VVN" hw="read" pos="VERB">read </w><w c5="PRP" hw="as" pos="PREP">as </w><w c5="NN1" hw="proof" pos="SUBST">proof </w><w c5="PRF" hw="of" pos="PREP">of </w><w c5="AT0" hw="the" pos="ART">the </w><w c5="NN1" hw="existence" pos="SUBST">existence </w><w c5="PRF" hw="of" pos="PREP">of </w><w c5="NP0-NN1" hw="satan" pos="SUBST">Satan</w><c c5="PUN">.</c></s></p><p>
<s n="19"><w c5="CJS" hw="if" pos="CONJ">If </w><w c5="AT0" hw="the" pos="ART">the </w><w c5="NN2" hw="christian" pos="SUBST">Christians </w><w c5="VDB" hw="do" pos="VERB">do </w><w c5="AV0" hw="eventually" pos="ADV">eventually </w><w c5="VVI" hw="deliver" pos="VERB">deliver </w><w c5="AT0" hw="a" pos="ART">a </w><w c5="AJ0" hw="true" pos="ADJ">true </w><w c5="NN1" hw="case" pos="SUBST">case </w><w c5="PRF" hw="of" pos="PREP">of </w><w c5="AJ0" hw="satanic" pos="ADJ">satanic </w><w c5="NN1" hw="child" pos="SUBST">child </w><w c5="NN1" hw="abuse" pos="SUBST">abuse </w><c c5="PUN">— </c><w c5="CJC" hw="and" pos="CONJ">and</w><c c5="PUN">, </c><w c5="PNQ" hw="who" pos="PRON">who </w><w c5="VVZ" hw="know" pos="VERB">knows</w><c c5="PUN">, </c><w c5="NP0" hw="god" pos="SUBST">God </w><w c5="VVB" hw="forbid" pos="VERB">forbid</w><c c5="PUN">, </c><w c5="PNP" hw="they" pos="PRON">they </w><w c5="VM0" hw="may" pos="VERB">may</w><c c5="PUN">, </c><w c5="CJS" hw="for" pos="CONJ">for </w><w c5="NN2" hw="satanist" pos="SUBST">satanists </w><w c5="VBB" hw="be" pos="VERB">are </w><w c5="AV0" hw="real" pos="ADV">real </w><w c5="AV0" hw="enough" pos="ADV">enough </w><w c5="CJC" hw="and" pos="CONJ">and </w><w c5="AT0" hw="a" pos="ART">a </w><w c5="NN1" hw="bit" pos="SUBST">bit </w><w c5="PRF" hw="of" pos="PREP">of </w><w c5="NN1" hw="copycat" pos="SUBST">copycat </w><w c5="NN1" hw="crime" pos="SUBST">crime </w><w c5="VBZ" hw="be" pos="VERB">is </w><w c5="AV0" hw="surely" pos="ADV">surely </w><w c5="AJ0" hw="due" pos="ADJ">due </w><w c5="PRP" hw="after" pos="PREP">after </w><w c5="DT0" hw="all" pos="ADJ">all </w><w c5="DT0" hw="this" pos="ADJ">this </w><w c5="NN1" hw="publicity" pos="SUBST">publicity </w><c c5="PUN">— </c><w c5="PNP" hw="it" pos="PRON">it </w><w c5="VM0" hw="will" pos="VERB">will </w><w c5="VBI" hw="be" pos="VERB">be </w><w c5="VVN" hw="see" pos="VERB">seen </w><w c5="PRP" hw="by" pos="PREP">by </w><w c5="DT0" hw="many" pos="ADJ">many </w><w c5="TO0" hw="to" pos="PREP">to </w><w c5="VVI" hw="validate" pos="VERB">validate </w><w c5="DT0" hw="all" pos="ADJ">all </w><w c5="DPS" hw="they" pos="PRON">their </w><w c5="NN2" hw="argument" pos="SUBST">arguments</w><c c5="PUN">.</c></s>
<s n="20"><w c5="CJC" hw="and" pos="CONJ">And </w><w c5="AV0" hw="then" pos="ADV">then </w><w c5="DT0" hw="these" pos="ADJ">these </w><w c5="AJ0" hw="formidable" pos="ADJ">formidable </w><w c5="AJ0" hw="christian" pos="ADJ">Christian </w><w c5="NN2" hw="missionary" pos="SUBST">missionaries </w><w c5="VM0" hw="will" pos="VERB">will </w><w c5="VVI" hw="rejoice" pos="VERB">rejoice </w><w c5="CJS-PRP" hw="as" pos="CONJ">as </w><w c5="DPS" hw="they" pos="PRON">their </w><w c5="NN2" hw="church" pos="SUBST">churches </w><w c5="VVB" hw="fill" pos="VERB">fill </w><w c5="PRP" hw="to" pos="PREP">to </w><w c5="VVG" hw="overflow" pos="VERB">overflowing </w><w c5="PRP" hw="with" pos="PREP">with </w><w c5="AJ0" hw="fearful" pos="ADJ">fearful </w><w c5="NN2" hw="born-again" pos="SUBST">born-agains</w><c c5="PUN">.</c></s></p><p>
<s n="21"><w c5="CJS" hw="though" pos="CONJ">Though </w><w c5="DT0" hw="this" pos="ADJ">this </w><w c5="AJ0" hw="evangelical" pos="ADJ">Evangelical </w><w c5="NN1" hw="triumphalism" pos="SUBST">triumphalism </w><w c5="VHZ" hw="have" pos="VERB">has </w><w c5="AV0" hw="yet" pos="ADV">yet </w><w c5="TO0" hw="to" pos="PREP">to </w><w c5="VVI" hw="come" pos="VERB">come </w><w c5="TO0" hw="to" pos="PREP">to </w><w c5="VVI" hw="pass" pos="VERB">pass</w><c c5="PUN">, </c><w c5="AT0" hw="the" pos="ART">the </w><w c5="AJ0" hw="curious" pos="ADJ">curious </w><w c5="NN1" hw="state" pos="SUBST">state </w><w c5="PRF" hw="of" pos="PREP">of </w><w c5="NN2" hw="affair" pos="SUBST">affairs </w><w c5="AV0" hw="already" pos="ADV">already </w><w c5="VVZ" hw="exist" pos="VERB">exists </w><w c5="PRP" hw="in" pos="PREP">in </w><w c5="DTQ" hw="which" pos="PRON">which </w><w c5="NN2" hw="parent" pos="SUBST">parents</w><c c5="PUN">, </c><w c5="AVP" hw="up" pos="ADV">up </w><w c5="CJC" hw="and" pos="CONJ">and </w><w c5="AVP-PRP" hw="down" pos="ADV">down </w><w c5="AT0" hw="the" pos="ART">the </w><w c5="NN1" hw="country" pos="SUBST">country</w><c c5="PUN">, </c><w c5="VVB" hw="fear" pos="VERB">fear </w><w c5="AT0" hw="the" pos="ART">the </w><w c5="AJ0-NN1" hw="caring" pos="ADJ">caring </w><w c5="NN2" hw="professional" pos="SUBST">professionals </w><w c5="CJS" hw="as" pos="CONJ">as </w><w c5="AV0" hw="never" pos="ADV">never </w><w c5="AV0" hw="before" pos="ADV">before </w><w c5="CJC" hw="and" pos="CONJ">and </w><w c5="VVB" hw="fear" pos="VERB">fear </w><w c5="AT0" hw="the" pos="ART">the </w><w c5="AV0" hw="overtly" pos="ADV">overtly </w><w c5="AJ0" hw="christian" pos="ADJ">Christian </w><w c5="NN2" hw="carer" pos="SUBST">carers </w><w c5="DT0" hw="most" pos="ADJ">most </w><w c5="PRF" hw="of" pos="PREP">of </w><w c5="DT0" hw="all" pos="ADJ">all</w><c c5="PUN">.</c></s></p><p>
<s n="22"><w c5="PNP" hw="i" pos="PRON">I </w><w c5="PNX" hw="myself" pos="PRON">myself </w><w c5="VHD" hw="have" pos="VERB">had </w><w c5="AT0" hw="a" pos="ART">a </w><w c5="AJ0" hw="disturbing" pos="ADJ">disturbing </w><w c5="NN1-VVB" hw="experience" pos="SUBST">experience </w><w c5="AT0" hw="the" pos="ART">the </w><w c5="AJ0" hw="other" pos="ADJ">other </w><w c5="NN1" hw="day" pos="SUBST">day</w><c c5="PUN">, </c><w c5="AVQ" hw="when" pos="ADV">when </w><w c5="CRD" hw="one" pos="ADJ">one </w><w c5="PRF" hw="of" pos="PREP">of </w><w c5="DPS" hw="we" pos="PRON">our </w><w c5="AJ0" hw="local" pos="ADJ">local </w><w c5="NN1" hw="health" pos="SUBST">health </w><w c5="NN2" hw="visitor" pos="SUBST">visitors </w><w c5="VVD" hw="come" pos="VERB">came </w><w c5="TO0" hw="to" pos="PREP">to </w><w c5="VVI" hw="call" pos="VERB">call </w><c c5="PUN">— </c><w c5="PNI" hw="something" pos="PRON">something </w><w c5="PNP" hw="they" pos="PRON">they </w><w c5="VBB" hw="be" pos="VERB">are </w><w c5="AJ0" hw="wont" pos="ADJ">wont </w><w c5="TO0" hw="to" pos="PREP">to </w><w c5="VDI" hw="do" pos="VERB">do </w><w c5="CJS" hw="if" pos="CONJ">if </w><w c5="PNP" hw="you" pos="PRON">you </w><w c5="VHB" hw="have" pos="VERB">have </w><w c5="NN2" hw="child" pos="SUBST">children </w><w c5="PRP" hw="under" pos="PREP">under </w><w c5="AT0" hw="the" pos="ART">the </w><w c5="NN1" hw="age" pos="SUBST">age </w><w c5="PRF" hw="of" pos="PREP">of </w><w c5="CRD" hw="five" pos="ADJ">five</w><c c5="PUN">.</c></s></p><p>
<s n="23"><w c5="PNP" hw="he" pos="PRON">He </w><w c5="VHD" hw="have" pos="VERB">had </w><w c5="AT0" hw="a" pos="ART">a </w><w c5="AJ0" hw="small" pos="ADJ">small </w><w c5="NN1" hw="gold" pos="SUBST">gold </w><w c5="NN1-VVB" hw="cross" pos="SUBST">cross </w><w c5="PRP" hw="about" pos="PREP">about </w><w c5="DPS" hw="he" pos="PRON">his </w><w c5="NN1" hw="neck" pos="SUBST">neck </w><w c5="CJC" hw="and" pos="CONJ">and </w><w c5="AT0" hw="a" pos="ART">a </w><w c5="AV0" hw="quietly" pos="ADV">quietly </w><w c5="AJ0" hw="menacing" pos="ADJ">menacing </w><w c5="NN1" hw="air" pos="SUBST">air</w><c c5="PUN">: </c><c c5="PUQ">‘</c><w c5="PNP" hw="i" pos="PRON">I</w><w c5="VHB" hw="have" pos="VERB">'ve </w><w c5="VVN" hw="come" pos="VERB">come </w><w c5="TO0" hw="to" pos="PREP">to </w><w c5="VVI" hw="see" pos="VERB">see </w><w c5="AT0" hw="the" pos="ART">the </w><w c5="NN2" hw="twin" pos="SUBST">twins</w><c c5="PUN">,</c><c c5="PUQ">’ </c><w c5="PNP" hw="he" pos="PRON">he </w><w c5="VVD" hw="say" pos="VERB">said</w><c c5="PUN">.</c></s>
<s n="24"><c c5="PUQ">‘</c><w c5="AJ0" hw="righty" pos="ADJ">Righty </w><w c5="ITJ" hw="ho" pos="INTERJ">ho</w><c c5="PUN">,</c><c c5="PUQ">’ </c><w c5="PNP" hw="i" pos="PRON">I </w><w c5="VVD" hw="reply" pos="VERB">replied</w><c c5="PUN">, </c><w c5="CJS" hw="for" pos="CONJ">for </w><w c5="PNP" hw="it" pos="PRON">it </w><w c5="AV0" hw="never" pos="ADV">never </w><w c5="VDZ" hw="do" pos="VERB">does </w><w c5="TO0" hw="to" pos="PREP">to </w><w c5="VVI" hw="show" pos="VERB">show </w><w c5="DT0" hw="these" pos="ADJ">these </w><w c5="NN0" hw="people" pos="SUBST">people </w><w c5="AVQ" hw="how" pos="ADV">how </w><w c5="AJ0-VVN" hw="frightened" pos="ADJ">frightened </w><w c5="PNP" hw="you" pos="PRON">you </w><w c5="VBB" hw="be" pos="VERB">are </w><w c5="PRF" hw="of" pos="PREP">of </w><w c5="PNP" hw="they" pos="PRON">them</w><c c5="PUN">, </c><c c5="PUQ">‘</c><w c5="VDB" hw="do" pos="VERB">do </w><w c5="VVI" hw="come" pos="VERB">come </w><w c5="AVP" hw="in" pos="ADV">in</w><c c5="PUN">.</c><c c5="PUQ">’</c></s>
<s n="25"><w c5="PNP" hw="i" pos="PRON">I </w><w c5="VVD" hw="say" pos="VERB">said </w><w c5="AT0" hw="the" pos="ART">the </w><w c5="NN2" hw="child" pos="SUBST">children </w><w c5="VBD" hw="be" pos="VERB">were </w><w c5="AV0" hw="upstairs" pos="ADV">upstairs </w><w c5="CJC" hw="and" pos="CONJ">and </w><w c5="PNP" hw="i" pos="PRON">I </w><w c5="VM0" hw="would" pos="VERB">would </w><w c5="VVI" hw="go" pos="VERB">go </w><w c5="CJC" hw="and" pos="CONJ">and </w><w c5="VVI" hw="fetch" pos="VERB">fetch </w><w c5="PNP" hw="they" pos="PRON">them</w><c c5="PUN">.</c></s>
<s n="26"><c c5="PUQ">‘</c><w c5="ITJ" hw="oh" pos="INTERJ">Oh</w><c c5="PUN">, </c><w c5="ITJ" hw="no" pos="INTERJ">no</w><c c5="PUN">,</c><c c5="PUQ">’ </c><w c5="PNP" hw="he" pos="PRON">he </w><w c5="VVD" hw="say" pos="VERB">said</w><c c5="PUN">, </c><c c5="PUQ">‘</c><w c5="AT0" hw="no" pos="ART">no </w><w c5="NN1" hw="need" pos="SUBST">need </w><w c5="PRP" hw="for" pos="PREP">for </w><w c5="DT0" hw="that" pos="ADJ">that</w><c c5="PUN">,</c><c c5="PUQ">’</c><w c5="CJC" hw="and" pos="CONJ">and </w><w c5="PNP" hw="he" pos="PRON">he </w><w c5="VVD-VVN" hw="bound" pos="VERB">bounded </w><w c5="PRP" hw="up" pos="PREP">up </w><w c5="AT0" hw="the" pos="ART">the </w><w c5="NN2" hw="stairs" pos="SUBST">stairs</w><c c5="PUN">.</c></s></p><p>
<s n="27"><w c5="AV0" hw="correctly" pos="ADV">Correctly </w><w c5="VVG" hw="surmise" pos="VERB">surmising </w><w c5="CJT-DT0" hw="that" pos="CONJ">that </w><w c5="PNP" hw="theirs" pos="PRON">theirs </w><w c5="VBD" hw="be" pos="VERB">was </w><w c5="AT0" hw="the" pos="ART">the </w><w c5="NN1" hw="room" pos="SUBST">room </w><w c5="PRP" hw="with" pos="PREP">with </w><w c5="AT0" hw="the" pos="ART">the </w><w c5="AJ0" hw="broken" pos="ADJ">broken </w><w c5="NN1" hw="bolt" pos="SUBST">bolt </w><w c5="VVG-NN1" hw="hang" pos="VERB">hanging </w><w c5="PRP" hw="from" pos="PREP">from </w><w c5="AT0" hw="the" pos="ART">the </w><w c5="NN1" hw="door" pos="SUBST">door</w><c c5="PUN">, </c><w c5="PNP" hw="he" pos="PRON">he </w><w c5="VVD" hw="enter" pos="VERB">entered </w><w c5="PNP" hw="it" pos="PRON">it </w><w c5="AV0" hw="just" pos="ADV">just </w><w c5="CJS" hw="as" pos="CONJ">as </w><w c5="PNP" hw="i" pos="PRON">I </w><w c5="VBD" hw="be" pos="VERB">was </w><w c5="VVG" hw="catch" pos="VERB">catching </w><w c5="AVP" hw="up" pos="ADV">up </w><w c5="PRP" hw="with" pos="PREP">with </w><w c5="PNP" hw="he" pos="PRON">him</w><c c5="PUN">.</c></s>
<s n="28"><w c5="AT0" hw="the" pos="ART">The </w><w c5="NN2" hw="twin" pos="SUBST">twins</w><c c5="PUN">, </c><w c5="PNP" hw="i" pos="PRON">I </w><w c5="VBD" hw="be" pos="VERB">was </w><w c5="AJ0" hw="relieved" pos="ADJ">relieved </w><w c5="TO0" hw="to" pos="PREP">to </w><w c5="VVI" hw="see" pos="VERB">see</w><c c5="PUN">, </c><w c5="VVD" hw="make" pos="VERB">made </w><w c5="AT0" hw="a" pos="ART">a </w><w c5="AJ0" hw="charming" pos="ADJ">charming </w><w c5="NN1" hw="sight" pos="SUBST">sight</w><c c5="PUN">, </c><w c5="VVN-VVD" hw="crouch" pos="VERB">crouched </w><w c5="PRP" hw="underneath" pos="PREP">underneath </w><w c5="AT0" hw="a" pos="ART">a </w><w c5="NN1" hw="cot" pos="SUBST">cot </w><w c5="VVG" hw="take" pos="VERB">taking </w><w c5="PNP" hw="it" pos="PRON">it </w><w c5="AVP-PRP" hw="in" pos="ADV">in </w><w c5="VVZ-NN2" hw="turn" pos="VERB">turns </w><w c5="TO0" hw="to" pos="PREP">to </w><w c5="VVI" hw="lick" pos="VERB">lick </w><mw c5="PNX"><w c5="CRD" hw="one" pos="ADJ">one </w><w c5="DT0" hw="another" pos="ADJ">another </w></mw><w c5="POS" hw="'s" pos="UNC">'s </w><w c5="NN2" hw="ear" pos="SUBST">ears</w><c c5="PUN">.</c></s></p><p>
<s n="29"><w c5="AT0" hw="the" pos="ART">The </w><w c5="NN1" hw="man" pos="SUBST">man </w><w c5="VVD" hw="bend" pos="VERB">bent </w><w c5="AVP" hw="down" pos="ADV">down </w><w c5="CJC" hw="and" pos="CONJ">and </w><w c5="VVD" hw="try" pos="VERB">tried </w><w c5="TO0" hw="to" pos="PREP">to </w><w c5="VVI" hw="speak" pos="VERB">speak </w><w c5="PRP" hw="to" pos="PREP">to </w><w c5="PNP" hw="they" pos="PRON">them</w><c c5="PUN">; </c><w c5="AT0" hw="the" pos="ART">the </w><w c5="NN2" hw="twin" pos="SUBST">twins </w><w c5="VVD" hw="smile" pos="VERB">smiled </w><w c5="AV0" hw="sweetly" pos="ADV">sweetly </w><w c5="CJC" hw="and" pos="CONJ">and </w><w c5="VVN-VVD" hw="return" pos="VERB">returned </w><w c5="PRP" hw="to" pos="PREP">to </w><w c5="DPS" hw="they" pos="PRON">their </w><w c5="NN1" hw="game" pos="SUBST">game</w><c c5="PUN">.</c></s>
<s n="30"><c c5="PUQ">‘</c><w c5="PNP" hw="they" pos="PRON">They </w><w c5="VM0" hw="can" pos="VERB">ca</w><w c5="XX0" hw="not" pos="ADV">n't </w><w c5="VVI" hw="talk" pos="VERB">talk </w><w c5="AV0" hw="yet" pos="ADV">yet</w><c c5="PUN">,</c><c c5="PUQ">’ </c><w c5="PNP" hw="i" pos="PRON">I </w><w c5="VVD" hw="explain" pos="VERB">explained </w><w c5="AV0" hw="patiently" pos="ADV">patiently</w><c c5="PUN">, </c><c c5="PUQ">‘</c><w c5="CJS" hw="although" pos="CONJ">although </w><w c5="PNP" hw="they" pos="PRON">they </w><w c5="VVB" hw="understand" pos="VERB">understand </w><w c5="AT0" hw="a" pos="ART">a </w><w c5="NN1" hw="lot" pos="SUBST">lot</w><c c5="PUN">.</c><c c5="PUQ">’</c></s>
<s n="31"><w c5="PNP" hw="he" pos="PRON">He </w><w c5="VVD" hw="say" pos="VERB">said </w><w c5="CJT" hw="that" pos="CONJ">that </w><w c5="PNP" hw="they" pos="PRON">they </w><w c5="VM0" hw="should" pos="VERB">should </w><w c5="VVI" hw="see" pos="VERB">see </w><w c5="AT0" hw="a" pos="ART">a </w><w c5="NN1" hw="speech" pos="SUBST">speech </w><w c5="NN1" hw="therapist" pos="SUBST">therapist</w><c c5="PUN">.</c></s>
<s n="32"><w c5="PNP" hw="i" pos="PRON">I </w><w c5="VVD" hw="say" pos="VERB">said </w><w c5="AV0" hw="surely" pos="ADV">surely </w><w c5="XX0" hw="not" pos="ADV">not</w><c c5="PUN">, </c><w c5="PNP" hw="they" pos="PRON">they </w><w c5="VBD" hw="be" pos="VERB">were </w><w c5="AV0" hw="only" pos="ADV">only </w><w c5="CRD" hw="two" pos="ADJ">two</w><c c5="PUN">.</c></s>
<s n="33"><w c5="PNP" hw="they" pos="PRON">They </w><w c5="VM0" hw="should" pos="VERB">should </w><w c5="VBI" hw="be" pos="VERB">be </w><w c5="VVG" hw="talk" pos="VERB">talking</w><c c5="PUN">, </c><w c5="PNP" hw="he" pos="PRON">he </w><w c5="VVD" hw="reply" pos="VERB">replied </w><w c5="AV0" hw="implacably" pos="ADV">implacably</w><c c5="PUN">.</c></s>
<s n="34"><w c5="AV0" hw="well" pos="ADV">Well</w><c c5="PUN">, </c><w c5="PNP" hw="i" pos="PRON">I </w><w c5="VVD" hw="say" pos="VERB">said</w><c c5="PUN">, </c><w c5="VVG" hw="flounder" pos="VERB">floundering </w><mw c5="AV0"><w c5="AT0" hw="a" pos="ART">a </w><w c5="AV0" hw="little" pos="ADV">little</w></mw><c c5="PUN">, </c><w c5="NN2" hw="boy" pos="SUBST">boys </w><w c5="VBD" hw="be" pos="VERB">were </w><w c5="AV0" hw="notoriously" pos="ADV">notoriously </w><w c5="AV0" hw="backward" pos="ADV">backward </w><w c5="CJC" hw="and" pos="CONJ">and </w><w c5="AV0" hw="so" pos="ADV">so </w><w c5="VBD" hw="be" pos="VERB">were </w><w c5="NN2" hw="twin" pos="SUBST">twins </w><w c5="CJC" hw="and" pos="CONJ">and</w><c c5="PUN">, </c><w c5="AV0" hw="really" pos="ADV">really</w><c c5="PUN">, </c><w c5="VDD" hw="do" pos="VERB">did</w><w c5="XX0" hw="not" pos="ADV">n't </w><w c5="PNP" hw="he" pos="PRON">he </w><w c5="VVI" hw="think" pos="VERB">think</w><c c5="PUN">…</c></s></p><p>
<s n="35"><w c5="PNP" hw="i" pos="PRON">I </w><w c5="VVD" hw="stop" pos="VERB">stopped </w><w c5="NN1" hw="mid-sentence" pos="SUBST">mid-sentence</w><c c5="PUN">.</c></s>
<s n="36"><w c5="DPS" hw="he" pos="PRON">His </w><w c5="AJ0" hw="small" pos="ADJ">small </w><w c5="NN1" hw="gold" pos="SUBST">gold </w><w c5="NN1" hw="cross" pos="SUBST">cross </w><w c5="VBD" hw="be" pos="VERB">was </w><w c5="VVG" hw="glint" pos="VERB">glinting </w><w c5="PRP" hw="in" pos="PREP">in </w><w c5="AT0" hw="the" pos="ART">the </w><w c5="NN1" hw="sunlight" pos="SUBST">sunlight</w><c c5="PUN">.</c></s>
<s n="37"><w c5="DPS" hw="i" pos="PRON">My </w><w c5="NN2" hw="son" pos="SUBST">sons </w><w c5="VHB" hw="have" pos="VERB">have </w><w c5="VBN" hw="be" pos="VERB">been </w><w c5="VVN" hw="book" pos="VERB">booked </w><w c5="AVP" hw="in" pos="ADV">in </w><w c5="TO0" hw="to" pos="PREP">to </w><w c5="VVI" hw="see" pos="VERB">see </w><w c5="AT0" hw="a" pos="ART">a </w><w c5="NN1" hw="speech" pos="SUBST">speech </w><w c5="NN1" hw="therapist" pos="SUBST">therapist</w><c c5="PUN">.</c></s>
<s n="38"><w c5="PNP" hw="i" pos="PRON">I </w><w c5="VVB" hw="pray" pos="VERB">pray</w><c c5="PUN">, </c><w c5="AT0" hw="every" pos="ART">every </w><w c5="NN1" hw="night" pos="SUBST">night</w><c c5="PUN">, </c><w c5="CJT" hw="that" pos="CONJ">that </w><w c5="PNP" hw="he" pos="PRON">he </w><w c5="CJC" hw="or" pos="CONJ">or </w><w c5="PNP" hw="she" pos="PRON">she </w><w c5="VM0" hw="will" pos="VERB">will </w><w c5="VBI" hw="be" pos="VERB">be </w><w c5="AT0" hw="an" pos="ART">an </w><w c5="VVB" hw="unbeliever" pos="VERB">unbeliever</w><c c5="PUN">.</c></s>
<s n="39"><w c5="AT0" hw="a" pos="ART">A </w><w c5="NN1" hw="friend" pos="SUBST">FRIEND </w><w c5="VVZ" hw="tell" pos="VERB">tells </w><w c5="PNP" hw="i" pos="PRON">me </w><w c5="PRF" hw="of" pos="PREP">of </w><w c5="AT0" hw="a" pos="ART">a </w><w c5="AJ0" hw="post-electoral" pos="ADJ">post-electoral </w><w c5="NN1" hw="poster" pos="SUBST">poster </w><w c5="NN1" hw="war" pos="SUBST">war </w><w c5="DTQ" hw="which" pos="PRON">which </w><w c5="VHZ" hw="have" pos="VERB">has </w><w c5="VVN" hw="break" pos="VERB">broken </w><w c5="AVP" hw="out" pos="ADV">out </w><w c5="PRP" hw="in" pos="PREP">in </w><w c5="DPS" hw="he" pos="PRON">his </w><w c5="AJ0" hw="salubrious" pos="ADJ">salubrious </w><w c5="NN1" hw="street" pos="SUBST">street </w><w c5="PRP" hw="in" pos="PREP">in </w><w c5="NN1" hw="north" pos="SUBST">north </w><w c5="NP0" hw="kensington" pos="SUBST">Kensington</w><c c5="PUN">, </c><w c5="NP0" hw="london" pos="SUBST">London</w><c c5="PUN">, </c><w c5="AV0" hw="quite" pos="ADV">quite </w><w c5="AJ0" hw="different" pos="ADJ">different </w><w c5="PRP" hw="in" pos="PREP">in </w><w c5="NN1" hw="tone" pos="SUBST">tone </w><w c5="PRP" hw="from" pos="PREP">from </w><w c5="AT0" hw="the" pos="ART">the </w><w c5="AJ0" hw="good-humoured" pos="ADJ">good-humoured </w><w c5="NN1-VVG" hw="gobbing" pos="SUBST">gobbing </w><w c5="PRP" hw="on" pos="PREP">on </w><mw c5="PNX"><w c5="CRD" hw="one" pos="ADJ">one </w><w c5="DT0" hw="another" pos="ADJ">another </w></mw><w c5="POS" hw="'s" pos="UNC">'s </w><w c5="NN2" hw="doorstep" pos="SUBST">doorsteps </w><w c5="DTQ" hw="which" pos="PRON">which </w><w c5="VVD" hw="characterise" pos="VERB">characterised </w><w c5="AJ0-AV0" hw="neighbourly" pos="ADJ">neighbourly </w><w c5="NN2" hw="relation" pos="SUBST">relations </w><w c5="PRP" hw="during" pos="PREP">during </w><w c5="AT0" hw="the" pos="ART">the </w><w c5="CRD" hw="three" pos="ADJ">three </w><w c5="NN2" hw="week" pos="SUBST">weeks </w><w c5="VVG" hw="precede" pos="VERB">preceding </w><w c5="AT0" hw="the" pos="ART">the </w><w c5="NN1" hw="day" pos="SUBST">day </w><w c5="CJT" hw="that" pos="CONJ">that </w><w c5="AT0" hw="the" pos="ART">the </w><w c5="NN1" hw="revolution" pos="SUBST">revolution </w><w c5="VVD-VVN" hw="fail" pos="VERB">failed </w><w c5="TO0" hw="to" pos="PREP">to </w><w c5="VVI" hw="dawn" pos="VERB">dawn</w><c c5="PUN">.</c></s></p><p>
<s n="40"><w c5="DT0" hw="those" pos="ADJ">Those </w><w c5="CRD" hw="three" pos="ADJ">three </w><w c5="NN2" hw="week" pos="SUBST">weeks </w><w c5="VHD" hw="have" pos="VERB">had </w><w c5="VVN" hw="throw" pos="VERB">thrown </w><w c5="AVP-PRP" hw="up" pos="ADV">up </w><w c5="AT0" hw="a" pos="ART">a </w><w c5="AJ0" hw="heartening" pos="ADJ">heartening </w><w c5="NN1" hw="variety" pos="SUBST">variety </w><w c5="PRF" hw="of" pos="PREP">of </w><w c5="AJ0" hw="political" pos="ADJ">political </w><w c5="NN2" hw="allegiance" pos="SUBST">allegiances </w><w c5="PRP" hw="in" pos="PREP">in </w><w c5="AT0" hw="the" pos="ART">the </w><w c5="AJ0-NN1" hw="tree-lined" pos="ADJ">tree-lined </w><w c5="NN1" hw="avenue" pos="SUBST">avenue </w><w c5="CJC" hw="but" pos="CONJ">but </w><w c5="DT0" hw="all" pos="ADJ">all </w><w c5="AJ0" hw="happy" pos="ADJ">happy </w><w c5="NN2" hw="agreement" pos="SUBST">agreements </w><w c5="TO0" hw="to" pos="PREP">to </w><w c5="VVI" hw="differ" pos="VERB">differ </w><w c5="VVN-AJ0" hw="evaporate" pos="VERB">evaporated </w><w c5="PRP" hw="in" pos="PREP">in </w><w c5="AT0" hw="the" pos="ART">the </w><w c5="NN1" hw="wake" pos="SUBST">wake </w><w c5="PRF" hw="of" pos="PREP">of </w><w c5="NP0" hw="john" pos="SUBST">John </w><w c5="NP0" hw="major" pos="SUBST">Major</w><w c5="POS" hw="'s" pos="UNC">'s </w><w c5="AJ0" hw="sinister" pos="ADJ">sinister </w><w c5="NN1" hw="victory" pos="SUBST">victory</w><c c5="PUN">.</c></s></p><p>
<s n="41"><w c5="AT0" hw="the" pos="ART">The </w><w c5="AJ0" hw="new" pos="ADJ">new </w><w c5="NN1" hw="tone" pos="SUBST">tone </w><w c5="VBD" hw="be" pos="VERB">was </w><w c5="VVN" hw="set" pos="VERB">set </w><w c5="PRP" hw="in" pos="PREP">in </w><w c5="AT0" hw="the" pos="ART">the </w><w c5="AJ0" hw="early" pos="ADJ">early </w><w c5="NN2" hw="hour" pos="SUBST">hours </w><w c5="PRF" hw="of" pos="PREP">of </w><w c5="NP0" hw="friday" pos="SUBST">Friday </w><w c5="AVQ-CJS" hw="when" pos="ADV">when </w><w c5="AT0" hw="a" pos="ART">a </w><w c5="AJ0" hw="broken-hearted" pos="ADJ">broken-hearted </w><w c5="AJ0" hw="bearded" pos="ADJ">bearded </w><w c5="NN1" hw="man" pos="SUBST">man </w><w c5="PRF" hw="of" pos="PREP">of </w><w c5="AJ0" hw="radical" pos="ADJ">radical </w><w c5="NN2" hw="inclination" pos="SUBST">inclinations </w><w c5="VVD" hw="tear" pos="VERB">tore </w><w c5="AVP" hw="down" pos="ADV">down </w><w c5="DPS" hw="he" pos="PRON">his </w><w c5="AJ0" hw="labour" pos="ADJ">Labour </w><w c5="NN2" hw="poster" pos="SUBST">posters </w><w c5="CJC" hw="and" pos="CONJ">and </w><w c5="VVD" hw="replace" pos="VERB">replaced </w><w c5="PNP" hw="they" pos="PRON">them </w><w c5="PRP" hw="with" pos="PREP">with </w><w c5="AT0" hw="a" pos="ART">a </w><w c5="AJ0" hw="single" pos="ADJ">single </w><w c5="AJ0" hw="bleak" pos="ADJ">bleak </w><w c5="NN1" hw="statement" pos="SUBST">statement </w><w c5="DTQ" hw="which" pos="PRON">which</w><c c5="PUN">, </c><w c5="AV0" hw="curiously" pos="ADV">curiously</w><c c5="PUN">, </c><w c5="PNP" hw="he" pos="PRON">he </w><w c5="VM0" hw="must" pos="VERB">must </w><w c5="VHI" hw="have" pos="VERB">have </w><w c5="VHN" hw="have" pos="VERB">had </w><w c5="VVN" hw="print" pos="VERB">printed </w><w c5="PRP" hw="before" pos="PREP">before </w><w c5="AT0" hw="the" pos="ART">the </w><w c5="NN1" hw="election" pos="SUBST">election</w><c c5="PUN">.</c></s>
<s n="42"><w c5="AT0" hw="the" pos="ART">The </w><w c5="NN1" hw="background" pos="SUBST">background </w><w c5="VBD" hw="be" pos="VERB">was </w><w c5="AJ0" hw="scarlet" pos="ADJ">scarlet</w><c c5="PUN">, </c><w c5="AT0" hw="the" pos="ART">the </w><w c5="NN1" hw="lettering" pos="SUBST">lettering </w><w c5="NN1-AJ0" hw="black" pos="SUBST">black </w><w c5="CJC" hw="and" pos="CONJ">and </w><w c5="AT0" hw="the" pos="ART">the </w><w c5="NN1" hw="poster" pos="SUBST">poster </w><w c5="VVD" hw="read" pos="VERB">read</w><c c5="PUN">: </c><w c5="AJ0" hw="moral" pos="ADJ">moral </w><c c5="PUN">— </c><w c5="VDB" hw="do" pos="VERB">do</w><w c5="XX0" hw="not" pos="ADV">n't </w><w c5="VVI" hw="give" pos="VERB">give </w><w c5="NN0" hw="sheep" pos="SUBST">sheep </w><w c5="AT0" hw="the" pos="ART">the </w><w c5="NN1" hw="vote" pos="SUBST">vote</w><c c5="PUN">.</c></s></p><p>
<s n="43"><w c5="DT0" hw="such" pos="ADJ">Such </w><w c5="AJ0" hw="wretched" pos="ADJ">wretched </w><w c5="NN1" hw="arrogance" pos="SUBST">arrogance </w><mw c5="PRP"><w c5="PRP" hw="on" pos="PREP">on </w><w c5="AT0" hw="the" pos="ART">the </w><w c5="NN1" hw="part" pos="SUBST">part </w><w c5="PRF" hw="of" pos="PREP">of </w></mw><w c5="AT0" hw="the" pos="ART">the </w><w c5="AJ0" hw="defeated" pos="ADJ">defeated </w><w c5="AJ0" hw="revolutionary" pos="ADJ">revolutionary </w><w c5="AV0" hw="so" pos="ADV">so </w><w c5="VVD-VVN" hw="enrage" pos="VERB">enraged </w><w c5="AT0" hw="the" pos="ART">the </w><w c5="AJ0-NN1" hw="tory-voting" pos="ADJ">Tory-voting </w><w c5="NN2" hw="entrepreneur" pos="SUBST">entrepreneurs </w><w c5="AJ0" hw="opposite" pos="ADJ">opposite </w><w c5="CJT" hw="that" pos="CONJ">that </w><w c5="PNP" hw="they" pos="PRON">they </w><w c5="VVB" hw="set" pos="VERB">set </w><w c5="AVP" hw="about" pos="ADV">about </w><w c5="VVG" hw="produce" pos="VERB">producing </w><w c5="AT0" hw="a" pos="ART">a </w><w c5="NN1" hw="reply" pos="SUBST">reply</w><c c5="PUN">, </c><mw c5="PRP"><w c5="AVP" hw="out" pos="ADV">out </w><w c5="PRF" hw="of" pos="PREP">of </w></mw><w c5="AJ0" hw="brown" pos="ADJ">brown </w><w c5="NN1" hw="wrapping" pos="SUBST">wrapping </w><w c5="NN1" hw="paper" pos="SUBST">paper </w><w c5="CJC" hw="and" pos="CONJ">and </w><w c5="VVB-NN1" hw="spray" pos="VERB">spray </w><w c5="NN1-VVB" hw="paint" pos="SUBST">paint</w><c c5="PUN">.</c></s>
<s n="44"><w c5="PRP" hw="by" pos="PREP">By </w><w c5="NN1" hw="midday" pos="SUBST">midday </w><w c5="PRP" hw="on" pos="PREP">on </w><w c5="NP0" hw="friday" pos="SUBST">Friday</w><c c5="PUN">, </c><w c5="AT0" hw="the" pos="ART">the </w><w c5="AJ0" hw="elegant" pos="ADJ">elegant </w><w c5="NN1" hw="facade" pos="SUBST">facade </w><w c5="PRF" hw="of" pos="PREP">of </w><w c5="DPS" hw="they" pos="PRON">their </w><w c5="NN1" hw="first-floor" pos="SUBST">first-floor </w><w c5="NN1" hw="flat" pos="SUBST">flat </w><w c5="VBD" hw="be" pos="VERB">was </w><w c5="VVN" hw="dominate" pos="VERB">dominated </w><w c5="PRP" hw="by" pos="PREP">by </w><w c5="AT0" hw="a" pos="ART">a </w><w c5="NN1" hw="banner" pos="SUBST">banner </w><w c5="VVG" hw="bear" pos="VERB">bearing </w><w c5="AT0" hw="the" pos="ART">the </w><w c5="NN1" hw="message" pos="SUBST">message</w><c c5="PUN">: </c><w c5="AJ0" hw="moral" pos="ADJ">moral </w><c c5="PUN">— </c><w c5="VVB" hw="get" pos="VERB">get </w><w c5="AJ0" hw="stuffed" pos="ADJ">stuffed </w><w c5="NN1" hw="boyo" pos="SUBST">boyo</w><c c5="PUN">.</c></s></p><p>
<s n="45"><w c5="AT0" hw="the" pos="ART">The </w><w c5="NN1" hw="heat" pos="SUBST">heat </w><w c5="VBD" hw="be" pos="VERB">was </w><w c5="AVP-PRP" hw="on" pos="ADV">on </w><w c5="CJC" hw="and" pos="CONJ">and</w><c c5="PUN">, </c><w c5="PRP" hw="over" pos="PREP">over </w><w c5="AT0" hw="the" pos="ART">the </w><w c5="ORD" hw="next" pos="ADJ">next </w><w c5="CRD" hw="24" pos="ADJ">24 </w><w c5="NN2" hw="hour" pos="SUBST">hours</w><c c5="PUN">, </c><w c5="NN2" hw="poster" pos="SUBST">posters </w><w c5="VVD" hw="proliferate" pos="VERB">proliferated </w><w c5="AV0" hw="alarmingly" pos="ADV">alarmingly</w><c c5="PUN">.</c></s>
<s n="46"><w c5="NN1" hw="democracy" pos="SUBST">democracy </w><w c5="VBZ" hw="be" pos="VERB">is </w><w c5="AJ0" hw="dead" pos="ADJ">dead</w><c c5="PUN">, </c><w c5="VVD" hw="lament" pos="VERB">lamented </w><w c5="AT0" hw="a" pos="ART">a </w><w c5="AJ0" hw="punky" pos="ADJ">punky </w><w c5="NN1" hw="schoolgirl" pos="SUBST">schoolgirl </w><w c5="PRP" hw="from" pos="PREP">from </w><w c5="DPS" hw="she" pos="PRON">her </w><w c5="NN1" hw="bedroom" pos="SUBST">bedroom </w><w c5="NN1" hw="window" pos="SUBST">window</w><c c5="PUN">; </c><w c5="NN1" hw="socialism" pos="SUBST">socialism </w><w c5="VVD" hw="kill" pos="VERB">killed </w><w c5="PNP" hw="it" pos="PRON">it</w><c c5="PUN">, </c><w c5="VVD" hw="proclaim" pos="VERB">proclaimed </w><w c5="AT0" hw="the" pos="ART">the </w><w c5="NN1" hw="gentleman" pos="SUBST">gentleman </w><w c5="PRP" hw="with" pos="PREP">with </w><w c5="NN2" hw="doberman" pos="SUBST">Dobermans </w><w c5="PRP" hw="from" pos="PREP">from </w><w c5="DPS" hw="he" pos="PRON">his </w><w c5="NN1" hw="sitting" pos="SUBST">sitting </w><w c5="NN1" hw="room" pos="SUBST">room </w><w c5="AV0" hw="below" pos="ADV">below</w><c c5="PUN">.</c></s>
<s n="47"><w c5="DT0" hw="some" pos="ADJ">Some </w><w c5="PRF" hw="of" pos="PREP">of </w><w c5="AT0" hw="the" pos="ART">the </w><w c5="NN2" hw="exchange" pos="SUBST">exchanges </w><w c5="VBD" hw="be" pos="VERB">were </w><w c5="AV0" hw="rather" pos="ADV">rather </w><w c5="AV0" hw="less" pos="ADV">less </w><w c5="AJ0" hw="thoughtful" pos="ADJ">thoughtful</w><c c5="PUN">: </c><w c5="VVB" hw="eat" pos="VERB">eat </w><w c5="AT0" hw="the" pos="ART">the </w><w c5="AJ0" hw="rich" pos="ADJ">rich </w><w c5="VVD" hw="read" pos="VERB">read </w><w c5="CRD" hw="one" pos="ADJ">one </w><w c5="NN1" hw="window" pos="SUBST">window</w><c c5="PUN">, </c><w c5="VVB" hw="kill" pos="VERB">kill </w><w c5="AT0" hw="the" pos="ART">the </w><w c5="AJ0" hw="poor" pos="ADJ">poor </w><w c5="VVD" hw="reply" pos="VERB">replied </w><w c5="DT0" hw="another" pos="ADJ">another</w><c c5="PUN">.</c></s></p><p>
<s n="48"><mw c5="AV0"><w c5="CJC" hw="and" pos="CONJ">And </w><w c5="AV0" hw="so" pos="ADV">so </w><w c5="AV0" hw="on" pos="ADV">on</w></mw><c c5="PUN">.</c></s>
<s n="49"><w c5="PNP" hw="we" pos="PRON">We </w><w c5="VBB" hw="be" pos="VERB">are</w><c c5="PUN">, </c><w c5="PNP" hw="it" pos="PRON">it </w><w c5="VM0" hw="would" pos="VERB">would </w><w c5="VVI" hw="appear" pos="VERB">appear</w><c c5="PUN">, </c><w c5="AT0" hw="a" pos="ART">a </w><w c5="AV0" hw="passionately" pos="ADV">passionately </w><w c5="AJ0" hw="political" pos="ADJ">political </w><w c5="NN1" hw="nation" pos="SUBST">nation</w><c c5="PUN">.</c></s></p></div></wtext></bncDoc>
