<bncDoc xml:id="AKW"><teiHeader><fileDesc><titleStmt><title>  Daily Telegraph, electronic edition of 1992-04-16: Applied Science pages. Sample containing about 566 words from a periodical (domain: natural sciences) </title><respStmt><resp> Data capture and transcription </resp><name> Oxford University Press </name> </respStmt></titleStmt><editionStmt><edition>BNC XML Edition, December 2006</edition></editionStmt><extent> 566 tokens; 571 w-units; 31 s-units </extent><publicationStmt><distributor>Distributed under licence by Oxford University Computing Services on behalf of the BNC Consortium.</distributor><availability> This material is protected by international copyright laws and may not be copied or redistributed in any way. Consult the BNC Web Site at http://www.natcorp.ox.ac.uk for full licencing and distribution conditions.</availability><idno type="bnc">AKW</idno><idno type="old"> DlPurS </idno></publicationStmt><sourceDesc><bibl><title>Daily Telegraph, electronic edition of 1992-04-16: Applied Science pages.</title> <imprint n="DAILYT1"><publisher>The Daily Telegraph plc</publisher> <pubPlace>London</pubPlace> <date value="1992">1992</date> </imprint> </bibl></sourceDesc></fileDesc><encodingDesc><tagsDecl><namespace name=""><tagUsage gi="c" occurs="72"/><tagUsage gi="div" occurs="2"/><tagUsage gi="head" occurs="4"/><tagUsage gi="mw" occurs="5"/><tagUsage gi="p" occurs="17"/><tagUsage gi="s" occurs="31"/><tagUsage gi="w" occurs="571"/></namespace></tagsDecl></encodingDesc><profileDesc><creation date="1992"> </creation><textClass><catRef targets="WRI ALLTIM3 ALLAVA2 ALLTYP3 WRIAAG0 WRIAD0 WRIASE3 WRIATY2 WRIAUD3 WRIDOM2 WRILEV2 WRIMED2 WRIPP5 WRISAM0 WRISTA3 WRITAS3"/><classCode scheme="DLEE">W newsp brdsht nat: science</classCode><keywords><term> (none) </term></keywords></textClass></profileDesc><revisionDesc><change date="2006-10-21" who="#OUCS">Tag usage updated for BNC-XML</change><change date="2000-12-13" who="#OUCS">Last check for BNC World first release</change><change date="2000-09-06" who="#OUCS">Redo tagusage tables</change><change date="2000-09-01" who="#OUCS">Check all tagcounts</change><change date="2000-06-23" who="#OUCS">Resequenced s-units and added headers</change><change date="2000-01-21" who="#OUCS">Added date info</change><change date="2000-01-09" who="#OUCS">Updated all catrefs</change><change date="2000-01-08" who="#OUCS">Updated source title</change><change date="2000-01-08" who="#OUCS">Updated titles</change><change date="1999-12-25" who="#OUCS">corrected tagUsage</change><change date="1999-09-13" who="#UCREL">POS codes revised for BNC-2; header updated</change><change date="1994-11-24" who="#dominic">Initial accession to corpus</change></revisionDesc></teiHeader>
<wtext type="NEWS"><div level="1"><head type="MAIN">
<s n="1"><w c5="AV0" hw="just" pos="ADV">Just </w><w c5="DTQ" hw="what" pos="PRON">what </w><w c5="AT0" hw="the" pos="ART">the </w><w c5="NN1" hw="curry" pos="SUBST">curry </w><w c5="NN1" hw="addict" pos="SUBST">addict </w><w c5="VVD-VVN" hw="order" pos="VERB">ordered </w><w c5="TO0" hw="to" pos="PREP">to </w><w c5="VVI" hw="take" pos="VERB">take </w><w c5="AV0" hw="away" pos="ADV">away </w><w c5="NN1-VVB" hw="pain" pos="SUBST">pain</w></s></head><head type="BYLINE">
<s n="2"><w c5="PRP" hw="by" pos="PREP">By </w><w c5="NP0" hw="christine" pos="SUBST">Christine </w><w c5="NP0" hw="mcgourty" pos="SUBST">McGourty</w><c c5="PUN">, </c><w c5="NN1" hw="technology" pos="SUBST">Technology </w><w c5="NN1" hw="correspondent" pos="SUBST">Correspondent</w></s></head><p>
<s n="3"><w c5="NN1-NP0" hw="curry" pos="SUBST">CURRY </w><w c5="NN2" hw="lover" pos="SUBST">lovers </w><w c5="PNQ" hw="who" pos="PRON">who </w><w c5="AV0" hw="regularly" pos="ADV">regularly </w><w c5="VVB" hw="put" pos="VERB">put </w><w c5="PNX" hw="themselves" pos="PRON">themselves </w><w c5="PRP" hw="through" pos="PREP">through </w><w c5="AT0" hw="the" pos="ART">the </w><w c5="NN1" hw="pain" pos="SUBST">pain </w><w c5="PRF" hw="of" pos="PREP">of </w><w c5="VVG" hw="eat" pos="VERB">eating </w><w c5="AJ0" hw="hot" pos="ADJ">hot</w><c c5="PUN">, </c><w c5="AJ0" hw="spicy" pos="ADJ">spicy </w><w c5="NN1" hw="food" pos="SUBST">food </w><w c5="VM0" hw="may" pos="VERB">may </w><w c5="VBI" hw="be" pos="VERB">be </w><w c5="AV0" hw="physically" pos="ADV">physically </w><w c5="VVN" hw="addict" pos="VERB">addicted </w><w c5="PRP" hw="to" pos="PREP">to </w><w c5="AT0" hw="the" pos="ART">the </w><c c5="PUQ">‘</c><w c5="NN1" hw="high" pos="SUBST">high</w><c c5="PUQ">’ </c><w c5="PNP" hw="it" pos="PRON">it </w><w c5="VVZ" hw="give" pos="VERB">gives</w><c c5="PUN">, </c><mw c5="PRP"><w c5="VVG" hw="accord" pos="VERB">according </w><w c5="PRP" hw="to" pos="PREP">to </w></mw><w c5="AJ0" hw="new" pos="ADJ">new </w><w c5="NN1" hw="research" pos="SUBST">research</w><c c5="PUN">.</c></s></p><p>
<s n="4"><w c5="AT0" hw="a" pos="ART">A </w><w c5="NN1" hw="study" pos="SUBST">study </w><w c5="VVD" hw="show" pos="VERB">showed </w><w c5="DT0-CJT" hw="that" pos="ADJ">that </w><w c5="NN1" hw="capsaicin" pos="SUBST">capsaicin</w><c c5="PUN">, </c><w c5="AT0" hw="the" pos="ART">the </w><c c5="PUQ">‘</c><w c5="AJ0" hw="hot" pos="ADJ">hot</w><c c5="PUQ">’ </c><w c5="NN1" hw="ingredient" pos="SUBST">ingredient </w><w c5="PRP" hw="in" pos="PREP">in </w><w c5="NN1" hw="chilli" pos="SUBST">chilli</w><c c5="PUN">, </c><w c5="VVZ" hw="enhance" pos="VERB">enhances </w><w c5="AT0" hw="the" pos="ART">the </w><w c5="NN1" hw="appreciation" pos="SUBST">appreciation </w><w c5="PRF" hw="of" pos="PREP">of </w><w c5="NN1" hw="food" pos="SUBST">food </w><w c5="CJC" hw="and" pos="CONJ">and </w><w c5="VM0" hw="may" pos="VERB">may </w><w c5="VVI" hw="stimulate" pos="VERB">stimulate </w><w c5="AT0" hw="the" pos="ART">the </w><w c5="NN1" hw="body" pos="SUBST">body</w><w c5="POS" hw="'s" pos="UNC">'s </w><w c5="AJ0" hw="natural" pos="ADJ">natural </w><w c5="NN2" hw="painkiller" pos="SUBST">painkillers </w><w c5="PRP" hw="in" pos="PREP">in </w><w c5="AT0" hw="a" pos="ART">a </w><w c5="NN1" hw="way" pos="SUBST">way </w><w c5="CJT" hw="that" pos="CONJ">that </w><w c5="VM0" hw="could" pos="VERB">could </w><w c5="VBI" hw="be" pos="VERB">be </w><w c5="AJ0" hw="addictive" pos="ADJ">addictive</w><c c5="PUN">.</c></s></p><p>
<s n="5"><w c5="VVN" hw="find" pos="VERB">Found </w><w c5="PRP" hw="in" pos="PREP">in </w><w c5="AJ0" hw="red" pos="ADJ">red </w><w c5="NN2" hw="pepper" pos="SUBST">peppers </w><w c5="CJC" hw="and" pos="CONJ">and </w><w c5="NN1" hw="chilli" pos="SUBST">chilli </w><w c5="NN2" hw="pepper" pos="SUBST">peppers</w><c c5="PUN">, </c><w c5="NN1" hw="capsaicin" pos="SUBST">capsaicin </w><w c5="VVZ" hw="cause" pos="VERB">causes </w><w c5="AT0" hw="a" pos="ART">a </w><w c5="NN1" hw="sensation" pos="SUBST">sensation </w><w c5="PRF" hw="of" pos="PREP">of </w><w c5="AJ0" hw="burning" pos="ADJ">burning </w><w c5="NN1" hw="pain" pos="SUBST">pain </w><w c5="PRP" hw="in" pos="PREP">in </w><w c5="AT0" hw="the" pos="ART">the </w><w c5="NN1" hw="mouth" pos="SUBST">mouth </w><w c5="PRP" hw="by" pos="PREP">by </w><w c5="VVG" hw="trigger" pos="VERB">triggering </w><w c5="AT0" hw="the" pos="ART">the </w><w c5="AJ0" hw="trigeminal" pos="ADJ">trigeminal </w><w c5="NN1" hw="nerve" pos="SUBST">nerve</w><c c5="PUN">, </c><w c5="DTQ" hw="which" pos="PRON">which </w><w c5="VHZ" hw="have" pos="VERB">has </w><w c5="NN2" hw="branch" pos="SUBST">branches </w><w c5="PRP" hw="in" pos="PREP">in </w><w c5="AT0" hw="the" pos="ART">the </w><w c5="NN2" hw="eye" pos="SUBST">eyes</w><c c5="PUN">, </c><w c5="NN1" hw="nose" pos="SUBST">nose</w><c c5="PUN">, </c><w c5="NN1" hw="tongue" pos="SUBST">tongue </w><w c5="CJC" hw="and" pos="CONJ">and </w><w c5="NN1" hw="mouth" pos="SUBST">mouth</w><c c5="PUN">.</c></s>
<s n="6"><w c5="CJC" hw="but" pos="CONJ">But </w><w c5="PNP" hw="it" pos="PRON">it </w><w c5="VDZ" hw="do" pos="VERB">does </w><w c5="XX0" hw="not" pos="ADV">not </w><w c5="VVI" hw="activate" pos="VERB">activate </w><w c5="NN1" hw="taste" pos="SUBST">taste </w><w c5="NN2" hw="bud" pos="SUBST">buds </w><w c5="CJC" hw="and" pos="CONJ">and </w><w c5="VHZ" hw="have" pos="VERB">has </w><w c5="AT0" hw="no" pos="ART">no </w><w c5="AJ0" hw="intrinsic" pos="ADJ">intrinsic </w><w c5="NN1" hw="flavour" pos="SUBST">flavour</w><c c5="PUN">.</c></s></p><p>
<s n="7"><w c5="NP0" hw="dr" pos="SUBST">Dr </w><w c5="NP0" hw="john" pos="SUBST">John </w><w c5="NP0" hw="prescott" pos="SUBST">Prescott </w><w c5="PRF" hw="of" pos="PREP">of </w><w c5="AT0" hw="the" pos="ART">the </w><w c5="NP0" hw="csiro" pos="SUBST">CSIRO</w><c c5="PUN">, </c><w c5="NP0" hw="australia" pos="SUBST">Australia</w><w c5="POS" hw="'s" pos="UNC">'s </w><w c5="AJ0" hw="national" pos="ADJ">national </w><w c5="NN1" hw="research" pos="SUBST">research </w><w c5="NN1" hw="organisation" pos="SUBST">organisation</w><c c5="PUN">, </c><w c5="CJC" hw="and" pos="CONJ">and </w><w c5="NN2" hw="colleague" pos="SUBST">colleagues </w><w c5="PRP" hw="at" pos="PREP">at </w><w c5="AT0" hw="the" pos="ART">the </w><w c5="AJ0" hw="sensory" pos="ADJ">Sensory </w><w c5="NN1" hw="research" pos="SUBST">Research </w><w c5="NN1" hw="centre" pos="SUBST">Centre </w><w c5="PRP" hw="in" pos="PREP">in </w><w c5="NP0" hw="sydney" pos="SUBST">Sydney </w><w c5="VVD" hw="look" pos="VERB">looked </w><w c5="PRP" hw="at" pos="PREP">at </w><w c5="AVQ" hw="how" pos="ADV">how </w><w c5="AJ0" hw="different" pos="ADJ">different </w><w c5="NN2" hw="amount" pos="SUBST">amounts </w><w c5="PRF" hw="of" pos="PREP">of </w><w c5="NN1" hw="capsaicin" pos="SUBST">capsaicin </w><w c5="VVN-VVD" hw="affect" pos="VERB">affected </w><w c5="AT0" hw="the" pos="ART">the </w><w c5="NN1" hw="flavour" pos="SUBST">flavour </w><w c5="CJC" hw="and" pos="CONJ">and </w><w c5="NN1" hw="intensity" pos="SUBST">intensity </w><w c5="PRF" hw="of" pos="PREP">of </w><w c5="NN2" hw="solution" pos="SUBST">solutions </w><w c5="PRF" hw="of" pos="PREP">of </w><w c5="NN1" hw="sugar" pos="SUBST">sugar </w><w c5="CJC" hw="and" pos="CONJ">and </w><w c5="NN1" hw="salt" pos="SUBST">salt</w><c c5="PUN">.</c></s></p><p>
<s n="8"><w c5="AT0" hw="the" pos="ART">The </w><w c5="NN2" hw="researcher" pos="SUBST">researchers </w><w c5="VVN" hw="select" pos="VERB">selected </w><w c5="CRD" hw="35" pos="ADJ">35 </w><w c5="NN0" hw="people" pos="SUBST">people </w><w c5="PNQ" hw="who" pos="PRON">who </w><w c5="VVD" hw="eat" pos="VERB">ate </w><w c5="AJ0" hw="spicy" pos="ADJ">spicy </w><w c5="NN1" hw="food" pos="SUBST">food </w><w c5="AV0" hw="regularly" pos="ADV">regularly </w><w c5="CJC" hw="and" pos="CONJ">and </w><w c5="VVD" hw="give" pos="VERB">gave </w><w c5="CRD" hw="19" pos="ADJ">19 </w><w c5="PRF" hw="of" pos="PREP">of </w><w c5="PNP" hw="they" pos="PRON">them </w><w c5="CRD" hw="32" pos="ADJ">32 </w><w c5="NN2" hw="solution" pos="SUBST">solutions </w><w c5="VVG" hw="contain" pos="VERB">containing </w><w c5="AJ0" hw="different" pos="ADJ">different </w><w c5="NN2" hw="amount" pos="SUBST">amounts </w><w c5="PRF" hw="of" pos="PREP">of </w><w c5="NN1" hw="capsaicin" pos="SUBST">capsaicin </w><w c5="CJC" hw="and" pos="CONJ">and </w><w c5="NN1" hw="sugar" pos="SUBST">sugar</w><c c5="PUN">.</c></s>
<s n="9"><w c5="AT0" hw="the" pos="ART">The </w><w c5="NN2" hw="other" pos="SUBST">others </w><w c5="VBD" hw="be" pos="VERB">were </w><w c5="VVN" hw="ask" pos="VERB">asked </w><w c5="TO0" hw="to" pos="PREP">to </w><w c5="VVI" hw="taste" pos="VERB">taste </w><w c5="CJC" hw="and" pos="CONJ">and </w><w c5="NN1" hw="rate" pos="SUBST">rate </w><w c5="CRD" hw="32" pos="ADJ">32 </w><w c5="NN2" hw="solution" pos="SUBST">solutions </w><w c5="PRF" hw="of" pos="PREP">of </w><w c5="NN1" hw="capsaicin" pos="SUBST">capsaicin </w><w c5="VVN-VVD" hw="mix" pos="VERB">mixed </w><w c5="PRP" hw="with" pos="PREP">with </w><w c5="NN1" hw="salt" pos="SUBST">salt</w><c c5="PUN">.</c></s></p><p>
<s n="10"><w c5="PNP" hw="they" pos="PRON">They </w><w c5="VVD" hw="find" pos="VERB">found </w><w c5="CJT" hw="that" pos="CONJ">that </w><w c5="AV0" hw="even" pos="ADV">even </w><w c5="AJ0" hw="small" pos="ADJ">small </w><w c5="NN2" hw="amount" pos="SUBST">amounts </w><w c5="PRF" hw="of" pos="PREP">of </w><w c5="NN1" hw="capsaicin" pos="SUBST">capsaicin </w><w c5="VVD" hw="increase" pos="VERB">increased </w><w c5="AT0" hw="the" pos="ART">the </w><w c5="AJ0" hw="perceived" pos="ADJ">perceived </w><w c5="NN1" hw="strength" pos="SUBST">strength </w><w c5="PRF" hw="of" pos="PREP">of </w><w c5="AT0" hw="the" pos="ART">the </w><w c5="NN2" hw="solution" pos="SUBST">solutions</w><c c5="PUN">.</c></s>
<s n="11"><w c5="NP0" hw="dr" pos="SUBST">Dr </w><w c5="NP0" hw="prescott" pos="SUBST">Prescott </w><w c5="VVD" hw="say" pos="VERB">said </w><w c5="PRP-AVP" hw="in" pos="PREP">in </w><w c5="AJ0" hw="new" pos="ADJ">New </w><w c5="NN1" hw="scientist" pos="SUBST">Scientist </w><w c5="AV0" hw="today" pos="ADV">today </w><w c5="CJT" hw="that" pos="CONJ">that </w><w c5="PNP" hw="it" pos="PRON">it </w><w c5="VVD" hw="give" pos="VERB">gave </w><w c5="AT0" hw="a" pos="ART">a </w><c c5="PUQ">‘</c><w c5="AJ0" hw="big" pos="ADJ">big </w><w c5="NN1" hw="boost" pos="SUBST">boost</w><c c5="PUQ">’ </c><w c5="DTQ" hw="which" pos="PRON">which </w><w c5="NN1-VVB" hw="salt" pos="SUBST">salt </w><w c5="CJC" hw="or" pos="CONJ">or </w><w c5="NN1-VVB" hw="sugar" pos="SUBST">sugar </w><w c5="AV0" hw="alone" pos="ADV">alone </w><w c5="VM0" hw="could" pos="VERB">could </w><w c5="XX0" hw="not" pos="ADV">not </w><w c5="VVI" hw="provide" pos="VERB">provide</w><c c5="PUN">.</c></s></p><p>
<s n="12"><w c5="DT0" hw="this" pos="ADJ">This </w><w c5="VM0" hw="may" pos="VERB">may </w><w c5="VBI" hw="be" pos="VERB">be </w><w c5="VVN" hw="cause" pos="VERB">caused </w><w c5="CJS" hw="when" pos="CONJ">when </w><w c5="NN1" hw="capsaicin" pos="SUBST">capsaicin </w><w c5="VVZ" hw="trigger" pos="VERB">triggers </w><w c5="AT0" hw="the" pos="ART">the </w><w c5="NN1" hw="release" pos="SUBST">release </w><w c5="PRF" hw="of" pos="PREP">of </w><w c5="NN2" hw="endorphin" pos="SUBST">endorphins</w><c c5="PUN">, </c><w c5="AT0" hw="the" pos="ART">the </w><w c5="NN1" hw="body" pos="SUBST">body</w><w c5="POS" hw="'s" pos="UNC">'s </w><w c5="AJ0" hw="natural" pos="ADJ">natural </w><w c5="NN2" hw="painkiller" pos="SUBST">painkillers</w><c c5="PUN">.</c></s>
<s n="13"><w c5="DT0" hw="these" pos="ADJ">These </w><w c5="VM0" hw="can" pos="VERB">can </w><w c5="VVI" hw="create" pos="VERB">create </w><w c5="AT0" hw="a" pos="ART">a </w><w c5="NN1" hw="sense" pos="SUBST">sense </w><w c5="PRF" hw="of" pos="PREP">of </w><w c5="NN1" hw="pleasure" pos="SUBST">pleasure </w><w c5="CJC" hw="or" pos="CONJ">or </w><w c5="NN1" hw="well-being" pos="SUBST">well-being</w><c c5="PUN">, </c><mw c5="CJS"><w c5="AV0" hw="so" pos="ADV">so </w><w c5="CJT" hw="that" pos="CONJ">that </w></mw><w c5="CJS" hw="when" pos="CONJ">when </w><w c5="NN1" hw="food" pos="SUBST">food </w><w c5="VVZ" hw="contain" pos="VERB">contains </w><w c5="NN1" hw="capsaicin" pos="SUBST">capsaicin</w><c c5="PUN">, </c><w c5="AT0" hw="the" pos="ART">the </w><w c5="NN1" hw="experience" pos="SUBST">experience </w><w c5="PRF" hw="of" pos="PREP">of </w><w c5="NN1" hw="eating" pos="SUBST">eating </w><w c5="VBZ" hw="be" pos="VERB">is </w><w c5="AV0" hw="more" pos="ADV">more </w><w c5="AJ0" hw="intense" pos="ADJ">intense </w><w c5="CJC" hw="and" pos="CONJ">and </w><w c5="AT0" hw="the" pos="ART">the </w><w c5="NN1" hw="food" pos="SUBST">food </w><w c5="VVZ" hw="seem" pos="VERB">seems </w><w c5="AV0" hw="more" pos="ADV">more </w><w c5="AV0" hw="highly" pos="ADV">highly </w><w c5="VVN-VVD" hw="flavour" pos="VERB">flavoured</w><c c5="PUN">.</c></s></p><p>
<s n="14"><c c5="PUQ">‘</c><w c5="PNP" hw="it" pos="PRON">It</w><w c5="VBZ" hw="be" pos="VERB">'s </w><w c5="AJ0" hw="possible" pos="ADJ">possible </w><w c5="CJT" hw="that" pos="CONJ">that </w><w c5="NN0" hw="people" pos="SUBST">people </w><w c5="VBB" hw="be" pos="VERB">are </w><w c5="VVG" hw="get" pos="VERB">getting </w><w c5="AT0" hw="a" pos="ART">a </w><w c5="NN1" hw="bit" pos="SUBST">bit </w><w c5="PRF" hw="of" pos="PREP">of </w><w c5="AT0" hw="a" pos="ART">a </w><w c5="NN1" hw="high" pos="SUBST">high </w><w c5="PRP" hw="from" pos="PREP">from </w><w c5="VVG" hw="eat" pos="VERB">eating </w><w c5="AJ0" hw="hot" pos="ADJ">hot </w><w c5="NN1" hw="food" pos="SUBST">food</w><c c5="PUN">,</c><c c5="PUQ">’ </c><w c5="VVD" hw="say" pos="VERB">said </w><w c5="NP0" hw="dr" pos="SUBST">Dr </w><w c5="NP0" hw="prescott" pos="SUBST">Prescott</w><c c5="PUN">.</c></s>
<s n="15"><c c5="PUQ">‘</c><w c5="PNP" hw="it" pos="PRON">It </w><w c5="VVZ" hw="give" pos="VERB">gives </w><w c5="DPS" hw="you" pos="PRON">your </w><w c5="NN1" hw="mood" pos="SUBST">mood </w><w c5="AT0" hw="a" pos="ART">a </w><w c5="NN1" hw="bit" pos="SUBST">bit </w><w c5="PRF" hw="of" pos="PREP">of </w><w c5="AT0" hw="a" pos="ART">a </w><w c5="NN1" hw="lift" pos="SUBST">lift</w><c c5="PUN">.</c><c c5="PUQ">’</c></s>
<s n="16"><w c5="CJS" hw="because" pos="CONJ">Because </w><w c5="NN0" hw="people" pos="SUBST">people </w><w c5="VM0" hw="could" pos="VERB">could </w><w c5="VVI" hw="become" pos="VERB">become </w><w c5="AJ0" hw="used" pos="ADJ">used </w><w c5="PRP" hw="to" pos="PREP">to </w><w c5="AJ0" hw="increased" pos="ADJ">increased </w><w c5="NN2" hw="level" pos="SUBST">levels </w><w c5="PRF" hw="of" pos="PREP">of </w><w c5="AT0" hw="the" pos="ART">the </w><w c5="NN2" hw="endorphin" pos="SUBST">endorphins </w><w c5="PNP" hw="it" pos="PRON">it </w><w c5="VVZ" hw="stimulate" pos="VERB">stimulates</w><c c5="PUN">, </c><w c5="VVG" hw="eat" pos="VERB">eating </w><w c5="AJ0" hw="spicy" pos="ADJ">spicy </w><w c5="NN1" hw="food" pos="SUBST">food </w><w c5="VM0" hw="could" pos="VERB">could </w><w c5="VBI" hw="be" pos="VERB">be </w><w c5="AJ0" hw="addictive" pos="ADJ">addictive</w><c c5="PUN">.</c></s></p><p>
<s n="17"><w c5="NN2" hw="study" pos="SUBST">Studies </w><w c5="VVD" hw="show" pos="VERB">showed </w><w c5="CJT" hw="that" pos="CONJ">that </w><w c5="NN0" hw="people" pos="SUBST">people </w><w c5="VVN-AJ0" hw="accustom" pos="VERB">accustomed </w><w c5="PRP" hw="to" pos="PREP">to </w><w c5="VVG" hw="eat" pos="VERB">eating </w><w c5="AT0" hw="a" pos="ART">a </w><w c5="NN1" hw="lot" pos="SUBST">lot </w><w c5="PRF" hw="of" pos="PREP">of </w><w c5="AJ0" hw="hot" pos="ADJ">hot </w><w c5="NN1" hw="food" pos="SUBST">food </w><w c5="VHD" hw="have" pos="VERB">had </w><w c5="NN2" hw="craving" pos="SUBST">cravings </w><w c5="PRP" hw="for" pos="PREP">for </w><w c5="PNP" hw="it" pos="PRON">it </w><w c5="CJS" hw="when" pos="CONJ">when </w><w c5="VVN" hw="deny" pos="VERB">denied </w><w c5="PNP" hw="it" pos="PRON">it</w><c c5="PUN">, </c><w c5="CJC" hw="and" pos="CONJ">and </w><w c5="NN0" hw="people" pos="SUBST">people </w><w c5="VVD" hw="become" pos="VERB">became </w><w c5="AV0" hw="more" pos="ADV">more </w><w c5="AJ0" hw="tolerant" pos="ADJ">tolerant </w><w c5="PRF" hw="of" pos="PREP">of </w><w c5="AJ0" hw="spicy" pos="ADJ">spicy </w><w c5="NN1" hw="food" pos="SUBST">food </w><w c5="AT0" hw="the" pos="ART">the </w><w c5="AV0" hw="more" pos="ADV">more </w><w c5="PNP" hw="they" pos="PRON">they </w><w c5="VVD" hw="eat" pos="VERB">ate</w><c c5="PUN">.</c></s></p><p>
<s n="18"><c c5="PUQ">‘</c><w c5="AT0" hw="the" pos="ART">The </w><w c5="ORD" hw="first" pos="ADJ">first </w><w c5="NN1" hw="bite" pos="SUBST">bite </w><w c5="PRF" hw="of" pos="PREP">of </w><w c5="AJ0" hw="mild" pos="ADJ">mild </w><w c5="NN1" hw="curry" pos="SUBST">curry </w><w c5="VVZ" hw="lead" pos="VERB">leads </w><mw c5="PRP"><w c5="AVP" hw="on" pos="ADV">on </w><w c5="PRP" hw="to" pos="PREP">to </w></mw><w c5="AT0" hw="the" pos="ART">the </w><w c5="NN1" hw="vindaloo" pos="SUBST">vindaloo</w><c c5="PUN">,</c><c c5="PUQ">’ </c><w c5="PNP" hw="he" pos="PRON">he </w><w c5="VVD" hw="say" pos="VERB">said</w><c c5="PUN">.</c></s></p></div><div level="1"><head type="MAIN">
<s n="19"><w c5="NN1" hw="cancer" pos="SUBST">Cancer </w><w c5="NN1-VVB" hw="link" pos="SUBST">link </w><w c5="PRP" hw="to" pos="PREP">to </w><w c5="NN1" hw="halogen" pos="SUBST">halogen </w><w c5="NN2" hw="lamp" pos="SUBST">lamps</w></s></head><head type="BYLINE">
<s n="20"><w c5="PRP" hw="by" pos="PREP">By </w><w c5="NP0" hw="christine" pos="SUBST">Christine </w><w c5="NP0" hw="mcgourty" pos="SUBST">McGourty</w><c c5="PUN">, </c><w c5="NN1" hw="technology" pos="SUBST">Technology </w><w c5="NN1" hw="correspondent" pos="SUBST">Correspondent</w></s></head><p>
<s n="21"><w c5="AJ0" hw="protective" pos="ADJ">PROTECTIVE </w><w c5="NN2" hw="cover" pos="SUBST">covers </w><w c5="VM0" hw="should" pos="VERB">should </w><w c5="VBI" hw="be" pos="VERB">be </w><w c5="AJ0" hw="mandatory" pos="ADJ">mandatory </w><w c5="PRP" hw="on" pos="PREP">on </w><w c5="NN1" hw="halogen" pos="SUBST">halogen </w><w c5="NN2" hw="lamp" pos="SUBST">lamps </w><w c5="TO0" hw="to" pos="PREP">to </w><w c5="VVI" hw="prevent" pos="VERB">prevent </w><w c5="NN2" hw="user" pos="SUBST">users </w><w c5="VVG-AJ0" hw="contract" pos="VERB">contracting </w><w c5="NN1" hw="skin" pos="SUBST">skin </w><w c5="NN1" hw="cancer" pos="SUBST">cancer</w><c c5="PUN">, </c><w c5="NN2" hw="researcher" pos="SUBST">researchers </w><w c5="VVB" hw="say" pos="VERB">say </w><w c5="AV0" hw="today" pos="ADV">today</w><c c5="PUN">.</c></s></p><p>
<s n="22"><w c5="AT0" hw="the" pos="ART">The </w><w c5="NN2" hw="lamp" pos="SUBST">lamps </w><w c5="VVB" hw="emit" pos="VERB">emit </w><w c5="AJ0" hw="ultra-violet" pos="ADJ">ultra-violet </w><w c5="NN1" hw="radiation" pos="SUBST">radiation </w><w c5="DTQ" hw="which" pos="PRON">which </w><w c5="VHZ" hw="have" pos="VERB">has </w><w c5="AJ0" hw="powerful" pos="ADJ">powerful </w><w c5="AJ0-NN1" hw="cancer-causing" pos="ADJ">cancer-causing </w><w c5="NN2" hw="ability" pos="SUBST">abilities</w><c c5="PUN">, </c><mw c5="PRP"><w c5="VVG" hw="accord" pos="VERB">according </w><w c5="PRP" hw="to" pos="PREP">to </w></mw><w c5="AT0" hw="a" pos="ART">a </w><w c5="AJ0" hw="small" pos="ADJ">small </w><w c5="NN1" hw="pilot" pos="SUBST">pilot </w><w c5="NN1" hw="study" pos="SUBST">study </w><w c5="PRP" hw="on" pos="PREP">on </w><w c5="DPS" hw="it" pos="PRON">its </w><w c5="NN2" hw="effect" pos="SUBST">effects </w><w c5="PRP" hw="on" pos="PREP">on </w><w c5="NN2" hw="mouse" pos="SUBST">mice</w><c c5="PUN">.</c></s></p><p>
<s n="23"><w c5="NP0" hw="dr" pos="SUBST">Dr </w><w c5="NP0" hw="silvio" pos="SUBST">Silvio </w><w c5="NP0" hw="de" pos="SUBST">de </w><w c5="NP0" hw="flora" pos="SUBST">Flora </w><w c5="CJC" hw="and" pos="CONJ">and </w><w c5="NP0" hw="dr" pos="SUBST">Dr </w><w c5="NP0" hw="francesco" pos="SUBST">Francesco </w><w c5="NP0" hw="d'agostini" pos="SUBST">D'Agostini</w><c c5="PUN">, </c><w c5="PRF" hw="of" pos="PREP">of </w><w c5="NP0" hw="genoa" pos="SUBST">Genoa </w><w c5="NN1" hw="university" pos="SUBST">University</w><c c5="PUN">, </c><w c5="VVD" hw="expose" pos="VERB">exposed </w><w c5="CRD" hw="four" pos="ADJ">four </w><w c5="NN2" hw="mouse" pos="SUBST">mice </w><w c5="PRP" hw="to" pos="PREP">to </w><w c5="AT0" hw="a" pos="ART">a </w><w c5="CRD" hw="50" pos="ADJ">50 </w><w c5="NN1" hw="watt" pos="SUBST">watt </w><w c5="NN1" hw="halogen" pos="SUBST">halogen </w><w c5="NN1" hw="lamp" pos="SUBST">lamp </w><w c5="PRP" hw="for" pos="PREP">for </w><w c5="CRD" hw="12" pos="ADJ">12 </w><w c5="NN2" hw="hour" pos="SUBST">hours </w><w c5="AT0" hw="a" pos="ART">a </w><w c5="NN1" hw="day" pos="SUBST">day</w><c c5="PUN">.</c></s>
<s n="24"><w c5="DT0" hw="another" pos="ADJ">Another </w><w c5="CRD" hw="four" pos="ADJ">four </w><w c5="NN2" hw="mouse" pos="SUBST">mice </w><w c5="VBD" hw="be" pos="VERB">were </w><w c5="VVN" hw="expose" pos="VERB">exposed </w><w c5="PRP" hw="to" pos="PREP">to </w><w c5="AT0" hw="the" pos="ART">the </w><w c5="DT0" hw="same" pos="ADJ">same </w><w c5="NN1" hw="lamp" pos="SUBST">lamp </w><w c5="PRP" hw="with" pos="PREP">with </w><w c5="AT0" hw="a" pos="ART">a </w><w c5="NN1" hw="glass" pos="SUBST">glass </w><w c5="NN1-VVB" hw="cover" pos="SUBST">cover </w><w c5="PRP" hw="on" pos="PREP">on </w><w c5="PNP" hw="it" pos="PRON">it</w><c c5="PUN">.</c></s></p><p>
<s n="25"><w c5="AT0" hw="the" pos="ART">The </w><w c5="AJ0" hw="unprotected" pos="ADJ">unprotected </w><w c5="NN2" hw="mouse" pos="SUBST">mice </w><w c5="VVD" hw="begin" pos="VERB">began </w><w c5="TO0" hw="to" pos="PREP">to </w><w c5="VVI" hw="develop" pos="VERB">develop </w><w c5="NN2" hw="tumour" pos="SUBST">tumours </w><w c5="PRP" hw="after" pos="PREP">after </w><w c5="CRD" hw="three" pos="ADJ">three </w><w c5="NN2" hw="month" pos="SUBST">months</w><c c5="PUN">.</c></s>
<s n="26"><w c5="DT0" hw="those" pos="ADJ">Those </w><w c5="VVN-AJ0" hw="expose" pos="VERB">exposed </w><w c5="PRP" hw="to" pos="PREP">to </w><w c5="AT0" hw="the" pos="ART">the </w><w c5="AJ0" hw="covered" pos="ADJ">covered </w><w c5="NN1" hw="lamp" pos="SUBST">lamp </w><w c5="VVD" hw="remain" pos="VERB">remained </w><w c5="AJ0" hw="normal" pos="ADJ">normal </w><w c5="PRP" hw="after" pos="PREP">after </w><w c5="AT0" hw="a" pos="ART">a </w><w c5="NN1" hw="year" pos="SUBST">year</w><c c5="PUN">.</c></s></p><p>
<s n="27"><w c5="PRP" hw="in" pos="PREP">In </w><w c5="AT0" hw="a" pos="ART">a </w><w c5="NN1" hw="report" pos="SUBST">report </w><w c5="PRP" hw="in" pos="PREP">in </w><w c5="NN1" hw="nature" pos="SUBST">Nature </w><w c5="NN1" hw="magazine" pos="SUBST">magazine</w><c c5="PUN">, </c><w c5="AT0" hw="the" pos="ART">the </w><w c5="NN2" hw="researcher" pos="SUBST">researchers </w><w c5="VVB" hw="say" pos="VERB">say </w><w c5="AT0" hw="the" pos="ART">the </w><w c5="NN2" hw="result" pos="SUBST">results </w><w c5="VBB" hw="be" pos="VERB">are </w><c c5="PUQ">‘</c><w c5="VVG-AJ0" hw="strike" pos="VERB">striking</w><c c5="PUQ">’</c><c c5="PUN">.</c></s>
<s n="28"><w c5="NN2" hw="dose" pos="SUBST">Doses </w><w c5="CJC" hw="and" pos="CONJ">and </w><w c5="NN2" hw="length" pos="SUBST">lengths </w><w c5="PRF" hw="of" pos="PREP">of </w><w c5="NN1" hw="exposure" pos="SUBST">exposure </w><w c5="NN1" hw="time" pos="SUBST">time </w><w c5="VBD" hw="be" pos="VERB">were </w><w c5="AJ0" hw="high" pos="ADJ">high </w><w c5="CJC" hw="but" pos="CONJ">but </w><c c5="PUQ">‘</c><w c5="XX0" hw="not" pos="ADV">not </w><w c5="AV0" hw="so" pos="ADV">so </w><w c5="AV0" hw="far" pos="ADV">far </w><w c5="PRP" hw="from" pos="PREP">from </w><w c5="AT0" hw="the" pos="ART">the </w><w c5="NN2" hw="level" pos="SUBST">levels </w><w c5="PRP" hw="to" pos="PREP">to </w><w c5="DTQ" hw="which" pos="PRON">which </w><w c5="DT0" hw="some" pos="ADJ">some </w><w c5="NN0" hw="people" pos="SUBST">people </w><w c5="VBB" hw="be" pos="VERB">are </w><w c5="VVN-AJ0" hw="expose" pos="VERB">exposed</w><c c5="PUN">, </c><w c5="AV0" hw="particularly" pos="ADV">particularly </w><w c5="PRP" hw="in" pos="PREP">in </w><w c5="AT0" hw="the" pos="ART">the </w><w c5="NN1" hw="workplace" pos="SUBST">workplace</w><c c5="PUQ">’</c><c c5="PUN">.</c></s>
<s n="29"><w c5="PNP" hw="they" pos="PRON">They </w><w c5="VVD" hw="say" pos="VERB">said </w><w c5="AT0" hw="the" pos="ART">the </w><w c5="NN1" hw="light" pos="SUBST">light </w><w c5="VVD" hw="emit" pos="VERB">emitted </w><w c5="VBD" hw="be" pos="VERB">was </w><w c5="AV0" hw="much" pos="ADV">much </w><w c5="AV0" hw="more" pos="ADV">more </w><w c5="AJ0" hw="dangerous" pos="ADJ">dangerous </w><w c5="CJS" hw="than" pos="CONJ">than </w><w c5="NN1" hw="sunlight" pos="SUBST">sunlight</w><c c5="PUN">.</c></s></p><p>
<s n="30"><w c5="AT0" hw="the" pos="ART">The </w><w c5="NN2" hw="consumer" pos="SUBST">Consumers</w><w c5="POS" hw="'" pos="UNC">' </w><w c5="NN1" hw="association" pos="SUBST">Association</w><c c5="PUN">, </c><w c5="DTQ" hw="which" pos="PRON">which </w><w c5="VVD" hw="produce" pos="VERB">produced </w><w c5="AT0" hw="a" pos="ART">a </w><w c5="NN1" hw="report" pos="SUBST">report </w><w c5="PRP" hw="on" pos="PREP">on </w><w c5="AT0" hw="the" pos="ART">the </w><w c5="NN2" hw="lamp" pos="SUBST">lamps </w><w c5="CRD" hw="two" pos="ADJ">two </w><w c5="NN2" hw="year" pos="SUBST">years </w><w c5="AV0" hw="ago" pos="ADV">ago</w><c c5="PUN">, </c><w c5="VVD" hw="find" pos="VERB">found </w><w c5="CJT" hw="that" pos="CONJ">that </w><w c5="CRD" hw="seven" pos="ADJ">seven </w><mw c5="PRP"><w c5="AVP" hw="out" pos="ADV">out </w><w c5="PRF" hw="of" pos="PREP">of </w></mw><w c5="CRD" hw="eight" pos="ADJ">eight </w><w c5="NN1" hw="desk" pos="SUBST">desk </w><w c5="NN2" hw="lamp" pos="SUBST">lamps </w><w c5="VVD-VVN" hw="exceed" pos="VERB">exceeded </w><w c5="AJ0" hw="international" pos="ADJ">international </w><w c5="NN1" hw="safety" pos="SUBST">safety </w><w c5="VVZ-NN2" hw="limit" pos="VERB">limits </w><w c5="PRP" hw="for" pos="PREP">for </w><w c5="AJ0" hw="ultraviolet" pos="ADJ">ultraviolet </w><w c5="NN1" hw="radiation" pos="SUBST">radiation</w><c c5="PUN">.</c></s></p><p>
<s n="31"><w c5="AT0" hw="a" pos="ART">A </w><w c5="NN1" hw="spokesman" pos="SUBST">spokesman </w><w c5="PRP" hw="for" pos="PREP">for </w><w c5="NP0-NN1" hw="osram" pos="SUBST">Osram</w><c c5="PUN">, </c><w c5="DTQ" hw="which" pos="PRON">which </w><w c5="VVZ" hw="make" pos="VERB">makes </w><w c5="NN1" hw="halogen" pos="SUBST">halogen </w><w c5="NN2" hw="lamp" pos="SUBST">lamps</w><c c5="PUN">, </c><w c5="VVD" hw="deny" pos="VERB">denied </w><w c5="EX0" hw="there" pos="PRON">there </w><w c5="VBD" hw="be" pos="VERB">was </w><w c5="AT0" hw="a" pos="ART">a </w><w c5="NN1" hw="risk" pos="SUBST">risk </w><w c5="PRP" hw="to" pos="PREP">to </w><w c5="NN0" hw="people" pos="SUBST">people </w><w c5="PRP" hw="in" pos="PREP">in </w><w c5="NN2" hw="office" pos="SUBST">offices </w><w c5="CJC" hw="or" pos="CONJ">or </w><w c5="NN2" hw="home" pos="SUBST">homes</w><c c5="PUN">.</c></s></p></div></wtext></bncDoc>
