<bncDoc xml:id="A20"><teiHeader><fileDesc><titleStmt><title>  Independent, electronic edition of 1989-10-03: Listings section. Sample containing about 1615 words from a periodical (domain: arts) </title><respStmt><resp> Data capture and transcription </resp><name> Oxford University Press </name> </respStmt></titleStmt><editionStmt><edition>BNC XML Edition, December 2006</edition></editionStmt><extent> 1615 tokens; 1636 w-units; 86 s-units </extent><publicationStmt><distributor>Distributed under licence by Oxford University Computing Services on behalf of the BNC Consortium.</distributor><availability> This material is protected by international copyright laws and may not be copied or redistributed in any way. Consult the BNC Web Site at http://www.natcorp.ox.ac.uk for full licencing and distribution conditions.</availability><idno type="bnc">A20</idno><idno type="old"> IbList </idno></publicationStmt><sourceDesc><bibl><title>Independent, electronic edition of 1989-10-03: Listings section.</title> <imprint n="NEWSPA2"><publisher>Newspaper Publishing plc</publisher> <pubPlace>London</pubPlace> <date value="1989">1989</date> </imprint> </bibl></sourceDesc></fileDesc><encodingDesc><tagsDecl><namespace name=""><tagUsage gi="c" occurs="290"/><tagUsage gi="div" occurs="4"/><tagUsage gi="head" occurs="8"/><tagUsage gi="mw" occurs="10"/><tagUsage gi="p" occurs="27"/><tagUsage gi="s" occurs="86"/><tagUsage gi="w" occurs="1636"/></namespace></tagsDecl></encodingDesc><profileDesc><creation date="1989"> </creation><textClass><catRef targets="WRI ALLTIM3 ALLAVA2 ALLTYP3 WRIAAG0 WRIAD0 WRIASE0 WRIATY2 WRIAUD3 WRIDOM7 WRILEV2 WRIMED2 WRIPP5 WRISAM0 WRISTA3 WRITAS3"/><classCode scheme="DLEE">W newsp brdsht nat: arts</classCode><keywords><term> (none) </term></keywords></textClass></profileDesc><revisionDesc><change date="2006-10-21" who="#OUCS">Tag usage updated for BNC-XML</change><change date="2000-12-13" who="#OUCS">Last check for BNC World first release</change><change date="2000-09-06" who="#OUCS">Redo tagusage tables</change><change date="2000-09-01" who="#OUCS">Check all tagcounts</change><change date="2000-06-23" who="#OUCS">Resequenced s-units and added headers</change><change date="2000-01-21" who="#OUCS">Added date info</change><change date="2000-01-09" who="#OUCS">Updated all catrefs</change><change date="2000-01-08" who="#OUCS">Updated source title</change><change date="2000-01-08" who="#OUCS">Updated titles</change><change date="1999-12-25" who="#OUCS">corrected tagUsage</change><change date="1999-09-13" who="#UCREL">POS codes revised for BNC-2; header updated</change><change date="1994-11-24" who="#dominic">Initial accession to corpus</change></revisionDesc></teiHeader>
<wtext type="NEWS"><div level="1" n="891003 edition -- Listings Page 36"><head type="MAIN">
<s n="1"><w c5="NN2" hw="sport" pos="SUBST">Sports </w><w c5="VVB" hw="talk" pos="VERB">Talk </w><c c5="PUN">/</c><w c5="NP0" hw="botham" pos="SUBST">Botham</w><w c5="POS" hw="'s" pos="UNC">'s </w><w c5="AJ0" hw="alternative" pos="ADJ">alternative </w><w c5="NN1" hw="winter" pos="SUBST">winter </w><w c5="NN1-VVB" hw="tour" pos="SUBST">tour</w><c c5="PUN">: </c><w c5="NP0" hw="james" pos="SUBST">James </w><w c5="NP0" hw="rampton" pos="SUBST">Rampton </w><w c5="VVZ-NN2" hw="preview" pos="VERB">previews </w><w c5="AT0" hw="an" pos="ART">An </w><w c5="NN1" hw="evening" pos="SUBST">Evening </w><w c5="PRP" hw="with" pos="PREP">With </w><w c5="NP0" hw="ian" pos="SUBST">Ian </w><w c5="NP0" hw="botham" pos="SUBST">Botham</w></s></head><head type="BYLINE">
<s n="2"><w c5="PRP" hw="by" pos="PREP">By </w><w c5="NP0" hw="james" pos="SUBST">JAMES </w><w c5="NP0" hw="rampton" pos="SUBST">RAMPTON</w></s></head><p>
<s n="3"><w c5="NP0" hw="ian" pos="SUBST">Ian </w><w c5="NP0" hw="botham" pos="SUBST">Botham </w><w c5="VM0" hw="can" pos="VERB">ca</w><w c5="XX0" hw="not" pos="ADV">n't </w><w c5="VHI" hw="have" pos="VERB">have </w><w c5="VBN" hw="be" pos="VERB">been </w><w c5="VVG" hw="expect" pos="VERB">expecting </w><w c5="TO0" hw="to" pos="PREP">to </w><w c5="VHI" hw="have" pos="VERB">have </w><w c5="DT0" hw="such" pos="ADJ">such </w><w c5="AT0" hw="a" pos="ART">a </w><w c5="AJ0" hw="free" pos="ADJ">free </w><w c5="NN1" hw="winter" pos="SUBST">winter</w><c c5="PUN">, </c><w c5="CJC" hw="but" pos="CONJ">but </w><w c5="PNP" hw="he" pos="PRON">he</w><w c5="VBZ" hw="be" pos="VERB">'s </w><w c5="AV0" hw="certainly" pos="ADV">certainly </w><w c5="VVG" hw="fill" pos="VERB">filling </w><w c5="PNP" hw="it" pos="PRON">it </w><w c5="AV0" hw="innovatively" pos="ADV">innovatively </w><w c5="PRP" hw="with" pos="PREP">with </w><w c5="AT0" hw="a" pos="ART">a </w><w c5="AJ0" hw="national" pos="ADJ">national </w><w c5="NN1" hw="tour" pos="SUBST">tour </w><w c5="PRF" hw="of" pos="PREP">of </w><w c5="DPS" hw="he" pos="PRON">his </w><w c5="NN1" hw="show" pos="SUBST">show</w><c c5="PUN">, </c><w c5="AT0" hw="an" pos="ART">An </w><w c5="NN1" hw="evening" pos="SUBST">Evening </w><w c5="PRP" hw="with" pos="PREP">With </w><w c5="NP0" hw="ian" pos="SUBST">Ian </w><w c5="NP0" hw="botham" pos="SUBST">Botham</w><c c5="PUN">.</c></s>
<s n="4"><w c5="NN2" hw="clip" pos="SUBST">Clips </w><w c5="PRF" hw="of" pos="PREP">of </w><w c5="DPS" hw="he" pos="PRON">his </w><c c5="PUQ">‘</c><w c5="AJS" hw="great" pos="ADJ">Greatest </w><w c5="NN2" hw="hit" pos="SUBST">Hits</w><c c5="PUQ">’</c><c c5="PUN">, </c><w c5="AJ0" hw="various" pos="ADJ">various </w><w c5="AJ0" hw="filmed" pos="ADJ">filmed </w><w c5="NN2" hw="interview" pos="SUBST">interviews </w><w c5="CJC" hw="and" pos="CONJ">and </w><w c5="AT0" hw="the" pos="ART">the </w><w c5="AJ0" hw="odd" pos="ADJ">odd </w><w c5="NN1" hw="surprise" pos="SUBST">surprise </w><w c5="NN1" hw="guest" pos="SUBST">guest </w><w c5="VBB" hw="be" pos="VERB">are </w><w c5="VVN" hw="promise" pos="VERB">promised</w><c c5="PUN">, </c><w c5="VVN" hw="follow" pos="VERB">followed </w><w c5="PRP" hw="by" pos="PREP">by </w><c c5="PUQ">‘</c><w c5="DT0" hw="both" pos="ADJ">Both</w><c c5="PUQ">’ </c><w c5="VVG" hw="take" pos="VERB">taking </w><w c5="NN2" hw="question" pos="SUBST">questions </w><w c5="PRP" hw="from" pos="PREP">from </w><w c5="AT0" hw="the" pos="ART">the </w><w c5="NN1" hw="floor" pos="SUBST">floor</w><c c5="PUN">.</c></s>
<s n="5"><w c5="NN2" hw="audience" pos="SUBST">Audiences </w><w c5="VM0" hw="might" pos="VERB">might </w><w c5="VVI" hw="like" pos="VERB">like </w><w c5="TO0" hw="to" pos="PREP">to </w><w c5="VVI" hw="quiz" pos="VERB">quiz </w><w c5="PNP" hw="he" pos="PRON">him </w><w c5="PRP-AVP" hw="about" pos="PREP">about </w><w c5="DPS" hw="he" pos="PRON">his </w><w c5="AJ0-NN1" hw="favourite" pos="ADJ">favourite </w><w c5="AJ0-NN1" hw="sporting" pos="ADJ">sporting </w><w c5="NN1" hw="moment" pos="SUBST">moment</w><c c5="PUN">.</c></s>
<s n="6"><w c5="VBD" hw="be" pos="VERB">Was </w><w c5="PNP" hw="it" pos="PRON">it </w><w c5="AT0" hw="the" pos="ART">the </w><w c5="CRD" hw="1974" pos="ADJ">1974 </w><w c5="NP0" hw="benson" pos="SUBST">Benson </w><w c5="CJC" hw="and" pos="CONJ">And </w><w c5="NN2-VVZ" hw="hedge" pos="SUBST">Hedges </w><w c5="NN1" hw="quarter-final" pos="SUBST">Quarter-Final </w><w c5="AVQ-CJS" hw="when" pos="ADV">when</w><c c5="PUN">, </c><w c5="PRP" hw="as" pos="PREP">as </w><w c5="AT0" hw="a" pos="ART">a </w><w c5="NN1" hw="15-year-old" pos="SUBST">15-year-old</w><c c5="PUN">, </c><w c5="PNP" hw="he" pos="PRON">he </w><w c5="VVD" hw="lose" pos="VERB">lost </w><w c5="CRD" hw="two" pos="ADJ">two </w><w c5="NN2" hw="tooth" pos="SUBST">teeth </w><w c5="PRP" hw="to" pos="PREP">to </w><w c5="AT0" hw="the" pos="ART">the </w><w c5="AJ0" hw="fearsome" pos="ADJ">fearsome </w><w c5="NP0" hw="andy" pos="SUBST">Andy </w><w c5="NP0" hw="roberts" pos="SUBST">Roberts </w><w c5="PRP" hw="before" pos="PREP">before </w><w c5="VVG" hw="hit" pos="VERB">hitting </w><w c5="AT0" hw="the" pos="ART">the </w><w c5="AJ0-VVG" hw="winning" pos="ADJ">winning </w><w c5="CRD" hw="six" pos="ADJ">six</w><c c5="PUN">?</c></s>
<s n="7"><w c5="VBD" hw="be" pos="VERB">Was </w><w c5="PNP" hw="it" pos="PRON">it </w><w c5="AT0" hw="the" pos="ART">the </w><w c5="AJ0" hw="remarkable" pos="ADJ">remarkable </w><w c5="CRD" hw="1981" pos="ADJ">1981 </w><w c5="NP0" hw="headingley" pos="SUBST">Headingley </w><w c5="NN1-VVB" hw="test" pos="SUBST">Test </w><w c5="PRP" hw="against" pos="PREP">against </w><w c5="NP0" hw="australia" pos="SUBST">Australia</w><c c5="PUN">?</c></s>
<s n="8"><w c5="ITJ" hw="no" pos="INTERJ">No</w><c c5="PUN">, </c><w c5="AV0" hw="apparently" pos="ADV">apparently</w><c c5="PUN">: </c><c c5="PUQ">‘</c><w c5="NP0" hw="beefy" pos="SUBST">Beefy</w><w c5="POS" hw="'s" pos="UNC">'s</w><c c5="PUQ">’ </c><w c5="VVB" hw="own" pos="VERB">own </w><w c5="AV0" hw="most" pos="ADV">most </w><w c5="AJ0" hw="cherished" pos="ADJ">cherished </w><w c5="NN1" hw="memory" pos="SUBST">memory </w><w c5="VBZ" hw="be" pos="VERB">is </w><w c5="VVG" hw="play" pos="VERB">playing </w><w c5="PRP" hw="in" pos="PREP">in </w><w c5="AT0" hw="the" pos="ART">the </w><w c5="NP0" hw="scunthorpe" pos="SUBST">Scunthorpe </w><w c5="PRP" hw="v" pos="PREP">v </w><w c5="NP0" hw="hull" pos="SUBST">Hull </w><w c5="NN1" hw="city" pos="SUBST">City </w><w c5="NN1" hw="football" pos="SUBST">football </w><w c5="NN1-VVB" hw="match" pos="SUBST">match </w><w c5="PRP" hw="on" pos="PREP">on </w><w c5="NN1" hw="boxing" pos="SUBST">Boxing </w><w c5="NN1" hw="day" pos="SUBST">Day</w><c c5="PUN">, </c><w c5="CRD" hw="1982" pos="ADJ">1982</w><c c5="PUN">.</c></s></p><p>
<s n="9"><w c5="AT0" hw="the" pos="ART">The </w><w c5="NN2" hw="evening" pos="SUBST">evenings </w><w c5="VM0" hw="will" pos="VERB">will </w><w c5="VBI" hw="be" pos="VERB">be </w><w c5="VVN" hw="host" pos="VERB">hosted </w><w c5="PRP" hw="by" pos="PREP">by </w><w c5="NP0" hw="david" pos="SUBST">David </w><w c5="NP0" hw="english" pos="SUBST">English</w><c c5="PUN">, </c><w c5="AT0" hw="a" pos="ART">a </w><w c5="NN1" hw="cricketer" pos="SUBST">cricketer </w><c c5="PUL">(</c><w c5="AV0" hw="formerly" pos="ADV">formerly </w><w c5="PRP" hw="with" pos="PREP">with </w><w c5="NP0" hw="middlesex" pos="SUBST">Middlesex </w><w c5="CJC" hw="and" pos="CONJ">and </w><w c5="AV0" hw="now" pos="ADV">now </w><w c5="NN1" hw="captain" pos="SUBST">captain </w><w c5="PRF" hw="of" pos="PREP">of </w><w c5="AT0" hw="the" pos="ART">the </w><w c5="NP0" hw="eric" pos="SUBST">Eric </w><w c5="NP0" hw="clapton" pos="SUBST">Clapton </w><w c5="NN1" hw="xi" pos="SUBST">XI</w><c c5="PUR">)</c><c c5="PUN">; </c><w c5="NN1" hw="journalist" pos="SUBST">journalist </w><c c5="PUL">(</c><w c5="PRP" hw="on" pos="PREP">on </w><w c5="AT0" hw="the" pos="ART">the </w><w c5="NP0" hw="london" pos="SUBST">London </w><w c5="NN1" hw="evening" pos="SUBST">Evening </w><w c5="NN1" hw="news" pos="SUBST">News</w><c c5="PUR">)</c><c c5="PUN">; </c><w c5="NN1" hw="actor" pos="SUBST">actor </w><c c5="PUL">(</c><w c5="NP0" hw="lisztomania" pos="SUBST">Lisztomania</w><c c5="PUN">, </c><w c5="AT0" hw="the" pos="ART">the </w><w c5="AJ0-NN1" hw="stiff-upper-lip" pos="ADJ">stiff-upper-lip </w><w c5="NP0" hw="captain" pos="SUBST">Captain </w><w c5="NP0" hw="andrew" pos="SUBST">Andrew </w><w c5="PRP" hw="in" pos="PREP">in </w><w c5="AT0" hw="a" pos="ART">A </w><w c5="NN1" hw="bridge" pos="SUBST">Bridge </w><w c5="AV0" hw="too" pos="ADV">Too </w><w c5="AV0-AJ0" hw="far" pos="ADV">Far</w><c c5="PUR">)</c><c c5="PUN">; </c><w c5="NN1" hw="scriptwriter" pos="SUBST">scriptwriter </w><c c5="PUL">(</c><w c5="AT0" hw="the" pos="ART">the </w><w c5="NP0" hw="timothy" pos="SUBST">Timothy </w><w c5="NP0" hw="dalton" pos="SUBST">Dalton </w><w c5="NN1" hw="vehicle" pos="SUBST">vehicle </w><w c5="NN2" hw="hawk" pos="SUBST">Hawks</w><c c5="PUR">)</c><c c5="PUN">; </c><w c5="CJC" hw="and" pos="CONJ">and </w><w c5="NN1" hw="author" pos="SUBST">author </w><c c5="PUL">(</c><w c5="PRF" hw="of" pos="PREP">of </w><w c5="AT0" hw="the" pos="ART">The </w><w c5="NN1" hw="legend" pos="SUBST">Legend</w><c c5="PUN">, </c><w c5="AT0" hw="an" pos="ART">an </w><w c5="AJ0" hw="animated" pos="ADJ">animated </w><w c5="NN1" hw="book" pos="SUBST">book </w><w c5="PRP" hw="on" pos="PREP">on </w><w c5="AT0" hw="the" pos="ART">the </w><w c5="ITJ" hw="bee-gees" pos="INTERJ">Bee-Gees</w><c c5="PUN">, </c><w c5="CJC" hw="and" pos="CONJ">and </w><w c5="PRF" hw="of" pos="PREP">of </w><w c5="AT0" hw="the" pos="ART">the </w><w c5="NN2" hw="child" pos="SUBST">children</w><w c5="POS" hw="'s" pos="UNC">'s </w><w c5="NP0" hw="bunbury" pos="SUBST">Bunbury </w><w c5="NN2" hw="tale" pos="SUBST">Tales</w><c c5="PUR">)</c><c c5="PUN">.</c></s>
<s n="10"><w c5="PNP" hw="he" pos="PRON">He </w><w c5="AV0" hw="also" pos="ADV">also </w><w c5="VVD" hw="accompany" pos="VERB">accompanied </w><w c5="NP0" hw="botham" pos="SUBST">Botham </w><w c5="PRP" hw="on" pos="PREP">on </w><w c5="DPS" hw="he" pos="PRON">his </w><w c5="NN1" hw="walk" pos="SUBST">walk </w><w c5="PRP" hw="with" pos="PREP">with </w><w c5="AT0" hw="the" pos="ART">the </w><w c5="NN2" hw="elephant" pos="SUBST">elephants </w><w c5="PRP" hw="across" pos="PREP">across </w><w c5="AT0" hw="the" pos="ART">the </w><w c5="NP0" hw="alps" pos="SUBST">Alps </w><w c5="PRP" hw="for" pos="PREP">for </w><w c5="NN1" hw="leukaemia" pos="SUBST">Leukaemia </w><w c5="NN1" hw="research" pos="SUBST">Research</w><c c5="PUN">.</c></s>
<s n="11"><w c5="PNP" hw="he" pos="PRON">He </w><w c5="VHZ" hw="have" pos="VERB">has </w><w c5="AV0" hw="now" pos="ADV">now </w><w c5="VVN" hw="launch" pos="VERB">launched </w><w c5="AT0" hw="a" pos="ART">a </w><w c5="NN1" hw="scholarship" pos="SUBST">scholarship </w><w c5="TO0" hw="to" pos="PREP">to </w><w c5="VVI" hw="find" pos="VERB">find </w><w c5="AT0" hw="the" pos="ART">the </w><w c5="AJS" hw="good" pos="ADJ">best </w><w c5="AJ0" hw="young" pos="ADJ">young </w><w c5="NN2" hw="cricketer" pos="SUBST">cricketers </w><w c5="PRP" hw="in" pos="PREP">in </w><w c5="NP0" hw="england" pos="SUBST">England</w><c c5="PUN">.</c></s></p><p>
<s n="12"><w c5="NP0" hw="botham" pos="SUBST">Botham </w><w c5="VHZ" hw="have" pos="VERB">has </w><w c5="AV0" hw="always" pos="ADV">always </w><w c5="VHN" hw="have" pos="VERB">had </w><w c5="AT0" hw="a" pos="ART">a </w><w c5="NN1" hw="taste" pos="SUBST">taste </w><w c5="PRP" hw="for" pos="PREP">for </w><w c5="NN1" hw="showbiz" pos="SUBST">showbiz</w><c c5="PUN">.</c></s>
<s n="13"><w c5="VVB" hw="remember" pos="VERB">Remember </w><w c5="DPS" hw="he" pos="PRON">his </w><w c5="AJ0" hw="pigtailed" pos="ADJ">pigtailed </w><w c5="NN1-AJ0" hw="ex-manager" pos="SUBST">ex-manager </w><w c5="NP0" hw="tim" pos="SUBST">Tim </w><w c5="NP0" hw="hudson" pos="SUBST">Hudson</w><w c5="POS" hw="'s" pos="UNC">'s </w><w c5="NN2" hw="trumpeting" pos="SUBST">trumpetings </w><w c5="PRP" hw="about" pos="PREP">about </w><w c5="NP0" hw="ian" pos="SUBST">Ian </w><w c5="VVG" hw="go" pos="VERB">going </w><w c5="PRP" hw="to" pos="PREP">to </w><w c5="NP0" hw="hollywood" pos="SUBST">Hollywood</w><c c5="PUN">?</c></s>
<s n="14"><c c5="PUQ">‘</c><w c5="NP0" hw="ian" pos="SUBST">Ian</w><w c5="VBZ" hw="be" pos="VERB">'s </w><w c5="AT0" hw="a" pos="ART">a </w><w c5="NN1" hw="hero" pos="SUBST">hero</w><c c5="PUN">, </c><w c5="NN1" hw="man" pos="SUBST">man</w><c c5="PUN">.</c></s>
<s n="15"><w c5="PNP" hw="he" pos="PRON">He</w><w c5="VBZ" hw="be" pos="VERB">'s </w><w c5="NP0" hw="biggles" pos="SUBST">Biggles</w><c c5="PUN">, </c><w c5="NN2" hw="raffle" pos="SUBST">Raffles </w><w c5="CJC" hw="and" pos="CONJ">and </w><w c5="NP0" hw="errol" pos="SUBST">Errol </w><w c5="NP0" hw="flynn" pos="SUBST">Flynn </w><w c5="AV0" hw="all" pos="ADV">all </w><w c5="VVN" hw="roll" pos="VERB">rolled </w><w c5="PRP" hw="into" pos="PREP">into </w><w c5="PNI-CRD" hw="one" pos="PRON">one</w><c c5="PUN">…</c></s>
<s n="16"><w c5="PNP" hw="he" pos="PRON">He</w><w c5="VBZ" hw="be" pos="VERB">'s </w><w c5="NP0" hw="england" pos="SUBST">England</w><w c5="POS" hw="'s" pos="UNC">'s </w><w c5="NN1" hw="answer" pos="SUBST">answer </w><w c5="PRP" hw="to" pos="PREP">to </w><w c5="NP0" hw="tom" pos="SUBST">Tom </w><w c5="NP0-NN1" hw="selleck" pos="SUBST">Selleck </w><w c5="CJC" hw="and" pos="CONJ">and </w><w c5="PNP" hw="i" pos="PRON">I </w><w c5="VVB" hw="think" pos="VERB">think </w><w c5="PNP" hw="he" pos="PRON">he </w><w c5="VM0" hw="should" pos="VERB">should </w><w c5="VBI" hw="be" pos="VERB">be </w><w c5="AT0" hw="the" pos="ART">the </w><w c5="ORD" hw="next" pos="ADJ">next </w><w c5="NP0" hw="james" pos="SUBST">James </w><w c5="NP0" hw="bond" pos="SUBST">Bond</w><c c5="PUN">, </c><w c5="VVB-NN1" hw="man" pos="VERB">man</w><c c5="PUQ">’ </c><w c5="AT0" hw="the" pos="ART">The </w><w c5="NN1" hw="cricketer" pos="SUBST">cricketer </w><w c5="VBD" hw="be" pos="VERB">was </w><w c5="AV0" hw="allegedly" pos="ADV">allegedly </w><w c5="VVN" hw="slate" pos="VERB">slated </w><w c5="TO0" hw="to" pos="PREP">to </w><w c5="VVI" hw="appear" pos="VERB">appear </w><w c5="PRP-AVP" hw="in" pos="PREP">in </w><w c5="AT0" hw="a" pos="ART">a </w><w c5="NN1" hw="film" pos="SUBST">film </w><w c5="PRP" hw="opposite" pos="PREP">opposite </w><w c5="NP0" hw="oliver" pos="SUBST">Oliver </w><w c5="NP0" hw="reed" pos="SUBST">Reed</w><c c5="PUN">, </c><w c5="CJC" hw="and" pos="CONJ">and </w><w c5="DPS" hw="he" pos="PRON">his </w><w c5="AJ0" hw="humorous" pos="ADJ">humorous </w><w c5="NN2" hw="performance" pos="SUBST">performances </w><w c5="PRP" hw="on" pos="PREP">on </w><w c5="NN1" hw="question" pos="SUBST">Question </w><w c5="PRF" hw="of" pos="PREP">Of </w><w c5="NN1" hw="sport" pos="SUBST">Sport </w><w c5="VVD" hw="surprise" pos="VERB">surprised </w><w c5="DT0" hw="many" pos="ADJ">many</w><c c5="PUN">.</c></s>
<s n="17"><w c5="AV0" hw="so" pos="ADV">So</w><c c5="PUN">, </c><w c5="DT0" hw="this" pos="ADJ">this </w><w c5="VM0" hw="should" pos="VERB">should </w><w c5="VVI" hw="prove" pos="VERB">prove </w><w c5="AT0" hw="an" pos="ART">an </w><w c5="AJ0" hw="entertaining" pos="ADJ">entertaining </w><w c5="NN1" hw="night" pos="SUBST">night </w><w c5="AVP" hw="out" pos="ADV">out</w><c c5="PUN">, </c><w c5="AV0" hw="especially" pos="ADV">especially </w><w c5="CJS" hw="if" pos="CONJ">if </w><w c5="AT0" hw="the" pos="ART">the </w><w c5="NN1" hw="name" pos="SUBST">name </w><w c5="NP0" hw="ted" pos="SUBST">Ted </w><w c5="NP0" hw="dexter" pos="SUBST">Dexter </w><w c5="VVZ-NN2" hw="crop" pos="VERB">crops </w><w c5="AVP" hw="up" pos="ADV">up</w><c c5="PUN">…</c></s></p></div><div level="1" n="891003 edition -- Listings Page 35"><head type="MAIN">
<s n="18"><w c5="VVG" hw="go" pos="VERB">Going </w><w c5="AVP" hw="out" pos="ADV">Out </w><w c5="PRP" hw="to" pos="PREP">to </w><w c5="NN2" hw="gallery" pos="SUBST">Galleries</w><c c5="PUN">: </c><w c5="NN1-VVB" hw="debate" pos="SUBST">Debate </w><c c5="PUN">/</c><w c5="AJ0-NN1" hw="public" pos="ADJ">Public </w><w c5="NN1" hw="test" pos="SUBST">test </w><w c5="PRF" hw="of" pos="PREP">of </w><w c5="AT0" hw="a" pos="ART">a </w><w c5="AJ0" hw="private" pos="ADJ">private </w><w c5="NN1" hw="vision" pos="SUBST">Vision</w><c c5="PUN">: </c><w c5="NP0" hw="hildi" pos="SUBST">Hildi </w><w c5="NP0" hw="hawkins" pos="SUBST">Hawkins </w><w c5="VVZ" hw="follow" pos="VERB">follows </w><w c5="AT0" hw="the" pos="ART">the </w><w c5="NN1" hw="progress" pos="SUBST">progress </w><w c5="PRF" hw="of" pos="PREP">of </w><w c5="AT0" hw="a" pos="ART">A </w><w c5="NN1" hw="vision" pos="SUBST">Vision </w><w c5="PRF" hw="of" pos="PREP">of </w><w c5="NP0" hw="britain" pos="SUBST">Britain</w></s></head><head type="BYLINE">
<s n="19"><w c5="PRP" hw="by" pos="PREP">By </w><w c5="NP0" hw="hildi" pos="SUBST">HILDI </w><w c5="NP0" hw="hawkins" pos="SUBST">HAWKINS</w></s></head><p>
<s n="20"><w c5="PNP" hw="it" pos="PRON">IT </w><w c5="VVD" hw="begin" pos="VERB">began </w><w c5="PRP" hw="with" pos="PREP">with </w><w c5="AT0" hw="the" pos="ART">the </w><w c5="NN1" hw="prince" pos="SUBST">Prince </w><w c5="PRF" hw="of" pos="PREP">of </w><w c5="NP0" hw="wales" pos="SUBST">Wales</w><w c5="POS" hw="'s" pos="UNC">'s </w><w c5="AJ0" hw="celebrated" pos="ADJ">celebrated </w><w c5="NN1" hw="remark" pos="SUBST">remark</w><c c5="PUN">, </c><w c5="PRP" hw="in" pos="PREP">in </w><w c5="AT0" hw="a" pos="ART">a </w><w c5="NN1" hw="speech" pos="SUBST">speech </w><w c5="PRP" hw="to" pos="PREP">to </w><w c5="AT0" hw="the" pos="ART">the </w><w c5="AJ0" hw="royal" pos="ADJ">Royal </w><w c5="NN1" hw="institute" pos="SUBST">Institute </w><w c5="PRF" hw="of" pos="PREP">of </w><w c5="AJ0" hw="british" pos="ADJ">British </w><w c5="NN2" hw="architect" pos="SUBST">Architects </w><w c5="PRP" hw="in" pos="PREP">in </w><w c5="CRD" hw="1984" pos="ADJ">1984</w><c c5="PUN">, </c><w c5="VVG" hw="liken" pos="VERB">likening </w><w c5="AT0" hw="a" pos="ART">a </w><w c5="AJ0" hw="proposed" pos="ADJ">proposed </w><w c5="NN1" hw="extension" pos="SUBST">extension </w><w c5="PRP" hw="to" pos="PREP">to </w><w c5="AT0" hw="the" pos="ART">the </w><w c5="AJ0" hw="national" pos="ADJ">National </w><w c5="NN1" hw="gallery" pos="SUBST">Gallery </w><w c5="PRP" hw="to" pos="PREP">to </w><c c5="PUQ">‘</c><w c5="AT0" hw="a" pos="ART">a </w><w c5="AJ0" hw="monstrous" pos="ADJ">monstrous </w><w c5="NN1" hw="carbuncle" pos="SUBST">carbuncle </w><w c5="PRP" hw="on" pos="PREP">on </w><w c5="AT0" hw="the" pos="ART">the </w><w c5="NN1" hw="face" pos="SUBST">face </w><w c5="PRF" hw="of" pos="PREP">of </w><w c5="AT0" hw="a" pos="ART">a </w><w c5="AJ0" hw="beloved" pos="ADJ">beloved </w><w c5="NN1" hw="friend" pos="SUBST">friend</w><c c5="PUQ">’</c><c c5="PUN">.</c></s>
<s n="21"><w c5="ORD" hw="next" pos="ADJ">Next </w><w c5="VVD" hw="come" pos="VERB">came </w><w c5="DPS" hw="he" pos="PRON">his </w><w c5="NP0" hw="bbc" pos="SUBST">BBC </w><w c5="NN1" hw="film" pos="SUBST">film</w><c c5="PUN">, </c><w c5="ZZ0" hw="a" pos="SUBST">A </w><w c5="NN1" hw="vision" pos="SUBST">Vision </w><w c5="PRF" hw="of" pos="PREP">of </w><w c5="NP0" hw="britain" pos="SUBST">Britain</w><c c5="PUN">; </c><w c5="CJC" hw="and" pos="CONJ">and </w><w c5="AT0" hw="the" pos="ART">the </w><w c5="NN1" hw="book" pos="SUBST">book </w><w c5="PRF" hw="of" pos="PREP">of </w><w c5="AT0" hw="the" pos="ART">the </w><w c5="NN1" hw="film" pos="SUBST">film</w><c c5="PUN">; </c><w c5="CJC" hw="and" pos="CONJ">and </w><c c5="PUN">— </c><w c5="PRP" hw="at" pos="PREP">at </w><w c5="AT0" hw="the" pos="ART">the </w><w c5="NP0" hw="victoria" pos="SUBST">Victoria </w><w c5="CJC" hw="and" pos="CONJ">and </w><w c5="NP0" hw="albert" pos="SUBST">Albert </w><w c5="NN1" hw="museum" pos="SUBST">Museum </w><c c5="PUN">— </c><w c5="AT0" hw="the" pos="ART">the </w><w c5="NN1" hw="exhibition" pos="SUBST">exhibition </w><w c5="PRF" hw="of" pos="PREP">of </w><w c5="AT0" hw="the" pos="ART">the </w><w c5="NN1" hw="book" pos="SUBST">book</w><c c5="PUN">.</c></s></p><p>
<s n="22"><w c5="CJT" hw="that" pos="CONJ">That </w><w c5="AT0" hw="the" pos="ART">the </w><w c5="NN1" hw="book" pos="SUBST">book </w><w c5="VBZ" hw="be" pos="VERB">is </w><w c5="VVG" hw="top" pos="VERB">topping </w><w c5="AT0" hw="the" pos="ART">the </w><w c5="NN1" hw="bestseller" pos="SUBST">bestseller </w><w c5="NN2-VVZ" hw="list" pos="SUBST">lists</w><c c5="PUN">, </c><w c5="CJC" hw="and" pos="CONJ">and </w><c c5="PUL">(</c><mw c5="PRP"><w c5="VVG" hw="accord" pos="VERB">according </w><w c5="PRP" hw="to" pos="PREP">to </w></mw><w c5="AT0" hw="a" pos="ART">a </w><w c5="AJ0" hw="recent" pos="ADJ">recent </w><w c5="NN1" hw="poll" pos="SUBST">poll</w><c c5="PUR">)</c><c c5="PUN">, </c><w c5="CRD" hw="87" pos="ADJ">87 </w><mw c5="NN0"><w c5="UNC" hw="per" pos="UNC">per </w><w c5="UNC" hw="cent" pos="UNC">cent </w></mw><w c5="PRF" hw="of" pos="PREP">of </w><w c5="AT0" hw="the" pos="ART">the </w><w c5="NN1" hw="public" pos="SUBST">public </w><w c5="VVB" hw="agree" pos="VERB">agree </w><w c5="PRP" hw="with" pos="PREP">with </w><w c5="AT0" hw="the" pos="ART">the </w><w c5="NN1" hw="prince" pos="SUBST">Prince</w><w c5="POS" hw="'s" pos="UNC">'s </w><w c5="NN1" hw="attack" pos="SUBST">attack </w><w c5="PRP" hw="on" pos="PREP">on </w><w c5="AJ0" hw="modernist" pos="ADJ">modernist </w><w c5="NN1" hw="architecture" pos="SUBST">architecture</w><c c5="PUN">, </c><w c5="PNP" hw="it" pos="PRON">it </w><w c5="VBZ" hw="be" pos="VERB">is </w><w c5="AJ0" hw="clear" pos="ADJ">clear </w><w c5="CJT" hw="that" pos="CONJ">that </w><w c5="AT0" hw="the" pos="ART">the </w><w c5="NN1" hw="heir" pos="SUBST">heir </w><w c5="PRP" hw="to" pos="PREP">to </w><w c5="AT0" hw="the" pos="ART">the </w><w c5="NN1" hw="throne" pos="SUBST">throne </w><w c5="CJC" hw="and" pos="CONJ">and </w><w c5="AJ0" hw="self-appointed" pos="ADJ">self-appointed </w><w c5="NN1" hw="mouthpiece" pos="SUBST">mouthpiece </w><w c5="PRF" hw="of" pos="PREP">of </w><w c5="AT0" hw="the" pos="ART">the </w><w c5="NN0" hw="people" pos="SUBST">people </w><w c5="VHZ" hw="have" pos="VERB">has </w><w c5="VVN" hw="find" pos="VERB">found </w><w c5="PNI" hw="something" pos="PRON">something </w><w c5="AJ0" hw="significant" pos="ADJ">significant </w><w c5="TO0" hw="to" pos="PREP">to </w><w c5="VVI" hw="say" pos="VERB">say</w><c c5="PUN">.</c></s></p><p>
<s n="23"><w c5="AV0" hw="now" pos="ADV">Now </w><w c5="PNP" hw="you" pos="PRON">you</w><c c5="PUN">, </c><w c5="AV0" hw="too" pos="ADV">too</w><c c5="PUN">, </c><w c5="VM0" hw="can" pos="VERB">can </w><w c5="VVI" hw="contribute" pos="VERB">contribute </w><w c5="PRP" hw="to" pos="PREP">to </w><w c5="AT0" hw="the" pos="ART">the </w><w c5="NN1" hw="debate" pos="SUBST">debate</w><c c5="PUN">: </c><w c5="PRP" hw="on" pos="PREP">on </w><w c5="CRD" hw="2" pos="ADJ">2 </w><w c5="NP0" hw="november" pos="SUBST">November</w><c c5="PUN">, </c><w c5="VVB-NN1" hw="voice" pos="VERB">voice </w><w c5="DPS" hw="you" pos="PRON">your </w><w c5="NN1" hw="opinion" pos="SUBST">opinion </w><w c5="PRP" hw="at" pos="PREP">at </w><w c5="AT0" hw="a" pos="ART">a </w><w c5="NN1" hw="question" pos="SUBST">Question </w><w c5="NN1-AJ0" hw="time-style" pos="SUBST">Time-style </w><w c5="NN1" hw="discussion" pos="SUBST">discussion </w><w c5="VVN" hw="organise" pos="VERB">organised </w><w c5="PRP" hw="by" pos="PREP">by </w><w c5="AT0" hw="the" pos="ART">the </w><w c5="NP0" hw="victoria" pos="SUBST">Victoria </w><w c5="CJC" hw="&amp;" pos="CONJ">&amp; </w><w c5="NP0" hw="albert" pos="SUBST">Albert </w><w c5="NN1" hw="museum" pos="SUBST">Museum </w><c c5="PUN">—</c><c c5="PUQ">‘</c><w c5="AT0" hw="the" pos="ART">The </w><w c5="NN1" hw="prince" pos="SUBST">Prince </w><w c5="PRF" hw="of" pos="PREP">of </w><w c5="NP0" hw="wales" pos="SUBST">Wales </w><w c5="VVZ-NN2" hw="rule" pos="VERB">rules </w><w c5="AV0" hw="ok" pos="ADV">OK</w><c c5="PUN">?</c></s>
<s n="24"><w c5="NN2" hw="modernist" pos="SUBST">Modernists </w><w c5="PRP" hw="versus" pos="PREP">versus </w><w c5="NN2" hw="traditionalist" pos="SUBST">Traditionalists</w><c c5="PUQ">’</c><c c5="PUN">.</c></s></p><p>
<s n="25"><w c5="AT0" hw="the" pos="ART">The </w><w c5="NN2" hw="panellist" pos="SUBST">panellists </w><w c5="VVB" hw="include" pos="VERB">include </w><w c5="NP0" hw="colin" pos="SUBST">Colin </w><w c5="NP0" hw="st" pos="SUBST">St </w><w c5="NP0" hw="john-wilson" pos="SUBST">John-Wilson</w><c c5="PUN">, </c><w c5="NN1" hw="architect" pos="SUBST">architect </w><w c5="PRF" hw="of" pos="PREP">of </w><w c5="AT0" hw="the" pos="ART">the </w><w c5="AJ0" hw="new" pos="ADJ">new </w><w c5="AJ0" hw="british" pos="ADJ">British </w><w c5="NN1" hw="library" pos="SUBST">Library</w><c c5="PUN">, </c><w c5="NP0" hw="leon" pos="SUBST">Leon </w><w c5="NP0" hw="krier" pos="SUBST">Krier</w><c c5="PUN">, </c><w c5="AJ0" hw="urban" pos="ADJ">urban </w><w c5="NN1" hw="planner" pos="SUBST">planner </w><w c5="CJC" hw="and" pos="CONJ">and </w><w c5="NN1" hw="architect" pos="SUBST">architect </w><w c5="PRF" hw="of" pos="PREP">of </w><w c5="AT0" hw="the" pos="ART">the </w><w c5="NN1" hw="prince" pos="SUBST">Prince</w><w c5="POS" hw="'s" pos="UNC">'s </w><w c5="NP0" hw="dorchester" pos="SUBST">Dorchester </w><w c5="NN1-NP0" hw="project" pos="SUBST">Project</w><c c5="PUN">.</c></s>
<s n="26"><w c5="NN1" hw="chairman" pos="SUBST">Chairman </w><w c5="VBZ" hw="be" pos="VERB">is </w><w c5="NP0" hw="charles" pos="SUBST">Charles </w><w c5="NP0" hw="jencks" pos="SUBST">Jencks</w><c c5="PUN">, </c><w c5="NN1" hw="architect" pos="SUBST">architect </w><w c5="CJC" hw="and" pos="CONJ">and </w><w c5="NN1" hw="author" pos="SUBST">author</w><c c5="PUN">, </c><w c5="PNQ" hw="who" pos="PRON">who </w><w c5="VM0" hw="will" pos="VERB">will </w><w c5="VVI" hw="preside" pos="VERB">preside </w><w c5="PRP" hw="over" pos="PREP">over </w><w c5="AT0" hw="a" pos="ART">a </w><w c5="AJ0" hw="small" pos="ADJ">small </w><w c5="AJ0" hw="invited" pos="ADJ">invited </w><w c5="NN1" hw="audience" pos="SUBST">audience </w><w c5="PRF" hw="of" pos="PREP">of </w><w c5="NN2" hw="architect" pos="SUBST">architects </w><w c5="CJC" hw="and" pos="CONJ">and </w><w c5="NN2" hw="developer" pos="SUBST">developers</w><c c5="PUN">, </c><mw c5="PRP"><w c5="CJS" hw="as" pos="CONJ">as </w><w c5="AV0" hw="well" pos="ADV">well </w><w c5="CJS" hw="as" pos="CONJ">as </w></mw><w c5="NN2" hw="member" pos="SUBST">members </w><w c5="PRF" hw="of" pos="PREP">of </w><w c5="AT0" hw="the" pos="ART">the </w><w c5="AJ0-NN1" hw="general" pos="ADJ">general </w><w c5="NN1" hw="public" pos="SUBST">public</w><c c5="PUN">.</c></s></p><p>
<s n="27"><w c5="VVB" hw="go" pos="VERB">Go </w><w c5="ORD" hw="first" pos="ADJ">first </w><w c5="PRP" hw="to" pos="PREP">to </w><w c5="AT0" hw="the" pos="ART">the </w><w c5="CJS" hw="albeit" pos="CONJ">albeit </w><w c5="AJ0" hw="small" pos="ADJ">small </w><w c5="NN1" hw="exhibition" pos="SUBST">exhibition</w><c c5="PUN">: </c><w c5="PRP" hw="in" pos="PREP">in </w><w c5="NP0" hw="prince" pos="SUBST">Prince </w><w c5="NP0" hw="charles" pos="SUBST">Charles </w><w c5="AT0" hw="the" pos="ART">the </w><w c5="NN1" hw="backlash" pos="SUBST">backlash </w><w c5="PRP" hw="against" pos="PREP">against </w><w c5="NN1" hw="modernism" pos="SUBST">modernism </w><w c5="VHZ" hw="have" pos="VERB">has </w><w c5="AT0" hw="an" pos="ART">an </w><w c5="AJ0" hw="impassioned" pos="ADJ">impassioned </w><w c5="NN1" hw="protagonist" pos="SUBST">protagonist </w><w c5="CJC" hw="and" pos="CONJ">and </w><w c5="AT0" hw="the" pos="ART">the </w><w c5="NN1" hw="display" pos="SUBST">display </w><w c5="VVZ" hw="leave" pos="VERB">leaves </w><w c5="PNI" hw="one" pos="PRON">one </w><w c5="PRP" hw="in" pos="PREP">in </w><w c5="AT0" hw="no" pos="ART">no </w><w c5="NN1" hw="doubt" pos="SUBST">doubt </w><w c5="PRP" hw="about" pos="PREP">about </w><w c5="DPS" hw="he" pos="PRON">his </w><w c5="NN2" hw="view" pos="SUBST">views</w><c c5="PUN">.</c></s>
<s n="28"><w c5="DPS" hw="he" pos="PRON">His </w><w c5="AJ0-NN1" hw="self-deprecating" pos="ADJ">self-deprecating </w><w c5="NN1" hw="prose" pos="SUBST">prose </w><c c5="PUN">—</c><c c5="PUQ">‘</c><w c5="PNP" hw="you" pos="PRON">You </w><w c5="VM0" hw="may" pos="VERB">may </w><w c5="VBI" hw="be" pos="VERB">be </w><w c5="VVN" hw="forgive" pos="VERB">forgiven </w><w c5="PRP" hw="for" pos="PREP">for </w><w c5="VVG-NN1" hw="think" pos="VERB">thinking </w><w c5="PNP" hw="i" pos="PRON">I </w><w c5="AV0" hw="only" pos="ADV">only </w><w c5="VVB" hw="like" pos="VERB">like </w><w c5="AT0" hw="the" pos="ART">the </w><w c5="NN1" hw="architecture" pos="SUBST">architecture </w><w c5="PRF" hw="of" pos="PREP">of </w><w c5="AT0" hw="the" pos="ART">the </w><w c5="NN1" hw="past" pos="SUBST">past</w><c c5="PUQ">’</c><c c5="PUN">— </c><w c5="VBZ" hw="be" pos="VERB">is </w><w c5="VVN" hw="reinforce" pos="VERB">reinforced </w><w c5="PRP" hw="by" pos="PREP">by </w><w c5="NN2" hw="video" pos="SUBST">videos </w><w c5="VVG-NN1" hw="broadcast" pos="VERB">broadcasting </w><w c5="NN2" hw="extract" pos="SUBST">extracts </w><w c5="PRP" hw="from" pos="PREP">from </w><w c5="AT0" hw="the" pos="ART">the </w><w c5="NN1" hw="television" pos="SUBST">television </w><w c5="NN1" hw="film" pos="SUBST">film</w><c c5="PUN">.</c></s>
<s n="29"><w c5="PRP" hw="in" pos="PREP">In </w><w c5="DPS" hw="he" pos="PRON">his </w><w c5="NN1" hw="patrician" pos="SUBST">patrician </w><w c5="NN2" hw="tone" pos="SUBST">tones</w><c c5="PUN">, </c><w c5="PNP" hw="he" pos="PRON">he </w><w c5="VVZ" hw="put" pos="VERB">puts </w><w c5="AVP-PRP" hw="over" pos="ADV">over </w><w c5="DPS" hw="he" pos="PRON">his </w><w c5="NN1" hw="message" pos="SUBST">message</w><c c5="PUN">: </c><w c5="NN1" hw="thatmodernist" pos="SUBST">thatmodernist </w><w c5="NN1" hw="architecture" pos="SUBST">architecture </w><w c5="VBZ" hw="be" pos="VERB">is </w><w c5="AT0" hw="a" pos="ART">a </w><w c5="NN1" hw="failure" pos="SUBST">failure</w><c c5="PUN">.</c></s></p><p>
<s n="30"><w c5="AT0" hw="the" pos="ART">The </w><w c5="AJ0" hw="central" pos="ADJ">central </w><w c5="NN1" hw="exhibit" pos="SUBST">exhibit </w><w c5="VBZ" hw="be" pos="VERB">is </w><w c5="AT0" hw="a" pos="ART">a </w><w c5="AJ0" hw="bright" pos="ADJ">bright </w><w c5="AJ0-NN1" hw="pink" pos="ADJ">pink</w><c c5="PUN">, </c><w c5="AJ0" hw="skeletal" pos="ADJ">skeletal </w><w c5="NN1" hw="temple" pos="SUBST">temple </w><w c5="PRP" hw="in" pos="PREP">in </w><w c5="DTQ" hw="which" pos="PRON">which </w><w c5="AT0" hw="the" pos="ART">the </w><w c5="NN1" hw="prince" pos="SUBST">Prince</w><w c5="POS" hw="'s" pos="UNC">'s </w><w c5="AJ0" hw="central" pos="ADJ">central </w><w c5="NN1" hw="advice" pos="SUBST">advice </w><w c5="PRP" hw="to" pos="PREP">to </w><w c5="NN2" hw="architect" pos="SUBST">architects </w><w c5="VBZ" hw="be" pos="VERB">is </w><w c5="VVN" hw="enshrine" pos="VERB">enshrined</w><c c5="PUN">.</c></s>
<s n="31"><w c5="DT0" hw="this" pos="ADJ">This </w><w c5="VVZ" hw="concern" pos="VERB">concerns </w><w c5="NN2" hw="matter" pos="SUBST">matters </w><mw c5="PRP"><w c5="DT0" hw="such" pos="ADJ">such </w><w c5="PRP" hw="as" pos="PREP">as </w></mw><w c5="NN1" hw="heirarchy" pos="SUBST">heirarchy</w><c c5="PUN">, </c><w c5="NN1-VVB" hw="scale" pos="SUBST">scale</w><c c5="PUN">, </c><w c5="NN1" hw="harmony" pos="SUBST">harmony</w><c c5="PUN">, </c><w c5="NN1" hw="decoration" pos="SUBST">decoration </w><w c5="CJC" hw="and" pos="CONJ">and </w><w c5="NN1" hw="art" pos="SUBST">art</w><c c5="PUN">.</c></s>
<s n="32"><w c5="EX0" hw="there" pos="PRON">There </w><w c5="VBZ" hw="be" pos="VERB">is </w><w c5="AV0" hw="also" pos="ADV">also </w><w c5="AT0" hw="a" pos="ART">a </w><w c5="NN1" hw="photograph" pos="SUBST">photograph </w><w c5="CJC" hw="and" pos="CONJ">and </w><w c5="NN1" hw="model" pos="SUBST">model </w><w c5="NN1" hw="tour" pos="SUBST">tour </w><w c5="PRF" hw="of" pos="PREP">of </w><w c5="AT0" hw="the" pos="ART">the </w><w c5="NN2" hw="building" pos="SUBST">buildings </w><w c5="AT0" hw="the" pos="ART">the </w><w c5="NN1" hw="prince" pos="SUBST">Prince </w><w c5="NN2-VVZ" hw="like" pos="SUBST">likes </w><w c5="CJC" hw="and" pos="CONJ">and </w><w c5="NN2-VVZ" hw="dislike" pos="SUBST">dislikes</w><c c5="PUN">, </c><w c5="PRP" hw="including" pos="PREP">including </w><w c5="AT0" hw="the" pos="ART">the </w><w c5="NN1" hw="development" pos="SUBST">development </w><w c5="PRF" hw="of" pos="PREP">of </w><w c5="AT0" hw="a" pos="ART">a </w><w c5="AJ0" hw="new" pos="ADJ">new </w><w c5="NN1" hw="suburb" pos="SUBST">suburb </w><w c5="PRP" hw="for" pos="PREP">for </w><w c5="NP0" hw="dorchester" pos="SUBST">Dorchester</w><c c5="PUN">.</c></s></p><p>
<s n="33"><w c5="PRP" hw="at" pos="PREP">At </w><w c5="AT0" hw="the" pos="ART">the </w><w c5="AV0" hw="very" pos="ADV">very </w><w c5="AV0" hw="least" pos="ADV">least</w><c c5="PUN">, </c><w c5="AT0" hw="the" pos="ART">the </w><w c5="NN1" hw="exhibition" pos="SUBST">exhibition </w><w c5="VVZ" hw="provide" pos="VERB">provides </w><w c5="NN1" hw="food" pos="SUBST">food </w><w c5="PRP" hw="for" pos="PREP">for </w><w c5="NN1" hw="thought" pos="SUBST">thought</w><c c5="PUN">: </c><w c5="CJS" hw="as" pos="CONJ">as </w><w c5="AT0" hw="the" pos="ART">the </w><w c5="ORD" hw="21st" pos="ADJ">21st </w><w c5="NN1" hw="century" pos="SUBST">century </w><w c5="VVZ" hw="near" pos="VERB">nears</w><c c5="PUN">, </c><w c5="VDB" hw="do" pos="VERB">do </w><w c5="PNP" hw="we" pos="PRON">we </w><w c5="AV0" hw="really" pos="ADV">really </w><w c5="VVI" hw="want" pos="VERB">want </w><w c5="NN1" hw="architecture" pos="SUBST">architecture </w><w c5="CJT" hw="that" pos="CONJ">that </w><w c5="VVZ" hw="look" pos="VERB">looks </w><mw c5="CJS"><w c5="PRP" hw="as" pos="PREP">as </w><w c5="CJS" hw="if" pos="CONJ">if </w></mw><w c5="PNP" hw="it" pos="PRON">it </w><w c5="VBD" hw="be" pos="VERB">was </w><w c5="VVN" hw="build" pos="VERB">built </w><w c5="PRP" hw="in" pos="PREP">in </w><w c5="AT0" hw="the" pos="ART">the </w><w c5="ORD" hw="18th" pos="ADJ">18th</w><c c5="PUN">?</c></s></p><p>
<s n="34"><w c5="DTQ" hw="what" pos="PRON">WHAT </w><w c5="AT0" hw="the" pos="ART">THE </w><w c5="NN2" hw="critic" pos="SUBST">CRITICS </w><w c5="VVD" hw="say" pos="VERB">SAID </w><w c5="NP0" hw="prince" pos="SUBST">Prince </w><w c5="NP0" hw="charles" pos="SUBST">Charles </w><c c5="PUQ">‘</c><w c5="VBZ" hw="be" pos="VERB">is </w><w c5="AJ0" hw="incapable" pos="ADJ">incapable </w><w c5="PRF" hw="of" pos="PREP">of </w><w c5="VVG-AJ0" hw="distinguish" pos="VERB">distinguishing </w><w c5="PRP" hw="between" pos="PREP">between </w><w c5="AT0" hw="the" pos="ART">the </w><w c5="AJ0" hw="good" pos="ADJ">good </w><w c5="CJC" hw="and" pos="CONJ">and </w><w c5="AT0" hw="the" pos="ART">the </w><w c5="AJ0" hw="bad" pos="ADJ">bad</w><c c5="PUN">, </c><w c5="AV0" hw="only" pos="ADV">only </w><w c5="PRP" hw="between" pos="PREP">between </w><w c5="DTQ" hw="what" pos="PRON">what </w><w c5="VVZ" hw="look" pos="VERB">looks </w><w c5="AJ0" hw="old" pos="ADJ">old </w><w c5="CJC" hw="and" pos="CONJ">and </w><w c5="DTQ" hw="what" pos="PRON">what </w><w c5="VVZ" hw="look" pos="VERB">looks </w><w c5="AJ0" hw="new" pos="ADJ">new</w><c c5="PUN">…</c><c c5="PUQ">’</c></s>
<s n="35"><w c5="NP0" hw="martin" pos="SUBST">Martin </w><w c5="NP0" hw="pawley" pos="SUBST">Pawley</w><c c5="PUN">, </c><w c5="AJ0" hw="daily" pos="ADJ">Daily </w><w c5="NN1" hw="telegraph" pos="SUBST">Telegraph</w><c c5="PUN">.</c></s></p><p>
<s n="36"><c c5="PUQ">‘</c><w c5="DPS" hw="he" pos="PRON">His </w><w c5="NN2" hw="instinct" pos="SUBST">instincts </w><w c5="VBB" hw="be" pos="VERB">are </w><w c5="AV0" hw="absolutely" pos="ADV">absolutely </w><w c5="AJ0" hw="sound" pos="ADJ">sound </w><w c5="PRP" hw="about" pos="PREP">about </w><w c5="AT0" hw="the" pos="ART">the </w><w c5="NN1" hw="ruination" pos="SUBST">ruination </w><w c5="PRF" hw="of" pos="PREP">of </w><w c5="DPS" hw="we" pos="PRON">our </w><w c5="NN2" hw="city" pos="SUBST">cities </w><w c5="CJC" hw="and" pos="CONJ">and </w><w c5="PNP" hw="it" pos="PRON">it </w><w c5="VBZ" hw="be" pos="VERB">is </w><w c5="AT0" hw="a" pos="ART">a </w><w c5="AJ0" hw="sad" pos="ADJ">sad </w><w c5="NN1" hw="reflection" pos="SUBST">reflection </w><w c5="PRP" hw="upon" pos="PREP">upon </w><w c5="NN2" hw="government" pos="SUBST">governments </w><w c5="CJC" hw="and" pos="CONJ">and </w><w c5="NN2" hw="planner" pos="SUBST">planners </w><w c5="CJT" hw="that" pos="CONJ">that </w><w c5="DT0" hw="such" pos="ADJ">such </w><w c5="NN1" hw="damage" pos="SUBST">damage </w><w c5="VHZ" hw="have" pos="VERB">has </w><w c5="AV0" hw="already" pos="ADV">already </w><w c5="VBN" hw="be" pos="VERB">been </w><w c5="VDN" hw="do" pos="VERB">done</w><c c5="PUN">…</c><c c5="PUQ">’</c></s>
<s n="37"><w c5="NP0" hw="colin" pos="SUBST">Colin </w><w c5="NP0" hw="amery" pos="SUBST">Amery</w><c c5="PUN">, </c><w c5="AJ0" hw="financial" pos="ADJ">Financial </w><w c5="NN2" hw="time" pos="SUBST">Times</w><c c5="PUN">.</c></s></p><p>
<s n="38"><w c5="CJS" hw="although" pos="CONJ">Although </w><w c5="AT0" hw="the" pos="ART">the </w><w c5="NN1" hw="exhibition" pos="SUBST">exhibition </w><w c5="VVZ" hw="illustrate" pos="VERB">illustrates </w><w c5="DT0" hw="some" pos="ADJ">some </w><w c5="AV0" hw="pretty" pos="ADV">pretty </w><w c5="AJ0" hw="horrifying" pos="ADJ">horrifying </w><w c5="NN2" hw="mistake" pos="SUBST">mistakes </w><w c5="CJT" hw="that" pos="CONJ">that </w><w c5="PNP" hw="we" pos="PRON">we </w><w c5="VVD" hw="make" pos="VERB">made</w><c c5="PUN">, </c><w c5="ZZ0" hw="a" pos="SUBST">A </w><w c5="NN1" hw="vision" pos="SUBST">Vision </w><w c5="PRF" hw="of" pos="PREP">of </w><w c5="NP0" hw="britain" pos="SUBST">Britain </w><w c5="VBZ" hw="be" pos="VERB">is </w><w c5="XX0" hw="not" pos="ADV">not </w><w c5="AJ0" hw="pessimistic" pos="ADJ">pessimistic</w><c c5="PUN">.</c></s>
<s n="39"><w c5="NP0" hw="charles" pos="SUBST">Charles </w><w c5="NP0" hw="knevitt" pos="SUBST">Knevitt</w><c c5="PUN">, </c><w c5="NN2" hw="time" pos="SUBST">Times</w><c c5="PUN">.</c></s></p></div><div level="1" n="891003 edition -- Listings Page 35"><head type="MAIN">
<s n="40"><w c5="VVG" hw="go" pos="VERB">Going </w><w c5="AVP" hw="out" pos="ADV">Out </w><w c5="PRP" hw="to" pos="PREP">to </w><w c5="NN2" hw="gallery" pos="SUBST">Galleries</w><c c5="PUN">: </c><w c5="NN1" hw="architecture" pos="SUBST">ARCHITECTURE </w><c c5="PUN">/</c><w c5="AJ0" hw="georgian" pos="ADJ">Georgian </w><w c5="NN2" hw="value" pos="SUBST">values</w><c c5="PUN">: </c><w c5="NP0" hw="geraldine" pos="SUBST">Geraldine </w><w c5="NN1" hw="prince" pos="SUBST">Prince </w><w c5="PRP" hw="on" pos="PREP">on </w><w c5="AJ0" hw="georgian" pos="ADJ">Georgian </w><w c5="NN1" hw="diy" pos="SUBST">DIY </w><w c5="PRP" hw="for" pos="PREP">for </w><w c5="AT0" hw="the" pos="ART">the </w><w c5="NN1" hw="home" pos="SUBST">home</w><c c5="PUN">; </c><w c5="PRP" hw="plus" pos="PREP">plus </w><w c5="AJ0" hw="selected" pos="ADJ">selected </w><w c5="NN2" hw="lecture" pos="SUBST">lectures </w><w c5="CJC" hw="and" pos="CONJ">and </w><w c5="NN2" hw="course" pos="SUBST">courses</w></s></head><head type="BYLINE">
<s n="41"><w c5="PRP" hw="by" pos="PREP">By </w><w c5="NP0" hw="geraldine" pos="SUBST">GERALDINE </w><w c5="NN1" hw="prince" pos="SUBST">PRINCE</w></s></head><p>
<s n="42"><w c5="CJS" hw="if" pos="CONJ">IF </w><w c5="PNP" hw="you" pos="PRON">you </w><w c5="VVB" hw="own" pos="VERB">own </w><w c5="CJC" hw="or" pos="CONJ">or </w><w c5="VVB-NN1" hw="hope" pos="VERB">hope </w><w c5="TO0" hw="to" pos="PREP">to </w><w c5="VVI" hw="buy" pos="VERB">buy </w><w c5="AT0" hw="an" pos="ART">an </w><w c5="ORD" hw="18th" pos="ADJ">18th </w><w c5="CJC" hw="or" pos="CONJ">or </w><w c5="ORD" hw="19th" pos="ADJ">19th </w><w c5="NN1" hw="century" pos="SUBST">century </w><w c5="AJ0" hw="terraced" pos="ADJ">terraced </w><w c5="NN1" hw="house" pos="SUBST">house </w><w c5="CJC" hw="or" pos="CONJ">or </w><w c5="AJ0" hw="rural" pos="ADJ">rural </w><w c5="NN1" hw="cottage" pos="SUBST">cottage </w><w c5="CJT" hw="that" pos="CONJ">that </w><w c5="VVZ" hw="need" pos="VERB">needs </w><w c5="NN1" hw="doing" pos="SUBST">doing </w><w c5="AVP-PRP" hw="up" pos="ADV">up</w><c c5="PUN">, </c><w c5="AVQ" hw="where" pos="ADV">where </w><w c5="VDB" hw="do" pos="VERB">do </w><w c5="PNP" hw="you" pos="PRON">you </w><w c5="VVI" hw="go" pos="VERB">go </w><w c5="PRP" hw="for" pos="PREP">for </w><w c5="NN1" hw="advice" pos="SUBST">advice </w><w c5="PRP-AVP" hw="about" pos="PREP">about </w><w c5="AV0" hw="historically" pos="ADV">historically </w><w c5="AJ0" hw="appropriate" pos="ADJ">appropriate </w><w c5="NN1" hw="restoration" pos="SUBST">restoration </w><w c5="NN2" hw="method" pos="SUBST">methods </w><w c5="CJC" hw="and" pos="CONJ">and </w><w c5="NN2" hw="technique" pos="SUBST">techniques</w><c c5="PUN">?</c></s>
<s n="43"><w c5="AT0" hw="the" pos="ART">The </w><w c5="AJ0" hw="georgian" pos="ADJ">Georgian </w><w c5="NN2" hw="exterior" pos="SUBST">Exteriors </w><w c5="NN1" hw="course" pos="SUBST">Course </w><c c5="PUL">(</c><w c5="ORD" hw="11th-15th" pos="ADJ">11th-15th </w><w c5="NP0" hw="october" pos="SUBST">October</w><c c5="PUR">) </c><w c5="VVZ" hw="combine" pos="VERB">combines </w><w c5="AJ0" hw="practical" pos="ADJ">practical </w><w c5="NN1" hw="advice" pos="SUBST">advice </w><w c5="PRP" hw="on" pos="PREP">on </w><w c5="NN1" hw="renovation" pos="SUBST">renovation </w><w c5="PRP" hw="with" pos="PREP">with </w><w c5="AT0" hw="a" pos="ART">a </w><w c5="AJ0" hw="historical" pos="ADJ">historical </w><w c5="NN1" hw="guide" pos="SUBST">guide </w><w c5="PRP" hw="to" pos="PREP">to </w><w c5="AT0" hw="the" pos="ART">the </w><w c5="NN2" hw="practice" pos="SUBST">practices </w><w c5="PRF" hw="of" pos="PREP">of </w><w c5="AJ0" hw="georgian" pos="ADJ">Georgian </w><w c5="NN1" hw="building" pos="SUBST">building</w><c c5="PUN">.</c></s>
<s n="44"><w c5="CJS" hw="although" pos="CONJ">Although </w><w c5="DT0" hw="some" pos="ADJ">some </w><w c5="NN2" hw="lecture" pos="SUBST">lectures </w><w c5="VVB" hw="appear" pos="VERB">appear </w><w c5="TO0" hw="to" pos="PREP">to </w><w c5="VBI" hw="be" pos="VERB">be </w><w c5="PRP" hw="for" pos="PREP">for </w><w c5="AT0" hw="the" pos="ART">the </w><w c5="AJ0" hw="committed" pos="ADJ">committed </w><w c5="NN1" hw="diy" pos="SUBST">DIY </w><w c5="NN1" hw="enthusiast" pos="SUBST">enthusiast </w><mw c5="PRP"><w c5="DT0" hw="such" pos="ADJ">such </w><w c5="PRP" hw="as" pos="PREP">as</w></mw><c c5="PUQ">‘</c><w c5="NN1" hw="mortar" pos="SUBST">Mortar </w><w c5="NN1-VVG" hw="mixing" pos="SUBST">mixing </w><w c5="CJC" hw="and" pos="CONJ">and </w><w c5="NN1" hw="brick" pos="SUBST">brick </w><w c5="VVG-NN1" hw="lay" pos="VERB">laying</w><c c5="PUQ">’</c><c c5="PUN">, </c><w c5="AT0" hw="the" pos="ART">the </w><w c5="NN1" hw="organiser" pos="SUBST">organiser </w><w c5="NP0" hw="steven" pos="SUBST">Steven </w><w c5="NP0" hw="parissien" pos="SUBST">Parissien</w><c c5="PUN">, </c><w c5="VVZ" hw="insist" pos="VERB">insists </w><w c5="CJT" hw="that" pos="CONJ">that </w><w c5="AT0" hw="the" pos="ART">the </w><w c5="NN1" hw="course" pos="SUBST">course </w><w c5="VBZ" hw="be" pos="VERB">is </w><w c5="AV0" hw="more" pos="ADV">more </w><w c5="PRP" hw="about" pos="PREP">about </w><c c5="PUQ">‘</c><w c5="VVG" hw="make" pos="VERB">making </w><w c5="NN0" hw="people" pos="SUBST">people </w><w c5="AJ0" hw="aware" pos="ADJ">aware </w><w c5="PRF" hw="of" pos="PREP">of </w><w c5="DTQ" hw="which" pos="PRON">which </w><w c5="NN2" hw="thing" pos="SUBST">things </w><w c5="VBB" hw="be" pos="VERB">are </w><w c5="AV0" hw="structurally" pos="ADV">structurally </w><w c5="AJ0" hw="disastrous" pos="ADJ">disastrous </w><w c5="CJC" hw="and" pos="CONJ">and </w><w c5="AV0" hw="visually" pos="ADV">visually </w><w c5="AJ0" hw="awful" pos="ADJ">awful</w><c c5="PUN">.</c><c c5="PUQ">’</c></s></p><p>
<s n="45"><w c5="CRD" hw="one" pos="ADJ">One </w><w c5="AJ0" hw="particular" pos="ADJ">particular </w><mw c5="NN1"><w c5="UNC" hw="bete" pos="UNC">bete </w><w c5="UNC" hw="noire" pos="UNC">noire </w></mw><w c5="VBZ" hw="be" pos="VERB">is </w><w c5="NN1" hw="double-glazing" pos="SUBST">double-glazing</w><c c5="PUN">.</c></s>
<s n="46"><c c5="PUQ">‘</c><w c5="AJ0" hw="fine" pos="ADJ">Fine </w><w c5="PRP" hw="for" pos="PREP">for </w><w c5="AT0" hw="a" pos="ART">a </w><w c5="CRD" hw="1950s" pos="ADJ">1950s </w><w c5="NN1" hw="semi" pos="SUBST">semi</w><c c5="PUN">, </c><w c5="CJC" hw="but" pos="CONJ">but </w><w c5="AJ0" hw="old" pos="ADJ">old </w><w c5="NN2" hw="building" pos="SUBST">buildings </w><w c5="VBD" hw="be" pos="VERB">were</w><w c5="XX0" hw="not" pos="ADV">n't </w><w c5="VVN" hw="intend" pos="VERB">intended </w><w c5="TO0" hw="to" pos="PREP">to </w><w c5="VBI" hw="be" pos="VERB">be </w><w c5="AV0" hw="hermetically" pos="ADV">hermetically </w><w c5="VVN-AJ0" hw="seal" pos="VERB">sealed</w><c c5="PUN">; </c><w c5="VVG" hw="prevent" pos="VERB">preventing </w><w c5="NN1" hw="moisture" pos="SUBST">moisture </w><w c5="VVG" hw="get" pos="VERB">getting </w><w c5="AVP" hw="in" pos="ADV">in </w><w c5="CJC" hw="and" pos="CONJ">and </w><w c5="AVP" hw="out" pos="ADV">out </w><w c5="VVZ-NN2" hw="cause" pos="VERB">causes </w><w c5="AJ0" hw="real" pos="ADJ">real </w><w c5="NN1" hw="damage" pos="SUBST">damage</w><c c5="PUN">.</c><c c5="PUQ">’</c></s></p><p>
<s n="47"><w c5="AT0" hw="the" pos="ART">The </w><w c5="NN1" hw="course" pos="SUBST">course </w><w c5="VVZ" hw="give" pos="VERB">gives </w><w c5="NN1" hw="advice" pos="SUBST">advice </w><w c5="PRP" hw="on" pos="PREP">on </w><w c5="AT0" hw="a" pos="ART">a </w><w c5="NN1" hw="range" pos="SUBST">range </w><w c5="PRF" hw="of" pos="PREP">of </w><w c5="NN2" hw="subject" pos="SUBST">subjects</w><c c5="PUN">: </c><w c5="NN1" hw="town" pos="SUBST">town </w><w c5="NN2" hw="garden" pos="SUBST">gardens</w><c c5="PUN">, </c><w c5="NN1" hw="metalwork" pos="SUBST">metalwork</w><c c5="PUN">, </c><w c5="NN1" hw="stucco" pos="SUBST">stucco </w><w c5="CJC" hw="and" pos="CONJ">and </w><w c5="NN1" hw="door" pos="SUBST">door </w><w c5="NN1" hw="furniture" pos="SUBST">furniture</w><c c5="PUN">, </c><w c5="CJC" hw="but" pos="CONJ">but </w><w c5="PNP" hw="it" pos="PRON">it</w><w c5="VBZ" hw="be" pos="VERB">'s </w><w c5="XX0" hw="not" pos="ADV">not </w><w c5="DT0" hw="all" pos="ADJ">all </w><w c5="NN1" hw="classwork" pos="SUBST">classwork</w><c c5="PUN">.</c></s>
<s n="48"><w c5="EX0" hw="there" pos="PRON">There </w><w c5="VBB" hw="be" pos="VERB">are </w><w c5="NN2" hw="trip" pos="SUBST">trips </w><w c5="PRP" hw="to" pos="PREP">to </w><w c5="AT0" hw="the" pos="ART">the </w><w c5="NN1" hw="lime" pos="SUBST">Lime </w><w c5="CJC" hw="and" pos="CONJ">and </w><w c5="NP0" hw="flint" pos="SUBST">Flint </w><w c5="NN1" hw="centre" pos="SUBST">centre </w><w c5="PRP" hw="in" pos="PREP">in </w><w c5="NP0" hw="winchester" pos="SUBST">Winchester </w><w c5="CJC" hw="and" pos="CONJ">and </w><w c5="AT0" hw="the" pos="ART">the </w><w c5="NP0-NN1" hw="bellingdon" pos="SUBST">Bellingdon </w><w c5="NN2" hw="brickwork" pos="SUBST">brickworks </w><w c5="PRP" hw="in" pos="PREP">in </w><w c5="NP0" hw="buckinghamshire" pos="SUBST">Buckinghamshire</w><c c5="PUN">.</c></s>
<s n="49"><w c5="AT0" hw="a" pos="ART">A </w><w c5="NN1-VVB" hw="visit" pos="SUBST">visit </w><w c5="PRP" hw="to" pos="PREP">to </w><w c5="AT0" hw="a" pos="ART">a </w><w c5="AJ0" hw="traditional" pos="ADJ">traditional </w><w c5="NN1" hw="glassmaker" pos="SUBST">glassmaker </w><w c5="PRP" hw="in" pos="PREP">in </w><w c5="NP0" hw="wembley" pos="SUBST">Wembley </w><w c5="CJC" hw="and" pos="CONJ">and </w><w c5="NN2" hw="tour" pos="SUBST">tours </w><w c5="PRF" hw="of" pos="PREP">of </w><w c5="AJ0" hw="fine" pos="ADJ">fine </w><w c5="NN2" hw="example" pos="SUBST">examples </w><w c5="PRF" hw="of" pos="PREP">of </w><w c5="AJ0" hw="georgian" pos="ADJ">Georgian </w><w c5="NN2" hw="building" pos="SUBST">buildings</w><c c5="PUN">.</c></s></p><p>
<s n="50"><w c5="PRP" hw="with" pos="PREP">With </w><w c5="AT0" hw="an" pos="ART">an </w><w c5="NN1" hw="eye" pos="SUBST">eye </w><w c5="PRP" hw="on" pos="PREP">on </w><w c5="AT0" hw="the" pos="ART">the </w><w c5="NN1" hw="trend" pos="SUBST">trend </w><w c5="PRP" hw="for" pos="PREP">for </w><w c5="NN0" hw="people" pos="SUBST">people </w><w c5="PRP" hw="with" pos="PREP">with </w><w c5="NN1" hw="time" pos="SUBST">time </w><w c5="PRP" hw="on" pos="PREP">on </w><w c5="DPS" hw="they" pos="PRON">their </w><w c5="NN2" hw="hand" pos="SUBST">hands </w><w c5="TO0" hw="to" pos="PREP">to </w><w c5="VVI" hw="take" pos="VERB">take </w><w c5="AVP" hw="up" pos="ADV">up </w><w c5="AJ0" hw="neglected" pos="ADJ">neglected </w><w c5="NN2" hw="craft" pos="SUBST">crafts </w><mw c5="PRP"><w c5="DT0" hw="such" pos="ADJ">such </w><w c5="PRP" hw="as" pos="PREP">as </w></mw><w c5="NN1" hw="paint" pos="SUBST">paint </w><w c5="VVG-NN1" hw="finish" pos="VERB">finishing </w><w c5="CJC" hw="and" pos="CONJ">and </w><w c5="NN1" hw="upholstery" pos="SUBST">upholstery</w><c c5="PUN">, </c><w c5="AJ0" hw="parissien" pos="ADJ">Parissien </w><w c5="NN2-VVZ" hw="note" pos="SUBST">notes</w><c c5="PUN">, </c><c c5="PUQ">‘</c><w c5="EX0" hw="there" pos="PRON">There </w><w c5="VBB" hw="be" pos="VERB">are </w><w c5="PNI" hw="lots" pos="PRON">lots </w><w c5="PRF" hw="of" pos="PREP">of </w><w c5="NN2" hw="course" pos="SUBST">courses </w><w c5="PRP" hw="on" pos="PREP">on </w><w c5="CRD" hw="101" pos="ADJ">101 </w><w c5="NN2" hw="thing" pos="SUBST">things </w><w c5="TO0" hw="to" pos="PREP">to </w><w c5="VDI" hw="do" pos="VERB">do </w><w c5="PRP" hw="with" pos="PREP">with </w><w c5="NN1" hw="furnishing" pos="SUBST">furnishing </w><w c5="NN2" hw="fabric" pos="SUBST">fabrics</w><c c5="PUN">, </c><w c5="CJC" hw="but" pos="CONJ">but </w><w c5="EX0" hw="there" pos="PRON">there</w><w c5="VBZ" hw="be" pos="VERB">'s </w><w c5="AV0" hw="less" pos="ADV">less </w><w c5="PRP" hw="for" pos="PREP">for </w><w c5="AT0" hw="the" pos="ART">the </w><w c5="NN1" hw="layperson" pos="SUBST">layperson </w><w c5="PRP" hw="about" pos="PREP">about </w><w c5="NN1" hw="structure" pos="SUBST">structure</w><c c5="PUN">, </c><w c5="PRP" hw="about" pos="PREP">about </w><w c5="AV0" hw="actually" pos="ADV">actually </w><w c5="VVG" hw="save" pos="VERB">saving </w><w c5="DPS" hw="you" pos="PRON">your </w><w c5="NN1" hw="house" pos="SUBST">house</w><c c5="PUN">.</c><c c5="PUQ">’</c></s></p><p>
<s n="51"><w c5="NN1-NP0" hw="parissien" pos="SUBST">Parissien </w><w c5="VVZ" hw="acknowledge" pos="VERB">acknowledges </w><w c5="DT0" hw="another" pos="ADJ">another </w><w c5="NN1" hw="benefit" pos="SUBST">benefit</w><c c5="PUN">: </c><c c5="PUQ">‘</c><w c5="AT0" hw="the" pos="ART">the </w><w c5="AJ0" hw="bottom" pos="ADJ">bottom </w><w c5="NN1" hw="line" pos="SUBST">line</w><c c5="PUN">, </c><w c5="PRP" hw="for" pos="PREP">for </w><w c5="DT0" hw="those" pos="ADJ">those </w><w c5="PNQ" hw="who" pos="PRON">who </w><w c5="VVB" hw="want" pos="VERB">want </w><w c5="TO0" hw="to" pos="PREP">to </w><w c5="VVI" hw="see" pos="VERB">see </w><w c5="PNP" hw="it" pos="PRON">it </w><w c5="DT0" hw="that" pos="ADJ">that </w><w c5="NN1" hw="way" pos="SUBST">way</w><c c5="PUN">, </c><w c5="VBZ" hw="be" pos="VERB">is </w><w c5="CJT" hw="that" pos="CONJ">that </w><w c5="AT0" hw="the" pos="ART">the </w><w c5="NN1" hw="course" pos="SUBST">course </w><w c5="VBZ" hw="be" pos="VERB">is </w><w c5="AV0" hw="also" pos="ADV">also </w><w c5="AT0" hw="a" pos="ART">a </w><w c5="NN1" hw="guide" pos="SUBST">guide </w><w c5="PRP" hw="to" pos="PREP">to </w><w c5="AVQ" hw="how" pos="ADV">how </w><w c5="TO0" hw="to" pos="PREP">to </w><w c5="VVI" hw="put" pos="VERB">put </w><w c5="NN1" hw="money" pos="SUBST">money </w><w c5="PRP" hw="onto" pos="PREP">onto </w><w c5="AT0" hw="a" pos="ART">a </w><w c5="NN1" hw="house" pos="SUBST">house</w><c c5="PUN">, </c><mw c5="CJS"><w c5="AV0" hw="rather" pos="ADV">rather </w><w c5="CJS" hw="than" pos="CONJ">than </w></mw><w c5="VVI" hw="take" pos="VERB">take </w><w c5="PNP" hw="it" pos="PRON">it </w><w c5="AVP" hw="off" pos="ADV">off</w><c c5="PUN">.</c><c c5="PUQ">’</c></s></p><p>
<s n="52"><w c5="AJ0" hw="georgian" pos="ADJ">Georgian </w><w c5="NN2" hw="exterior" pos="SUBST">Exteriors </w><w c5="NN1" hw="course" pos="SUBST">Course </w><w c5="CRD" hw="11-15" pos="ADJ">11-15 </w><w c5="NP0" hw="october" pos="SUBST">October</w><c c5="PUN">.</c></s>
<s n="53"><w c5="NN2" hw="lecture" pos="SUBST">Lectures</w><c c5="PUN">, </c><w c5="NN2" hw="visit" pos="SUBST">visits</w><c c5="PUN">, </c><w c5="NN2" hw="demonstration" pos="SUBST">demonstrations </w><w c5="PRP" hw="around" pos="PREP">around </w><w c5="AT0" hw="the" pos="ART">the </w><w c5="NN1" hw="south" pos="SUBST">south </w><w c5="PRF" hw="of" pos="PREP">of </w><w c5="NP0" hw="england" pos="SUBST">England</w><c c5="PUN">, </c><w c5="PRP" hw="plus" pos="PREP">plus </w><w c5="NN2" hw="event" pos="SUBST">events </w><w c5="PRP" hw="including" pos="PREP">including </w><w c5="AJ0" hw="georgian" pos="ADJ">Georgian </w><w c5="NN1" hw="music" pos="SUBST">music</w><c c5="PUN">, </c><w c5="NN1" hw="food" pos="SUBST">food</w><c c5="PUN">, </c><w c5="NN1" hw="opera" pos="SUBST">opera</w><c c5="PUN">.</c></s>
<s n="54"><w c5="AJC" hw="far" pos="ADJ">Further </w><w c5="NN1" hw="information" pos="SUBST">information </w><w c5="PRP" hw="on" pos="PREP">on </w><w c5="CRD" hw="01-377" pos="ADJ">01-377 </w><w c5="CRD" hw="1722" pos="ADJ">1722</w><c c5="PUN">.</c></s></p><p>
<s n="55"><w c5="NN1" hw="south" pos="SUBST">SOUTH </w><w c5="NP0-NN1" hw="queensferry" pos="SUBST">QUEENSFERRY </w><w c5="NP0-NN1" hw="hopetoun" pos="SUBST">Hopetoun </w><w c5="NN1" hw="house" pos="SUBST">House </w><w c5="AT0" hw="the" pos="ART">The </w><w c5="AJ0" hw="architectural" pos="ADJ">Architectural </w><w c5="NN1" hw="heritage" pos="SUBST">Heritage </w><w c5="NN1" hw="society" pos="SUBST">Society</w><w c5="POS" hw="'s" pos="UNC">'s </w><w c5="AJ0" hw="annual" pos="ADJ">Annual </w><w c5="NN1" hw="conference" pos="SUBST">Conference </w><w c5="VVZ" hw="celebrate" pos="VERB">celebrates </w><w c5="AT0" hw="the" pos="ART">the </w><w c5="NN1" hw="tercentenary" pos="SUBST">tercentenary </w><w c5="PRF" hw="of" pos="PREP">of </w><w c5="AT0" hw="the" pos="ART">the </w><w c5="AJ0" hw="scottish" pos="ADJ">Scottish </w><w c5="AJ0" hw="classical" pos="ADJ">classical </w><w c5="NN1" hw="architect" pos="SUBST">architect </w><w c5="NP0" hw="william" pos="SUBST">William </w><w c5="NP0" hw="adam" pos="SUBST">Adam </w><c c5="PUL">(</c><w c5="CRD" hw="1689-1748" pos="ADJ">1689-1748</w><c c5="PUR">) </c><w c5="PRP" hw="on" pos="PREP">on </w><w c5="NP0" hw="saturday" pos="SUBST">Saturday </w><w c5="CRD" hw="28" pos="ADJ">28 </w><w c5="NP0" hw="oct" pos="SUBST">Oct </w><w c5="PRP" hw="in" pos="PREP">in </w><w c5="AT0" hw="the" pos="ART">the </w><w c5="AJ0" hw="elegant" pos="ADJ">elegant </w><w c5="NN1" hw="ballroom" pos="SUBST">ballroom </w><w c5="PRP" hw="at" pos="PREP">at </w><w c5="NP0-NN1" hw="hopetoun" pos="SUBST">Hopetoun </w><w c5="NN1" hw="house" pos="SUBST">House </w><c c5="PUN">— </c><w c5="NP0" hw="william" pos="SUBST">William </w><w c5="NP0" hw="adam" pos="SUBST">Adam</w><w c5="POS" hw="'s" pos="UNC">'s </w><w c5="AV0" hw="most" pos="ADV">most </w><w c5="AJ0" hw="important" pos="ADJ">important </w><w c5="NN1" hw="commission" pos="SUBST">commission</w><c c5="PUN">.</c></s>
<s n="56"><w c5="PNP" hw="it" pos="PRON">It </w><w c5="VM0" hw="will" pos="VERB">will </w><w c5="VBI" hw="be" pos="VERB">be </w><w c5="VVN-AJ0" hw="devote" pos="VERB">devoted </w><w c5="PRP" hw="to" pos="PREP">to </w><w c5="AT0" hw="a" pos="ART">a </w><w c5="NN1" hw="re-assessment" pos="SUBST">re-assessment </w><w c5="PRF" hw="of" pos="PREP">of </w><w c5="DPS" hw="he" pos="PRON">his </w><w c5="NN1" hw="life" pos="SUBST">life </w><mw c5="PRP"><w c5="PRP" hw="in" pos="PREP">in </w><w c5="AT0" hw="the" pos="ART">the </w><w c5="NN1" hw="light" pos="SUBST">light </w><w c5="PRF" hw="of" pos="PREP">of </w></mw><w c5="AJ0" hw="recent" pos="ADJ">recent </w><w c5="NN1" hw="research" pos="SUBST">research </w><c c5="PUN">— </c><w c5="CJC" hw="and" pos="CONJ">and </w><w c5="VVZ" hw="coincide" pos="VERB">coincides </w><w c5="PRP" hw="with" pos="PREP">with </w><w c5="AT0" hw="the" pos="ART">the </w><w c5="AJ0" hw="scottish" pos="ADJ">Scottish </w><w c5="AJ0" hw="national" pos="ADJ">National </w><w c5="NN1" hw="portrait" pos="SUBST">Portrait </w><w c5="NN1" hw="gallery" pos="SUBST">Gallery </w><w c5="NN1" hw="exhibition" pos="SUBST">exhibition </w><c c5="PUL">(</c><w c5="DTQ" hw="which" pos="PRON">which </w><w c5="VVZ" hw="end" pos="VERB">ends </w><w c5="CRD" hw="8" pos="ADJ">8 </w><w c5="NP0" hw="oct" pos="SUBST">Oct</w><c c5="PUR">)</c><c c5="PUN">.</c></s>
<s n="57"><w c5="NN2" hw="topic" pos="SUBST">Topics </w><w c5="PRP" hw="for" pos="PREP">for </w><w c5="NN2" hw="lecture" pos="SUBST">lectures </w><w c5="VVB" hw="include" pos="VERB">include </w><c c5="PUQ">‘</c><w c5="AT0" hw="the" pos="ART">The </w><w c5="NN1" hw="patron" pos="SUBST">Patron</w><w c5="POS" hw="'s" pos="UNC">'s </w><w c5="NN1" hw="part" pos="SUBST">Part</w><c c5="PUN">: </c><w c5="VVG-NN1" hw="live" pos="VERB">Living </w><w c5="PRP-AVP" hw="in" pos="PREP">in </w><w c5="AT0" hw="a" pos="ART">a </w><w c5="NP0" hw="william" pos="SUBST">William </w><w c5="NP0" hw="adam" pos="SUBST">Adam </w><w c5="NN1" hw="house" pos="SUBST">House</w><c c5="PUN">, </c><w c5="CRD" hw="1726-1989" pos="ADJ">1726-1989</w><c c5="PUQ">’</c><c c5="PUN">; </c><c c5="PUQ">‘</c><w c5="NP0" hw="adam" pos="SUBST">Adam</w><c c5="PUN">: </c><w c5="AT0" hw="the" pos="ART">the </w><w c5="AJS" hw="late" pos="ADJ">latest </w><w c5="NN1" hw="research" pos="SUBST">research</w><c c5="PUQ">’</c><c c5="PUN">; </c><w c5="CJC" hw="and" pos="CONJ">and </w><c c5="PUQ">‘</c><w c5="NP0" hw="adam" pos="SUBST">Adam</w><c c5="PUN">: </c><w c5="AT0" hw="the" pos="ART">the </w><w c5="AJ0" hw="practical" pos="ADJ">practical </w><w c5="NN1" hw="architect" pos="SUBST">architect</w><c c5="PUQ">’</c><c c5="PUN">.</c></s>
<s n="58"><w c5="NP0" hw="sat" pos="SUBST">Sat </w><w c5="CRD" hw="28" pos="ADJ">28 </w><w c5="NP0" hw="oct" pos="SUBST">Oct </w><w c5="AV0" hw="9.15am-9.45pm" pos="ADV">9.15am-9.45pm</w><c c5="PUN">.</c></s>
<s n="59"><w c5="NN1" hw="conference" pos="SUBST">Conference </w><w c5="NN2" hw="ticket" pos="SUBST">tickets </w><c c5="PUL">(</c><w c5="NN0" hw="£11" pos="UNC">£11 </w><w c5="PRP" hw="with" pos="PREP">with </w><w c5="NN1" hw="lunch" pos="SUBST">lunch</w><c c5="PUN">, </c><w c5="NN0" hw="£8" pos="UNC">£8 </w><w c5="PRP" hw="without" pos="PREP">without </w><w c5="NN1" hw="lunch" pos="SUBST">lunch</w><c c5="PUN">, </c><w c5="NN0" hw="£6" pos="UNC">£6 </w><w c5="NN2" hw="student" pos="SUBST">students</w><c c5="PUR">) </c><w c5="PRP" hw="from" pos="PREP">from </w><w c5="NN1" hw="department" pos="SUBST">Department </w><w c5="PRF" hw="of" pos="PREP">of </w><w c5="AJ0" hw="extra-mural" pos="ADJ">Extra-Mural </w><w c5="NN2" hw="study" pos="SUBST">Studies</w><c c5="PUN">, </c><w c5="CRD" hw="11" pos="ADJ">11 </w><w c5="NP0" hw="buccleuch" pos="SUBST">Buccleuch </w><w c5="NP0" hw="pl" pos="SUBST">Pl </w><w c5="NP0" hw="edinburgh" pos="SUBST">Edinburgh </w><w c5="UNC" hw="eh8" pos="UNC">EH8 </w><w c5="UNC" hw="9lw" pos="UNC">9LW</w><c c5="PUN">.</c></s>
<s n="60"><w c5="NN2" hw="cheque" pos="SUBST">Cheques </w><w c5="AJ0" hw="payable" pos="ADJ">payable </w><w c5="PRP" hw="to" pos="PREP">to </w><w c5="AT0" hw="the" pos="ART">the </w><w c5="NN1" hw="university" pos="SUBST">University </w><w c5="PRF" hw="of" pos="PREP">of </w><w c5="NP0" hw="edinburgh" pos="SUBST">Edinburgh</w><c c5="PUN">.</c></s>
<s n="61"><w c5="AT0" hw="a" pos="ART">A </w><w c5="AJ0" hw="special" pos="ADJ">special </w><w c5="NN1" hw="coach" pos="SUBST">coach </w><w c5="VM0" hw="will" pos="VERB">will </w><w c5="VVI" hw="run" pos="VERB">run </w><w c5="PRP" hw="between" pos="PREP">between </w><w c5="NP0" hw="edinburgh" pos="SUBST">Edinburgh </w><w c5="NP0" hw="waverley" pos="SUBST">Waverley </w><w c5="PRP" hw="to" pos="PREP">to </w><w c5="NP0-NN1" hw="hopetoun" pos="SUBST">Hopetoun </w><c c5="PUL">(</c><w c5="VVB-NN1" hw="return" pos="VERB">return </w><w c5="NN1-VVB" hw="fare" pos="SUBST">fare</w><c c5="PUN">, </c><w c5="NN0" hw="£1" pos="UNC">£1</w><c c5="PUR">)</c><c c5="PUN">, </c><w c5="VVG" hw="leave" pos="VERB">leaving </w><w c5="NP0-NN1" hw="waverley" pos="SUBST">Waverley </w><w c5="NN1" hw="bridge" pos="SUBST">Bridge </w><w c5="PRP" hw="at" pos="PREP">at </w><w c5="AV0" hw="8.45am" pos="ADV">8.45am </w><w c5="CJC" hw="and" pos="CONJ">and </w><w c5="VVG" hw="return" pos="VERB">returning </w><w c5="PRP" hw="from" pos="PREP">from </w><w c5="NP0-NN1" hw="hopetoun" pos="SUBST">Hopetoun </w><w c5="PRP" hw="at" pos="PREP">at </w><w c5="AV0" hw="5pm" pos="ADV">5pm</w><c c5="PUN">.</c></s></p><p>
<s n="62"><w c5="AJ0" hw="british" pos="ADJ">British </w><w c5="NN1" hw="museum" pos="SUBST">Museum </w><w c5="NN1" hw="lunchtime" pos="SUBST">Lunchtime </w><w c5="NN2" hw="talk" pos="SUBST">talks </w><w c5="CJC" hw="and" pos="CONJ">and </w><w c5="VVZ" hw="lecture" pos="VERB">lectures </w><w c5="AT0" hw="every" pos="ART">every </w><w c5="NN1" hw="day" pos="SUBST">day</w><c c5="PUN">.</c></s>
<s n="63"><w c5="NN2" hw="topic" pos="SUBST">Topics </w><w c5="VVB" hw="include" pos="VERB">include </w><w c5="AJ0" hw="islamic" pos="ADJ">Islamic </w><w c5="NN1" hw="architecture" pos="SUBST">Architecture</w><c c5="PUN">, </c><w c5="CRD" hw="11" pos="ADJ">11 </w><w c5="NP0" hw="oct" pos="SUBST">Oct</w><c c5="PUN">.</c></s></p><p>
<s n="64"><w c5="NP0" hw="dulwich" pos="SUBST">Dulwich </w><w c5="NN1-VVB" hw="picture" pos="SUBST">Picture </w><w c5="NN1" hw="gallery" pos="SUBST">Gallery </w><w c5="AT0" hw="no" pos="ART">No </w><w c5="AJ0" hw="previous" pos="ADJ">previous </w><w c5="NN1" hw="knowledge" pos="SUBST">knowledge </w><w c5="VBZ" hw="be" pos="VERB">is </w><w c5="VVN" hw="require" pos="VERB">required </w><w c5="PRP" hw="for" pos="PREP">for </w><w c5="AT0" hw="a" pos="ART">a </w><w c5="AJ0" hw="five-day" pos="ADJ">five-day </w><w c5="NN1" hw="course" pos="SUBST">course </w><w c5="PRP" hw="on" pos="PREP">on </w><w c5="NN1-AJ0" hw="conservation" pos="SUBST">Conservation</w><c c5="PUN">, </c><w c5="NN1-VVB" hw="care" pos="SUBST">Care </w><w c5="CJC" hw="and" pos="CONJ">and </w><w c5="NN1" hw="appreciation" pos="SUBST">Appreciation </w><w c5="PRF" hw="of" pos="PREP">of </w><w c5="AJ0" hw="old" pos="ADJ">Old </w><w c5="NN1" hw="master" pos="SUBST">Master </w><w c5="NN2" hw="painting" pos="SUBST">Paintings </w><c c5="PUL">(</c><w c5="CRD" hw="22-26" pos="ADJ">22-26 </w><w c5="NP0" hw="jan" pos="SUBST">Jan </w><w c5="CJC" hw="and" pos="CONJ">and </w><w c5="VVD" hw="repeat" pos="VERB">repeated </w><w c5="CRD" hw="29" pos="ADJ">29 </w><w c5="CRD" hw="jan-2" pos="ADJ">Jan-2 </w><w c5="NP0" hw="feb" pos="SUBST">Feb </w><w c5="CRD" hw="1990" pos="ADJ">1990</w><c c5="PUR">)</c><c c5="PUN">.</c></s>
<s n="65"><w c5="AJ0-VVN" hw="illustrated" pos="ADJ">Illustrated </w><w c5="NN2" hw="lecture" pos="SUBST">lectures</w><c c5="PUN">, </c><w c5="NN1" hw="gallery" pos="SUBST">gallery </w><w c5="NN2" hw="discussion" pos="SUBST">discussions </w><w c5="CJC" hw="and" pos="CONJ">and </w><w c5="AJ0" hw="practical" pos="ADJ">practical </w><w c5="NN2" hw="demonstration" pos="SUBST">demonstrations </w><w c5="VM0" hw="will" pos="VERB">will </w><w c5="VBI" hw="be" pos="VERB">be </w><w c5="VVN" hw="hold" pos="VERB">held </w><w c5="PRP" hw="by" pos="PREP">by </w><w c5="NP0" hw="helen" pos="SUBST">Helen </w><w c5="NP0" hw="glanville" pos="SUBST">Glanville</w><c c5="PUN">, </c><w c5="NN1" hw="conservator" pos="SUBST">conservator</w><c c5="PUN">.</c></s>
<s n="66"><w c5="NP0" hw="college" pos="SUBST">College </w><w c5="NP0" hw="rd" pos="SUBST">Rd </w><w c5="UNC" hw="se21" pos="UNC">SE21 </w><c c5="PUL">(</c><w c5="CRD" hw="693" pos="ADJ">693 </w><w c5="CRD" hw="5254" pos="ADJ">5254</w><c c5="PUR">)</c><c c5="PUN">.</c></s></p><p>
<s n="67"><w c5="NP0" hw="tate" pos="SUBST">Tate </w><w c5="NN1" hw="gallery" pos="SUBST">Gallery </w><w c5="ZZ0" hw="a" pos="SUBST">A </w><w c5="NN0" hw="series" pos="SUBST">series </w><w c5="PRF" hw="of" pos="PREP">of </w><w c5="NN2" hw="lecture" pos="SUBST">lectures </w><w c5="VVG" hw="focus" pos="VERB">focusing </w><w c5="PRP-AVP" hw="on" pos="PREP">on </w><w c5="AJ0" hw="single" pos="ADJ">single </w><w c5="NN2" hw="masterpiece" pos="SUBST">masterpieces </w><w c5="PRP" hw="in" pos="PREP">in </w><w c5="AT0" hw="the" pos="ART">the </w><w c5="NN1" hw="collection" pos="SUBST">collection</w><c c5="PUN">, </c><w c5="NP0" hw="braque" pos="SUBST">Braque</w><w c5="POS" hw="'s" pos="UNC">'s </w><w c5="NN1" hw="bottle" pos="SUBST">Bottle </w><w c5="CJC" hw="and" pos="CONJ">and </w><w c5="NN2" hw="fish" pos="SUBST">Fishes </w><c c5="PUL">(</c><w c5="NN1" hw="lecturer" pos="SUBST">lecturer</w><c c5="PUN">, </c><w c5="NP0" hw="carole" pos="SUBST">Carole </w><w c5="NP0" hw="conrad" pos="SUBST">Conrad</w><c c5="PUR">) </c><w c5="CRD" hw="5" pos="ADJ">5 </w><w c5="NP0" hw="oct" pos="SUBST">Oct</w><c c5="PUN">.</c></s>
<s n="68"><w c5="VVB-NN1" hw="millbank" pos="VERB">Millbank </w><w c5="UNC" hw="sw1" pos="UNC">SW1 </w><c c5="PUL">(</c><w c5="CRD" hw="821" pos="ADJ">821 </w><w c5="CRD" hw="1313" pos="ADJ">1313</w><c c5="PUR">) </c><w c5="DT0" hw="all" pos="ADJ">All </w><w c5="PRP" hw="at" pos="PREP">at </w><w c5="AV0" hw="1pm" pos="ADV">1pm</w><c c5="PUN">.</c></s></p><p>
<s n="69"><w c5="NP0" hw="brighton" pos="SUBST">BRIGHTON </w><w c5="NN1" hw="art" pos="SUBST">ART </w><w c5="NN1" hw="gallery" pos="SUBST">GALLERY </w><w c5="CJC" hw="and" pos="CONJ">AND </w><w c5="NN1" hw="museum" pos="SUBST">MUSEUM </w><w c5="NN2-VVZ" hw="treasure" pos="SUBST">Treasures </w><w c5="PRP" hw="from" pos="PREP">from </w><w c5="NP0" hw="sussex" pos="SUBST">Sussex </w><w c5="NN2" hw="church" pos="SUBST">Churches</w><c c5="PUN">.</c></s>
<s n="70"><w c5="TO0" hw="to" pos="PREP">To </w><w c5="VVI" hw="coincide" pos="VERB">coincide </w><w c5="PRP" hw="with" pos="PREP">with </w><w c5="DT0" hw="this" pos="ADJ">this </w><w c5="NN1" hw="exhibition" pos="SUBST">exhibition</w><c c5="PUN">, </c><w c5="AT0" hw="a" pos="ART">a </w><w c5="NN1" hw="study" pos="SUBST">study </w><w c5="NN1" hw="day" pos="SUBST">day </w><w c5="PRP" hw="on" pos="PREP">on </w><w c5="NN1" hw="church" pos="SUBST">church </w><w c5="NN1" hw="art" pos="SUBST">art </w><w c5="CJC" hw="and" pos="CONJ">and </w><w c5="NN1" hw="architecture" pos="SUBST">architecture </w><w c5="PRP" hw="from" pos="PREP">from </w><w c5="AJ0" hw="medieval" pos="ADJ">Medieval </w><w c5="PRP" hw="to" pos="PREP">to </w><w c5="AJ0" hw="victorian" pos="ADJ">Victorian </w><w c5="NN2" hw="time" pos="SUBST">times </w><w c5="PRP" hw="on" pos="PREP">on </w><w c5="NP0" hw="saturday" pos="SUBST">Saturday </w><w c5="CRD" hw="14" pos="ADJ">14 </w><w c5="NP0" hw="october" pos="SUBST">October</w><c c5="PUN">.</c></s>
<s n="71"><w c5="NN2" hw="talk" pos="SUBST">Talks </w><w c5="VVB" hw="include" pos="VERB">include </w><w c5="AJ0" hw="14th-century" pos="ADJ">14th-century </w><w c5="NN1" hw="wall" pos="SUBST">wall </w><w c5="NN2" hw="painting" pos="SUBST">paintings</w><c c5="PUN">; </c><w c5="AJ0" hw="english" pos="ADJ">English </w><w c5="AJ0" hw="monumental" pos="ADJ">monumental </w><w c5="NN2" hw="effigy" pos="SUBST">effigies</w><c c5="PUN">; </c><w c5="CJC" hw="and" pos="CONJ">and </w><w c5="AT0" hw="the" pos="ART">the </w><w c5="AJ0" hw="victorian" pos="ADJ">Victorian </w><w c5="NN1" hw="church" pos="SUBST">Church</w><c c5="PUN">.</c></s>
<s n="72"><w c5="CRD" hw="14" pos="ADJ">14 </w><w c5="NP0" hw="oct" pos="SUBST">Oct </w><w c5="CRD" hw="10am-4.05" pos="ADJ">10am-4.05</w><c c5="PUN">; </c><w c5="NN2" hw="ticket" pos="SUBST">tickets </w><w c5="NN0" hw="£6" pos="UNC">£6 </w><c c5="PUL">(</c><w c5="NN0" hw="£4" pos="UNC">£4 </w><w c5="NN2" hw="conc" pos="SUBST">concs</w><c c5="PUR">) </c><w c5="PRP" hw="from" pos="PREP">from </w><w c5="NN1" hw="administration" pos="SUBST">Administration </w><w c5="NN1" hw="section" pos="SUBST">Section </w><c c5="PUL">(</c><w c5="NN1-VVB" hw="study" pos="SUBST">Study </w><w c5="NN1" hw="day" pos="SUBST">Day </w><w c5="PRP" hw="in" pos="PREP">in </w><w c5="NN1" hw="church" pos="SUBST">Church </w><w c5="NN1" hw="art" pos="SUBST">Art </w><w c5="CJC" hw="and" pos="CONJ">and </w><w c5="NN1" hw="architecture" pos="SUBST">Architecture</w><c c5="PUR">) </c><w c5="CRD" hw="4-5" pos="ADJ">4-5 </w><w c5="NN1" hw="pavilion" pos="SUBST">Pavilion </w><w c5="NN2" hw="building" pos="SUBST">Buildings </w><w c5="NP0" hw="brighton" pos="SUBST">Brighton </w><w c5="UNC" hw="bn1" pos="UNC">BN1 </w><w c5="UNC" hw="1ue" pos="UNC">1UE</w><c c5="PUN">.</c></s>
<s n="73"><w c5="NN2" hw="cheque" pos="SUBST">Cheques </w><w c5="AJ0" hw="payable" pos="ADJ">payable </w><w c5="PRP" hw="to" pos="PREP">to </w><w c5="NP0" hw="brighton" pos="SUBST">Brighton </w><w c5="NN1" hw="borough" pos="SUBST">Borough </w><w c5="NN1" hw="council" pos="SUBST">Council </w><c c5="PUL">(</c><w c5="VVB" hw="include" pos="VERB">include </w><w c5="NN1" hw="sae" pos="SUBST">SAE</w><c c5="PUR">)</c><c c5="PUN">.</c></s></p></div><div level="1" n="891003 edition -- Listings Page 35"><head type="MAIN">
<s n="74"><w c5="VVG" hw="go" pos="VERB">Going </w><w c5="AVP" hw="out" pos="ADV">Out </w><w c5="PRP" hw="to" pos="PREP">to </w><w c5="NN2" hw="gallery" pos="SUBST">Galleries</w><c c5="PUN">: </c><w c5="NN2" hw="opening" pos="SUBST">OPENINGS </w><c c5="PUN">/</c><w c5="VVZ" hw="include" pos="VERB">Includes </w><w c5="NN2" hw="aid" pos="SUBST">Aids </w><w c5="VVN-VVD" hw="depict" pos="VERB">depicted </w><w c5="PRP" hw="in" pos="PREP">in </w><w c5="AT0" hw="a" pos="ART">a </w><w c5="NN1" hw="church" pos="SUBST">church </w><w c5="NN1-VVG" hw="setting" pos="SUBST">setting </w><w c5="CJC" hw="and" pos="CONJ">and </w><w c5="NP0" hw="iris" pos="SUBST">Iris </w><w c5="NP0" hw="murdoch" pos="SUBST">Murdoch </w><w c5="PRP" hw="at" pos="PREP">at </w><w c5="AT0" hw="the" pos="ART">the </w><w c5="AJ0" hw="national" pos="ADJ">National </w><w c5="NN1" hw="portrait" pos="SUBST">Portrait </w><w c5="NN1" hw="gallery" pos="SUBST">Gallery</w></s></head><head type="BYLINE">
<s n="75"><w c5="PRP" hw="by" pos="PREP">By </w><w c5="NP0" hw="geraldine" pos="SUBST">GERALDINE </w><w c5="NN1" hw="prince" pos="SUBST">PRINCE</w></s></head><p>
<s n="76"><w c5="VVB" hw="merz" pos="VERB">MERZ </w><w c5="AJ0" hw="contemporary" pos="ADJ">CONTEMPORARY </w><w c5="NN1" hw="art" pos="SUBST">ART </w><w c5="NN2" hw="artist" pos="SUBST">Artists </w><w c5="PRP" hw="against" pos="PREP">against </w><w c5="NN1" hw="apartheid" pos="SUBST">Apartheid </w><c c5="PUN">— </c><w c5="NN2" hw="show" pos="SUBST">shows </w><w c5="VVB-NN1" hw="work" pos="VERB">work </w><w c5="CJT-DT0" hw="that" pos="CONJ">that </w><w c5="VVZ" hw="reflect" pos="VERB">reflects </w><w c5="AT0" hw="a" pos="ART">a </w><c c5="PUQ">‘</c><w c5="AJ0" hw="humanitarian" pos="ADJ">humanitarian </w><w c5="NN1" hw="impulse" pos="SUBST">impulse</w><c c5="PUQ">’ </c><w c5="CJC" hw="and" pos="CONJ">and </w><w c5="VVZ" hw="include" pos="VERB">includes </w><w c5="AT0" hw="the" pos="ART">the </w><w c5="NN2" hw="painting" pos="SUBST">paintings </w><w c5="PRF" hw="of" pos="PREP">of </w><w c5="NP0" hw="jock" pos="SUBST">Jock </w><w c5="NP0" hw="mcfadyen" pos="SUBST">McFadyen</w><c c5="PUN">, </c><w c5="DTQ" hw="which" pos="PRON">which </w><w c5="VVB" hw="concentrate" pos="VERB">concentrate </w><w c5="PRP-AVP" hw="on" pos="PREP">on </w><w c5="NN1" hw="deprivation" pos="SUBST">deprivation </w><w c5="PRP" hw="in" pos="PREP">in </w><w c5="NP0" hw="london" pos="SUBST">London</w><w c5="POS" hw="'s" pos="UNC">'s </w><w c5="NP0" hw="east" pos="SUBST">East </w><w c5="NP0" hw="end" pos="SUBST">End</w><c c5="PUN">.</c></s>
<s n="77"><w c5="CRD" hw="62" pos="ADJ">62 </w><w c5="NP0" hw="kenway" pos="SUBST">Kenway </w><w c5="NP0" hw="rd" pos="SUBST">Rd </w><w c5="NP0-NN1" hw="earl" pos="SUBST">Earl</w><w c5="POS" hw="'s" pos="UNC">'s </w><w c5="NN1" hw="ct" pos="SUBST">Ct </w><w c5="PRP" hw="from" pos="PREP">From </w><w c5="CRD" hw="9" pos="ADJ">9 </w><w c5="NP0" hw="oct" pos="SUBST">Oct</w><c c5="PUN">, </c><w c5="PRP" hw="to" pos="PREP">to </w><w c5="CRD" hw="21" pos="ADJ">21 </w><w c5="NP0" hw="oct" pos="SUBST">Oct</w><c c5="PUN">.</c></s></p><p>
<s n="78"><w c5="NP0" hw="nicola" pos="SUBST">NICOLA </w><w c5="NP0" hw="jacobs" pos="SUBST">JACOBS </w><w c5="NN1" hw="gallery" pos="SUBST">GALLERY </w><w c5="ORD" hw="first" pos="ADJ">First </w><w c5="AJ0" hw="british" pos="ADJ">British </w><w c5="NN1" hw="show" pos="SUBST">show </w><w c5="PRP" hw="for" pos="PREP">for </w><w c5="AT0" hw="the" pos="ART">the </w><w c5="NP0" hw="new" pos="SUBST">New </w><w c5="NP0" hw="york" pos="SUBST">York </w><w c5="NN1" hw="artist" pos="SUBST">artist </w><w c5="NP0" hw="marilyn" pos="SUBST">Marilyn </w><w c5="NP0" hw="minter" pos="SUBST">Minter</w><c c5="PUN">.</c></s>
<s n="79"><w c5="PRP" hw="like" pos="PREP">Like </w><w c5="NP0" hw="warhol" pos="SUBST">Warhol </w><w c5="CJC" hw="and" pos="CONJ">and </w><w c5="NP0" hw="lichtenstein" pos="SUBST">Lichtenstein</w><c c5="PUN">, </c><w c5="PNP" hw="she" pos="PRON">she </w><w c5="VVZ" hw="draw" pos="VERB">draws </w><w c5="NN2" hw="object" pos="SUBST">objects</w><c c5="PUN">, </c><w c5="NN2" hw="image" pos="SUBST">images </w><w c5="CJC" hw="and" pos="CONJ">and </w><w c5="NN2" hw="motif" pos="SUBST">motifs </w><w c5="PRP" hw="from" pos="PREP">from </w><w c5="AJ0" hw="popular" pos="ADJ">popular </w><w c5="NN1" hw="culture" pos="SUBST">culture </w><w c5="CJC" hw="and" pos="CONJ">and </w><w c5="NN1" hw="advertising" pos="SUBST">advertising</w><c c5="PUN">.</c></s>
<s n="80"><w c5="DPS" hw="she" pos="PRON">Her </w><w c5="AJ0" hw="sensual" pos="ADJ">sensual </w><w c5="NN1" hw="work" pos="SUBST">work </w><w c5="VVZ" hw="address" pos="VERB">addresses </w><w c5="AJ0" hw="sexual" pos="ADJ">sexual </w><w c5="NN1" hw="stereotyping" pos="SUBST">stereotyping </w><w c5="PRP" hw="in" pos="PREP">in </w><w c5="NN1-AJ0" hw="mass" pos="SUBST">mass </w><w c5="CJC" hw="and" pos="CONJ">and </w><w c5="AJ0" hw="high" pos="ADJ">high </w><w c5="NN1" hw="culture" pos="SUBST">culture</w><c c5="PUN">.</c></s>
<s n="81"><w c5="CRD" hw="9" pos="ADJ">9 </w><w c5="NP0" hw="cork" pos="SUBST">Cork </w><w c5="NP0" hw="st" pos="SUBST">St </w><w c5="UNC" hw="w1" pos="UNC">W1 </w><c c5="PUL">(</c><w c5="CRD" hw="437" pos="ADJ">437 </w><w c5="CRD" hw="3868" pos="ADJ">3868</w><c c5="PUR">) </c><w c5="PRP" hw="from" pos="PREP">From </w><w c5="AV0" hw="tomorrow" pos="ADV">tomorrow</w><c c5="PUN">, </c><w c5="ORD" hw="4th" pos="ADJ">4th</w><c c5="PUN">, </c><w c5="PRP" hw="to" pos="PREP">to </w><w c5="CRD" hw="4" pos="ADJ">4 </w><w c5="NP0" hw="nov" pos="SUBST">Nov</w><c c5="PUN">.</c></s></p><p>
<s n="82"><w c5="NP0" hw="manchester" pos="SUBST">MANCHESTER </w><w c5="NP0" hw="cornerhouse" pos="SUBST">CORNERHOUSE </w><w c5="NP0" hw="posada" pos="SUBST">Posada</w><c c5="PUN">: </c><w c5="NN1" hw="messenger" pos="SUBST">Messenger </w><w c5="PRF" hw="of" pos="PREP">of </w><w c5="NN1" hw="mortality" pos="SUBST">Mortality </w><c c5="PUN">— </c><w c5="NP0" hw="jose" pos="SUBST">Jose </w><w c5="NP0" hw="guadalupe" pos="SUBST">Guadalupe </w><w c5="NP0" hw="posada" pos="SUBST">Posada </w><c c5="PUL">(</c><w c5="CRD" hw="1852-1913" pos="ADJ">1852-1913</w><c c5="PUR">)</c><c c5="PUN">, </c><w c5="CRD" hw="one" pos="ADJ">one </w><w c5="PRF" hw="of" pos="PREP">of </w><w c5="AT0" hw="the" pos="ART">the </w><w c5="AV0" hw="most" pos="ADV">most </w><w c5="AJ0" hw="popular" pos="ADJ">popular </w><w c5="NN2" hw="illustrator" pos="SUBST">illustrators </w><w c5="PRP" hw="in" pos="PREP">in </w><w c5="NP0" hw="mexico" pos="SUBST">Mexico </w><w c5="NN1" hw="city" pos="SUBST">City </w><w c5="PRP" hw="at" pos="PREP">at </w><w c5="AT0" hw="the" pos="ART">the </w><w c5="NN1" hw="turn" pos="SUBST">turn </w><w c5="PRF" hw="of" pos="PREP">of </w><w c5="AT0" hw="the" pos="ART">the </w><w c5="NN1" hw="century" pos="SUBST">century</w><c c5="PUN">.</c></s>
<s n="83"><w c5="PRP" hw="in" pos="PREP">In </w><w c5="AT0" hw="the" pos="ART">the </w><w c5="CRD" hw="twenties" pos="ADJ">Twenties</w><c c5="PUN">, </c><w c5="PNP" hw="he" pos="PRON">he </w><w c5="VBD" hw="be" pos="VERB">was </w><w c5="AT0" hw="an" pos="ART">an </w><w c5="NN1" hw="inspiration" pos="SUBST">inspiration </w><w c5="PRP" hw="to" pos="PREP">to </w><w c5="AT0" hw="the" pos="ART">the </w><w c5="AJ0" hw="young" pos="ADJ">young </w><w c5="NN2" hw="muralist" pos="SUBST">muralists </w><w c5="NP0" hw="diego" pos="SUBST">Diego </w><w c5="NP0" hw="rivera" pos="SUBST">Rivera </w><w c5="CJC" hw="and" pos="CONJ">and </w><w c5="NP0" hw="jose" pos="SUBST">Jose </w><w c5="NP0" hw="clemente" pos="SUBST">Clemente </w><w c5="NP0" hw="orozco" pos="SUBST">Orozco </w><w c5="CJC" hw="and" pos="CONJ">and </w><w c5="VBD" hw="be" pos="VERB">was </w><w c5="VVN" hw="rever" pos="VERB">revered </w><w c5="PRP" hw="by" pos="PREP">by </w><w c5="AT0" hw="the" pos="ART">the </w><w c5="NN2" hw="surrealist" pos="SUBST">Surrealists</w><c c5="PUN">.</c></s>
<s n="84"><w c5="PNP" hw="he" pos="PRON">He </w><w c5="VVD" hw="cast" pos="VERB">cast </w><w c5="DPS" hw="he" pos="PRON">his </w><w c5="AJ0" hw="satirical" pos="ADJ">satirical </w><w c5="NN1" hw="eye" pos="SUBST">eye </w><w c5="PRP" hw="over" pos="PREP">over </w><w c5="NN2" hw="subject" pos="SUBST">subjects </w><w c5="PRP" hw="from" pos="PREP">from </w><w c5="NN2" hw="assassination" pos="SUBST">assassinations </w><w c5="PRP" hw="to" pos="PREP">to </w><w c5="NN2" hw="riot" pos="SUBST">riots</w><c c5="PUN">.</c></s>
<s n="85"><w c5="DT0" hw="most" pos="ADJ">Most </w><w c5="AJ0" hw="macabre" pos="ADJ">macabre </w><w c5="VBB" hw="be" pos="VERB">are </w><w c5="AT0" hw="the" pos="ART">the </w><w c5="NP0" hw="calaveras" pos="SUBST">Calaveras </w><c c5="PUN">— </c><w c5="AT0" hw="a" pos="ART">a </w><w c5="NN1" hw="celebration" pos="SUBST">celebration </w><w c5="PRF" hw="of" pos="PREP">of </w><w c5="AT0" hw="the" pos="ART">the </w><w c5="NN1" hw="day" pos="SUBST">Day </w><w c5="PRF" hw="of" pos="PREP">of </w><w c5="AT0" hw="the" pos="ART">the </w><w c5="AJ0" hw="dead" pos="ADJ">Dead </w><c c5="PUL">(</c><w c5="CJS" hw="when" pos="CONJ">when </w><w c5="NN2" hw="mexican" pos="SUBST">Mexicans </w><w c5="VVB" hw="commemorate" pos="VERB">commemorate </w><w c5="AT0" hw="the" pos="ART">the </w><w c5="AJ0-NN1" hw="deceased" pos="ADJ">deceased</w><c c5="PUR">)</c><c c5="PUN">— </c><w c5="AT0" hw="a" pos="ART">a </w><w c5="NN1" hw="depiction" pos="SUBST">depiction </w><w c5="PRF" hw="of" pos="PREP">of </w><w c5="NN2" hw="skeleton" pos="SUBST">skeletons </w><w c5="VVG-NN1" hw="drink" pos="VERB">drinking</w><c c5="PUN">, </c><w c5="VVG-NN1" hw="dance" pos="VERB">dancing </w><w c5="CJC" hw="and" pos="CONJ">and </w><w c5="VVG" hw="ride" pos="VERB">riding </w><w c5="NN2" hw="bicycle" pos="SUBST">bicycles</w><c c5="PUN">.</c></s>
<s n="86"><w c5="CRD" hw="70" pos="ADJ">70 </w><w c5="NP0" hw="oxford" pos="SUBST">Oxford </w><w c5="NP0" hw="st" pos="SUBST">St </w><c c5="PUL">(</c><w c5="CRD" hw="061-228" pos="ADJ">061-228 </w><w c5="CRD" hw="2463" pos="ADJ">2463</w><c c5="PUR">) </c><w c5="PRP" hw="to" pos="PREP">To </w><w c5="CRD" hw="15" pos="ADJ">15 </w><w c5="NP0" hw="oct" pos="SUBST">Oct</w><c c5="PUN">.</c></s></p></div></wtext></bncDoc>
