<bncDoc xml:id="A21"><teiHeader><fileDesc><titleStmt><title>  Independent, electronic edition of 1989-10-03: Business section. Sample containing about 1352 words from a periodical (domain: commerce) </title><respStmt><resp> Data capture and transcription </resp><name> Oxford University Press </name> </respStmt></titleStmt><editionStmt><edition>BNC XML Edition, December 2006</edition></editionStmt><extent> 1352 tokens; 1360 w-units; 68 s-units </extent><publicationStmt><distributor>Distributed under licence by Oxford University Computing Services on behalf of the BNC Consortium.</distributor><availability> This material is protected by international copyright laws and may not be copied or redistributed in any way. Consult the BNC Web Site at http://www.natcorp.ox.ac.uk for full licencing and distribution conditions.</availability><idno type="bnc">A21</idno><idno type="old"> IbMana </idno></publicationStmt><sourceDesc><bibl><title>Independent, electronic edition of 1989-10-03: Business section.</title> <imprint n="NEWSPA2"><publisher>Newspaper Publishing plc</publisher> <pubPlace>London</pubPlace> <date value="1989">1989</date> </imprint> </bibl></sourceDesc></fileDesc><encodingDesc><tagsDecl><namespace name=""><tagUsage gi="c" occurs="188"/><tagUsage gi="div" occurs="2"/><tagUsage gi="head" occurs="4"/><tagUsage gi="mw" occurs="13"/><tagUsage gi="p" occurs="31"/><tagUsage gi="s" occurs="68"/><tagUsage gi="w" occurs="1360"/></namespace></tagsDecl></encodingDesc><profileDesc><creation date="1989"> </creation><textClass><catRef targets="WRI ALLTIM3 ALLAVA2 ALLTYP3 WRIAAG0 WRIAD0 WRIASE0 WRIATY2 WRIAUD3 WRIDOM6 WRILEV2 WRIMED2 WRIPP5 WRISAM0 WRISTA3 WRITAS3"/><classCode scheme="DLEE">W newsp brdsht nat: commerce</classCode><keywords><term> (none) </term></keywords></textClass></profileDesc><revisionDesc><change date="2006-10-21" who="#OUCS">Tag usage updated for BNC-XML</change><change date="2000-12-13" who="#OUCS">Last check for BNC World first release</change><change date="2000-09-06" who="#OUCS">Redo tagusage tables</change><change date="2000-09-01" who="#OUCS">Check all tagcounts</change><change date="2000-06-23" who="#OUCS">Resequenced s-units and added headers</change><change date="2000-01-21" who="#OUCS">Added date info</change><change date="2000-01-09" who="#OUCS">Updated all catrefs</change><change date="2000-01-08" who="#OUCS">Updated source title</change><change date="2000-01-08" who="#OUCS">Updated titles</change><change date="1999-12-25" who="#OUCS">corrected tagUsage</change><change date="1999-09-13" who="#UCREL">POS codes revised for BNC-2; header updated</change><change date="1994-11-24" who="#dominic">Initial accession to corpus</change></revisionDesc></teiHeader>
<wtext type="NEWS"><div level="1" n="891003 edition -- Accountancy and Management Page 23"><head type="MAIN">
<s n="1"><w c5="AJ0" hw="modern" pos="ADJ">Modern </w><w c5="NN2" hw="method" pos="SUBST">methods </w><w c5="TO0" hw="to" pos="PREP">to </w><w c5="VVI" hw="make" pos="VERB">make </w><w c5="NN1" hw="history" pos="SUBST">history </w><w c5="AV0" hw="more" pos="ADV">more </w><w c5="AJ0" hw="accessible" pos="ADJ">accessible</w><c c5="PUN">: </c><w c5="AJ0" hw="new" pos="ADJ">New </w><w c5="NN1" hw="management" pos="SUBST">management </w><w c5="VBZ" hw="be" pos="VERB">is </w><w c5="VVN" hw="set" pos="VERB">set </w><w c5="TO0" hw="to" pos="PREP">to </w><w c5="VVI" hw="boost" pos="VERB">boost </w><w c5="AJ0" hw="british" pos="ADJ">British </w><w c5="AJ0" hw="historic" pos="ADJ">Historic </w><w c5="AJ0" hw="royal" pos="ADJ">Royal </w><w c5="NN2" hw="palace" pos="SUBST">Palaces</w><c c5="PUN">, </c><w c5="CJS" hw="as" pos="CONJ">as </w><w c5="NP0" hw="neasa" pos="SUBST">Neasa </w><w c5="NP0" hw="macerlean" pos="SUBST">MacErlean </w><w c5="VVZ-NN2" hw="report" pos="VERB">reports</w></s></head><head type="BYLINE">
<s n="2"><w c5="PRP" hw="by" pos="PREP">By </w><w c5="NP0" hw="neasa" pos="SUBST">NEASA </w><w c5="NP0-NN1" hw="macerlean" pos="SUBST">MACERLEAN</w></s></head><p>
<s n="3"><w c5="CJS" hw="when" pos="CONJ">WHEN </w><w c5="NN2" hw="part" pos="SUBST">parts </w><w c5="PRF" hw="of" pos="PREP">of </w><w c5="NP0" hw="hampton" pos="SUBST">Hampton </w><w c5="NN1" hw="court" pos="SUBST">Court </w><w c5="VBD" hw="be" pos="VERB">were </w><w c5="VVN" hw="damage" pos="VERB">damaged </w><w c5="PRP" hw="in" pos="PREP">in </w><w c5="AT0" hw="a" pos="ART">a </w><w c5="NN1" hw="fire" pos="SUBST">fire </w><w c5="CRD" hw="two" pos="ADJ">two </w><w c5="NN2" hw="year" pos="SUBST">years </w><w c5="AV0" hw="ago" pos="ADV">ago</w><c c5="PUN">, </c><w c5="DT0" hw="few" pos="ADJ">few </w><w c5="VM0" hw="could" pos="VERB">could </w><w c5="VVI" hw="see" pos="VERB">see </w><w c5="AT0" hw="the" pos="ART">the </w><w c5="NN1" hw="silver" pos="SUBST">silver </w><w c5="NN1" hw="lining" pos="SUBST">lining</w><c c5="PUN">.</c></s>
<s n="4"><w c5="PNP" hw="it" pos="PRON">It </w><w c5="AV0" hw="finally" pos="ADV">finally </w><w c5="VVD" hw="become" pos="VERB">became </w><w c5="AJ0" hw="apparent" pos="ADJ">apparent </w><w c5="PRP" hw="on" pos="PREP">on </w><w c5="CRD" hw="1" pos="ADJ">1 </w><w c5="NP0" hw="october" pos="SUBST">October </w><w c5="AVQ-CJS" hw="when" pos="ADV">when </w><w c5="AT0" hw="the" pos="ART">the </w><w c5="NN1" hw="day-to" pos="SUBST">day-to </w><w c5="NN1" hw="day" pos="SUBST">day </w><w c5="NN1" hw="control" pos="SUBST">control </w><w c5="PRF" hw="of" pos="PREP">of </w><w c5="NP0" hw="hampton" pos="SUBST">Hampton </w><w c5="NN1" hw="court" pos="SUBST">Court </w><w c5="CJC" hw="and" pos="CONJ">and </w><w c5="AT0" hw="the" pos="ART">the </w><w c5="AJ0" hw="other" pos="ADJ">other </w><w c5="AJ0" hw="historic" pos="ADJ">Historic </w><w c5="AJ0" hw="royal" pos="ADJ">Royal </w><w c5="NN2" hw="palace" pos="SUBST">Palaces </w><w c5="VVD-VVN" hw="change" pos="VERB">changed </w><w c5="NN2" hw="hand" pos="SUBST">hands</w><c c5="PUN">, </c><w c5="PRP" hw="from" pos="PREP">from </w><w c5="AT0" hw="the" pos="ART">the </w><w c5="AJ0" hw="civil" pos="ADJ">civil </w><w c5="NN2" hw="servant" pos="SUBST">servants </w><w c5="PRP" hw="to" pos="PREP">to </w><w c5="AT0" hw="a" pos="ART">a </w><w c5="NN1" hw="group" pos="SUBST">group </w><w c5="PRF" hw="of" pos="PREP">of </w><w c5="AJ0" hw="commercial" pos="ADJ">commercial </w><w c5="NN2" hw="manager" pos="SUBST">managers</w><c c5="PUN">.</c></s></p><p>
<s n="5"><c c5="PUQ">‘</c><w c5="AT0" hw="the" pos="ART">The </w><w c5="NN1" hw="fire" pos="SUBST">fire </w><w c5="VHD" hw="have" pos="VERB">had </w><w c5="AT0" hw="the" pos="ART">the </w><w c5="NN1" hw="effect" pos="SUBST">effect </w><w c5="PRF" hw="of" pos="PREP">of </w><w c5="VVG-AJ0" hw="attract" pos="VERB">attracting </w><w c5="AJ0" hw="ministerial" pos="ADJ">ministerial </w><w c5="NN1" hw="attention" pos="SUBST">attention </w><w c5="PRP" hw="to" pos="PREP">to </w><w c5="NP0" hw="hampton" pos="SUBST">Hampton </w><w c5="NN1" hw="court" pos="SUBST">Court </w><w c5="PRP" hw="in" pos="PREP">in </w><w c5="AT0" hw="a" pos="ART">a </w><w c5="NN1" hw="way" pos="SUBST">way </w><w c5="CJT" hw="that" pos="CONJ">that </w><w c5="VM0" hw="would" pos="VERB">would </w><w c5="XX0" hw="not" pos="ADV">not </w><w c5="AV0" hw="otherwise" pos="ADV">otherwise </w><w c5="VHI" hw="have" pos="VERB">have </w><w c5="VVN" hw="happen" pos="VERB">happened</w><c c5="PUN">,</c><c c5="PUQ">’ </c><w c5="VVD" hw="say" pos="VERB">said </w><w c5="NN1" hw="genie" pos="SUBST">Genie </w><w c5="NP0" hw="turton" pos="SUBST">Turton</w><c c5="PUN">, </c><w c5="NN1" hw="under-secretary" pos="SUBST">under-secretary </w><w c5="PRP" hw="at" pos="PREP">at </w><w c5="AT0" hw="the" pos="ART">the </w><w c5="NN1" hw="department" pos="SUBST">Department </w><w c5="PRF" hw="of" pos="PREP">of </w><w c5="AT0" hw="the" pos="ART">the </w><w c5="NN1" hw="environment" pos="SUBST">Environment</w><c c5="PUN">.</c></s>
<s n="6"><c c5="PUQ">‘</c><w c5="AT0" hw="the" pos="ART">The </w><w c5="ORD" hw="last" pos="ADJ">last </w><w c5="NN1" hw="thing" pos="SUBST">thing </w><w c5="AT0" hw="a" pos="ART">a </w><w c5="NN1" hw="secretary" pos="SUBST">Secretary </w><w c5="PRF" hw="of" pos="PREP">of </w><w c5="NN1" hw="state" pos="SUBST">State </w><w c5="VM0" hw="would" pos="VERB">would </w><w c5="AV0" hw="normally" pos="ADV">normally </w><w c5="VHI" hw="have" pos="VERB">have </w><w c5="NN1" hw="time" pos="SUBST">time </w><w c5="TO0" hw="to" pos="PREP">to </w><w c5="VDI" hw="do" pos="VERB">do </w><w c5="VBZ" hw="be" pos="VERB">is </w><w c5="TO0" hw="to" pos="PREP">to </w><w c5="VVI" hw="see" pos="VERB">see </w><w c5="CJS" hw="if" pos="CONJ">if </w><w c5="AT0" hw="the" pos="ART">the </w><w c5="AJ0" hw="historic" pos="ADJ">Historic </w><w c5="AJ0" hw="royal" pos="ADJ">Royal </w><w c5="NN2" hw="palace" pos="SUBST">Palaces </w><w c5="VBB" hw="be" pos="VERB">are </w><w c5="VBG" hw="be" pos="VERB">being </w><w c5="VVN" hw="run" pos="VERB">run </w><w c5="PRP" hw="in" pos="PREP">in </w><w c5="AT0" hw="a" pos="ART">a </w><w c5="NN1" hw="way" pos="SUBST">way </w><w c5="TO0" hw="to" pos="PREP">to </w><w c5="VVI" hw="maximise" pos="VERB">maximise </w><w c5="NN1" hw="profit" pos="SUBST">profit</w><c c5="PUN">.</c><c c5="PUQ">’</c></s></p><p>
<s n="7"><w c5="NP0" hw="nicholas" pos="SUBST">Nicholas </w><w c5="NP0" hw="ridley" pos="SUBST">Ridley</w><c c5="PUN">, </c><w c5="PRP" hw="after" pos="PREP">after </w><w c5="VVG" hw="survey" pos="VERB">surveying </w><w c5="AT0" hw="the" pos="ART">the </w><w c5="NN2" hw="ash" pos="SUBST">ashes</w><c c5="PUN">, </c><w c5="VVN-VVD" hw="set" pos="VERB">set </w><w c5="PRP" hw="in" pos="PREP">in </w><w c5="NN1" hw="motion" pos="SUBST">motion </w><w c5="AT0" hw="a" pos="ART">a </w><w c5="NN1" hw="revamp" pos="SUBST">revamp </w><w c5="PRF" hw="of" pos="PREP">of </w><w c5="AT0" hw="the" pos="ART">the </w><w c5="NN2" hw="palace" pos="SUBST">palaces</w><w c5="POS" hw="'" pos="UNC">' </w><w c5="NN2" hw="operation" pos="SUBST">operations</w><c c5="PUN">.</c></s></p><p>
<s n="8"><w c5="CJC" hw="but" pos="CONJ">But </w><w c5="NN2" hw="lover" pos="SUBST">lovers </w><w c5="PRF" hw="of" pos="PREP">of </w><w c5="AT0" hw="the" pos="ART">the </w><w c5="NN2" hw="palace" pos="SUBST">palaces </w><w c5="VM0" hw="need" pos="VERB">need </w><w c5="XX0" hw="not" pos="ADV">not </w><w c5="VVI" hw="fear" pos="VERB">fear </w><w c5="CJT" hw="that" pos="CONJ">that </w><w c5="AT0" hw="the" pos="ART">the </w><w c5="AJ0" hw="overriding" pos="ADJ">overriding </w><w c5="NN1" hw="aim" pos="SUBST">aim </w><w c5="PRF" hw="of" pos="PREP">of </w><w c5="AT0" hw="the" pos="ART">the </w><w c5="AJ0" hw="new" pos="ADJ">new </w><w c5="NN1" hw="management" pos="SUBST">management </w><w c5="VBZ" hw="be" pos="VERB">is </w><w c5="TO0" hw="to" pos="PREP">to </w><w c5="VVI" hw="turn" pos="VERB">turn </w><w c5="AT0" hw="the" pos="ART">the </w><w c5="AJ0" hw="current" pos="ADJ">current </w><w c5="NN0" hw="£5m" pos="UNC">£5m </w><w c5="AJ0" hw="annual" pos="ADJ">annual </w><w c5="NN1" hw="loss" pos="SUBST">loss </w><w c5="PRP" hw="into" pos="PREP">into </w><w c5="NN1" hw="profit" pos="SUBST">profit </w><w c5="AV0" hw="regardless" pos="ADV">regardless </w><w c5="PRF" hw="of" pos="PREP">of </w><w c5="AT0" hw="the" pos="ART">the </w><w c5="NN2" hw="consequence" pos="SUBST">consequences</w><c c5="PUN">.</c></s>
<s n="9"><w c5="AV0" hw="far" pos="ADV">Far </w><w c5="PRP" hw="from" pos="PREP">from </w><w c5="VVG" hw="lower" pos="VERB">lowering </w><w c5="AT0" hw="the" pos="ART">the </w><w c5="NN1" hw="tone" pos="SUBST">tone</w><c c5="PUN">, </c><w c5="AT0" hw="the" pos="ART">the </w><w c5="NN2" hw="change" pos="SUBST">changes </w><w c5="VBB" hw="be" pos="VERB">are </w><w c5="VVN" hw="set" pos="VERB">set </w><w c5="TO0" hw="to" pos="PREP">to </w><w c5="VVI" hw="improve" pos="VERB">improve </w><w c5="PNP" hw="it" pos="PRON">it</w><c c5="PUN">.</c></s></p><p>
<s n="10"><w c5="NN1-VVB" hw="value" pos="SUBST">Value </w><w c5="PRP" hw="for" pos="PREP">for </w><w c5="NN1" hw="money" pos="SUBST">money </w><w c5="VBZ" hw="be" pos="VERB">is </w><w c5="AT0" hw="a" pos="ART">a </w><w c5="AJ0" hw="primary" pos="ADJ">primary </w><w c5="NN1" hw="aim" pos="SUBST">aim</w><c c5="PUN">.</c></s>
<s n="11"><w c5="CJC" hw="but" pos="CONJ">But</w><c c5="PUN">, </c><w c5="PRP" hw="within" pos="PREP">within </w><w c5="AT0" hw="the" pos="ART">the </w><w c5="NN1" hw="context" pos="SUBST">context </w><w c5="PRF" hw="of" pos="PREP">of </w><w c5="AT0" hw="the" pos="ART">the </w><w c5="AJ0" hw="priceless" pos="ADJ">priceless </w><w c5="NN1" hw="heritage" pos="SUBST">heritage </w><w c5="CJC" hw="and" pos="CONJ">and </w><w c5="NN1" hw="history" pos="SUBST">history </w><w c5="PRF" hw="of" pos="PREP">of </w><w c5="AT0" hw="the" pos="ART">the </w><w c5="NN2" hw="palace" pos="SUBST">palaces</w><c c5="PUN">, </c><w c5="NN1" hw="value" pos="SUBST">value </w><w c5="PRP" hw="for" pos="PREP">for </w><w c5="NN1" hw="money" pos="SUBST">money </w><w c5="VBZ" hw="be" pos="VERB">is </w><w c5="AT0" hw="a" pos="ART">a </w><w c5="NN1" hw="concept" pos="SUBST">concept </w><w c5="DTQ" hw="which" pos="PRON">which </w><w c5="VM0" hw="can" pos="VERB">can</w><w c5="XX0" hw="not" pos="ADV">not </w><w c5="VBI" hw="be" pos="VERB">be </w><w c5="AV0" hw="satisfactorily" pos="ADV">satisfactorily </w><w c5="VVN" hw="turn" pos="VERB">turned </w><w c5="PRP" hw="into" pos="PREP">into </w><w c5="AT0" hw="a" pos="ART">a </w><w c5="AJ0" hw="numerical" pos="ADJ">numerical </w><w c5="NN1" hw="equation" pos="SUBST">equation</w><c c5="PUN">.</c></s>
<s n="12"><w c5="AT0" hw="the" pos="ART">The </w><w c5="ORD" hw="first" pos="ADJ">first </w><w c5="NN1" hw="priority" pos="SUBST">priority </w><w c5="VBZ" hw="be" pos="VERB">is </w><w c5="TO0" hw="to" pos="PREP">to </w><w c5="VVI" hw="preserve" pos="VERB">preserve </w><w c5="AT0" hw="the" pos="ART">the </w><w c5="NN1" hw="dignity" pos="SUBST">dignity </w><w c5="PRF" hw="of" pos="PREP">of </w><w c5="AT0" hw="the" pos="ART">the </w><w c5="NN2" hw="palace" pos="SUBST">palaces</w><c c5="PUN">.</c></s>
<s n="13"><w c5="AT0" hw="the" pos="ART">The </w><w c5="ORD" hw="second" pos="ADJ">second </w><w c5="VBZ" hw="be" pos="VERB">is </w><w c5="TO0" hw="to" pos="PREP">to </w><w c5="VVI" hw="present" pos="VERB">present </w><w c5="PNP" hw="they" pos="PRON">them </w><w c5="PRP" hw="to" pos="PREP">to </w><w c5="AT0" hw="the" pos="ART">the </w><w c5="CRD" hw="three" pos="ADJ">three </w><w c5="CRD" hw="million" pos="ADJ">million </w><w c5="NN2" hw="visitor" pos="SUBST">visitors </w><w c5="DT0" hw="each" pos="ADJ">each </w><w c5="NN1" hw="year" pos="SUBST">year </w><w c5="PRP" hw="in" pos="PREP">in </w><c c5="PUQ">‘</c><w c5="AT0" hw="an" pos="ART">an </w><w c5="AJ0" hw="educative" pos="ADJ">educative </w><w c5="CJC" hw="and" pos="CONJ">and </w><w c5="AJ0" hw="enjoyable" pos="ADJ">enjoyable </w><w c5="NN1" hw="way" pos="SUBST">way</w><c c5="PUQ">’</c><c c5="PUN">.</c></s>
<s n="14"><w c5="CJC" hw="and" pos="CONJ">And </w><w c5="AJ0-AV0" hw="only" pos="ADJ">only </w><w c5="ORD" hw="third" pos="ADJ">third </w><w c5="VBZ" hw="be" pos="VERB">is </w><w c5="TO0" hw="to" pos="PREP">to </w><w c5="VVI" hw="close" pos="VERB">close </w><w c5="AT0" hw="the" pos="ART">the </w><w c5="NN1" hw="gap" pos="SUBST">gap </w><w c5="PRP" hw="between" pos="PREP">between </w><w c5="AT0" hw="an" pos="ART">an </w><w c5="NN1" hw="income" pos="SUBST">income </w><w c5="PRF" hw="of" pos="PREP">of </w><w c5="NN0" hw="£12m" pos="UNC">£12m </w><w c5="CJC" hw="and" pos="CONJ">and </w><w c5="NN2" hw="outgoing" pos="SUBST">outgoings </w><w c5="PRF" hw="of" pos="PREP">of </w><w c5="NN0" hw="£17m" pos="UNC">£17m</w><c c5="PUN">.</c></s></p><p>
<s n="15"><w c5="AT0" hw="the" pos="ART">The </w><w c5="AJ0" hw="historic" pos="ADJ">Historic </w><w c5="AJ0" hw="royal" pos="ADJ">Royal </w><w c5="NN2" hw="palace" pos="SUBST">Palaces </w><c c5="PUN">— </c><w c5="NN2" hw="palace" pos="SUBST">palaces </w><w c5="VVN" hw="own" pos="VERB">owned </w><w c5="PRP" hw="by" pos="PREP">by </w><w c5="AT0" hw="the" pos="ART">the </w><w c5="NN1" hw="queen" pos="SUBST">Queen </w><w c5="CJC" hw="but" pos="CONJ">but </w><w c5="XX0" hw="not" pos="ADV">not </w><w c5="VVN" hw="inhabit" pos="VERB">inhabited </w><w c5="PRP" hw="by" pos="PREP">by </w><w c5="PNP" hw="she" pos="PRON">her </w><c c5="PUN">— </c><w c5="VVB" hw="comprise" pos="VERB">comprise </w><w c5="AT0" hw="the" pos="ART">the </w><w c5="NN1" hw="tower" pos="SUBST">Tower </w><w c5="PRF" hw="of" pos="PREP">of </w><w c5="NP0" hw="london" pos="SUBST">London</w><c c5="PUN">, </c><w c5="NP0" hw="hampton" pos="SUBST">Hampton </w><w c5="NN1" hw="court" pos="SUBST">Court </w><w c5="NN1" hw="palace" pos="SUBST">Palace</w><c c5="PUN">, </c><w c5="NP0" hw="kew" pos="SUBST">Kew </w><w c5="NN1" hw="palace" pos="SUBST">Palace </w><w c5="CJC" hw="and" pos="CONJ">and </w><w c5="NP0" hw="queen" pos="SUBST">Queen </w><w c5="NP0" hw="charlotte" pos="SUBST">Charlotte</w><w c5="POS" hw="'s" pos="UNC">'s </w><w c5="NN1" hw="cottage" pos="SUBST">Cottage</w><c c5="PUN">, </c><w c5="NP0" hw="kensington" pos="SUBST">Kensington </w><w c5="NN1" hw="palace" pos="SUBST">Palace </w><w c5="CJC" hw="and" pos="CONJ">and </w><w c5="AT0" hw="the" pos="ART">the </w><w c5="AJ0" hw="banqueting" pos="ADJ">Banqueting </w><w c5="NN1" hw="house" pos="SUBST">House</w><c c5="PUN">.</c></s></p><p>
<s n="16"><w c5="PRP" hw="over" pos="PREP">Over </w><w c5="AT0" hw="the" pos="ART">the </w><w c5="AJ0" hw="past" pos="ADJ">past </w><w c5="CRD" hw="20" pos="ADJ">20 </w><w c5="NN2" hw="year" pos="SUBST">years </w><w c5="AT0" hw="the" pos="ART">the </w><w c5="NN1" hw="department" pos="SUBST">Department </w><w c5="PRF" hw="of" pos="PREP">of </w><w c5="AT0" hw="the" pos="ART">the </w><w c5="NN1" hw="environment" pos="SUBST">Environment</w><c c5="PUN">, </c><w c5="DPS" hw="it" pos="PRON">its </w><w c5="NN1" hw="property" pos="SUBST">Property </w><w c5="NN2" hw="service" pos="SUBST">Services </w><w c5="NN1" hw="agency" pos="SUBST">Agency</w><c c5="PUN">, </c><w c5="AJ0" hw="english" pos="ADJ">English </w><w c5="NN1" hw="heritage" pos="SUBST">Heritage</w><c c5="PUN">, </c><w c5="AT0" hw="the" pos="ART">the </w><w c5="NN1" hw="queen" pos="SUBST">Queen</w><w c5="POS" hw="'s" pos="UNC">'s </w><w c5="NN1" hw="household" pos="SUBST">household </w><w c5="CJC" hw="and" pos="CONJ">and</w><c c5="PUN">, </c><w c5="PRP" hw="in" pos="PREP">in </w><w c5="AT0" hw="the" pos="ART">the </w><w c5="NN1" hw="case" pos="SUBST">case </w><w c5="PRF" hw="of" pos="PREP">of </w><w c5="AT0" hw="the" pos="ART">the </w><w c5="NN1" hw="tower" pos="SUBST">Tower </w><w c5="PRF" hw="of" pos="PREP">of </w><w c5="NP0" hw="london" pos="SUBST">London</w><c c5="PUN">, </c><w c5="AT0" hw="the" pos="ART">the </w><w c5="AJ0-NN1" hw="military" pos="ADJ">military </w><w c5="VHB" hw="have" pos="VERB">have </w><w c5="VVN" hw="run" pos="VERB">run </w><w c5="AT0" hw="the" pos="ART">the </w><w c5="NN2" hw="palace" pos="SUBST">palaces </w><w c5="AV0" hw="together" pos="ADV">together </w><c c5="PUN">— </c><w c5="PRP" hw="with" pos="PREP">with </w><w c5="AT0" hw="the" pos="ART">the </w><w c5="NN1" hw="success" pos="SUBST">success </w><w c5="AV0" hw="normally" pos="ADV">normally </w><w c5="VVN" hw="associate" pos="VERB">associated </w><w c5="PRP" hw="with" pos="PREP">with </w><w c5="AJ0" hw="widely-drawn" pos="ADJ">widely-drawn </w><w c5="NN2" hw="committee" pos="SUBST">committees</w><c c5="PUN">.</c></s>
<s n="17"><w c5="NN0" hw="statistics" pos="SUBST">Statistics </w><w c5="PRP" hw="for" pos="PREP">for </w><w c5="AT0" hw="the" pos="ART">the </w><w c5="NN2" hw="year" pos="SUBST">years </w><w c5="CRD" hw="1975" pos="ADJ">1975 </w><w c5="PRP" hw="to" pos="PREP">to </w><w c5="CRD" hw="1987" pos="ADJ">1987 </w><w c5="VVB" hw="show" pos="VERB">show </w><w c5="AT0" hw="an" pos="ART">an </w><w c5="CRD" hw="18" pos="ADJ">18 </w><mw c5="NN0"><w c5="UNC" hw="per" pos="UNC">per </w><w c5="UNC" hw="cent" pos="UNC">cent </w></mw><w c5="NN1-VVB" hw="drop" pos="SUBST">drop </w><w c5="PRP" hw="in" pos="PREP">in </w><w c5="AT0" hw="the" pos="ART">the </w><w c5="NN1" hw="number" pos="SUBST">number </w><w c5="PRF" hw="of" pos="PREP">of </w><w c5="NN2" hw="visitor" pos="SUBST">visitors </w><w c5="PRP" hw="to" pos="PREP">to </w><w c5="AT0" hw="the" pos="ART">the </w><w c5="NN2" hw="palace" pos="SUBST">palaces</w><c c5="PUN">, </c><w c5="CJS" hw="while" pos="CONJ">while </w><w c5="AT0" hw="the" pos="ART">the </w><w c5="AJ0" hw="national" pos="ADJ">National </w><w c5="NN1" hw="trust" pos="SUBST">Trust </w><w c5="VHZ" hw="have" pos="VERB">has </w><w c5="VVN" hw="see" pos="VERB">seen </w><w c5="AT0" hw="a" pos="ART">a </w><w c5="CRD" hw="48" pos="ADJ">48 </w><mw c5="NN0"><w c5="UNC" hw="per" pos="UNC">per </w><w c5="UNC" hw="cent" pos="UNC">cent </w></mw><w c5="NN1-VVB" hw="rise" pos="SUBST">rise</w><c c5="PUN">.</c></s></p><p>
<s n="18"><w c5="CJC" hw="but" pos="CONJ">But </w><w c5="AT0" hw="the" pos="ART">the </w><w c5="AJ0" hw="historic" pos="ADJ">Historic </w><w c5="AJ0" hw="royal" pos="ADJ">Royal </w><w c5="NN2" hw="palace" pos="SUBST">Palaces </w><w c5="VBD" hw="be" pos="VERB">were </w><w c5="VVN-AJ0" hw="give" pos="VERB">given </w><c c5="PUQ">‘</c><w c5="NN1" hw="agency" pos="SUBST">agency</w><c c5="PUQ">’ </c><w c5="NN1" hw="status" pos="SUBST">status </w><w c5="PRP" hw="on" pos="PREP">on </w><w c5="CRD" hw="1" pos="ADJ">1 </w><w c5="NP0" hw="october" pos="SUBST">October </w><w c5="TO0" hw="to" pos="PREP">to </w><w c5="VVI" hw="remedy" pos="VERB">remedy </w><w c5="AT0" hw="the" pos="ART">the </w><w c5="NN2" hw="ill" pos="SUBST">ills </w><w c5="PRF" hw="of" pos="PREP">of </w><w c5="NN2" hw="year" pos="SUBST">years </w><w c5="PRF" hw="of" pos="PREP">of </w><w c5="AJ0" hw="committee-style" pos="ADJ">committee-style </w><w c5="NN1" hw="management" pos="SUBST">management </w><w c5="CJC" hw="and" pos="CONJ">and </w><w c5="NN1-VVB" hw="neglect" pos="SUBST">neglect</w><c c5="PUN">.</c></s></p><p>
<s n="19"><w c5="NN1" hw="peat" pos="SUBST">Peat </w><w c5="NP0" hw="marwick" pos="SUBST">Marwick </w><w c5="NP0" hw="mclintock" pos="SUBST">McLintock </w><w c5="VBD" hw="be" pos="VERB">was </w><w c5="VVN" hw="appoint" pos="VERB">appointed </w><w c5="AT0" hw="a" pos="ART">a </w><w c5="NN1" hw="year" pos="SUBST">year </w><w c5="AV0" hw="ago" pos="ADV">ago </w><w c5="TO0" hw="to" pos="PREP">to </w><w c5="VVI" hw="introduce" pos="VERB">introduce </w><w c5="AJ0" hw="basic" pos="ADJ">basic </w><w c5="NN2" hw="system" pos="SUBST">systems </w><w c5="PRP" hw="for" pos="PREP">for </w><w c5="NN1" hw="management" pos="SUBST">management </w><w c5="NN1-VVG" hw="accounting" pos="SUBST">accounting </w><w c5="CJC" hw="and" pos="CONJ">and </w><w c5="AJ0" hw="financial" pos="ADJ">financial </w><w c5="NN1" hw="reporting" pos="SUBST">reporting </w><w c5="NN2" hw="purpose" pos="SUBST">purposes</w><c c5="PUN">.</c></s>
<s n="20"><w c5="PRP" hw="until" pos="PREP">Until </w><w c5="ORD" hw="last" pos="ADJ">last </w><w c5="NN1" hw="year" pos="SUBST">year </w><w c5="AT0" hw="the" pos="ART">the </w><w c5="NN1-AJ0" hw="accounting" pos="SUBST">accounting </w><w c5="NN2" hw="system" pos="SUBST">systems </w><w c5="VBD" hw="be" pos="VERB">were </w><w c5="AV0" hw="largely" pos="ADV">largely </w><w c5="VVN" hw="use" pos="VERB">used </w><w c5="PRP" hw="as" pos="PREP">as </w><w c5="AT0" hw="a" pos="ART">a </w><w c5="NN0" hw="means" pos="SUBST">means </w><w c5="PRF" hw="of" pos="PREP">of </w><w c5="NN1" hw="record" pos="SUBST">record</w><c c5="PUN">, </c><w c5="XX0" hw="not" pos="ADV">not </w><w c5="PRP" hw="for" pos="PREP">for </w><w c5="NN1-VVG" hw="planning" pos="SUBST">planning</w><c c5="PUN">.</c></s>
<s n="21"><w c5="AT0" hw="the" pos="ART">The </w><w c5="AJ0" hw="major" pos="ADJ">major </w><w c5="NN1" hw="exception" pos="SUBST">exception </w><w c5="PRP" hw="to" pos="PREP">to </w><w c5="DT0" hw="this" pos="ADJ">this</w><c c5="PUN">, </c><w c5="AT0" hw="the" pos="ART">the </w><w c5="NN1" hw="palace" pos="SUBST">palace </w><w c5="NN2" hw="shop" pos="SUBST">shops</w><c c5="PUN">, </c><w c5="VHB" hw="have" pos="VERB">have </w><w c5="VHN" hw="have" pos="VERB">had </w><w c5="AJ0" hw="great" pos="ADJ">great </w><w c5="NN1" hw="success" pos="SUBST">success</w><c c5="PUN">.</c></s>
<s n="22"><w c5="NN2" hw="profit" pos="SUBST">Profits </w><w c5="VHB" hw="have" pos="VERB">have </w><w c5="VVN" hw="increase" pos="VERB">increased </w><w c5="AV0" hw="nearly" pos="ADV">nearly </w><w c5="AJ0" hw="eight-fold" pos="ADJ">eight-fold </w><w c5="PRP" hw="in" pos="PREP">in </w><w c5="DT0" hw="that" pos="ADJ">that </w><w c5="NN1" hw="period" pos="SUBST">period </w><w c5="PRP" hw="to" pos="PREP">to </w><w c5="NN0" hw="£500,000" pos="UNC">£500,000</w><c c5="PUN">.</c></s></p><p>
<s n="23"><w c5="AT0" hw="the" pos="ART">The </w><w c5="AJ0" hw="new" pos="ADJ">new </w><w c5="AJ0-NN1" hw="chief" pos="ADJ">chief </w><w c5="NN1" hw="executive" pos="SUBST">executive</w><c c5="PUN">, </c><w c5="NP0" hw="david" pos="SUBST">David </w><w c5="NP0" hw="beeton" pos="SUBST">Beeton </w><c c5="PUL">(</c><w c5="AT0" hw="a" pos="ART">a </w><w c5="NN1" hw="descendant" pos="SUBST">descendant </w><w c5="PRF" hw="of" pos="PREP">of </w><w c5="AT0" hw="the" pos="ART">the </w><w c5="AJ0" hw="famous" pos="ADJ">famous </w><w c5="NP0" hw="mrs" pos="SUBST">Mrs</w><c c5="PUR">)</c><c c5="PUN">, </c><w c5="VVD" hw="put" pos="VERB">put </w><w c5="DPS" hw="he" pos="PRON">his </w><w c5="NN2" hw="foot" pos="SUBST">feet </w><w c5="PRP" hw="under" pos="PREP">under </w><w c5="AT0" hw="the" pos="ART">the </w><w c5="NN1" hw="desk" pos="SUBST">desk </w><w c5="AV0" hw="just" pos="ADV">just </w><w c5="CRD" hw="two" pos="ADJ">two </w><w c5="NN2" hw="week" pos="SUBST">weeks </w><w c5="AV0" hw="ago" pos="ADV">ago</w><c c5="PUN">.</c></s>
<s n="24"><w c5="PNP" hw="he" pos="PRON">He </w><w c5="VBD" hw="be" pos="VERB">was </w><w c5="AV0" hw="formerly" pos="ADV">formerly </w><w c5="NN1" hw="secretary" pos="SUBST">secretary </w><w c5="PRP" hw="to" pos="PREP">to </w><w c5="AT0" hw="the" pos="ART">the </w><w c5="AJ0" hw="national" pos="ADJ">National </w><w c5="NN1" hw="trust" pos="SUBST">Trust</w><c c5="PUN">.</c></s>
<s n="25"><c c5="PUQ">‘</c><w c5="PNP" hw="we" pos="PRON">We </w><w c5="VDB" hw="do" pos="VERB">do</w><w c5="XX0" hw="not" pos="ADV">n't </w><w c5="VVI" hw="think" pos="VERB">think </w><w c5="AT0" hw="the" pos="ART">the </w><w c5="NN1" hw="product" pos="SUBST">product </w><w c5="VBZ" hw="be" pos="VERB">is </w><w c5="AV0" hw="right" pos="ADV">right </w><w c5="AV0" hw="yet" pos="ADV">yet</w><c c5="PUN">,</c><c c5="PUQ">’ </c><w c5="PNP" hw="he" pos="PRON">he </w><w c5="VVD" hw="say" pos="VERB">said</w><c c5="PUN">, </c><c c5="PUQ">‘</c><w c5="CJS" hw="so" pos="CONJ">so </w><w c5="EX0" hw="there" pos="PRON">there </w><w c5="VBZ" hw="be" pos="VERB">is </w><w c5="AT0" hw="no" pos="ART">no </w><w c5="NN1" hw="use" pos="SUBST">use </w><w c5="NN1-VVG" hw="marketing" pos="SUBST">marketing </w><w c5="PNP" hw="it" pos="PRON">it </w><w c5="CJS" hw="until" pos="CONJ">until </w><w c5="PNP" hw="we" pos="PRON">we </w><w c5="VHB" hw="have" pos="VERB">have </w><w c5="VVN" hw="get" pos="VERB">got </w><w c5="PNP" hw="it" pos="PRON">it </w><w c5="AJ0" hw="right" pos="ADJ">right</w><c c5="PUN">.</c></s>
<s n="26"><w c5="CJC" hw="but" pos="CONJ">But </w><w c5="AT0" hw="the" pos="ART">the </w><w c5="NN1" hw="product" pos="SUBST">product </w><w c5="VBZ" hw="be" pos="VERB">is </w><w c5="AT0" hw="an" pos="ART">an </w><w c5="AJ0" hw="educative" pos="ADJ">educative </w><w c5="NN1" hw="experience" pos="SUBST">experience</w><c c5="PUN">.</c><c c5="PUQ">’</c></s></p><p>
<s n="27"><w c5="PRP" hw="at" pos="PREP">At </w><w c5="AT0" hw="the" pos="ART">the </w><w c5="NN1" hw="moment" pos="SUBST">moment </w><w c5="AT0" hw="the" pos="ART">the </w><w c5="NN1" hw="presentation" pos="SUBST">presentation </w><w c5="PRF" hw="of" pos="PREP">of </w><w c5="AT0" hw="the" pos="ART">the </w><w c5="NN2" hw="palace" pos="SUBST">palaces </w><w c5="VVZ" hw="tend" pos="VERB">tends </w><w c5="TO0" hw="to" pos="PREP">to </w><w c5="VBI" hw="be" pos="VERB">be </w><w c5="AV0" hw="rather" pos="ADV">rather </w><w c5="AJ0" hw="plain" pos="ADJ">plain </w><w c5="CJC" hw="and" pos="CONJ">and </w><w c5="AJ0" hw="unimaginative" pos="ADJ">unimaginative</w><c c5="PUN">.</c></s>
<s n="28"><w c5="NP0" hw="mr" pos="SUBST">Mr </w><w c5="NP0" hw="beeton" pos="SUBST">Beeton </w><w c5="VBZ" hw="be" pos="VERB">is </w><w c5="VVG" hw="consider" pos="VERB">considering </w><w c5="AT0" hw="a" pos="ART">a </w><w c5="NN1" hw="range" pos="SUBST">range </w><w c5="PRF" hw="of" pos="PREP">of </w><w c5="NN2" hw="option" pos="SUBST">options </w><w c5="TO0" hw="to" pos="PREP">to </w><w c5="VVI" hw="embellish" pos="VERB">embellish </w><w c5="DPS" hw="they" pos="PRON">their </w><w c5="NN1" hw="presentation" pos="SUBST">presentation </w><w c5="PRP" hw="without" pos="PREP">without </w><w c5="VVG" hw="substitute" pos="VERB">substituting </w><w c5="NN1" hw="fiction" pos="SUBST">fiction </w><w c5="PRP" hw="for" pos="PREP">for </w><w c5="NN1" hw="reality" pos="SUBST">reality</w><c c5="PUN">.</c></s>
<s n="29"><w c5="NN2" hw="exhibition" pos="SUBST">Exhibitions</w><c c5="PUN">, </c><w c5="AJ0" hw="educational" pos="ADJ">educational </w><w c5="NN2" hw="film" pos="SUBST">films</w><c c5="PUN">, </c><w c5="NN1" hw="period" pos="SUBST">period </w><w c5="NN2-VVZ" hw="play" pos="SUBST">plays</w><c c5="PUN">, </c><w c5="AV0-AJ0" hw="even" pos="ADV">even </w><w c5="NN1" hw="music" pos="SUBST">music</w><c c5="PUN">, </c><w c5="VBB" hw="be" pos="VERB">are </w><w c5="DT0" hw="all" pos="ADJ">all </w><w c5="PRP" hw="on" pos="PREP">on </w><w c5="AT0" hw="the" pos="ART">the </w><w c5="NN1" hw="agenda" pos="SUBST">agenda </w><w c5="CJC" hw="but" pos="CONJ">but </w><w c5="AJ0" hw="medieval" pos="ADJ">medieval </w><w c5="NN2" hw="banquet" pos="SUBST">banquets </w><w c5="VBB" hw="be" pos="VERB">are </w><w c5="AV0" hw="firmly" pos="ADV">firmly </w><w c5="PRP" hw="off" pos="PREP">off </w><w c5="PNP" hw="it" pos="PRON">it</w><c c5="PUN">.</c></s></p><p>
<s n="30"><w c5="AT0" hw="the" pos="ART">The </w><w c5="AJ0" hw="bland" pos="ADJ">bland </w><w c5="NN1" hw="presentation" pos="SUBST">presentation </w><w c5="PRF" hw="of" pos="PREP">of </w><w c5="AT0" hw="the" pos="ART">the </w><w c5="NN2" hw="palace" pos="SUBST">palaces </w><w c5="VBZ" hw="be" pos="VERB">is </w><w c5="PNI" hw="something" pos="PRON">something </w><w c5="DTQ" hw="which" pos="PRON">which</w><c c5="PUN">, </c><w c5="PRP" hw="in" pos="PREP">in </w><w c5="NP0" hw="ms" pos="SUBST">Ms </w><w c5="NP0" hw="turton" pos="SUBST">Turton</w><w c5="POS" hw="'s" pos="UNC">'s </w><w c5="NN1" hw="view" pos="SUBST">view</w><c c5="PUN">, </c><w c5="VVZ" hw="leave" pos="VERB">leaves </w><w c5="PNP" hw="they" pos="PRON">them </w><w c5="AJ0" hw="vulnerable" pos="ADJ">vulnerable </w><w c5="TO0" hw="to" pos="PREP">to </w><w c5="VVI" hw="gross" pos="VERB">gross </w><w c5="NN1" hw="misinterpretation" pos="SUBST">misinterpretation</w><c c5="PUN">: </c><c c5="PUQ">‘</c><w c5="CJS" hw="if" pos="CONJ">If </w><w c5="PNP" hw="you" pos="PRON">you </w><w c5="VBD" hw="be" pos="VERB">were </w><w c5="AT0" hw="an" pos="ART">an </w><w c5="AJ0" hw="american" pos="ADJ">American </w><w c5="NN1" hw="visitor" pos="SUBST">visitor </w><w c5="PNP" hw="you" pos="PRON">you </w><w c5="VM0" hw="could" pos="VERB">could </w><w c5="AV0" hw="almost" pos="ADV">almost </w><w c5="VVI" hw="think" pos="VERB">think </w><w c5="AT0" hw="the" pos="ART">the </w><w c5="NN1" hw="tower" pos="SUBST">Tower </w><w c5="PRF" hw="of" pos="PREP">of </w><w c5="NP0" hw="london" pos="SUBST">London </w><w c5="VBD" hw="be" pos="VERB">was </w><w c5="VVN" hw="build" pos="VERB">built </w><w c5="PRP" hw="by" pos="PREP">by </w><w c5="NP0" hw="walt" pos="SUBST">Walt </w><w c5="NP0" hw="disney" pos="SUBST">Disney</w><c c5="PUN">.</c></s>
<s n="31"><w c5="PNP" hw="we" pos="PRON">We </w><w c5="VHB" hw="have" pos="VERB">have </w><w c5="VVN" hw="build" pos="VERB">built </w><w c5="AVP-PRP" hw="up" pos="ADV">up </w><w c5="AT0" hw="a" pos="ART">a </w><w c5="AJ0" hw="great" pos="ADJ">great </w><w c5="NN1" hw="deal" pos="SUBST">deal </w><w c5="PRF" hw="of" pos="PREP">of </w><w c5="NN1" hw="knowledge" pos="SUBST">knowledge </w><w c5="PRP" hw="about" pos="PREP">about </w><w c5="AT0" hw="the" pos="ART">the </w><w c5="AJ0" hw="historical" pos="ADJ">historical </w><w c5="NN1" hw="side" pos="SUBST">side </w><w c5="PRF" hw="of" pos="PREP">of </w><w c5="AT0" hw="the" pos="ART">the </w><w c5="NN2" hw="palace" pos="SUBST">palaces </w><w c5="CJC" hw="but" pos="CONJ">but </w><w c5="DT0" hw="that" pos="ADJ">that </w><w c5="VHZ" hw="have" pos="VERB">has </w><w c5="XX0" hw="not" pos="ADV">not </w><w c5="VBN" hw="be" pos="VERB">been </w><w c5="VVN" hw="present" pos="VERB">presented </w><w c5="PRP" hw="to" pos="PREP">to </w><w c5="AT0" hw="the" pos="ART">the </w><w c5="NN1" hw="public" pos="SUBST">public</w><c c5="PUN">.</c><c c5="PUQ">’</c></s></p></div><div level="1" n="891003 edition -- Accountancy and Management Page 23"><head type="MAIN">
<s n="32"><w c5="NN1-VVB" hw="rise" pos="SUBST">Rise </w><w c5="PRF" hw="of" pos="PREP">of </w><w c5="AJ0" hw="chartered" pos="ADJ">chartered </w><w c5="NN2" hw="secretary" pos="SUBST">secretaries</w></s></head><head type="BYLINE">
<s n="33"><w c5="PRP" hw="by" pos="PREP">By </w><w c5="NP0" hw="max" pos="SUBST">MAX </w><w c5="NP0" hw="de" pos="SUBST">DE </w><w c5="NP0-NN1" hw="trense" pos="SUBST">TRENSE</w></s></head><p>
<s n="34"><w c5="AT0" hw="the" pos="ART">The </w><w c5="NN1" hw="author" pos="SUBST">author </w><w c5="VBZ" hw="be" pos="VERB">is </w><w c5="AJ0" hw="public" pos="ADJ">public </w><w c5="NN2" hw="relation" pos="SUBST">relations </w><w c5="NN1" hw="adviser" pos="SUBST">adviser </w><w c5="PRP" hw="to" pos="PREP">to </w><w c5="AT0" hw="the" pos="ART">the </w><w c5="NN1" hw="institute" pos="SUBST">Institute </w><w c5="PRF" hw="of" pos="PREP">of </w><w c5="AJ0" hw="chartered" pos="ADJ">Chartered </w><w c5="NN2" hw="secretary" pos="SUBST">Secretaries </w><w c5="CJC" hw="and" pos="CONJ">and </w><w c5="NN2" hw="administrator" pos="SUBST">Administrators </w><w c5="NP0" hw="allen" pos="SUBST">ALLEN </w><w c5="NP0" hw="sheppard" pos="SUBST">SHEPPARD</w><c c5="PUN">, </c><w c5="NN1" hw="chairman" pos="SUBST">chairman </w><w c5="CJC" hw="and" pos="CONJ">and </w><w c5="NN1-VVB" hw="group" pos="SUBST">group </w><w c5="NN1-AJ0" hw="chief" pos="SUBST">chief </w><w c5="NN1" hw="executive" pos="SUBST">executive </w><w c5="PRF" hw="of" pos="PREP">of </w><w c5="AJ0" hw="grand" pos="ADJ">Grand </w><w c5="AJ0" hw="metropolitan" pos="ADJ">Metropolitan</w><c c5="PUN">, </c><w c5="VVZ" hw="reckon" pos="VERB">reckons </w><w c5="CJT" hw="that" pos="CONJ">that </w><w c5="NN1" hw="business" pos="SUBST">business </w><w c5="VBZ" hw="be" pos="VERB">is </w><w c5="AV0" hw="now" pos="ADV">now </w><w c5="VVG" hw="become" pos="VERB">becoming </w><w c5="AV0" hw="so" pos="ADV">so </w><w c5="AJ0" hw="complex" pos="ADJ">complex </w><w c5="CJT" hw="that" pos="CONJ">that </w><w c5="PNP" hw="he" pos="PRON">he </w><w c5="VVZ" hw="need" pos="VERB">needs </w><w c5="AT0" hw="a" pos="ART">a </w><w c5="AJ0" hw="new" pos="ADJ">new </w><w c5="NN1" hw="core" pos="SUBST">core </w><w c5="PRF" hw="of" pos="PREP">of </w><w c5="AJ0" hw="trained" pos="ADJ">trained </w><w c5="NN2" hw="administrator" pos="SUBST">administrators</w><c c5="PUN">.</c></s></p><p>
<s n="35"><c c5="PUQ">‘</c><w c5="PRP" hw="in" pos="PREP">In </w><w c5="NN1" hw="fact" pos="SUBST">fact</w><c c5="PUN">, </c><w c5="DT0" hw="this" pos="ADJ">this </w><w c5="VM0" hw="could" pos="VERB">could </w><w c5="AV0" hw="well" pos="ADV">well </w><w c5="VVI" hw="become" pos="VERB">become </w><w c5="AJ0" hw="essential" pos="ADJ">essential </w><w c5="PRP" hw="during" pos="PREP">during </w><w c5="AT0" hw="the" pos="ART">the </w><w c5="CRD" hw="1990s" pos="ADJ">1990s</w><c c5="PUN">,</c><c c5="PUQ">’ </c><w c5="PNP" hw="he" pos="PRON">he </w><w c5="VVD" hw="say" pos="VERB">said</w><c c5="PUN">.</c></s>
<s n="36"><c c5="PUQ">‘</c><w c5="AT0" hw="a" pos="ART">A </w><w c5="AJ0" hw="good" pos="ADJ">good </w><w c5="NN1" hw="team" pos="SUBST">team </w><w c5="PRF" hw="of" pos="PREP">of </w><w c5="NN2" hw="administrator" pos="SUBST">administrators </w><w c5="VM0" hw="can" pos="VERB">can </w><w c5="VVI" hw="provide" pos="VERB">provide </w><w c5="AT0" hw="the" pos="ART">the </w><w c5="AJ0" hw="logistical" pos="ADJ">logistical </w><w c5="NN1" hw="support" pos="SUBST">support </w><w c5="CJC" hw="and" pos="CONJ">and </w><w c5="AT0" hw="the" pos="ART">the </w><w c5="AJ0" hw="efficient" pos="ADJ">efficient </w><w c5="NN1" hw="administration" pos="SUBST">administration </w><c c5="PUN">— </c><w c5="AT0" hw="the" pos="ART">the </w><w c5="NN1" hw="service" pos="SUBST">service </w><w c5="NN1" hw="element" pos="SUBST">element</w><c c5="PUN">, </c><w c5="CJS" hw="if" pos="CONJ">if </w><w c5="PNP" hw="you" pos="PRON">you </w><w c5="VVB" hw="like" pos="VERB">like </w><c c5="PUN">— </c><w c5="AJ0" hw="necessary" pos="ADJ">necessary </w><w c5="PRP" hw="for" pos="PREP">for </w><w c5="AT0" hw="the" pos="ART">the </w><w c5="AJ0" hw="new" pos="ADJ">new </w><w c5="NN2" hw="entrepreneur" pos="SUBST">entrepreneurs</w><c c5="PUN">.</c></s></p><p>
<s n="37"><c c5="PUQ">‘</c><w c5="DT0" hw="this" pos="ADJ">This </w><w c5="NN1" hw="way" pos="SUBST">way</w><c c5="PUN">, </c><w c5="NN2" hw="organisation" pos="SUBST">organisations </w><w c5="VM0" hw="can" pos="VERB">can </w><w c5="VVI" hw="develop" pos="VERB">develop </w><w c5="AT0" hw="a" pos="ART">a </w><w c5="AV0" hw="tightly" pos="ADV">tightly </w><w c5="VVN" hw="knit" pos="VERB">knit</w><c c5="PUN">, </c><w c5="VVB" hw="well-run" pos="VERB">well-run </w><w c5="AJ0" hw="inner" pos="ADJ">inner </w><w c5="NN1" hw="core" pos="SUBST">core</w><c c5="PUN">, </c><w c5="DTQ" hw="which" pos="PRON">which </w><w c5="VM0" hw="can" pos="VERB">can </w><w c5="VVI" hw="form" pos="VERB">form </w><w c5="AT0" hw="a" pos="ART">a </w><w c5="AJ0" hw="secure" pos="ADJ">secure</w><c c5="PUN">, </c><w c5="AJ0" hw="cost-effective" pos="ADJ">cost-effective </w><w c5="AJ0" hw="administrative" pos="ADJ">administrative </w><w c5="NN1" hw="base" pos="SUBST">base</w><c c5="PUN">.</c></s>
<s n="38"><w c5="PNP" hw="you" pos="PRON">You </w><w c5="VM0" hw="can" pos="VERB">can </w><w c5="AV0" hw="then" pos="ADV">then </w><w c5="VVI" hw="add" pos="VERB">add </w><w c5="PRP" hw="to" pos="PREP">to </w><w c5="DT0" hw="this" pos="ADJ">this </w><w c5="AT0" hw="the" pos="ART">the </w><w c5="AV0" hw="more" pos="ADV">more </w><w c5="AJ0" hw="pro-active" pos="ADJ">pro-active </w><w c5="CJC" hw="and" pos="CONJ">and </w><w c5="AJ0" hw="aggressive" pos="ADJ">aggressive </w><w c5="AJ0" hw="corporate" pos="ADJ">corporate </w><w c5="NN2" hw="function" pos="SUBST">functions </w><w c5="VVN-VVD" hw="need" pos="VERB">needed </w><w c5="TO0" hw="to" pos="PREP">to </w><w c5="VVI" hw="trade" pos="VERB">trade </w><w c5="AV0" hw="successfully" pos="ADV">successfully </w><w c5="CJC" hw="and" pos="CONJ">and </w><w c5="VVI" hw="keep" pos="VERB">keep </w><mw c5="PRP"><w c5="AV0" hw="ahead" pos="ADV">ahead </w><w c5="PRF" hw="of" pos="PREP">of </w></mw><w c5="DPS" hw="you" pos="PRON">your </w><w c5="NN2" hw="competitor" pos="SUBST">competitors</w><c c5="PUN">.</c><c c5="PUQ">’</c></s></p><p>
<s n="39"><w c5="DT0" hw="these" pos="ADJ">These </w><w c5="NN2" hw="sentiment" pos="SUBST">sentiments </w><w c5="VBB" hw="be" pos="VERB">are </w><w c5="VVG" hw="begin" pos="VERB">beginning </w><w c5="TO0" hw="to" pos="PREP">to </w><w c5="VBI" hw="be" pos="VERB">be </w><w c5="VVN" hw="echo" pos="VERB">echoed </w><w c5="PRP" hw="by" pos="PREP">by </w><w c5="NN2" hw="other" pos="SUBST">others </w><w c5="PRP" hw="in" pos="PREP">in </w><w c5="AJ0" hw="similar" pos="ADJ">similar </w><w c5="NN2" hw="position" pos="SUBST">positions</w><c c5="PUN">.</c></s>
<s n="40"><w c5="XX0" hw="not" pos="ADV">Not </w><w c5="AV0" hw="least" pos="ADV">least </w><mw c5="PRP"><w c5="CJS" hw="because" pos="CONJ">because </w><w c5="PRF" hw="of" pos="PREP">of </w></mw><w c5="AT0" hw="the" pos="ART">the </w><w c5="NN1" hw="mass" pos="SUBST">mass </w><w c5="PRF" hw="of" pos="PREP">of </w><w c5="AJ0" hw="recent" pos="ADJ">recent </w><w c5="NN1" hw="company" pos="SUBST">company </w><w c5="NN1" hw="legislation" pos="SUBST">legislation</w><c c5="PUN">, </c><w c5="AV0" hw="notably" pos="ADV">notably </w><w c5="AT0" hw="the" pos="ART">the </w><w c5="NN2" hw="code" pos="SUBST">codes </w><w c5="VVG" hw="relate" pos="VERB">relating </w><w c5="PRP" hw="to" pos="PREP">to </w><w c5="NN2" hw="take-over" pos="SUBST">take-overs</w><c c5="PUN">, </c><w c5="NN2" hw="merger" pos="SUBST">mergers</w><c c5="PUN">, </c><w c5="NN1" hw="insider" pos="SUBST">insider </w><w c5="VVG-NN1" hw="deal" pos="VERB">dealing </w><w c5="CJC" hw="and" pos="CONJ">and </w><w c5="AJ0" hw="financial" pos="ADJ">financial </w><w c5="NN2" hw="service" pos="SUBST">services</w><c c5="PUN">.</c></s></p><p>
<s n="41"><w c5="NP0" hw="mr" pos="SUBST">Mr </w><w c5="NP0" hw="sheppard" pos="SUBST">Sheppard </w><w c5="VVZ" hw="believe" pos="VERB">believes </w><w c5="AT0" hw="the" pos="ART">the </w><w c5="NN1" hw="task" pos="SUBST">task </w><w c5="VVZ-NN2" hw="call" pos="VERB">calls </w><w c5="PRP" hw="for" pos="PREP">for </w><w c5="AJ0" hw="accomplished" pos="ADJ">accomplished </w><w c5="NN2" hw="generalist" pos="SUBST">generalists </w><w c5="PNQ" hw="who" pos="PRON">who </w><w c5="VVB" hw="know" pos="VERB">know </w><w c5="PNI" hw="something" pos="PRON">something </w><w c5="PRF" hw="of" pos="PREP">of </w><w c5="NN1" hw="law" pos="SUBST">law</w><c c5="PUN">, </c><w c5="VVG-NN1" hw="account" pos="VERB">accounting</w><c c5="PUN">, </c><w c5="AJ0" hw="commercial" pos="ADJ">commercial </w><w c5="NN1" hw="practice" pos="SUBST">practice</w><c c5="PUN">, </c><w c5="NN0" hw="people" pos="SUBST">people </w><w c5="NN1" hw="management" pos="SUBST">management </w><w c5="CJC" hw="and" pos="CONJ">and </w><w c5="AJ0" hw="administrative" pos="ADJ">administrative </w><w c5="NN2" hw="system" pos="SUBST">systems</w><c c5="PUN">, </c><w c5="PRP" hw="without" pos="PREP">without </w><w c5="VBG" hw="be" pos="VERB">being </w><w c5="VVN" hw="confine" pos="VERB">confined </w><w c5="PRP" hw="to" pos="PREP">to </w><w c5="AT0" hw="a" pos="ART">a </w><w c5="AJ0" hw="narrow" pos="ADJ">narrow</w><c c5="PUN">, </c><w c5="NN1-AJ0" hw="specialist" pos="SUBST">specialist </w><w c5="NN1" hw="niche" pos="SUBST">niche</w><c c5="PUN">.</c></s></p><p>
<s n="42"><w c5="AJ0" hw="chartered" pos="ADJ">Chartered </w><w c5="NN2" hw="secretary" pos="SUBST">secretaries </w><w c5="VHB" hw="have" pos="VERB">have </w><w c5="VHN" hw="have" pos="VERB">had </w><w c5="TO0" hw="to" pos="PREP">to </w><w c5="VVI" hw="develop" pos="VERB">develop </w><w c5="PRP" hw="during" pos="PREP">during </w><w c5="AT0" hw="the" pos="ART">the </w><w c5="CRD" hw="1980s" pos="ADJ">1980s </w><w c5="PRP" hw="in" pos="PREP">in </w><w c5="AV0" hw="much" pos="ADV">much </w><w c5="AT0" hw="the" pos="ART">the </w><w c5="DT0" hw="same" pos="ADJ">same </w><w c5="NN1" hw="way" pos="SUBST">way </w><w c5="CJS" hw="as" pos="CONJ">as </w><w c5="DPS" hw="they" pos="PRON">their </w><w c5="AJS" hw="near" pos="ADJ">nearest </w><w c5="NN2" hw="counterpart" pos="SUBST">counterparts</w><c c5="PUN">, </c><w c5="NN2" hw="lawyer" pos="SUBST">lawyers </w><w c5="CJC" hw="and" pos="CONJ">and </w><w c5="NN2" hw="accountant" pos="SUBST">accountants</w><c c5="PUN">.</c></s>
<s n="43"><w c5="NP0" hw="mr" pos="SUBST">Mr </w><w c5="NP0" hw="sheppard" pos="SUBST">Sheppard</w><c c5="PUN">, </c><w c5="PNQ" hw="who" pos="PRON">who </w><w c5="VVD" hw="qualify" pos="VERB">qualified </w><w c5="PRP" hw="as" pos="PREP">as </w><w c5="AT0" hw="a" pos="ART">a </w><w c5="AJ0" hw="chartered" pos="ADJ">chartered </w><w c5="NN1" hw="secretary" pos="SUBST">secretary </w><w c5="PRP" hw="at" pos="PREP">at </w><w c5="AT0" hw="the" pos="ART">the </w><w c5="NN1" hw="beginning" pos="SUBST">beginning </w><w c5="PRF" hw="of" pos="PREP">of </w><w c5="DPS" hw="he" pos="PRON">his </w><w c5="NN1" hw="career" pos="SUBST">career</w><c c5="PUN">, </c><w c5="VVZ" hw="believe" pos="VERB">believes </w><w c5="DPS" hw="they" pos="PRON">their </w><w c5="NN2" hw="skill" pos="SUBST">skills </w><w c5="VM0" hw="will" pos="VERB">will </w><w c5="VVI" hw="become" pos="VERB">become </w><w c5="AV0" hw="highly" pos="ADV">highly </w><w c5="AJ0" hw="relevant" pos="ADJ">relevant </w><w c5="PRP" hw="during" pos="PREP">during </w><w c5="AT0" hw="the" pos="ART">the </w><w c5="CRD" hw="1990s" pos="ADJ">1990s</w><c c5="PUN">.</c></s></p><p>
<s n="44"><w c5="AT0" hw="the" pos="ART">The </w><w c5="NN1" hw="institute" pos="SUBST">Institute </w><w c5="PRF" hw="of" pos="PREP">of </w><w c5="AJ0" hw="chartered" pos="ADJ">Chartered </w><w c5="NN2" hw="secretary" pos="SUBST">Secretaries </w><w c5="CJC" hw="and" pos="CONJ">and </w><w c5="NN2" hw="administrator" pos="SUBST">Administrators </w><w c5="VVZ" hw="say" pos="VERB">says </w><w c5="CJT" hw="that" pos="CONJ">that </w><w c5="VVB-NN1" hw="demand" pos="VERB">demand </w><w c5="PRP" hw="for" pos="PREP">for </w><w c5="AJ0" hw="good" pos="ADJ">good </w><w c5="AJ0" hw="qualified" pos="ADJ">qualified </w><w c5="AJ0" hw="chartered" pos="ADJ">chartered </w><w c5="NN2" hw="secretary" pos="SUBST">secretaries </w><w c5="VHZ" hw="have" pos="VERB">has </w><w c5="VVN" hw="rocket" pos="VERB">rocketed </w><w c5="PRP-AVP" hw="over" pos="PREP">over </w><w c5="AT0" hw="the" pos="ART">the </w><w c5="ORD" hw="last" pos="ADJ">last </w><w c5="CRD" hw="three" pos="ADJ">three </w><w c5="PRP" hw="to" pos="PREP">to </w><w c5="CRD" hw="four" pos="ADJ">four </w><w c5="NN2" hw="year" pos="SUBST">years</w><c c5="PUN">.</c></s>
<s n="45"><w c5="DT0" hw="this" pos="ADJ">This </w><w c5="VBZ" hw="be" pos="VERB">is </w><w c5="VVN" hw="confirm" pos="VERB">confirmed </w><w c5="PRP" hw="by" pos="PREP">by </w><w c5="NN1" hw="recruitment" pos="SUBST">recruitment </w><w c5="NN2" hw="consultancy" pos="SUBST">consultancies </w><mw c5="PRP"><w c5="DT0" hw="such" pos="ADJ">such </w><w c5="PRP" hw="as" pos="PREP">as </w></mw><w c5="NP0" hw="msl" pos="SUBST">MSL </w><w c5="AJ0" hw="international" pos="ADJ">International</w><c c5="PUN">, </c><w c5="DTQ" hw="which" pos="PRON">which </w><w c5="VVZ" hw="run" pos="VERB">runs </w><w c5="AT0" hw="a" pos="ART">a </w><w c5="AJ0" hw="chartered" pos="ADJ">chartered </w><w c5="NN2" hw="secretary" pos="SUBST">secretaries </w><w c5="NN1" hw="recruitment" pos="SUBST">recruitment </w><w c5="NN1" hw="unit" pos="SUBST">unit</w><c c5="PUN">.</c></s></p><p>
<s n="46"><w c5="CJS" hw="while" pos="CONJ">While </w><w c5="AT0" hw="the" pos="ART">the </w><w c5="NN2" hw="function" pos="SUBST">functions </w><w c5="PRF" hw="of" pos="PREP">of </w><w c5="NN2" hw="lawyer" pos="SUBST">lawyers </w><w c5="CJC" hw="and" pos="CONJ">and </w><w c5="NN2" hw="accountant" pos="SUBST">accountants </w><w c5="VBB" hw="be" pos="VERB">are </w><w c5="AV0" hw="largely" pos="ADV">largely </w><w c5="AJ0" hw="self-evident" pos="ADJ">self-evident</w><c c5="PUN">, </c><w c5="DT0" hw="those" pos="ADJ">those </w><w c5="PRF" hw="of" pos="PREP">of </w><w c5="AJ0" hw="chartered" pos="ADJ">chartered </w><w c5="NN2" hw="secretary" pos="SUBST">secretaries </w><w c5="VM0" hw="can" pos="VERB">can </w><w c5="VBI" hw="be" pos="VERB">be </w><w c5="AV0" hw="more" pos="ADV">more </w><w c5="AJ0-VVN" hw="varied" pos="ADJ">varied</w><c c5="PUN">.</c></s></p><p>
<s n="47"><w c5="AJ0" hw="chartered" pos="ADJ">Chartered </w><w c5="NN2" hw="secretary" pos="SUBST">secretaries </w><w c5="VBB" hw="be" pos="VERB">are </w><w c5="AT0" hw="the" pos="ART">the </w><w c5="AV0" hw="professionally" pos="ADV">professionally </w><w c5="VVN-AJ0" hw="train" pos="VERB">trained </w><w c5="NN2" hw="administrator" pos="SUBST">administrators </w><w c5="CJC" hw="and" pos="CONJ">and </w><w c5="NN2" hw="manager" pos="SUBST">managers</w><c c5="PUN">, </c><w c5="PNQ" hw="who" pos="PRON">who </w><w c5="VVB" hw="occupy" pos="VERB">occupy </w><w c5="AT0" hw="a" pos="ART">a </w><w c5="NN1" hw="variety" pos="SUBST">variety </w><w c5="PRF" hw="of" pos="PREP">of </w><w c5="AJ0" hw="senior" pos="ADJ">senior </w><w c5="AJ0" hw="organisational" pos="ADJ">organisational </w><w c5="NN2" hw="position" pos="SUBST">positions</w><c c5="PUN">.</c></s></p><p>
<s n="48"><w c5="PNP" hw="they" pos="PRON">They </w><w c5="VBB" hw="be" pos="VERB">are </w><w c5="AV0" hw="most" pos="ADV">most </w><w c5="AV0" hw="widely" pos="ADV">widely </w><w c5="VVN" hw="know" pos="VERB">known </w><w c5="PRP" hw="as" pos="PREP">as </w><w c5="NN1" hw="company" pos="SUBST">company </w><w c5="NN2" hw="secretary" pos="SUBST">secretaries </w><c c5="PUL">(</c><w c5="DTQ" hw="which" pos="PRON">which </w><w c5="VBZ" hw="be" pos="VERB">is </w><w c5="AT0" hw="the" pos="ART">the </w><w c5="NN1" hw="function" pos="SUBST">function </w><w c5="PRF" hw="of" pos="PREP">of </w><w c5="AV0" hw="roughly" pos="ADV">roughly </w><w c5="CRD" hw="20" pos="ADJ">20 </w><mw c5="NN0"><w c5="UNC" hw="per" pos="UNC">per </w><w c5="UNC" hw="cent" pos="UNC">cent </w></mw><w c5="PRF" hw="of" pos="PREP">of </w><w c5="AT0" hw="the" pos="ART">the </w><w c5="NP0" hw="uk" pos="SUBST">UK</w><w c5="POS" hw="'s" pos="UNC">'s </w><w c5="AJ0" hw="chartered" pos="ADJ">chartered </w><w c5="NN2" hw="secretary" pos="SUBST">secretaries</w><c c5="PUR">)</c><c c5="PUN">.</c></s>
<s n="49"><mw c5="AV0"><w c5="PRP" hw="in" pos="PREP">In </w><w c5="NN1" hw="addition" pos="SUBST">addition</w></mw><c c5="PUN">, </c><w c5="PNP" hw="they" pos="PRON">they </w><w c5="VVB" hw="occupy" pos="VERB">occupy </w><w c5="AJ0" hw="senior" pos="ADJ">senior </w><w c5="NN2" hw="position" pos="SUBST">positions </w><w c5="PRP" hw="in" pos="PREP">in </w><w c5="NN2" hw="pension" pos="SUBST">pensions</w><c c5="PUN">, </c><w c5="AJ0" hw="financial" pos="ADJ">financial </w><w c5="NN2" hw="service" pos="SUBST">services </w><w c5="CJC" hw="and" pos="CONJ">and </w><w c5="AJ0" hw="multinational" pos="ADJ">multinational </w><w c5="NN2" hw="company" pos="SUBST">companies</w><c c5="PUN">.</c></s>
<s n="50"><w c5="PNP" hw="they" pos="PRON">They </w><w c5="VBB" hw="be" pos="VERB">are </w><w c5="AV0" hw="also" pos="ADV">also </w><w c5="VVN" hw="find" pos="VERB">found </w><w c5="PRP" hw="in" pos="PREP">in </w><w c5="AT0" hw="the" pos="ART">the </w><w c5="AJ0-NN1" hw="top" pos="ADJ">top </w><w c5="NN2" hw="level" pos="SUBST">levels </w><w c5="PRF" hw="of" pos="PREP">of </w><w c5="AJ0" hw="local" pos="ADJ">local </w><w c5="NN1" hw="government" pos="SUBST">government</w><c c5="PUN">, </c><w c5="AT0" hw="the" pos="ART">the </w><w c5="NN1" hw="health" pos="SUBST">health </w><w c5="NN1" hw="service" pos="SUBST">service </w><w c5="CJC" hw="and" pos="CONJ">and </w><w c5="AJ0" hw="privatised" pos="ADJ">privatised </w><w c5="NN2" hw="industry" pos="SUBST">industries</w><c c5="PUN">.</c></s>
<s n="51"><w c5="PNP" hw="it" pos="PRON">It </w><w c5="VBZ" hw="be" pos="VERB">is</w><c c5="PUN">, </c><w c5="AV0" hw="incidentally" pos="ADV">incidentally</w><c c5="PUN">, </c><w c5="AT0" hw="a" pos="ART">a </w><w c5="NN1" hw="career" pos="SUBST">career </w><w c5="PRP" hw="in" pos="PREP">in </w><w c5="DTQ" hw="which" pos="PRON">which </w><w c5="NN2" hw="woman" pos="SUBST">women </w><w c5="VBB" hw="be" pos="VERB">are </w><w c5="VVG" hw="make" pos="VERB">making </w><w c5="AJ0" hw="particular" pos="ADJ">particular </w><w c5="NN1" hw="headway" pos="SUBST">headway</w><c c5="PUN">.</c></s></p><p>
<s n="52"><w c5="AT0" hw="the" pos="ART">The </w><w c5="NN1" hw="institute" pos="SUBST">Institute </w><w c5="PRF" hw="of" pos="PREP">of </w><w c5="AJ0" hw="chartered" pos="ADJ">Chartered </w><w c5="NN2" hw="secretary" pos="SUBST">Secretaries </w><w c5="CJC" hw="and" pos="CONJ">and </w><w c5="NN2" hw="administrator" pos="SUBST">Administrators </w><w c5="VHZ" hw="have" pos="VERB">has </w><w c5="AV0" hw="over" pos="ADV">over </w><w c5="CRD" hw="44,000" pos="ADJ">44,000 </w><w c5="NN2" hw="member" pos="SUBST">members </w><w c5="AV0" hw="worldwide" pos="ADV">worldwide</w><c c5="PUN">, </c><w c5="PRP" hw="including" pos="PREP">including </w><w c5="CRD" hw="22,000" pos="ADJ">22,000 </w><w c5="PRP" hw="in" pos="PREP">in </w><w c5="AT0" hw="the" pos="ART">the </w><w c5="NP0" hw="uk" pos="SUBST">UK </w><w c5="CJC" hw="and" pos="CONJ">and </w><w c5="NP0" hw="ireland" pos="SUBST">Ireland</w><c c5="PUN">.</c></s>
<s n="53"><w c5="NN1" hw="training" pos="SUBST">Training </w><w c5="VBZ" hw="be" pos="VERB">is </w><w c5="VVN" hw="base" pos="VERB">based </w><w c5="PRP" hw="on" pos="PREP">on </w><mw c5="AV0"><w c5="AVP" hw="up" pos="ADV">up </w><w c5="PRP" hw="to" pos="PREP">to </w></mw><w c5="CRD" hw="six" pos="ADJ">six </w><w c5="NN2" hw="year" pos="SUBST">years</w><w c5="POS" hw="'" pos="UNC">' </w><w c5="AJ0" hw="relevant" pos="ADJ">relevant </w><w c5="NN1" hw="job" pos="SUBST">job </w><w c5="NN1" hw="experience" pos="SUBST">experience </w><w c5="CJC" hw="and" pos="CONJ">and </w><w c5="VVZ" hw="include" pos="VERB">includes </w><w c5="PRP" hw="on" pos="PREP">on </w><w c5="NN1-AJ0" hw="average" pos="SUBST">average </w><w c5="CRD" hw="two" pos="ADJ">two </w><w c5="PRP" hw="to" pos="PREP">to </w><w c5="CRD" hw="three" pos="ADJ">three </w><w c5="NN2" hw="year" pos="SUBST">years</w><w c5="POS" hw="'" pos="UNC">' </w><w c5="NN1" hw="study" pos="SUBST">study</w><c c5="PUN">.</c></s>
<s n="54"><w c5="NN2" hw="member" pos="SUBST">Members </w><w c5="PRF" hw="of" pos="PREP">of </w><w c5="AT0" hw="the" pos="ART">the </w><w c5="NN1" hw="institute" pos="SUBST">Institute </w><w c5="VBB" hw="be" pos="VERB">are </w><w c5="VVN" hw="know" pos="VERB">known </w><w c5="PRP" hw="as" pos="PREP">as </w><w c5="NP0" hw="acis" pos="SUBST">ACIS </w><c c5="PUL">(</c><w c5="NN1-VVB" hw="associate" pos="SUBST">associate</w><c c5="PUR">) </c><w c5="CJC" hw="and" pos="CONJ">and </w><w c5="VM0" hw="can" pos="VERB">can </w><w c5="AV0" hw="ultimately" pos="ADV">ultimately </w><w c5="VVI" hw="become" pos="VERB">become </w><w c5="AT0" hw="an" pos="ART">an </w><w c5="NN1-NP0" hw="fcis" pos="SUBST">FCIS </w><c c5="PUL">(</c><w c5="NN1-AJ0" hw="fellow" pos="SUBST">fellow</w><c c5="PUR">)</c><c c5="PUN">.</c></s></p><p>
<s n="55"><w c5="AT0" hw="a" pos="ART">A </w><w c5="AJ0" hw="recent" pos="ADJ">recent </w><w c5="NN1" hw="survey" pos="SUBST">survey </w><w c5="VVN" hw="conduct" pos="VERB">conducted </w><w c5="PRP" hw="by" pos="PREP">by </w><w c5="NN1" hw="icsa" pos="SUBST">ICSA </w><w c5="PRF" hw="of" pos="PREP">of </w><w c5="DPS" hw="it" pos="PRON">its </w><w c5="NN2" hw="member" pos="SUBST">members </w><w c5="PRP" hw="in" pos="PREP">in </w><w c5="NN1" hw="management" pos="SUBST">management </w><w c5="NN2" hw="role" pos="SUBST">roles</w><c c5="PUN">, </c><w c5="VVD" hw="show" pos="VERB">showed </w><w c5="CJT" hw="that" pos="CONJ">that </w><w c5="AT0" hw="a" pos="ART">a </w><w c5="AJ0" hw="high" pos="ADJ">high </w><w c5="NN1" hw="proportion" pos="SUBST">proportion </w><w c5="VVN-VVD" hw="serve" pos="VERB">served </w><w c5="PRP" hw="at" pos="PREP">at </w><w c5="CJC" hw="or" pos="CONJ">or </w><w c5="AJ0" hw="near" pos="ADJ">near </w><w c5="NN1-VVB" hw="board" pos="SUBST">board </w><w c5="NN1" hw="level" pos="SUBST">level</w><c c5="PUN">.</c></s></p><p>
<s n="56"><w c5="NP0" hw="mr" pos="SUBST">Mr </w><w c5="NP0" hw="sheppard" pos="SUBST">Sheppard</w><c c5="PUN">, </c><w c5="PNQ" hw="who" pos="PRON">who </w><w c5="VBZ" hw="be" pos="VERB">is </w><w c5="AV0" hw="now" pos="ADV">now </w><w c5="AT0" hw="a" pos="ART">a </w><w c5="NN1" hw="fellow" pos="SUBST">fellow </w><w c5="PRF" hw="of" pos="PREP">of </w><w c5="NP0-NN1" hw="icsa" pos="SUBST">ICSA</w><c c5="PUN">, </c><w c5="VVD" hw="begin" pos="VERB">began </w><w c5="DPS" hw="he" pos="PRON">his </w><w c5="NN1" hw="career" pos="SUBST">career </w><w c5="PRP" hw="with" pos="PREP">with </w><w c5="AT0" hw="an" pos="ART">an </w><w c5="NN1" hw="economics" pos="SUBST">economics </w><w c5="NN1" hw="degree" pos="SUBST">degree </w><w c5="VVG" hw="specialise" pos="VERB">specialising </w><w c5="PRP" hw="in" pos="PREP">in </w><w c5="NN1" hw="business" pos="SUBST">business </w><w c5="NN1" hw="administration" pos="SUBST">administration </w><w c5="PRP" hw="from" pos="PREP">from </w><w c5="AT0" hw="the" pos="ART">the </w><w c5="NP0" hw="london" pos="SUBST">London </w><w c5="NN1" hw="school" pos="SUBST">School </w><w c5="PRF" hw="of" pos="PREP">of </w><w c5="NN1" hw="economics" pos="SUBST">Economics</w><c c5="PUN">.</c></s></p><p>
<s n="57"><w c5="PNP" hw="he" pos="PRON">He </w><w c5="VVD" hw="want" pos="VERB">wanted </w><w c5="NN1-AJ0" hw="job-related" pos="SUBST">job-related</w><c c5="PUN">, </c><w c5="AJ0" hw="professional" pos="ADJ">professional </w><w c5="NN2" hw="qualification" pos="SUBST">qualifications </w><mw c5="PRP"><w c5="CJS" hw="as" pos="CONJ">as </w><w c5="AV0" hw="well" pos="ADV">well </w><w c5="CJS" hw="as" pos="CONJ">as </w></mw><w c5="AT0" hw="a" pos="ART">a </w><w c5="NN1" hw="degree" pos="SUBST">degree</w><c c5="PUN">, </c><w c5="AV0" hw="though" pos="ADV">though </w><w c5="VDD" hw="do" pos="VERB">did </w><w c5="XX0" hw="not" pos="ADV">not </w><w c5="VVI" hw="want" pos="VERB">want </w><w c5="TO0" hw="to" pos="PREP">to </w><w c5="VVI" hw="enter" pos="VERB">enter </w><w c5="NN2" hw="article" pos="SUBST">articles </w><w c5="TO0" hw="to" pos="PREP">to </w><w c5="VVI" hw="become" pos="VERB">become </w><w c5="AT0" hw="a" pos="ART">a </w><w c5="NN1" hw="lawyer" pos="SUBST">lawyer </w><w c5="CJC" hw="or" pos="CONJ">or </w><w c5="NN1" hw="accountant" pos="SUBST">accountant</w><c c5="PUN">.</c></s></p><p>
<s n="58"><c c5="PUQ">‘</c><w c5="AJ0" hw="grand" pos="ADJ">Grand </w><w c5="NN1" hw="met" pos="SUBST">Met </w><w c5="VVZ" hw="employ" pos="VERB">employs </w><w c5="CRD" hw="25" pos="ADJ">25 </w><w c5="AJ0" hw="qualified" pos="ADJ">qualified </w><w c5="AJ0" hw="chartered" pos="ADJ">chartered </w><w c5="NN2" hw="secretary" pos="SUBST">secretaries </w><w c5="PRP" hw="throughout" pos="PREP">throughout </w><w c5="AT0" hw="the" pos="ART">the </w><w c5="NN1" hw="company" pos="SUBST">company</w><c c5="PUQ">’</c><c c5="PUN">, </c><w c5="VVD" hw="say" pos="VERB">said </w><w c5="NP0" hw="mr" pos="SUBST">Mr </w><w c5="NP0" hw="sheppard" pos="SUBST">Sheppard</w><c c5="PUN">.</c></s>
<s n="59"><c c5="PUQ">‘</c><w c5="DT0" hw="many" pos="ADJ">Many </w><w c5="PRF" hw="of" pos="PREP">of </w><w c5="DT0" hw="those" pos="ADJ">those </w><w c5="VBB" hw="be" pos="VERB">are </w><w c5="PRP" hw="in" pos="PREP">in </w><w c5="NN1" hw="line" pos="SUBST">line </w><w c5="NN1" hw="management" pos="SUBST">management</w><c c5="PUN">.</c></s>
<s n="60"><w c5="AJ0" hw="various" pos="ADJ">Various </w><w c5="AJ0" hw="grand" pos="ADJ">Grand </w><w c5="NN1" hw="met" pos="SUBST">Met </w><w c5="NN2" hw="manager" pos="SUBST">managers </w><w c5="CJC" hw="and" pos="CONJ">and </w><w c5="NN2" hw="executive" pos="SUBST">executives </w><w c5="AV0" hw="now" pos="ADV">now </w><w c5="VVB" hw="take" pos="VERB">take </w><w c5="AT0" hw="the" pos="ART">the </w><w c5="NN1" hw="institute" pos="SUBST">Institute </w><w c5="PRF" hw="of" pos="PREP">of </w><w c5="AJ0" hw="chartered" pos="ADJ">Chartered </w><w c5="NN2" hw="secretary" pos="SUBST">Secretaries</w><c c5="PUQ">’ </c><w c5="NN2" hw="exam" pos="SUBST">exams </w><w c5="PRP" hw="for" pos="PREP">for </w><w c5="AT0" hw="the" pos="ART">the </w><w c5="DT0" hw="same" pos="ADJ">same </w><w c5="NN1" hw="reason" pos="SUBST">reason </w><w c5="CJT" hw="that" pos="CONJ">that </w><w c5="PNP" hw="i" pos="PRON">I </w><w c5="VDD" hw="do" pos="VERB">did</w><c c5="PUN">.</c></s></p><p>
<s n="61"><c c5="PUQ">‘</c><mw c5="AV0"><w c5="PRP" hw="in" pos="PREP">In </w><w c5="NN1" hw="addition" pos="SUBST">addition</w></mw><c c5="PUN">, </c><w c5="AT0" hw="the" pos="ART">the </w><w c5="NN1" hw="training" pos="SUBST">training </w><w c5="VVZ" hw="give" pos="VERB">gives </w><w c5="PNP" hw="you" pos="PRON">you </w><w c5="AT0" hw="a" pos="ART">a </w><w c5="AJ0" hw="broad" pos="ADJ">broad </w><w c5="NN1" hw="base" pos="SUBST">base </w><w c5="PRP-AVP" hw="in" pos="PREP">in </w><w c5="AV0" hw="actually" pos="ADV">actually </w><w c5="VVG" hw="run" pos="VERB">running </w><w c5="AT0" hw="an" pos="ART">an </w><w c5="NN1" hw="organisation" pos="SUBST">organisation</w><c c5="PUN">.</c></s>
<s n="62"><w c5="AV0" hw="again" pos="ADV">Again</w><c c5="PUN">, </c><w c5="DT0" hw="this" pos="ADJ">this </w><w c5="VM0" hw="will" pos="VERB">will </w><w c5="VVI" hw="become" pos="VERB">become </w><w c5="AV0" hw="increasingly" pos="ADV">increasingly </w><w c5="AJ0" hw="important" pos="ADJ">important </w><w c5="PRP-CJS" hw="as" pos="PREP">as </w><w c5="AT0" hw="the" pos="ART">the </w><w c5="NN1" hw="complexity" pos="SUBST">complexity </w><w c5="PRF" hw="of" pos="PREP">of </w><w c5="DT0" hw="these" pos="ADJ">these </w><w c5="NN2" hw="organisation" pos="SUBST">organisations </w><w c5="VVZ-NN2" hw="increase" pos="VERB">increases</w><c c5="PUN">,</c><c c5="PUQ">’ </c><w c5="PNP" hw="he" pos="PRON">he </w><w c5="VVD" hw="say" pos="VERB">said</w><c c5="PUN">.</c></s></p><p>
<s n="63"><w c5="NN2" hw="salary" pos="SUBST">Salaries </w><w c5="AV0" hw="too" pos="ADV">too </w><w c5="VHB" hw="have" pos="VERB">have </w><w c5="VVN" hw="become" pos="VERB">become </w><w c5="AJ0" hw="comparable" pos="ADJ">comparable </w><w c5="PRP" hw="to" pos="PREP">to </w><w c5="DT0" hw="those" pos="ADJ">those </w><w c5="VVN" hw="earn" pos="VERB">earned </w><w c5="PRP" hw="by" pos="PREP">by </w><w c5="AJ0" hw="other" pos="ADJ">other </w><w c5="AV0" hw="professionally" pos="ADV">professionally </w><w c5="AJ0-VVN" hw="qualified" pos="ADJ">qualified </w><w c5="NN0" hw="people" pos="SUBST">people </w><w c5="PRP" hw="in" pos="PREP">in </w><w c5="NN1" hw="industry" pos="SUBST">industry </w><w c5="CJC" hw="and" pos="CONJ">and </w><w c5="NN1" hw="commerce" pos="SUBST">commerce </w><w c5="PRP" hw="with" pos="PREP">with </w><w c5="AT0" hw="the" pos="ART">the </w><w c5="AJ0-NN1" hw="top" pos="ADJ">top </w><w c5="NN2" hw="level" pos="SUBST">levels </w><w c5="VVN" hw="earn" pos="VERB">earned </w><w c5="PRP" hw="by" pos="PREP">by </w><w c5="NN1" hw="company" pos="SUBST">company </w><w c5="NN2" hw="secretary" pos="SUBST">secretaries </w><w c5="CJC" hw="or" pos="CONJ">or </w><w c5="AJ0" hw="senior" pos="ADJ">senior </w><w c5="AJ0" hw="corporate" pos="ADJ">corporate </w><w c5="NN2" hw="administrator" pos="SUBST">administrators</w><c c5="PUN">.</c></s>
<s n="64"><w c5="AJC" hw="young" pos="ADJ">Younger </w><w c5="NN1" hw="company" pos="SUBST">company </w><w c5="NN2" hw="secretary" pos="SUBST">secretaries</w><c c5="PUN">, </c><mw c5="AV0"><w c5="PRP" hw="for" pos="PREP">for </w><w c5="NN1" hw="example" pos="SUBST">example</w></mw><c c5="PUN">, </c><w c5="VM0" hw="can" pos="VERB">can </w><w c5="VVI" hw="earn" pos="VERB">earn </w><w c5="NN0" hw="£40,000-£50,000" pos="UNC">£40,000-£50,000 </w><w c5="AT0" hw="a" pos="ART">a </w><w c5="NN1" hw="year" pos="SUBST">year</w><c c5="PUN">, </c><w c5="CJS" hw="while" pos="CONJ">while </w><w c5="AV0" hw="more" pos="ADV">more </w><w c5="AJ0" hw="experienced" pos="ADJ">experienced </w><w c5="NN2" hw="one" pos="SUBST">ones </w><w c5="CJC" hw="or" pos="CONJ">or </w><w c5="DT0" hw="those" pos="ADJ">those </w><w c5="VVG" hw="work" pos="VERB">working </w><w c5="PRP" hw="for" pos="PREP">for </w><w c5="AJ0" hw="large" pos="ADJ">large </w><w c5="NN2" hw="company" pos="SUBST">companies </w><w c5="VM0" hw="can" pos="VERB">can </w><w c5="VVI" hw="earn" pos="VERB">earn </w><w c5="NN0" hw="£70,000" pos="UNC">£70,000 </w><w c5="AT0" hw="a" pos="ART">a </w><w c5="NN1" hw="year" pos="SUBST">year</w><c c5="PUN">.</c></s></p><p>
<s n="65"><w c5="PNP" hw="it" pos="PRON">It </w><w c5="VHZ" hw="have" pos="VERB">has </w><w c5="XX0" hw="not" pos="ADV">not </w><w c5="VBN" hw="be" pos="VERB">been </w><w c5="AV0" hw="so" pos="ADV">so </w><w c5="AV0" hw="long" pos="ADV">long </w><w c5="CJS" hw="since" pos="CONJ">since </w><w c5="AT0" hw="the" pos="ART">the </w><w c5="AJ0-NN1" hw="average" pos="ADJ">average </w><w c5="AJ0-VVN" hw="chartered" pos="ADJ">chartered </w><w c5="CJC" hw="or" pos="CONJ">or </w><w c5="NN1" hw="company" pos="SUBST">company </w><w c5="NN1" hw="secretary" pos="SUBST">secretary </w><w c5="VBD" hw="be" pos="VERB">was </w><w c5="PNI" hw="something" pos="PRON">something </w><w c5="PRF" hw="of" pos="PREP">of </w><w c5="AT0" hw="an" pos="ART">an </w><mw c5="NN1"><w c5="UNC" hw="eminence" pos="UNC">eminence </w><w c5="UNC" hw="grise" pos="UNC">grise</w></mw><c c5="PUN">, </c><mw c5="PRP"><w c5="AV0" hw="rather" pos="ADV">rather </w><w c5="CJS" hw="than" pos="CONJ">than </w></mw><w c5="VBG" hw="be" pos="VERB">being </w><w c5="PRP" hw="in" pos="PREP">in </w><w c5="AT0" hw="the" pos="ART">the </w><w c5="AJ0" hw="front-line" pos="ADJ">front-line</w><c c5="PUN">.</c></s>
<s n="66"><w c5="AT0" hw="the" pos="ART">The </w><w c5="NN1" hw="position" pos="SUBST">position </w><w c5="VBZ" hw="be" pos="VERB">is </w><w c5="VVG" hw="change" pos="VERB">changing </w><w c5="AV0" hw="rapidly" pos="ADV">rapidly</w><c c5="PUN">, </c><w c5="CJC" hw="but" pos="CONJ">but </w><w c5="PNP" hw="they" pos="PRON">they </w><w c5="VM0" hw="can" pos="VERB">can </w><w c5="AV0" hw="still" pos="ADV">still </w><w c5="VBI" hw="be" pos="VERB">be </w><w c5="AJ0" hw="powerful" pos="ADJ">powerful</w><c c5="PUN">, </c><w c5="AJ0" hw="behind-the-scene" pos="ADJ">behind-the-scene </w><w c5="NN2" hw="figure" pos="SUBST">figures</w><c c5="PUN">.</c></s></p><p>
<s n="67"><c c5="PUQ">‘</c><w c5="AV0" hw="often" pos="ADV">Often </w><w c5="PNP" hw="you" pos="PRON">you </w><w c5="VDB" hw="do" pos="VERB">do</w><w c5="XX0" hw="not" pos="ADV">n't </w><w c5="VVI" hw="realise" pos="VERB">realise </w><w c5="AT0" hw="the" pos="ART">the </w><w c5="AJ0" hw="sheer" pos="ADJ">sheer </w><w c5="NN1" hw="range" pos="SUBST">range </w><w c5="PRF" hw="of" pos="PREP">of </w><w c5="NN2" hw="function" pos="SUBST">functions </w><w c5="PRF" hw="of" pos="PREP">of </w><w c5="AT0" hw="a" pos="ART">a </w><w c5="AJ0" hw="good" pos="ADJ">good </w><w c5="NN1" hw="company" pos="SUBST">company </w><w c5="NN1" hw="secretary" pos="SUBST">secretary </w><w c5="CJC" hw="or" pos="CONJ">or </w><w c5="NN1" hw="administrator" pos="SUBST">administrator </w><w c5="CJS" hw="until" pos="CONJ">until </w><w c5="PNP" hw="they" pos="PRON">they </w><w c5="VVB" hw="leave" pos="VERB">leave</w><c c5="PUN">, </c><w c5="CJS" hw="because" pos="CONJ">because </w><w c5="PNP" hw="they" pos="PRON">they</w><w c5="VHB" hw="have" pos="VERB">'ve </w><w c5="VBN" hw="be" pos="VERB">been </w><w c5="AV0" hw="so" pos="ADV">so </w><w c5="AJ0" hw="efficient" pos="ADJ">efficient</w><c c5="PUN">,</c><c c5="PUQ">’ </c><w c5="VVD" hw="say" pos="VERB">said </w><w c5="NP0" hw="mr" pos="SUBST">Mr </w><w c5="NP0" hw="sheppard" pos="SUBST">Sheppard</w><c c5="PUN">.</c></s>
<s n="68"><c c5="PUQ">‘</c><w c5="AV0" hw="however" pos="ADV">However</w><c c5="PUN">, </c><w c5="CJS" hw="unless" pos="CONJ">unless </w><w c5="PNP" hw="you" pos="PRON">you </w><w c5="VHB" hw="have" pos="VERB">have </w><w c5="AJ0" hw="good" pos="ADJ">good </w><w c5="NN1" hw="succession" pos="SUBST">succession </w><w c5="NN1-VVG" hw="planning" pos="SUBST">planning </w><w c5="CJS-AVQ" hw="when" pos="CONJ">when </w><w c5="PNP" hw="they" pos="PRON">they </w><w c5="VDB" hw="do" pos="VERB">do </w><w c5="VVI" hw="leave" pos="VERB">leave</w><c c5="PUN">, </c><w c5="PNI" hw="everything" pos="PRON">everything </w><w c5="VVZ" hw="tend" pos="VERB">tends </w><w c5="TO0" hw="to" pos="PREP">to </w><w c5="VVI" hw="fall" pos="VERB">fall </w><w c5="AV0" hw="apart" pos="ADV">apart</w><c c5="PUN">!</c><c c5="PUQ">’</c></s></p></div></wtext></bncDoc>
