<bncDoc xml:id="A2B"><teiHeader><fileDesc><titleStmt><title>  Independent, electronic edition of 1989-10-04: Listings section. Sample containing about 2012 words from a periodical (domain: arts </title><respStmt><resp> Data capture and transcription </resp><name> Oxford University Press </name> </respStmt></titleStmt><editionStmt><edition>BNC XML Edition, December 2006</edition></editionStmt><extent> 2012 tokens; 2020 w-units; 91 s-units </extent><publicationStmt><distributor>Distributed under licence by Oxford University Computing Services on behalf of the BNC Consortium.</distributor><availability> This material is protected by international copyright laws and may not be copied or redistributed in any way. Consult the BNC Web Site at http://www.natcorp.ox.ac.uk for full licencing and distribution conditions.</availability><idno type="bnc">A2B</idno><idno type="old"> IcList </idno></publicationStmt><sourceDesc><bibl><title>Independent, electronic edition of 1989-10-04: Listings section.</title> <imprint n="NEWSPA2"><publisher>Newspaper Publishing plc</publisher> <pubPlace>London</pubPlace> <date value="1989">1989</date> </imprint> </bibl></sourceDesc></fileDesc><encodingDesc><tagsDecl><namespace name=""><tagUsage gi="c" occurs="218"/><tagUsage gi="div" occurs="6"/><tagUsage gi="head" occurs="12"/><tagUsage gi="mw" occurs="8"/><tagUsage gi="p" occurs="24"/><tagUsage gi="s" occurs="91"/><tagUsage gi="w" occurs="2020"/></namespace></tagsDecl></encodingDesc><profileDesc><creation date="1989"> </creation><textClass><catRef targets="WRI ALLTIM3 ALLAVA2 ALLTYP3 WRIAAG0 WRIAD0 WRIASE0 WRIATY2 WRIAUD3 WRIDOM7 WRILEV2 WRIMED2 WRIPP5 WRISAM0 WRISTA3 WRITAS3"/><classCode scheme="DLEE">W newsp brdsht nat: arts</classCode><keywords><term> (none) </term></keywords></textClass></profileDesc><revisionDesc><change date="2006-10-21" who="#OUCS">Tag usage updated for BNC-XML</change><change date="2000-12-13" who="#OUCS">Last check for BNC World first release</change><change date="2000-09-06" who="#OUCS">Redo tagusage tables</change><change date="2000-09-01" who="#OUCS">Check all tagcounts</change><change date="2000-06-23" who="#OUCS">Resequenced s-units and added headers</change><change date="2000-01-21" who="#OUCS">Added date info</change><change date="2000-01-09" who="#OUCS">Updated all catrefs</change><change date="2000-01-08" who="#OUCS">Updated source title</change><change date="2000-01-08" who="#OUCS">Updated titles</change><change date="1999-12-25" who="#OUCS">corrected tagUsage</change><change date="1999-09-13" who="#UCREL">POS codes revised for BNC-2; header updated</change><change date="1994-11-24" who="#dominic">Initial accession to corpus</change></revisionDesc></teiHeader>
<wtext type="NEWS"><div level="1" n="891004 edition -- Listings Page 36"><head type="MAIN">
<s n="1"><w c5="NN1" hw="day" pos="SUBST">DAY </w><w c5="AVP" hw="out" pos="ADV">OUT </w><c c5="PUN">/</c><w c5="NN2" hw="field" pos="SUBST">Fields </w><w c5="PRF" hw="of" pos="PREP">of </w><w c5="AJ0" hw="human" pos="ADJ">human </w><w c5="NN1" hw="conflict" pos="SUBST">conflict</w><c c5="PUN">: </c><w c5="NP0" hw="david" pos="SUBST">David </w><w c5="NN2-VVZ" hw="key" pos="SUBST">Keys </w><w c5="PRP" hw="on" pos="PREP">on </w><w c5="AJ0" hw="permanent" pos="ADJ">permanent </w><w c5="NN2" hw="reminder" pos="SUBST">reminders </w><w c5="PRF" hw="of" pos="PREP">of </w><w c5="AT0" hw="the" pos="ART">the </w><w c5="ORD" hw="second" pos="ADJ">Second </w><w c5="NN1" hw="world" pos="SUBST">World </w><w c5="NN1" hw="war" pos="SUBST">War</w><c c5="PUN">…</c></s></head><head type="BYLINE">
<s n="2"><w c5="PRP" hw="by" pos="PREP">By </w><w c5="NP0" hw="david" pos="SUBST">DAVID </w><w c5="NN2-VVZ" hw="key" pos="SUBST">KEYS</w></s></head><p>
<s n="3"><w c5="AT0" hw="the" pos="ART">The </w><w c5="ORD" hw="50th" pos="ADJ">50th </w><w c5="NN1" hw="anniversary" pos="SUBST">anniversary </w><w c5="PRF" hw="of" pos="PREP">of </w><w c5="AT0" hw="the" pos="ART">the </w><w c5="NN1" hw="outbreak" pos="SUBST">outbreak </w><w c5="PRF" hw="of" pos="PREP">of </w><w c5="AT0" hw="the" pos="ART">the </w><w c5="ORD" hw="second" pos="ADJ">Second </w><w c5="NN1" hw="world" pos="SUBST">World </w><w c5="NN1" hw="war" pos="SUBST">War </w><w c5="VHZ" hw="have" pos="VERB">has </w><w c5="AV0" hw="largely" pos="ADV">largely </w><w c5="VBN" hw="be" pos="VERB">been </w><w c5="AT0" hw="an" pos="ART">an </w><w c5="NN1" hw="armchair" pos="SUBST">armchair </w><w c5="NN1" hw="affair" pos="SUBST">affair</w><c c5="PUN">, </c><w c5="VVN-VVD" hw="commemorate" pos="VERB">commemorated </w><w c5="PRP-AVP" hw="in" pos="PREP">in </w><w c5="NN2" hw="newspaper" pos="SUBST">newspapers </w><w c5="CJC" hw="and" pos="CONJ">and </w><w c5="NN2" hw="magazine" pos="SUBST">magazines</w><c c5="PUN">, </c><w c5="PRP" hw="on" pos="PREP">on </w><w c5="AT0" hw="the" pos="ART">the </w><w c5="NN1" hw="radio" pos="SUBST">radio </w><w c5="CJC" hw="and" pos="CONJ">and </w><w c5="NN1" hw="television" pos="SUBST">television</w><c c5="PUN">.</c></s>
<s n="4"><w c5="AV0" hw="however" pos="ADV">However</w><c c5="PUN">, </c><w c5="PRP" hw="outside" pos="PREP">outside </w><w c5="DPS" hw="you" pos="PRON">your </w><w c5="NN1" hw="sitting" pos="SUBST">sitting </w><w c5="NN1" hw="room" pos="SUBST">room </w><w c5="CRD" hw="thousands" pos="ADJ">thousands </w><w c5="PRF" hw="of" pos="PREP">of </w><w c5="NN1" hw="wartime" pos="SUBST">wartime </w><w c5="AJ0" hw="military" pos="ADJ">military </w><w c5="NN2" hw="installation" pos="SUBST">installations </w><w c5="AV0" hw="still" pos="ADV">still </w><w c5="VVB" hw="survive" pos="VERB">survive </w><w c5="AV0" hw="as" pos="ADV">as </w><w c5="AV0" hw="historically" pos="ADV">historically </w><w c5="AJ0" hw="important" pos="ADJ">important </w><w c5="NN2" hw="reminder" pos="SUBST">reminders </w><w c5="PRF" hw="of" pos="PREP">of </w><w c5="NP0" hw="britain" pos="SUBST">Britain</w><w c5="POS" hw="'s" pos="UNC">'s </w><w c5="AJ0-NN1" hw="epic" pos="ADJ">epic </w><w c5="NN1" hw="struggle" pos="SUBST">struggle</w><c c5="PUN">.</c></s>
<s n="5"><w c5="NN1" hw="fighter" pos="SUBST">Fighter </w><w c5="CJC" hw="and" pos="CONJ">and </w><w c5="NN1" hw="bomber" pos="SUBST">Bomber </w><w c5="NN1-VVB" hw="command" pos="SUBST">Command </w><w c5="NN2" hw="airfield" pos="SUBST">airfields</w><c c5="PUN">, </c><w c5="AJ0" hw="anti" pos="ADJ">anti </w><w c5="NN1" hw="tank" pos="SUBST">tank </w><w c5="NN2" hw="defence" pos="SUBST">defences</w><c c5="PUN">, </c><w c5="NN1" hw="gun" pos="SUBST">gun </w><w c5="NN2" hw="emplacement" pos="SUBST">emplacements</w><c c5="PUN">, </c><w c5="NN1" hw="prisoner" pos="SUBST">prisoner </w><w c5="PRF" hw="of" pos="PREP">of </w><w c5="NN1" hw="war" pos="SUBST">war </w><w c5="NN2" hw="camp" pos="SUBST">camps </w><c c5="PUN">— </c><w c5="CJC" hw="and" pos="CONJ">and </w><w c5="DT0" hw="some" pos="ADJ">some </w><w c5="CRD" hw="6,000" pos="ADJ">6,000 </w><w c5="NN2" hw="pillbox" pos="SUBST">pillboxes </w><w c5="AV0" hw="still" pos="ADV">still </w><w c5="VVB" hw="form" pos="VERB">form </w><w c5="NN1" hw="part" pos="SUBST">part </w><w c5="PRF" hw="of" pos="PREP">of </w><w c5="AT0" hw="the" pos="ART">the </w><w c5="NN1" hw="landscape" pos="SUBST">landscape </w><w c5="PRP" hw="in" pos="PREP">in </w><w c5="DT0" hw="many" pos="ADJ">many </w><w c5="NN2" hw="area" pos="SUBST">areas </w><w c5="PRF" hw="of" pos="PREP">of </w><w c5="AT0" hw="the" pos="ART">the </w><w c5="NN1" hw="country" pos="SUBST">country</w><c c5="PUN">.</c></s></p><p>
<s n="6"><w c5="PRP" hw="in" pos="PREP">In </w><w c5="AT0" hw="the" pos="ART">the </w><w c5="NN1" hw="heart" pos="SUBST">heart </w><w c5="PRF" hw="of" pos="PREP">of </w><w c5="NP0" hw="london" pos="SUBST">London</w><w c5="POS" hw="'s" pos="UNC">'s </w><w c5="NP0" hw="whitehall" pos="SUBST">Whitehall </w><w c5="NN2" hw="visitor" pos="SUBST">visitors </w><w c5="VM0" hw="can" pos="VERB">can </w><w c5="VVI" hw="explore" pos="VERB">explore </w><w c5="AT0" hw="the" pos="ART">the </w><w c5="NN1" hw="warren" pos="SUBST">warren </w><w c5="PRF" hw="of" pos="PREP">of </w><w c5="AJ0" hw="cramped" pos="ADJ">cramped </w><w c5="AJ0" hw="underground" pos="ADJ">underground </w><w c5="NN2" hw="room" pos="SUBST">rooms </w><w c5="CJC" hw="and" pos="CONJ">and </w><w c5="NN2" hw="passageway" pos="SUBST">passageways </w><w c5="DTQ" hw="which" pos="PRON">which </w><w c5="VVD" hw="serve" pos="VERB">served </w><w c5="PRP" hw="as" pos="PREP">as </w><w c5="AT0" hw="the" pos="ART">the </w><w c5="NN1" hw="nerve" pos="SUBST">nerve </w><w c5="NN1" hw="centre" pos="SUBST">centre </w><w c5="PRF" hw="of" pos="PREP">of </w><w c5="NP0" hw="britain" pos="SUBST">Britain</w><w c5="POS" hw="'s" pos="UNC">'s </w><w c5="NN1" hw="war" pos="SUBST">war </w><w c5="NN1" hw="effort" pos="SUBST">effort</w><c c5="PUN">.</c></s>
<s n="7"><w c5="VVN" hw="know" pos="VERB">Known </w><w c5="PRP" hw="as" pos="PREP">as </w><w c5="AT0" hw="the" pos="ART">the </w><w c5="NN1" hw="cabinet" pos="SUBST">Cabinet </w><w c5="NN1" hw="war" pos="SUBST">War </w><w c5="NN2" hw="room" pos="SUBST">Rooms</w><c c5="PUN">, </c><w c5="AT0" hw="the" pos="ART">the </w><w c5="NN1" hw="complex" pos="SUBST">complex </w><w c5="VHZ" hw="have" pos="VERB">has </w><w c5="AV0" hw="only" pos="ADV">only </w><w c5="VBN" hw="be" pos="VERB">been </w><w c5="AJ0" hw="open" pos="ADJ">open </w><w c5="PRP" hw="to" pos="PREP">to </w><w c5="AT0" hw="the" pos="ART">the </w><w c5="NN1" hw="public" pos="SUBST">public </w><w c5="PRP" hw="since" pos="PREP">since </w><w c5="CRD" hw="1983" pos="ADJ">1983</w><c c5="PUN">.</c></s>
<s n="8"><w c5="AV0" hw="inside" pos="ADV">Inside</w><c c5="PUN">, </c><w c5="PNI" hw="one" pos="PRON">one </w><w c5="VM0" hw="can" pos="VERB">can </w><w c5="AV0" hw="still" pos="ADV">still </w><w c5="VVI" hw="see" pos="VERB">see </w><w c5="AT0" hw="the" pos="ART">the </w><w c5="NN1" hw="map" pos="SUBST">Map </w><w c5="NN1" hw="room" pos="SUBST">Room</w><c c5="PUN">, </c><w c5="CJS-AVQ" hw="where" pos="CONJ">where </w><w c5="NP0" hw="churchill" pos="SUBST">Churchill </w><w c5="VM0" hw="used" pos="VERB">used </w><w c5="TO0" hw="to" pos="PREP">to </w><w c5="VVI" hw="study" pos="VERB">study </w><w c5="AT0" hw="the" pos="ART">the </w><w c5="NN1" hw="progress" pos="SUBST">progress </w><w c5="PRF" hw="of" pos="PREP">of </w><w c5="AT0" hw="the" pos="ART">the </w><w c5="NN1" hw="war" pos="SUBST">war</w><c c5="PUN">, </c><w c5="AT0" hw="the" pos="ART">the </w><w c5="NN1" hw="cabinet" pos="SUBST">Cabinet </w><w c5="NN1" hw="room" pos="SUBST">Room </w><w c5="CJS-AVQ" hw="where" pos="CONJ">where </w><w c5="DT0" hw="many" pos="ADJ">many </w><w c5="PRF" hw="of" pos="PREP">of </w><w c5="AT0" hw="the" pos="ART">the </w><w c5="ORD" hw="second" pos="ADJ">Second </w><w c5="NN1" hw="world" pos="SUBST">World </w><w c5="NN1" hw="war" pos="SUBST">War</w><w c5="POS" hw="'s" pos="UNC">'s </w><w c5="AV0" hw="most" pos="ADV">most </w><w c5="AJ0" hw="important" pos="ADJ">important </w><w c5="NN2" hw="decision" pos="SUBST">decisions </w><w c5="VBD" hw="be" pos="VERB">were </w><w c5="VVN" hw="make" pos="VERB">made</w><c c5="PUN">, </c><w c5="CJC" hw="and" pos="CONJ">and </w><w c5="NP0" hw="churchill" pos="SUBST">Churchill</w><w c5="POS" hw="'s" pos="UNC">'s </w><w c5="AJ0" hw="personal" pos="ADJ">personal </w><w c5="NN1" hw="accommodation" pos="SUBST">accommodation </w><w c5="PRP" hw="from" pos="PREP">from </w><w c5="DTQ" hw="which" pos="PRON">which </w><w c5="PNP" hw="he" pos="PRON">he </w><w c5="VVD" hw="make" pos="VERB">made </w><w c5="DT0" hw="several" pos="ADJ">several </w><w c5="PRF" hw="of" pos="PREP">of </w><w c5="DPS" hw="he" pos="PRON">his </w><w c5="NN1" hw="wartime" pos="SUBST">wartime </w><w c5="NN2" hw="broadcast" pos="SUBST">broadcasts</w><c c5="PUN">.</c></s></p><p>
<s n="9"><w c5="PRP" hw="in" pos="PREP">In </w><w c5="AT0" hw="the" pos="ART">the </w><w c5="NN1" hw="space" pos="SUBST">space </w><w c5="PRF" hw="of" pos="PREP">of </w><w c5="CRD" hw="12" pos="ADJ">12 </w><w c5="NN2" hw="month" pos="SUBST">months </w><w c5="AT0" hw="the" pos="ART">the </w><w c5="NN1" hw="war" pos="SUBST">War </w><w c5="NN1" hw="office" pos="SUBST">Office </w><w c5="VVD" hw="build" pos="VERB">built </w><w c5="CRD" hw="25,000" pos="ADJ">25,000 </w><w c5="NN2" hw="pillbox" pos="SUBST">pillboxes </w><c c5="PUN">— </c><w c5="AV0" hw="almost" pos="ADV">almost </w><w c5="AT0" hw="a" pos="ART">a </w><w c5="NN1" hw="quarter" pos="SUBST">quarter </w><w c5="PRF" hw="of" pos="PREP">of </w><w c5="DTQ" hw="which" pos="PRON">which </w><w c5="AV0" hw="still" pos="ADV">still </w><w c5="VVB" hw="survive" pos="VERB">survive </w><c c5="PUN">— </c><w c5="CJC" hw="and" pos="CONJ">and </w><w c5="VVD" hw="erect" pos="VERB">erected </w><w c5="CRD" hw="hundreds" pos="ADJ">hundreds </w><w c5="PRF" hw="of" pos="PREP">of </w><w c5="NN2" hw="mile" pos="SUBST">miles </w><w c5="PRF" hw="of" pos="PREP">of </w><w c5="AJ0" hw="concrete" pos="ADJ">concrete </w><w c5="AJ0" hw="anti-tank" pos="ADJ">anti-tank </w><w c5="NN2" hw="defence" pos="SUBST">defences</w><c c5="PUN">.</c></s></p><p>
<s n="10"><w c5="PRP" hw="on" pos="PREP">On </w><w c5="AJ0" hw="windswept" pos="ADJ">windswept </w><w c5="AJ0" hw="lonely" pos="ADJ">lonely </w><w c5="NN1-NP0" hw="chesil" pos="SUBST">Chesil </w><w c5="NN1" hw="beach" pos="SUBST">Beach </w><c c5="PUN">— </c><w c5="DT0-CJT" hw="that" pos="ADJ">that </w><w c5="AJ0" hw="great" pos="ADJ">great </w><w c5="CRD" hw="ten" pos="ADJ">ten </w><w c5="NN1" hw="mile" pos="SUBST">mile </w><w c5="AJ0" hw="long" pos="ADJ">long </w><w c5="NN1" hw="pile" pos="SUBST">pile </w><w c5="PRF" hw="of" pos="PREP">of </w><w c5="NN2" hw="pebble" pos="SUBST">pebbles </w><w c5="DTQ" hw="which" pos="PRON">which </w><w c5="VVZ" hw="stretch" pos="VERB">stretches </w><w c5="AV0" hw="westwards" pos="ADV">westwards </w><w c5="PRP" hw="along" pos="PREP">along </w><w c5="AT0" hw="the" pos="ART">the </w><w c5="NP0" hw="dorset" pos="SUBST">Dorset </w><w c5="NN1" hw="coast" pos="SUBST">coast </w><w c5="PRP" hw="from" pos="PREP">from </w><w c5="NP0" hw="portland" pos="SUBST">Portland </w><c c5="PUN">— </c><w c5="PNI" hw="one" pos="PRON">one </w><w c5="VM0" hw="can" pos="VERB">can </w><w c5="AV0" hw="still" pos="ADV">still </w><w c5="VVI" hw="explore" pos="VERB">explore </w><w c5="AT0" hw="the" pos="ART">the </w><w c5="NN2" hw="pillbox" pos="SUBST">pillboxes </w><w c5="CJC" hw="and" pos="CONJ">and </w><w c5="AJ0" hw="anti-tank" pos="ADJ">anti-tank </w><w c5="NN2" hw="defence" pos="SUBST">defences </w><w c5="DTQ" hw="which" pos="PRON">which </w><w c5="VBD" hw="be" pos="VERB">were </w><w c5="VVN" hw="build" pos="VERB">built </w><w c5="PRP" hw="in" pos="PREP">in </w><w c5="CRD" hw="1940" pos="ADJ">1940 </w><w c5="TO0" hw="to" pos="PREP">to </w><w c5="VVI" hw="resist" pos="VERB">resist </w><w c5="AT0" hw="the" pos="ART">the </w><w c5="NN1" hw="threat" pos="SUBST">threat </w><w c5="PRF" hw="of" pos="PREP">of </w><w c5="NN1" hw="invasion" pos="SUBST">invasion</w><c c5="PUN">.</c></s>
<s n="11"><w c5="CJC" hw="and" pos="CONJ">And </w><w c5="AV0" hw="later" pos="ADV">later </w><w c5="PRP" hw="in" pos="PREP">in </w><w c5="AT0" hw="the" pos="ART">the </w><w c5="NN1" hw="war" pos="SUBST">war</w><c c5="PUN">, </c><w c5="PRP" hw="in" pos="PREP">in </w><w c5="CRD" hw="1943" pos="ADJ">1943</w><c c5="PUN">, </c><w c5="PNP" hw="it" pos="PRON">it </w><w c5="VBD" hw="be" pos="VERB">was </w><w c5="DT0" hw="this" pos="ADJ">this </w><w c5="AJ0" hw="imposing" pos="ADJ">imposing </w><w c5="AJ0" hw="natural" pos="ADJ">natural </w><w c5="NN1" hw="wall" pos="SUBST">wall </w><w c5="PRF" hw="of" pos="PREP">of </w><w c5="NN1" hw="shingle" pos="SUBST">shingle </w><w c5="DTQ" hw="which" pos="PRON">which </w><w c5="VBD" hw="be" pos="VERB">was </w><w c5="VVN" hw="use" pos="VERB">used </w><w c5="PRP" hw="by" pos="PREP">by </w><w c5="AT0" hw="the" pos="ART">the </w><w c5="AJ0" hw="famous" pos="ADJ">famous </w><w c5="NN2" hw="dambuster" pos="SUBST">Dambusters </w><w c5="PRP" hw="as" pos="PREP">as </w><w c5="AT0" hw="a" pos="ART">a </w><w c5="NN1" hw="practice" pos="SUBST">practice </w><w c5="NN1" hw="target" pos="SUBST">target </w><w c5="PRP" hw="before" pos="PREP">before </w><w c5="DPS" hw="they" pos="PRON">their </w><w c5="NN1" hw="attack" pos="SUBST">attack </w><w c5="PRP" hw="on" pos="PREP">on </w><w c5="AT0" hw="the" pos="ART">the </w><w c5="NP0-NN1" hw="mohne" pos="SUBST">Mohne </w><w c5="CJC" hw="and" pos="CONJ">and </w><w c5="AJC" hw="ed" pos="ADJ">Eder </w><w c5="NN2" hw="dam" pos="SUBST">dams </w><w c5="PRP" hw="in" pos="PREP">in </w><w c5="NP0" hw="germany" pos="SUBST">Germany</w><c c5="PUN">.</c></s></p><p>
<s n="12"><w c5="CRD" hw="fifty" pos="ADJ">Fifty </w><w c5="NN2" hw="mile" pos="SUBST">miles </w><w c5="AV0" hw="inland" pos="ADV">inland</w><c c5="PUN">, </c><w c5="AT0" hw="the" pos="ART">the </w><w c5="NN2" hw="remains" pos="SUBST">remains </w><w c5="PRF" hw="of" pos="PREP">of </w><w c5="AT0" hw="the" pos="ART">the </w><w c5="NN1" hw="wartime" pos="SUBST">wartime </w><w c5="NN1" hw="government" pos="SUBST">government</w><w c5="POS" hw="'s" pos="UNC">'s </w><w c5="NN1" hw="fall-back" pos="SUBST">fall-back </w><w c5="NN1" hw="line" pos="SUBST">line </w><w c5="PRF" hw="of" pos="PREP">of </w><w c5="NN1" hw="defence" pos="SUBST">defence </w><w c5="AV0" hw="still" pos="ADV">still </w><w c5="VVZ" hw="survive" pos="VERB">survives</w><c c5="PUN">, </c><w c5="AV0" hw="mostly" pos="ADV">mostly </w><w c5="PRP-AVP" hw="along" pos="PREP">along </w><w c5="AT0" hw="the" pos="ART">the </w><w c5="NN1" hw="line" pos="SUBST">line </w><w c5="PRF" hw="of" pos="PREP">of </w><w c5="AT0" hw="the" pos="ART">the </w><w c5="NP0" hw="kennett-avon" pos="SUBST">Kennett-Avon </w><w c5="NN1" hw="canal" pos="SUBST">canal</w><c c5="PUN">.</c></s>
<s n="13"><w c5="PRP" hw="between" pos="PREP">Between </w><w c5="NP0" hw="bradford-on-avon" pos="SUBST">Bradford-on-Avon </w><w c5="CJC" hw="and" pos="CONJ">and </w><w c5="NP0" hw="reading" pos="SUBST">Reading </w><w c5="VBB" hw="be" pos="VERB">are </w><w c5="DT0" hw="some" pos="ADJ">some </w><w c5="CRD" hw="200" pos="ADJ">200 </w><w c5="NN2" hw="pillbox" pos="SUBST">pillboxes </w><w c5="VVN" hw="build" pos="VERB">built </w><w c5="PRP" hw="in" pos="PREP">in </w><w c5="CRD" hw="1940" pos="ADJ">1940 </w><w c5="TO0" hw="to" pos="PREP">to </w><w c5="VVI" hw="house" pos="VERB">house </w><w c5="NN1-AJ0" hw="mobile" pos="SUBST">mobile </w><w c5="CRD" hw="two" pos="ADJ">two </w><w c5="NN1-VVB" hw="pound" pos="SUBST">pound </w><w c5="AJ0" hw="anti-tank" pos="ADJ">anti-tank </w><w c5="NN2" hw="gun" pos="SUBST">guns </w><w c5="CJC" hw="and" pos="CONJ">and </w><w c5="NN1-VVB" hw="machine" pos="SUBST">machine </w><w c5="NN2" hw="gun" pos="SUBST">guns </w><w c5="PRP" hw="in" pos="PREP">in </w><w c5="AT0" hw="the" pos="ART">the </w><w c5="NN1" hw="event" pos="SUBST">event </w><w c5="PRF" hw="of" pos="PREP">of </w><w c5="NN1" hw="invasion" pos="SUBST">invasion</w><c c5="PUN">.</c></s>
<s n="14"><w c5="AT0" hw="the" pos="ART">The </w><w c5="NN2" hw="recess" pos="SUBST">recesses </w><w c5="PRP" hw="in" pos="PREP">in </w><w c5="AT0" hw="the" pos="ART">the </w><w c5="NN1" hw="pillbox" pos="SUBST">pillbox </w><w c5="NN2" hw="floor" pos="SUBST">floors </w><w c5="AVQ-CJS" hw="where" pos="ADV">where </w><w c5="AT0" hw="the" pos="ART">the </w><w c5="NN2" hw="gun" pos="SUBST">guns </w><w c5="VM0" hw="would" pos="VERB">would </w><w c5="VHI" hw="have" pos="VERB">have </w><w c5="VVN" hw="fit" pos="VERB">fitted </w><w c5="VBB" hw="be" pos="VERB">are </w><w c5="AV0" hw="still" pos="ADV">still </w><w c5="AV0" hw="there" pos="ADV">there </w><w c5="AV0" hw="today" pos="ADV">today</w><c c5="PUN">.</c></s>
<s n="15"><w c5="AT0" hw="the" pos="ART">The </w><w c5="AJ0" hw="various" pos="ADJ">various </w><w c5="AJ0" hw="different" pos="ADJ">different </w><w c5="NN2" hw="type" pos="SUBST">types </w><w c5="PRF" hw="of" pos="PREP">of </w><w c5="NN1" hw="pillbox" pos="SUBST">pillbox </w><w c5="VM0" hw="can" pos="VERB">can </w><w c5="VBI" hw="be" pos="VERB">be </w><w c5="VVN" hw="see" pos="VERB">seen </w><w c5="PRP" hw="from" pos="PREP">from </w><w c5="AT0" hw="the" pos="ART">the </w><w c5="NN1" hw="canal" pos="SUBST">canal </w><w c5="NN1" hw="towpath" pos="SUBST">towpath</w><c c5="PUN">.</c></s></p><p>
<s n="16"><w c5="AJC" hw="large" pos="ADJ">Larger </w><w c5="NN1" hw="scale" pos="SUBST">scale </w><w c5="NN1" hw="gun" pos="SUBST">gun </w><w c5="NN2" hw="emplacement" pos="SUBST">emplacements</w><c c5="PUN">, </c><w c5="AV0" hw="however" pos="ADV">however</w><c c5="PUN">, </c><w c5="VBB" hw="be" pos="VERB">are </w><w c5="AV0" hw="much" pos="ADV">much </w><w c5="AJC" hw="rare" pos="ADJ">rarer</w><c c5="PUN">.</c></s>
<s n="17"><w c5="AT0" hw="the" pos="ART">The </w><w c5="AJ0" hw="only" pos="ADJ">only </w><w c5="AJ0" hw="surviving" pos="ADJ">surviving </w><w c5="NN1" hw="group" pos="SUBST">group </w><w c5="PRF" hw="of" pos="PREP">of </w><w c5="DT0" hw="such" pos="ADJ">such </w><w c5="NN2" hw="installation" pos="SUBST">installations </w><w c5="VM0" hw="can" pos="VERB">can </w><w c5="VBI" hw="be" pos="VERB">be </w><w c5="VVN" hw="explore" pos="VERB">explored </w><w c5="PRP" hw="at" pos="PREP">at </w><w c5="NP0" hw="curry" pos="SUBST">Curry </w><w c5="NP0" hw="mallet" pos="SUBST">Mallet </w><w c5="PRP" hw="near" pos="PREP">near </w><w c5="NP0" hw="taunton" pos="SUBST">Taunton</w><c c5="PUN">, </c><w c5="NP0" hw="somerset" pos="SUBST">Somerset</w><c c5="PUN">, </c><w c5="CJS-AVQ" hw="where" pos="CONJ">where </w><w c5="CRD" hw="three" pos="ADJ">three </w><w c5="AJ0" hw="large" pos="ADJ">large </w><w c5="NN1" hw="gun" pos="SUBST">gun </w><w c5="NN2" hw="emplacement" pos="SUBST">emplacements </w><w c5="PRP" hw="with" pos="PREP">with </w><w c5="AJ0" hw="three-foot-thick" pos="ADJ">three-foot-thick </w><w c5="AJ0-NN1" hw="concrete" pos="ADJ">concrete </w><w c5="NN2" hw="wall" pos="SUBST">walls </w><w c5="VBD" hw="be" pos="VERB">were </w><w c5="VVN" hw="build" pos="VERB">built </w><w c5="TO0" hw="to" pos="PREP">to </w><w c5="VVI" hw="house" pos="VERB">house </w><w c5="AJ0" hw="six-pounder" pos="ADJ">six-pounder </w><w c5="AJ0" hw="anti-tank" pos="ADJ">anti-tank </w><w c5="NN2" hw="gun" pos="SUBST">guns </w><w c5="PRP" hw="with" pos="PREP">with </w><w c5="AT0" hw="a" pos="ART">a </w><w c5="NN1" hw="range" pos="SUBST">range </w><w c5="PRF" hw="of" pos="PREP">of </w><w c5="DT0" hw="half" pos="ADJ">half </w><w c5="AT0" hw="a" pos="ART">a </w><w c5="NN1" hw="mile" pos="SUBST">mile</w><c c5="PUN">.</c></s>
<s n="18"><w c5="AV0" hw="nearby" pos="ADV">Nearby </w><w c5="VBB" hw="be" pos="VERB">are </w><w c5="NN2" hw="pillbox" pos="SUBST">pillboxes </w><w c5="VVN" hw="design" pos="VERB">designed </w><w c5="TO0" hw="to" pos="PREP">to </w><w c5="VVI" hw="accommodate" pos="VERB">accommodate </w><w c5="AJ0" hw="heavy" pos="ADJ">heavy </w><w c5="NN1" hw="machine" pos="SUBST">machine </w><w c5="NN2" hw="gun" pos="SUBST">guns</w><c c5="PUN">.</c></s>
<s n="19"><w c5="DT0" hw="this" pos="ADJ">This </w><w c5="VVD" hw="form" pos="VERB">formed </w><w c5="NN1" hw="part" pos="SUBST">part </w><w c5="PRF" hw="of" pos="PREP">of </w><w c5="AT0" hw="a" pos="ART">a </w><w c5="NN1" hw="defence" pos="SUBST">defence </w><w c5="NN1" hw="line" pos="SUBST">line </w><w c5="VVD-VVN" hw="erect" pos="VERB">erected </w><w c5="TO0" hw="to" pos="PREP">to </w><w c5="VVI" hw="defend" pos="VERB">defend </w><w c5="NP0" hw="britain" pos="SUBST">Britain </w><w c5="PRP" hw="in" pos="PREP">in </w><w c5="AT0" hw="the" pos="ART">the </w><w c5="NN1" hw="event" pos="SUBST">event </w><w c5="PRF" hw="of" pos="PREP">of </w><w c5="AT0" hw="a" pos="ART">a </w><w c5="AJ0" hw="german" pos="ADJ">German </w><w c5="NN1" hw="establishment" pos="SUBST">establishment </w><w c5="PRF" hw="of" pos="PREP">of </w><w c5="AT0" hw="a" pos="ART">a </w><w c5="NN1" hw="beach" pos="SUBST">beach </w><w c5="NN1" hw="head" pos="SUBST">head </w><w c5="PRP" hw="in" pos="PREP">in </w><w c5="NP0" hw="cornwall" pos="SUBST">Cornwall</w><c c5="PUN">.</c></s></p><p>
<s n="20"><w c5="CJC" hw="but" pos="CONJ">But </w><w c5="PRP" hw="in" pos="PREP">in </w><w c5="AT0" hw="the" pos="ART">the </w><w c5="NN1-VVB" hw="end" pos="SUBST">end </w><w c5="AT0" hw="the" pos="ART">the </w><w c5="NN1" hw="battle" pos="SUBST">Battle </w><w c5="PRF" hw="of" pos="PREP">of </w><w c5="NP0" hw="britain" pos="SUBST">Britain </w><w c5="VBD" hw="be" pos="VERB">was </w><w c5="XX0" hw="not" pos="ADV">not </w><w c5="VVN" hw="fight" pos="VERB">fought </w><w c5="PRP" hw="on" pos="PREP">on </w><w c5="AT0" hw="the" pos="ART">the </w><w c5="NN1" hw="land" pos="SUBST">land</w><c c5="PUN">, </c><w c5="CJC" hw="but" pos="CONJ">but </w><w c5="PRP" hw="in" pos="PREP">in </w><w c5="AT0" hw="the" pos="ART">the </w><w c5="NN1" hw="air" pos="SUBST">air</w><c c5="PUN">.</c></s>
<s n="21"><w c5="AV0" hw="today" pos="ADV">Today</w><c c5="PUN">, </c><w c5="CRD" hw="one" pos="ADJ">one </w><w c5="PRF" hw="of" pos="PREP">of </w><w c5="AT0" hw="the" pos="ART">the </w><w c5="AJ0" hw="original" pos="ADJ">original </w><w c5="NN1" hw="air" pos="SUBST">air </w><w c5="NN2" hw="operation" pos="SUBST">operations </w><w c5="VVG" hw="plan" pos="VERB">planning </w><w c5="NN2" hw="room" pos="SUBST">rooms </w><w c5="VBZ" hw="be" pos="VERB">is </w><w c5="AV0" hw="still" pos="ADV">still </w><w c5="VVN-AJ0" hw="preserve" pos="VERB">preserved </w><w c5="AJ0" hw="intact" pos="ADJ">intact</w><c c5="PUN">.</c></s>
<s n="22"><w c5="PRP" hw="at" pos="PREP">At </w><w c5="NP0" hw="duxford" pos="SUBST">Duxford </w><w c5="NN1" hw="airfield" pos="SUBST">airfield</w><c c5="PUN">, </c><w c5="AT0" hw="the" pos="ART">the </w><w c5="NN2" hw="operation" pos="SUBST">operations </w><w c5="NN1-VVB" hw="table" pos="SUBST">table </w><w c5="PRP" hw="from" pos="PREP">from </w><w c5="DTQ" hw="which" pos="PRON">which </w><w c5="NN2" hw="aspect" pos="SUBST">aspects </w><w c5="PRF" hw="of" pos="PREP">of </w><w c5="AT0" hw="the" pos="ART">the </w><w c5="NN1" hw="battle" pos="SUBST">Battle </w><w c5="PRF" hw="of" pos="PREP">of </w><w c5="NP0" hw="britain" pos="SUBST">Britain </w><w c5="VBD" hw="be" pos="VERB">were </w><w c5="VVN" hw="control" pos="VERB">controlled </w><w c5="VM0" hw="can" pos="VERB">can </w><w c5="VBI" hw="be" pos="VERB">be </w><w c5="VVN" hw="see" pos="VERB">seen </w><mw c5="PRP"><w c5="AVP" hw="along" pos="ADV">along </w><w c5="PRP" hw="with" pos="PREP">with </w></mw><w c5="AT0" hw="the" pos="ART">the </w><w c5="AJ0" hw="original" pos="ADJ">original </w><w c5="NN1" hw="control" pos="SUBST">control </w><w c5="NN1" hw="tower" pos="SUBST">tower</w><c c5="PUN">, </c><w c5="NN1" hw="hangar" pos="SUBST">hangar </w><w c5="CJC" hw="and" pos="CONJ">and </w><w c5="NN1" hw="runway" pos="SUBST">runway</w><c c5="PUN">.</c></s>
<s n="23"><w c5="AT0" hw="a" pos="ART">A </w><w c5="AJ0" hw="similar" pos="ADJ">similar </w><w c5="AJ0-NN1" hw="air-war" pos="ADJ">air-war </w><w c5="AJ0-NN1" hw="tracking" pos="ADJ">tracking </w><w c5="NN1" hw="table" pos="SUBST">table </w><w c5="PRP" hw="-with" pos="PREP">-with </w><w c5="AJ0" hw="different" pos="ADJ">different </w><w c5="NN2" hw="symbol" pos="SUBST">symbols </w><w c5="PRP" hw="for" pos="PREP">for </w><w c5="AJ0" hw="british" pos="ADJ">British </w><w c5="CJC" hw="and" pos="CONJ">and </w><w c5="AJ0" hw="german" pos="ADJ">German </w><w c5="NN0" hw="aircraft" pos="SUBST">aircraft </w><c c5="PUN">— </c><w c5="VM0" hw="can" pos="VERB">can </w><w c5="VBI" hw="be" pos="VERB">be </w><w c5="VVN" hw="see" pos="VERB">seen </w><w c5="PRP" hw="at" pos="PREP">at </w><w c5="AT0" hw="the" pos="ART">the </w><w c5="AJ0" hw="royal" pos="ADJ">Royal </w><w c5="NN1" hw="observer" pos="SUBST">Observer </w><w c5="NN0" hw="corps" pos="SUBST">Corps </w><w c5="NN1" hw="museum" pos="SUBST">Museum </w><w c5="PRP" hw="in" pos="PREP">in </w><w c5="NP0" hw="winchester" pos="SUBST">Winchester</w><c c5="PUN">.</c></s>
<s n="24"><w c5="PNP" hw="it" pos="PRON">It </w><w c5="VBD" hw="be" pos="VERB">was </w><w c5="AT0" hw="the" pos="ART">the </w><w c5="NP0-NN1" hw="roc" pos="SUBST">ROC</w><w c5="POS" hw="'s" pos="UNC">'s </w><w c5="NN1" hw="job" pos="SUBST">job </w><w c5="TO0" hw="to" pos="PREP">to </w><w c5="VVI" hw="pass" pos="VERB">pass </w><w c5="NN1" hw="flight" pos="SUBST">flight </w><w c5="NN1-AJ0" hw="tracking" pos="SUBST">tracking </w><w c5="NN1" hw="information" pos="SUBST">information </w><w c5="AVP" hw="over" pos="ADV">over </w><w c5="PRP" hw="to" pos="PREP">to </w><w c5="AT0" hw="the" pos="ART">the </w><w c5="NP0" hw="raf" pos="SUBST">RAF</w><c c5="PUN">.</c></s>
<s n="25"><w c5="PRP" hw="at" pos="PREP">At </w><w c5="NN0" hw="aircraft" pos="SUBST">aircraft </w><w c5="NN2" hw="museum" pos="SUBST">museums </w><w c5="PRP" hw="like" pos="PREP">like </w><w c5="DT0" hw="those" pos="ADJ">those </w><w c5="PRP" hw="at" pos="PREP">at </w><w c5="NP0" hw="hendon" pos="SUBST">Hendon </w><w c5="CJC" hw="and" pos="CONJ">and </w><w c5="NP0-NN1" hw="duxford" pos="SUBST">Duxford </w><w c5="NN2" hw="visitor" pos="SUBST">visitors </w><w c5="VM0" hw="can" pos="VERB">can </w><w c5="VVI" hw="see" pos="VERB">see </w><w c5="AT0" hw="the" pos="ART">the </w><w c5="AJ0" hw="legendary" pos="ADJ">legendary </w><w c5="NN1" hw="spitfire" pos="SUBST">Spitfire </w><w c5="CJC" hw="and" pos="CONJ">and </w><w c5="NN1" hw="hurricane" pos="SUBST">Hurricane </w><w c5="NN2" hw="fighter" pos="SUBST">fighters</w><c c5="PUN">.</c></s></p><p>
<s n="26"><w c5="AT0" hw="the" pos="ART">The </w><w c5="AJ0" hw="only" pos="ADJ">only </w><w c5="AJ0" hw="large" pos="ADJ">large </w><w c5="AJ0" hw="british" pos="ADJ">British </w><w c5="NN1" hw="world" pos="SUBST">World </w><w c5="NN1" hw="war" pos="SUBST">War </w><w c5="CRD" hw="two" pos="ADJ">Two </w><w c5="NN1" hw="surface" pos="SUBST">surface </w><w c5="NN1" hw="warship" pos="SUBST">warship </w><w c5="TO0" hw="to" pos="PREP">to </w><w c5="VHI" hw="have" pos="VERB">have </w><w c5="VVN" hw="survive" pos="VERB">survived </w><w c5="PRP" hw="to" pos="PREP">to </w><w c5="AT0" hw="the" pos="ART">the </w><w c5="AJ0" hw="present" pos="ADJ">present </w><w c5="NN1" hw="day" pos="SUBST">day</w><c c5="PUN">, </c><w c5="NP0" hw="hms" pos="SUBST">HMS </w><w c5="NP0" hw="belfast" pos="SUBST">Belfast</w><c c5="PUN">, </c><w c5="VBZ" hw="be" pos="VERB">is </w><w c5="VVN" hw="locate" pos="VERB">located </w><w c5="PRP" hw="on" pos="PREP">on </w><w c5="AT0" hw="the" pos="ART">the </w><w c5="NP0" hw="thames" pos="SUBST">Thames</w><c c5="PUN">, </c><w c5="AV0" hw="just" pos="ADV">just </w><w c5="NN1" hw="west" pos="SUBST">west </w><w c5="PRF" hw="of" pos="PREP">of </w><w c5="NN1" hw="tower" pos="SUBST">Tower </w><w c5="NN1" hw="bridge" pos="SUBST">Bridge</w><c c5="PUN">.</c></s>
<s n="27"><w c5="NN2" hw="visitor" pos="SUBST">Visitors </w><w c5="VM0" hw="can" pos="VERB">can </w><w c5="VVI" hw="wander" pos="VERB">wander </w><w c5="PRP-AVP" hw="round" pos="PREP">round </w><w c5="AT0" hw="the" pos="ART">the </w><w c5="NN1" hw="vessel" pos="SUBST">vessel </w><w c5="CJC" hw="and" pos="CONJ">and </w><w c5="VVB" hw="explore" pos="VERB">explore </w><w c5="PNI" hw="everything" pos="PRON">everything </w><w c5="PRP" hw="from" pos="PREP">from </w><w c5="AT0" hw="the" pos="ART">the </w><w c5="NN1" hw="engine" pos="SUBST">engine </w><w c5="NN1" hw="room" pos="SUBST">room </w><w c5="PRP" hw="to" pos="PREP">to </w><w c5="AT0" hw="the" pos="ART">the </w><w c5="NN1" hw="galley" pos="SUBST">galley </w><w c5="CJC" hw="and" pos="CONJ">and </w><w c5="PRP" hw="from" pos="PREP">from </w><w c5="AT0" hw="the" pos="ART">the </w><w c5="NN1" hw="bridge" pos="SUBST">bridge </w><w c5="PRP" hw="to" pos="PREP">to </w><w c5="AT0" hw="the" pos="ART">the </w><w c5="NN1" hw="gun" pos="SUBST">gun </w><w c5="NN2" hw="turret" pos="SUBST">turrets</w><c c5="PUN">.</c></s>
<s n="28"><w c5="AT0" hw="the" pos="ART">The </w><w c5="NP0" hw="belfast" pos="SUBST">Belfast </w><w c5="VVD" hw="help" pos="VERB">helped </w><w c5="VVI" hw="sink" pos="VERB">sink </w><w c5="AT0" hw="the" pos="ART">the </w><w c5="AJ0-NN1" hw="german" pos="ADJ">German </w><w c5="NN1" hw="battleship" pos="SUBST">battleship </w><w c5="NP0" hw="scharnhorst" pos="SUBST">Scharnhorst </w><w c5="PRP" hw="off" pos="PREP">off </w><w c5="NP0" hw="norway" pos="SUBST">Norway </w><w c5="PRP" hw="in" pos="PREP">in </w><w c5="CRD" hw="1943" pos="ADJ">1943 </w><w c5="CJC" hw="and" pos="CONJ">and </w><w c5="VVD" hw="lead" pos="VERB">led </w><w c5="AT0" hw="the" pos="ART">the </w><w c5="AJ0" hw="naval" pos="ADJ">naval </w><w c5="NN1" hw="bombardment" pos="SUBST">bombardment </w><mw c5="PRP"><w c5="PRP" hw="in" pos="PREP">in </w><w c5="NN1" hw="support" pos="SUBST">support </w><w c5="PRF" hw="of" pos="PREP">of </w></mw><w c5="AT0" hw="the" pos="ART">the </w><w c5="NP0" hw="normandy" pos="SUBST">Normandy </w><w c5="NP0" hw="d" pos="SUBST">D </w><w c5="NP0" hw="day" pos="SUBST">Day </w><w c5="NN1-VVG" hw="landing" pos="SUBST">landing </w><w c5="PRP" hw="at" pos="PREP">at </w><w c5="NP0" hw="juno" pos="SUBST">Juno </w><w c5="NN1" hw="beach" pos="SUBST">Beach</w><c c5="PUN">.</c></s></p><p>
<s n="29"><w c5="PRP" hw="at" pos="PREP">At </w><w c5="AT0" hw="the" pos="ART">the </w><w c5="AJ0" hw="imperial" pos="ADJ">Imperial </w><w c5="NN1" hw="war" pos="SUBST">War </w><w c5="NN1" hw="museum" pos="SUBST">Museum</w><c c5="PUN">, </c><w c5="NN1" hw="wartime" pos="SUBST">wartime </w><w c5="NN2" hw="historian" pos="SUBST">historians </w><w c5="VHB" hw="have" pos="VERB">have </w><w c5="VVN" hw="recreat" pos="VERB">recreated </w><w c5="AT0" hw="a" pos="ART">a </w><w c5="NP0" hw="london" pos="SUBST">London </w><w c5="NN1" hw="street" pos="SUBST">street </w><w c5="CJS" hw="as" pos="CONJ">as </w><w c5="PNP" hw="it" pos="PRON">it </w><w c5="VM0" hw="would" pos="VERB">would </w><w c5="VHI" hw="have" pos="VERB">have </w><w c5="VVN" hw="look" pos="VERB">looked </w><w c5="PRP" hw="during" pos="PREP">during </w><w c5="AT0" hw="the" pos="ART">the </w><w c5="NN1" hw="blitz" pos="SUBST">Blitz</w><c c5="PUN">.</c></s>
<s n="30"><w c5="AT0" hw="the" pos="ART">The </w><w c5="AJ0" hw="full" pos="ADJ">full </w><w c5="NN1" hw="horror" pos="SUBST">horror </w><w c5="DTQ" hw="which" pos="PRON">which </w><w c5="NN2" hw="londoner" pos="SUBST">Londoners </w><w c5="VHD" hw="have" pos="VERB">had </w><w c5="TO0" hw="to" pos="PREP">to </w><w c5="VVI" hw="endure" pos="VERB">endure </w><w c5="VBZ" hw="be" pos="VERB">is </w><w c5="VVN" hw="commemorate" pos="VERB">commemorated </w><w c5="PRP" hw="in" pos="PREP">in </w><w c5="AT0" hw="the" pos="ART">the </w><w c5="NN1" hw="re-creation" pos="SUBST">re-creation </w><c c5="PUN">— </c><w c5="AJ0" hw="complete" pos="ADJ">complete </w><w c5="PRP" hw="with" pos="PREP">with </w><w c5="AT0" hw="the" pos="ART">the </w><w c5="NN2" hw="sound" pos="SUBST">sounds </w><w c5="PRF" hw="of" pos="PREP">of </w><w c5="AJ0" hw="anti-aircraft" pos="ADJ">anti-aircraft </w><w c5="NN1" hw="fire" pos="SUBST">fire </w><w c5="CJC" hw="and" pos="CONJ">and </w><w c5="AT0" hw="the" pos="ART">the </w><w c5="AJ0" hw="acrid" pos="ADJ">acrid </w><w c5="NN1" hw="smell" pos="SUBST">smell </w><w c5="PRF" hw="of" pos="PREP">of </w><w c5="AJ0-VVG" hw="burning" pos="ADJ">burning </w><w c5="NN2" hw="building" pos="SUBST">buildings</w><c c5="PUN">.</c></s></p><p>
<s n="31"><w c5="NP0" hw="harwich" pos="SUBST">Harwich</w><c c5="PUN">, </c><w c5="VVZ" hw="rough" pos="VERB">Roughs </w><w c5="NN1" hw="fort" pos="SUBST">Fort </w><w c5="CRD" hw="7" pos="ADJ">7 </w><w c5="NN2" hw="mile" pos="SUBST">miles </w><w c5="AVP" hw="out" pos="ADV">out </w><w c5="PRP" hw="at" pos="PREP">at </w><w c5="NN1" hw="sea" pos="SUBST">sea </w><c c5="PUL">(</c><w c5="AJ0" hw="viewable" pos="ADJ">viewable </w><w c5="PRP" hw="with" pos="PREP">with </w><w c5="NN2" hw="binoculars" pos="SUBST">binoculars</w><c c5="PUR">)</c><c c5="PUN">.</c></s></p><p>
<s n="32"><w c5="NN1-NP0" hw="kennet" pos="SUBST">Kennet </w><w c5="CJC" hw="and" pos="CONJ">and </w><w c5="NP0" hw="avon" pos="SUBST">Avon </w><w c5="NN1" hw="canal" pos="SUBST">Canal</w><c c5="PUN">, </c><w c5="NP0" hw="avon" pos="SUBST">Avon </w><w c5="AJ0" hw="long" pos="ADJ">Long </w><w c5="NN1" hw="pillbox" pos="SUBST">pillbox </w><w c5="NN1" hw="defence" pos="SUBST">defence </w><w c5="NN1" hw="line" pos="SUBST">line</w><c c5="PUN">.</c></s></p><p>
<s n="33"><w c5="NP0" hw="margate" pos="SUBST">Margate</w><c c5="PUN">, </c><w c5="NN1-NP0" hw="tongue" pos="SUBST">Tongue </w><w c5="NN1" hw="sand" pos="SUBST">Sand </w><w c5="NN1" hw="fort" pos="SUBST">Fort </w><w c5="CRD" hw="10" pos="ADJ">10 </w><w c5="NN2" hw="mile" pos="SUBST">miles </w><w c5="AVP" hw="out" pos="ADV">out </w><w c5="NN1" hw="tosea" pos="SUBST">tosea</w><c c5="PUN">.</c></s></p><p>
<s n="34"><w c5="NP0" hw="shoeburyness" pos="SUBST">Shoeburyness</w><c c5="PUN">, </c><w c5="AJ0" hw="red" pos="ADJ">Red </w><w c5="NN1" hw="sand" pos="SUBST">Sand </w><w c5="NN1" hw="fort" pos="SUBST">Fort </w><w c5="CRD" hw="5" pos="ADJ">5 </w><w c5="NN2" hw="mile" pos="SUBST">miles </w><w c5="AVP" hw="out" pos="ADV">out </w><w c5="NN1" hw="tosea" pos="SUBST">tosea</w><c c5="PUN">.</c></s></p></div><div level="1" n="891004 edition -- Listings Page 35"><head type="MAIN">
<s n="35"><w c5="AJ0" hw="regional" pos="ADJ">REGIONAL </w><w c5="NN1" hw="theatre" pos="SUBST">THEATRE </w><c c5="PUN">/</c><w c5="NN1" hw="west" pos="SUBST">West </w><w c5="PRF" hw="of" pos="PREP">of </w><w c5="AT0" hw="the" pos="ART">the </w><w c5="NP0" hw="west" pos="SUBST">West </w><w c5="NP0" hw="end" pos="SUBST">End</w><c c5="PUN">: </c><w c5="NP0" hw="paul" pos="SUBST">Paul </w><w c5="NP0" hw="arnott" pos="SUBST">Arnott </w><w c5="VVZ" hw="track" pos="VERB">tracks </w><w c5="NP0" hw="shadowlands" pos="SUBST">Shadowlands </w><w c5="PRP" hw="from" pos="PREP">from </w><w c5="NP0" hw="plymouth" pos="SUBST">Plymouth </w><w c5="PRP" hw="to" pos="PREP">to </w><w c5="NP0" hw="london" pos="SUBST">London</w></s></head><head type="BYLINE">
<s n="36"><w c5="PRP" hw="by" pos="PREP">By </w><w c5="NP0" hw="paul" pos="SUBST">PAUL </w><w c5="NP0-NN1" hw="arnott" pos="SUBST">ARNOTT</w></s></head><p>
<s n="37"><w c5="CJS" hw="as" pos="CONJ">As </w><w c5="NP0" hw="elijah" pos="SUBST">Elijah </w><w c5="NP0" hw="moshinsky" pos="SUBST">Moshinsky </w><w c5="VVD" hw="look" pos="VERB">looked </w><w c5="AVP" hw="out" pos="ADV">out </w><w c5="PRP" hw="from" pos="PREP">from </w><w c5="AT0" hw="the" pos="ART">the </w><w c5="AJ0-NN1" hw="roof-top" pos="ADJ">roof-top </w><w c5="NN1" hw="coffee" pos="SUBST">coffee </w><w c5="NN1" hw="shop" pos="SUBST">shop </w><w c5="PRF" hw="of" pos="PREP">of </w><w c5="AT0" hw="the" pos="ART">the </w><w c5="AJ0-NN1" hw="plush" pos="ADJ">plush </w><w c5="NN1" hw="hotel" pos="SUBST">hotel </w><w c5="VVG" hw="overlook" pos="VERB">overlooking </w><w c5="NP0" hw="plymouth" pos="SUBST">Plymouth </w><w c5="NN1-VVB" hw="hoe" pos="SUBST">Hoe </w><c c5="PUN">— </c><w c5="PRP" hw="in" pos="PREP">in </w><w c5="DTQ" hw="which" pos="PRON">which </w><w c5="PNP" hw="he" pos="PRON">he </w><w c5="VBZ" hw="be" pos="VERB">is </w><w c5="VVN" hw="ensconce" pos="VERB">ensconced </w><w c5="PRP" hw="during" pos="PREP">during </w><w c5="NN2" hw="rehearsal" pos="SUBST">rehearsals </w><w c5="PRF" hw="of" pos="PREP">of </w><w c5="NP0" hw="shadowlands" pos="SUBST">Shadowlands </w><c c5="PUN">— </c><w c5="PNP" hw="he" pos="PRON">he </w><w c5="VVD" hw="confess" pos="VERB">confessed </w><w c5="CJT" hw="that" pos="CONJ">that </w><w c5="DT0" hw="this" pos="ADJ">this </w><w c5="VBD" hw="be" pos="VERB">was </w><w c5="AT0" hw="the" pos="ART">the </w><w c5="ORD" hw="first" pos="ADJ">first </w><w c5="NN1" hw="time" pos="SUBST">time </w><w c5="PNP" hw="he" pos="PRON">he </w><w c5="VHD" hw="have" pos="VERB">had </w><w c5="VBN" hw="be" pos="VERB">been </w><w c5="PRP" hw="to" pos="PREP">to </w><w c5="NP0" hw="plymouth" pos="SUBST">Plymouth </w><w c5="PRP" hw="in" pos="PREP">in </w><w c5="DPS" hw="he" pos="PRON">his </w><w c5="NN1" hw="life" pos="SUBST">life</w><c c5="PUN">.</c></s>
<s n="38"><w c5="PRP-CJS" hw="as" pos="PREP">As </w><w c5="AT0" hw="a" pos="ART">a </w><w c5="NN1-AJ0" hw="star" pos="SUBST">star </w><w c5="NN1" hw="opera" pos="SUBST">opera </w><w c5="NN1" hw="director" pos="SUBST">director </w><w c5="DTQ" hw="whose" pos="PRON">whose </w><w c5="NN1" hw="career" pos="SUBST">career </w><w c5="VBZ" hw="be" pos="VERB">is </w><w c5="VVG" hw="become" pos="VERB">becoming </w><w c5="AV0" hw="increasingly" pos="ADV">increasingly </w><w c5="VVN" hw="orientate" pos="VERB">orientated </w><w c5="PRP" hw="towards" pos="PREP">towards </w><w c5="AT0" hw="the" pos="ART">the </w><w c5="NN1" hw="theatre" pos="SUBST">theatre</w><c c5="PUN">, </c><w c5="PNP" hw="it" pos="PRON">it </w><w c5="VBZ" hw="be" pos="VERB">is </w><w c5="AJ0" hw="understandable" pos="ADJ">understandable </w><w c5="CJT" hw="that" pos="CONJ">that </w><w c5="PNP" hw="he" pos="PRON">he </w><w c5="VHZ" hw="have" pos="VERB">has</w><w c5="XX0" hw="not" pos="ADV">n't </w><w c5="AV0" hw="often" pos="ADV">often </w><w c5="VVN" hw="find" pos="VERB">found </w><w c5="AT0" hw="the" pos="ART">the </w><w c5="NN1" hw="time" pos="SUBST">time </w><w c5="TO0" hw="to" pos="PREP">to </w><w c5="VVI" hw="stray" pos="VERB">stray </w><w c5="PRP" hw="from" pos="PREP">from </w><w c5="AT0" hw="the" pos="ART">the </w><w c5="AJ0" hw="great" pos="ADJ">great </w><w c5="NN2" hw="metropolis" pos="SUBST">metropolises </w><w c5="TO0" hw="to" pos="PREP">to </w><w c5="VVI" hw="mount" pos="VERB">mount </w><w c5="AT0" hw="a" pos="ART">a </w><w c5="NN1" hw="production" pos="SUBST">production</w><c c5="PUN">.</c></s>
<s n="39"><w c5="AV0" hw="yet" pos="ADV">Yet </w><w c5="AV0" hw="here" pos="ADV">here </w><w c5="PNP" hw="he" pos="PRON">he </w><w c5="VBD" hw="be" pos="VERB">was</w><c c5="PUN">, </c><w c5="AT0" hw="a" pos="ART">a </w><w c5="NN1" hw="man" pos="SUBST">man </w><w c5="PNQ" hw="who" pos="PRON">who </w><w c5="VBZ" hw="be" pos="VERB">is </w><w c5="AT0" hw="a" pos="ART">a </w><w c5="AJ0" hw="reasonable" pos="ADJ">reasonable </w><w c5="AJ0" hw="outside" pos="ADJ">outside </w><w c5="NN1-VVB" hw="bet" pos="SUBST">bet </w><w c5="PRP" hw="for" pos="PREP">for </w><w c5="AT0" hw="the" pos="ART">the </w><w c5="AJ0" hw="vacant" pos="ADJ">vacant </w><w c5="NN1" hw="crown" pos="SUBST">crown </w><w c5="PRP" hw="at" pos="PREP">at </w><w c5="AT0" hw="the" pos="ART">the </w><w c5="NP0" hw="rsc" pos="SUBST">RSC</w><c c5="PUN">, </c><w c5="VVG" hw="read" pos="VERB">reading </w><w c5="AJ0" hw="favourable" pos="ADJ">favourable </w><w c5="NN2" hw="review" pos="SUBST">reviews </w><w c5="PRP" hw="for" pos="PREP">for </w><w c5="DPS" hw="he" pos="PRON">his </w><w c5="AJ0" hw="previous" pos="ADJ">previous </w><w c5="NN1" hw="work" pos="SUBST">work</w><c c5="PUN">, </c><w c5="DT0" hw="another" pos="ADJ">Another </w><w c5="NN1" hw="time" pos="SUBST">Time </w><w c5="PRP" hw="with" pos="PREP">with </w><w c5="NP0" hw="albert" pos="SUBST">Albert </w><w c5="NP0" hw="finney" pos="SUBST">Finney </w><c c5="PUL">(</c><w c5="DTQ" hw="which" pos="PRON">which </w><w c5="VHD" hw="have" pos="VERB">had </w><w c5="VVN" hw="open" pos="VERB">opened </w><w c5="AT0" hw="the" pos="ART">the </w><w c5="NN1" hw="night" pos="SUBST">night </w><w c5="AV0" hw="before" pos="ADV">before </w><w c5="PRP" hw="in" pos="PREP">in </w><w c5="AT0" hw="the" pos="ART">the </w><w c5="NP0" hw="west" pos="SUBST">West </w><w c5="NP0" hw="end" pos="SUBST">End</w><c c5="PUR">)</c><c c5="PUN">, </c><w c5="CJC" hw="and" pos="CONJ">and </w><w c5="VVG" hw="prepare" pos="VERB">preparing </w><w c5="TO0" hw="to" pos="PREP">to </w><w c5="VVI" hw="rehearse" pos="VERB">rehearse </w><w c5="PRP-AVP" hw="in" pos="PREP">in </w><w c5="AT0" hw="a" pos="ART">a </w><w c5="AJ0" hw="methodist" pos="ADJ">Methodist </w><w c5="NN1" hw="hall" pos="SUBST">Hall </w><w c5="PRP" hw="in" pos="PREP">in </w><w c5="AT0" hw="the" pos="ART">the </w><w c5="NN1" hw="middle" pos="SUBST">middle </w><w c5="PRF" hw="of" pos="PREP">of </w><w c5="NP0" hw="wesley" pos="SUBST">Wesley </w><w c5="NN1" hw="country" pos="SUBST">country</w><c c5="PUN">.</c></s></p><p>
<s n="40"><w c5="VVG" hw="wait" pos="VERB">Waiting </w><w c5="PRP" hw="in" pos="PREP">in </w><w c5="AT0" hw="the" pos="ART">the </w><w c5="AJ0-NN1" hw="methodist" pos="ADJ">Methodist </w><w c5="NN1" hw="hall" pos="SUBST">Hall </w><w c5="TO0" hw="to" pos="PREP">to </w><w c5="VVI" hw="rehearse" pos="VERB">rehearse </w><w c5="AT0" hw="the" pos="ART">the </w><w c5="NN2" hw="role" pos="SUBST">roles </w><w c5="PRF" hw="of" pos="PREP">of </w><w c5="NP0" hw="cs" pos="SUBST">CS </w><w c5="NP0" hw="lewis" pos="SUBST">Lewis </w><w c5="CJC" hw="and" pos="CONJ">and </w><w c5="AT0" hw="the" pos="ART">the </w><w c5="NN1" hw="woman" pos="SUBST">woman </w><w c5="PNP" hw="he" pos="PRON">he </w><w c5="VVD" hw="spend" pos="VERB">spent </w><w c5="CRD" hw="three" pos="ADJ">three </w><w c5="AJ0" hw="blissful" pos="ADJ">blissful </w><w c5="NN2" hw="year" pos="SUBST">years </w><w c5="PRP" hw="with" pos="PREP">with </w><w c5="PRP" hw="before" pos="PREP">before </w><w c5="DPS" hw="she" pos="PRON">her </w><w c5="NN1" hw="death" pos="SUBST">death</w><c c5="PUN">, </c><w c5="NP0" hw="joy" pos="SUBST">Joy </w><w c5="NP0" hw="davidman" pos="SUBST">Davidman</w><c c5="PUN">, </c><w c5="VBD" hw="be" pos="VERB">were </w><w c5="NP0" hw="nigel" pos="SUBST">Nigel </w><w c5="NP0" hw="hawthorne" pos="SUBST">Hawthorne </w><w c5="CJC" hw="and" pos="CONJ">and </w><w c5="NP0" hw="jane" pos="SUBST">Jane </w><w c5="NP0" hw="lapotaire" pos="SUBST">Lapotaire</w><c c5="PUN">, </c><w c5="DT0" hw="another" pos="ADJ">another </w><w c5="NN0" hw="pair" pos="SUBST">pair </w><w c5="PRF" hw="of" pos="PREP">of </w><w c5="NN2" hw="star" pos="SUBST">stars </w><w c5="XX0" hw="not" pos="ADV">not </w><w c5="AV0" hw="usually" pos="ADV">usually </w><w c5="TO0" hw="to" pos="PREP">to </w><w c5="VBI" hw="be" pos="VERB">be </w><w c5="VVN" hw="find" pos="VERB">found </w><w c5="AVP" hw="out" pos="ADV">out </w><w c5="NN1" hw="west" pos="SUBST">west</w><c c5="PUN">.</c></s>
<s n="41"><w c5="AT0" hw="the" pos="ART">The </w><w c5="NN1" hw="theatre" pos="SUBST">Theatre </w><w c5="AJ0" hw="royal" pos="ADJ">Royal</w><c c5="PUN">, </c><w c5="NP0" hw="plymouth" pos="SUBST">Plymouth</w><c c5="PUN">, </c><w c5="VBZ" hw="be" pos="VERB">is </w><w c5="AVP" hw="about" pos="ADV">about </w><w c5="TO0" hw="to" pos="PREP">to </w><w c5="VVI" hw="send" pos="VERB">send </w><w c5="AT0" hw="a" pos="ART">a </w><w c5="AV0" hw="highly" pos="ADV">highly </w><w c5="AJ0" hw="commercial" pos="ADJ">commercial </w><w c5="NN1" hw="product" pos="SUBST">product </w><w c5="PRP" hw="into" pos="PREP">into </w><w c5="AT0" hw="the" pos="ART">the </w><w c5="NP0" hw="west" pos="SUBST">West </w><w c5="NP0" hw="end" pos="SUBST">End</w><c c5="PUN">.</c></s></p><p>
<s n="42"><w c5="PRP" hw="for" pos="PREP">For </w><w c5="NP0" hw="elijah" pos="SUBST">Elijah </w><w c5="NP0" hw="moshinsky" pos="SUBST">Moshinsky</w><c c5="PUN">, </c><w c5="EX0" hw="there" pos="PRON">there </w><w c5="VBB" hw="be" pos="VERB">are </w><w c5="AJ0" hw="great" pos="ADJ">great </w><w c5="NN2" hw="advantage" pos="SUBST">advantages </w><w c5="PRP" hw="to" pos="PREP">to </w><w c5="VVG" hw="start" pos="VERB">starting </w><w c5="AT0" hw="a" pos="ART">a </w><w c5="NN1" hw="show" pos="SUBST">show </w><mw c5="PRP"><w c5="AVP" hw="out" pos="ADV">out </w><w c5="PRF" hw="of" pos="PREP">of </w></mw><w c5="NN1" hw="town" pos="SUBST">town</w><c c5="PUN">.</c></s>
<s n="43"><c c5="PUQ">‘</c><w c5="PNP" hw="it" pos="PRON">It </w><w c5="VVZ" hw="seem" pos="VERB">seems </w><w c5="PRP" hw="to" pos="PREP">to </w><w c5="PNP" hw="i" pos="PRON">me </w><w c5="CJT" hw="that" pos="CONJ">that </w><w c5="AT0" hw="a" pos="ART">a </w><w c5="AJ0" hw="new" pos="ADJ">new </w><w c5="NN1" hw="play" pos="SUBST">play </w><w c5="PRP" hw="like" pos="PREP">like </w><w c5="NP0" hw="shadowlands" pos="SUBST">Shadowlands </w><w c5="VVZ" hw="need" pos="VERB">needs </w><w c5="TO0" hw="to" pos="PREP">to </w><w c5="VBI" hw="be" pos="VERB">be </w><w c5="VVN" hw="expose" pos="VERB">exposed </w><w c5="PRP" hw="to" pos="PREP">to </w><w c5="AJ0" hw="different" pos="ADJ">different </w><w c5="NN2" hw="audience" pos="SUBST">audiences </w><w c5="CJS" hw="before" pos="CONJ">before </w><w c5="PNP" hw="it" pos="PRON">it </w><w c5="VVZ" hw="settle" pos="VERB">settles </w><w c5="AVP" hw="down" pos="ADV">down</w><c c5="PUN">.</c></s>
<s n="44"><w c5="PNP" hw="it" pos="PRON">It</w><w c5="VBZ" hw="be" pos="VERB">'s </w><w c5="AV0" hw="especially" pos="ADV">especially </w><w c5="AJ0" hw="important" pos="ADJ">important </w><w c5="PRP" hw="in" pos="PREP">in </w><w c5="AT0" hw="a" pos="ART">a </w><w c5="NN1" hw="play" pos="SUBST">play </w><w c5="PRP" hw="like" pos="PREP">like </w><w c5="DT0" hw="this" pos="ADJ">this</w><c c5="PUN">, </c><w c5="DTQ" hw="which" pos="PRON">which </w><w c5="VBZ" hw="be" pos="VERB">is </w><w c5="DT0" hw="such" pos="ADJ">such </w><w c5="AT0" hw="a" pos="ART">a </w><w c5="AJ0" hw="delicate" pos="ADJ">delicate </w><w c5="CJC" hw="and" pos="CONJ">and </w><w c5="AJ0" hw="sensitive" pos="ADJ">sensitive </w><w c5="NN1" hw="piece" pos="SUBST">piece </w><w c5="PRF" hw="of" pos="PREP">of </w><w c5="NN1-VVG" hw="writing" pos="SUBST">writing</w><c c5="PUN">, </c><w c5="CJT" hw="that" pos="CONJ">that </w><w c5="AT0" hw="the" pos="ART">the </w><w c5="NN2" hw="actor" pos="SUBST">actors </w><w c5="VVB" hw="grow" pos="VERB">grow </w><w c5="AV0" hw="together" pos="ADV">together </w><w c5="PRP" hw="as" pos="PREP">as </w><w c5="AT0" hw="a" pos="ART">a </w><w c5="AJ0" hw="cohesive" pos="ADJ">cohesive </w><w c5="NN1" hw="group" pos="SUBST">group</w><c c5="PUN">.</c></s>
<s n="45"><w c5="PNP" hw="i" pos="PRON">I </w><w c5="VVB" hw="think" pos="VERB">think </w><w c5="CJT" hw="that" pos="CONJ">that </w><w c5="PNP" hw="it" pos="PRON">it </w><w c5="VBZ" hw="be" pos="VERB">is </w><w c5="AV0" hw="much" pos="ADV">much </w><w c5="AJC" hw="easy" pos="ADJ">easier </w><w c5="TO0" hw="to" pos="PREP">to </w><w c5="VVI" hw="create" pos="VERB">create </w><w c5="DT0" hw="that" pos="ADJ">that </w><w c5="NN1" hw="atmosphere" pos="SUBST">atmosphere </w><w c5="PRP" hw="in" pos="PREP">in </w><w c5="AT0" hw="a" pos="ART">a </w><w c5="AJ0" hw="good" pos="ADJ">good </w><w c5="AJ0" hw="out-of-town" pos="ADJ">out-of-town </w><w c5="NN1" hw="theatre" pos="SUBST">theatre </w><w c5="PRP" hw="like" pos="PREP">like </w><w c5="NP0" hw="plymouth" pos="SUBST">Plymouth </w><mw c5="PRP"><w c5="AV0" hw="rather" pos="ADV">rather </w><w c5="CJS" hw="than" pos="CONJ">than </w></mw><w c5="TO0" hw="to" pos="PREP">to </w><w c5="VVI" hw="prepare" pos="VERB">prepare </w><w c5="AT0" hw="a" pos="ART">a </w><w c5="NN1-AJ0" hw="star" pos="SUBST">star </w><w c5="NN1" hw="vehicle" pos="SUBST">vehicle </w><w c5="PRP" hw="in" pos="PREP">in </w><w c5="AT0" hw="a" pos="ART">a </w><w c5="AJ0" hw="draughty" pos="ADJ">draughty </w><w c5="NN1" hw="rehearsal" pos="SUBST">rehearsal </w><w c5="NN1" hw="room" pos="SUBST">room </w><w c5="AV0" hw="somewhere" pos="ADV">somewhere </w><w c5="PRP" hw="in" pos="PREP">in </w><w c5="NP0" hw="london" pos="SUBST">London</w><c c5="PUN">.</c><c c5="PUQ">’</c></s></p><p>
<s n="46"><w c5="CJS" hw="if" pos="CONJ">If </w><w c5="NN1" hw="theatre" pos="SUBST">theatre </w><w c5="NN2" hw="artist" pos="SUBST">artists </w><w c5="PRF" hw="of" pos="PREP">of </w><w c5="DT0" hw="this" pos="ADJ">this </w><w c5="NN1" hw="calibre" pos="SUBST">calibre </w><w c5="VBB" hw="be" pos="VERB">are </w><w c5="AJ0" hw="prepared" pos="ADJ">prepared </w><w c5="TO0" hw="to" pos="PREP">to </w><w c5="VVI" hw="launch" pos="VERB">launch </w><w c5="AT0" hw="a" pos="ART">a </w><w c5="NN1" hw="production" pos="SUBST">production </w><w c5="PRP" hw="from" pos="PREP">from </w><w c5="NP0" hw="plymouth" pos="SUBST">Plymouth</w><c c5="PUN">, </c><w c5="PNP" hw="it" pos="PRON">it </w><w c5="VVZ" hw="seem" pos="VERB">seems </w><w c5="AT0" hw="a" pos="ART">a </w><w c5="AJ0" hw="fair" pos="ADJ">fair </w><w c5="NN1-VVB" hw="bet" pos="SUBST">bet </w><w c5="CJT" hw="that" pos="CONJ">that </w><w c5="AT0" hw="the" pos="ART">the </w><w c5="NN1" hw="theatre" pos="SUBST">Theatre </w><w c5="AJ0" hw="royal" pos="ADJ">Royal </w><w c5="NN1" hw="management" pos="SUBST">management </w><w c5="VHZ" hw="have" pos="VERB">has </w><w c5="VVN" hw="get" pos="VERB">got </w><w c5="DPS" hw="it" pos="PRON">its </w><w c5="NN1" hw="act" pos="SUBST">act </w><w c5="AV0" hw="together" pos="ADV">together</w><c c5="PUN">.</c></s>
<s n="47"><w c5="CJS" hw="as" pos="CONJ">As </w><w c5="NP0" hw="moshinsky" pos="SUBST">Moshinsky </w><w c5="VVD" hw="go" pos="VERB">went </w><w c5="AVP" hw="off" pos="ADV">off </w><w c5="PRP" hw="to" pos="PREP">to </w><w c5="NN2" hw="rehearsal" pos="SUBST">rehearsals</w><c c5="PUN">, </c><w c5="PNP" hw="i" pos="PRON">I </w><w c5="VVD" hw="head" pos="VERB">headed </w><w c5="AVP" hw="back" pos="ADV">back </w><w c5="PRP" hw="to" pos="PREP">to </w><w c5="AT0" hw="the" pos="ART">the </w><w c5="NN1" hw="office" pos="SUBST">office </w><w c5="PRF" hw="of" pos="PREP">of </w><w c5="AT0" hw="the" pos="ART">the </w><w c5="AJ0-NN1" hw="general" pos="ADJ">General </w><w c5="NN1" hw="manager" pos="SUBST">Manager</w><c c5="PUN">, </c><w c5="NP0" hw="andrew" pos="SUBST">Andrew </w><w c5="NP0-NN1" hw="welch" pos="SUBST">Welch</w><c c5="PUN">.</c></s>
<s n="48"><w c5="NN1-VVB" hw="welch" pos="SUBST">Welch </w><w c5="VBZ" hw="be" pos="VERB">is </w><w c5="AT0" hw="the" pos="ART">the </w><w c5="ORD" hw="first" pos="ADJ">first </w><w c5="TO0" hw="to" pos="PREP">to </w><w c5="VVI" hw="admit" pos="VERB">admit </w><w c5="CJT" hw="that" pos="CONJ">that </w><w c5="CJS" hw="when" pos="CONJ">when </w><w c5="AT0" hw="the" pos="ART">the </w><w c5="NN1" hw="theatre" pos="SUBST">Theatre </w><w c5="AJ0" hw="royal" pos="ADJ">Royal </w><w c5="VVN-VVD" hw="open" pos="VERB">opened </w><w c5="PRP" hw="in" pos="PREP">in </w><w c5="CRD" hw="1982" pos="ADJ">1982 </w><w c5="PNP" hw="it" pos="PRON">it </w><w c5="VBD" hw="be" pos="VERB">was </w><w c5="AV0" hw="widely" pos="ADV">widely </w><w c5="VVN" hw="regard" pos="VERB">regarded </w><w c5="PRP" hw="as" pos="PREP">as </w><w c5="AT0" hw="a" pos="ART">a </w><w c5="AJ0" hw="white" pos="ADJ">white </w><w c5="NN1" hw="elephant" pos="SUBST">elephant</w><c c5="PUN">, </c><w c5="DTQ" hw="which" pos="PRON">which </w><w c5="AV0" hw="quickly" pos="ADV">quickly </w><w c5="VVD" hw="become" pos="VERB">became </w><w c5="DT0" hw="little" pos="ADJ">little </w><w c5="DT0" hw="more" pos="ADJ">more </w><w c5="CJS" hw="than" pos="CONJ">than </w><w c5="AT0" hw="a" pos="ART">a </w><w c5="NN1-VVG" hw="stopping" pos="SUBST">stopping </w><w c5="PRP-AVP" hw="off" pos="PREP">off </w><w c5="NN1" hw="point" pos="SUBST">point </w><w c5="PRP" hw="for" pos="PREP">for </w><w c5="AJ0-NN1" hw="second-rate" pos="ADJ">second-rate </w><w c5="NN1" hw="touring" pos="SUBST">touring </w><w c5="NN2" hw="product" pos="SUBST">products</w><c c5="PUN">.</c></s>
<s n="49"><w c5="CJC" hw="but" pos="CONJ">But </w><w c5="CJS" hw="since" pos="CONJ">since </w><w c5="DPS" hw="he" pos="PRON">his </w><w c5="NN1" hw="arrival" pos="SUBST">arrival </w><w c5="PRP" hw="at" pos="PREP">at </w><w c5="AT0" hw="the" pos="ART">the </w><w c5="NN1" hw="theatre" pos="SUBST">theatre </w><w c5="CRD" hw="five" pos="ADJ">five </w><w c5="NN2" hw="year" pos="SUBST">years </w><w c5="AV0" hw="ago" pos="ADV">ago </w><w c5="PNP" hw="he" pos="PRON">he </w><w c5="VHZ" hw="have" pos="VERB">has </w><w c5="VVN" hw="work" pos="VERB">worked </w><w c5="PRP" hw="with" pos="PREP">with </w><w c5="AT0" hw="the" pos="ART">the </w><w c5="AJ0" hw="artistic" pos="ADJ">artistic </w><w c5="NN1" hw="director" pos="SUBST">director</w><c c5="PUN">, </c><w c5="NP0" hw="roger" pos="SUBST">Roger </w><w c5="NP0" hw="redfarn" pos="SUBST">Redfarn</w><c c5="PUN">, </c><w c5="TO0" hw="to" pos="PREP">to </w><w c5="VVI" hw="make" pos="VERB">make </w><w c5="AJ0" hw="full" pos="ADJ">full </w><w c5="NN1" hw="use" pos="SUBST">use </w><w c5="PRF" hw="of" pos="PREP">of </w><w c5="DPS" hw="he" pos="PRON">his </w><w c5="AJ0" hw="evident" pos="ADJ">evident </w><w c5="NN2" hw="skill" pos="SUBST">skills </w><w c5="PRP" hw="in" pos="PREP">in </w><w c5="NN1" hw="business" pos="SUBST">business </w><w c5="NN1" hw="management" pos="SUBST">management</w><c c5="PUN">.</c></s></p><p>
<s n="50"><w c5="PRP" hw="under" pos="PREP">Under </w><w c5="NP0-NN1" hw="welch" pos="SUBST">Welch </w><w c5="CJC" hw="and" pos="CONJ">and </w><w c5="NP0-NN1" hw="redfarn" pos="SUBST">Redfarn</w><c c5="PUN">, </c><w c5="AT0" hw="the" pos="ART">The </w><w c5="NN1" hw="theatre" pos="SUBST">Theatre </w><w c5="AJ0" hw="royal" pos="ADJ">Royal </w><w c5="VHZ" hw="have" pos="VERB">has </w><w c5="VVN" hw="co-fund" pos="VERB">co-funded </w><w c5="NN2" hw="production" pos="SUBST">productions </w><w c5="PRP" hw="with" pos="PREP">with </w><w c5="AJ0" hw="other" pos="ADJ">other </w><w c5="AJ0" hw="theatrical" pos="ADJ">theatrical </w><w c5="NN2" hw="management" pos="SUBST">managements </w><w c5="CJC" hw="and" pos="CONJ">and </w><w c5="AT0" hw="a" pos="ART">a </w><w c5="NN1" hw="consortium" pos="SUBST">consortium </w><w c5="PRF" hw="of" pos="PREP">of </w><w c5="NN1" hw="west" pos="SUBST">West </w><w c5="NN1" hw="country" pos="SUBST">Country </w><w c5="NN2" hw="businessman" pos="SUBST">businessmen</w><c c5="PUN">, </c><w c5="VVG" hw="embrace" pos="VERB">embracing </w><w c5="DT0" hw="such" pos="ADJ">such </w><w c5="NN2" hw="show" pos="SUBST">shows </w><w c5="CJS" hw="as" pos="CONJ">as </w><w c5="AVP" hw="up" pos="ADV">Up </w><w c5="PRP" hw="on" pos="PREP">On </w><w c5="AT0" hw="the" pos="ART">The </w><w c5="NN1" hw="roof" pos="SUBST">Roof</w><c c5="PUN">, </c><w c5="NP0-NN1" hw="brigadoon" pos="SUBST">Brigadoon </w><w c5="CJC" hw="and" pos="CONJ">and </w><w c5="AT0" hw="the" pos="ART">the </w><w c5="AJ0" hw="about-to-open" pos="ADJ">about-to-open </w><w c5="NP0-NN1" hw="buddy" pos="SUBST">Buddy</w><c c5="PUN">, </c><mw c5="PRP"><w c5="CJS" hw="as" pos="CONJ">as </w><w c5="AV0" hw="well" pos="ADV">well </w><w c5="CJS" hw="as" pos="CONJ">as </w></mw><w c5="VVG" hw="work" pos="VERB">working </w><w c5="PRP" hw="with" pos="PREP">with </w><w c5="VVG-AJ0" hw="tour" pos="VERB">touring </w><w c5="NN2" hw="company" pos="SUBST">companies </w><mw c5="PRP"><w c5="DT0" hw="such" pos="ADJ">such </w><w c5="PRP" hw="as" pos="PREP">as </w></mw><w c5="NP0" hw="paines" pos="SUBST">Paines </w><w c5="VVB-NN1" hw="plough" pos="VERB">Plough </w><w c5="TO0" hw="to" pos="PREP">to </w><w c5="VVI" hw="launch" pos="VERB">launch </w><w c5="AT0" hw="a" pos="ART">a </w><w c5="AJ0" hw="national" pos="ADJ">national </w><w c5="NN1" hw="tour" pos="SUBST">tour </w><w c5="PRF" hw="of" pos="PREP">of </w><w c5="AT0" hw="the" pos="ART">The </w><w c5="NN1" hw="art" pos="SUBST">Art </w><w c5="PRF" hw="of" pos="PREP">Of </w><w c5="NN1" hw="success" pos="SUBST">Success</w><c c5="PUN">.</c></s>
<s n="51"><w c5="PRP" hw="with" pos="PREP">With </w><w c5="NP0" hw="shadowlands" pos="SUBST">Shadowlands</w><c c5="PUN">, </c><w c5="DT0" hw="another" pos="ADJ">another </w><w c5="AJ0" hw="co-funded" pos="ADJ">co-funded </w><w c5="NN1" hw="production" pos="SUBST">production</w><c c5="PUN">, </c><w c5="NP0" hw="plymouth" pos="SUBST">Plymouth </w><w c5="NN2-VVZ" hw="venture" pos="SUBST">ventures </w><w c5="PRP" hw="into" pos="PREP">into </w><w c5="AT0" hw="the" pos="ART">the </w><w c5="NN1" hw="area" pos="SUBST">area </w><w c5="PRF" hw="of" pos="PREP">of </w><w c5="AT0" hw="the" pos="ART">the </w><w c5="AJ0" hw="commercial" pos="ADJ">commercial </w><w c5="AJ0-AV0" hw="straight" pos="ADJ">straight </w><w c5="NN1-VVB" hw="play" pos="SUBST">play </w><w c5="DTQ" hw="which" pos="PRON">which </w><w c5="VM0" hw="may" pos="VERB">may </w><w c5="AV0" hw="well" pos="ADV">well </w><w c5="VVI" hw="lead" pos="VERB">lead </w><w c5="PRP" hw="to" pos="PREP">to </w><w c5="AV0" hw="more" pos="ADV">more </w><w c5="AJ0" hw="similar" pos="ADJ">similar </w><w c5="NN2" hw="production" pos="SUBST">productions </w><w c5="PRF" hw="of" pos="PREP">of </w><w c5="AJ0" hw="new" pos="ADJ">new </w><w c5="NN1" hw="work" pos="SUBST">work</w><c c5="PUN">.</c></s>
<s n="52"><w c5="NN1-NP0" hw="welch" pos="SUBST">Welch </w><w c5="VVZ" hw="believe" pos="VERB">believes </w><w c5="CJT" hw="that" pos="CONJ">that </w><w c5="CJS" hw="if" pos="CONJ">if </w><w c5="AJ0" hw="regional" pos="ADJ">regional </w><w c5="NN2" hw="theatre" pos="SUBST">theatres </w><w c5="VBB" hw="be" pos="VERB">are </w><w c5="TO0" hw="to" pos="PREP">to </w><w c5="VVI" hw="grow" pos="VERB">grow </w><w c5="PNP" hw="they" pos="PRON">they </w><w c5="VM0" hw="will" pos="VERB">will </w><w c5="VHI" hw="have" pos="VERB">have </w><w c5="TO0" hw="to" pos="PREP">to </w><w c5="VVI" hw="learn" pos="VERB">learn </w><w c5="PRP" hw="from" pos="PREP">from </w><w c5="DPS" hw="he" pos="PRON">his </w><w c5="NN1" hw="example" pos="SUBST">example</w><c c5="PUN">, </c><w c5="CJC" hw="and" pos="CONJ">and </w><w c5="VVB" hw="seek" pos="VERB">seek </w><w c5="AT0" hw="the" pos="ART">the </w><w c5="NN1" hw="backing" pos="SUBST">backing </w><w c5="PRF" hw="of" pos="PREP">of </w><w c5="AJ0" hw="local" pos="ADJ">local </w><w c5="NN2" hw="businessman" pos="SUBST">businessmen </w><mw c5="PRP"><w c5="CJS" hw="as" pos="CONJ">as </w><w c5="AV0" hw="well" pos="ADV">well </w><w c5="CJS" hw="as" pos="CONJ">as </w></mw><w c5="AT0" hw="the" pos="ART">the </w><w c5="AV0" hw="more" pos="ADV">more </w><w c5="AJ0" hw="traditional" pos="ADJ">traditional </w><w c5="NN2" hw="source" pos="SUBST">sources </w><w c5="PRF" hw="of" pos="PREP">of </w><w c5="AJ0" hw="commercial" pos="ADJ">commercial </w><w c5="AJ0" hw="theatrical" pos="ADJ">theatrical </w><w c5="NN2" hw="management" pos="SUBST">managements</w><c c5="PUN">.</c></s>
<s n="53"><w c5="CJS" hw="as" pos="CONJ">As </w><w c5="PNP" hw="i" pos="PRON">I </w><w c5="VVD" hw="leave" pos="VERB">left </w><w c5="DPS" hw="he" pos="PRON">his </w><w c5="NN1" hw="office" pos="SUBST">office </w><w c5="AT0" hw="a" pos="ART">a </w><w c5="AJ0" hw="young" pos="ADJ">young </w><w c5="NN1" hw="woman" pos="SUBST">woman </w><w c5="PRP" hw="from" pos="PREP">from </w><w c5="AT0" hw="a" pos="ART">a </w><w c5="AJ0" hw="polish" pos="ADJ">Polish </w><w c5="NN1" hw="theatre" pos="SUBST">theatre </w><w c5="NN1" hw="company" pos="SUBST">company </w><w c5="VVD" hw="come" pos="VERB">came </w><w c5="AVP" hw="in" pos="ADV">in </w><w c5="TO0" hw="to" pos="PREP">to </w><w c5="VVI" hw="discuss" pos="VERB">discuss </w><w c5="PRP" hw="with" pos="PREP">with </w><w c5="NP0-NN1" hw="welch" pos="SUBST">Welch </w><w c5="AT0" hw="the" pos="ART">the </w><w c5="NN2" hw="principle" pos="SUBST">principles </w><w c5="PRF" hw="of" pos="PREP">of </w><w c5="VVG-AJ0" hw="control" pos="VERB">controlling </w><c c5="PUQ">‘</c><w c5="NN1" hw="income" pos="SUBST">income </w><w c5="NN2" hw="stream" pos="SUBST">streams</w><c c5="PUQ">’</c><c c5="PUN">.</c></s></p></div><div level="1" n="891004 edition -- Listings Page 35"><head type="MAIN">
<s n="54"><w c5="NN1" hw="stage" pos="SUBST">Stage </w><w c5="NN1" hw="news" pos="SUBST">News</w></s></head><head type="BYLINE">
<s n="55"><w c5="PRP" hw="by" pos="PREP">By </w><w c5="NP0" hw="paul" pos="SUBST">PAUL </w><w c5="NP0-NN1" hw="arnott" pos="SUBST">ARNOTT</w></s></head><p>
<s n="56"><w c5="VVB" hw="direct" pos="VERB">Direct </w><w c5="PRP" hw="from" pos="PREP">from </w><w c5="AT0" hw="the" pos="ART">the </w><w c5="NP0" hw="chichester" pos="SUBST">Chichester </w><w c5="NN1" hw="festival" pos="SUBST">Festival </w><w c5="NN1" hw="theatre" pos="SUBST">Theatre</w><c c5="PUN">, </c><w c5="NP0" hw="ian" pos="SUBST">Ian </w><w c5="NP0-NN1" hw="judge" pos="SUBST">Judge</w><w c5="POS" hw="'s" pos="UNC">'s </w><w c5="AJ0" hw="elegant" pos="ADJ">elegant </w><w c5="NN1" hw="production" pos="SUBST">production </w><w c5="PRF" hw="of" pos="PREP">of </w><w c5="AT0" hw="a" pos="ART">A </w><w c5="AJ0" hw="little" pos="ADJ">Little </w><w c5="NN1" hw="night" pos="SUBST">Night </w><w c5="NN1" hw="music" pos="SUBST">Music </w><w c5="VVZ" hw="come" pos="VERB">comes </w><w c5="PRP" hw="into" pos="PREP">into </w><w c5="AT0" hw="the" pos="ART">the </w><w c5="NP0" hw="piccadilly" pos="SUBST">Piccadilly </w><w c5="NN1" hw="theatre" pos="SUBST">Theatre </w><w c5="PRP" hw="in" pos="PREP">in </w><w c5="NN1" hw="preview" pos="SUBST">preview </w><w c5="PRP" hw="from" pos="PREP">from </w><w c5="CRD" hw="6" pos="ADJ">6 </w><w c5="NP0" hw="oct" pos="SUBST">Oct</w><c c5="PUN">, </c><w c5="VVG" hw="open" pos="VERB">opening </w><w c5="PRP" hw="on" pos="PREP">on </w><w c5="CRD" hw="11" pos="ADJ">11 </w><w c5="NP0" hw="oct" pos="SUBST">Oct</w><c c5="PUN">.</c></s>
<s n="57"><w c5="NP0" hw="peter" pos="SUBST">Peter </w><w c5="NP0" hw="mcenery" pos="SUBST">McEnery </w><w c5="CJC" hw="and" pos="CONJ">and </w><w c5="NP0" hw="dorothy" pos="SUBST">Dorothy </w><w c5="NP0" hw="tutin" pos="SUBST">Tutin </w><c c5="PUL">(</c><w c5="AV0" hw="above" pos="ADV">above</w><c c5="PUR">) </c><w c5="VVB" hw="play" pos="VERB">play </w><w c5="AT0" hw="the" pos="ART">the </w><w c5="AJ0" hw="middle-aged" pos="ADJ">middle-aged </w><w c5="NN2" hw="ex-lover" pos="SUBST">ex-lovers </w><w c5="PNQ" hw="who" pos="PRON">who </w><w c5="VVB" hw="iron" pos="VERB">iron </w><w c5="AVP" hw="out" pos="ADV">out </w><w c5="AT0" hw="the" pos="ART">the </w><w c5="NN2" hw="wrinkle" pos="SUBST">wrinkles </w><w c5="CJC" hw="and" pos="CONJ">and </w><w c5="VVB" hw="get" pos="VERB">get </w><w c5="AV0" hw="together" pos="ADV">together </w><w c5="AV0" hw="just" pos="ADV">just </w><w c5="PRP" hw="in" pos="PREP">in </w><w c5="NN1" hw="time" pos="SUBST">time </w><w c5="PRP" hw="for" pos="PREP">for </w><w c5="AT0" hw="the" pos="ART">the </w><w c5="AJ0" hw="final" pos="ADJ">final </w><w c5="NN1" hw="curtain" pos="SUBST">curtain</w><c c5="PUN">.</c></s>
<s n="58"><w c5="AT0" hw="the" pos="ART">The </w><w c5="NN1-NP0" hw="independent" pos="SUBST">Independent </w><w c5="VM0" hw="can" pos="VERB">can </w><w c5="VVI" hw="offer" pos="VERB">offer </w><w c5="CRD" hw="ten" pos="ADJ">ten </w><w c5="NN2" hw="pair" pos="SUBST">pairs </w><w c5="PRF" hw="of" pos="PREP">of </w><w c5="AJ0" hw="free" pos="ADJ">free </w><w c5="NN2" hw="ticket" pos="SUBST">tickets </w><w c5="PRP" hw="for" pos="PREP">for </w><w c5="NP0" hw="mon" pos="SUBST">Mon </w><w c5="CRD" hw="9" pos="ADJ">9 </w><w c5="NP0" hw="oct" pos="SUBST">Oct </w><w c5="PRP" hw="to" pos="PREP">to </w><w c5="AT0" hw="the" pos="ART">the </w><w c5="ORD" hw="first" pos="ADJ">first </w><w c5="CRD" hw="ten" pos="ADJ">ten </w><w c5="NN2" hw="reader" pos="SUBST">readers </w><w c5="PNQ" hw="who" pos="PRON">who </w><w c5="VVB" hw="phone" pos="VERB">phone </w><w c5="CRD" hw="01-436" pos="ADJ">01-436 </w><w c5="CRD" hw="0605" pos="ADJ">0605 </w><w c5="AV0" hw="today" pos="ADV">today </w><c c5="PUL">(</c><w c5="PRP" hw="between" pos="PREP">between </w><w c5="AV0" hw="10am" pos="ADV">10am </w><w c5="CJC" hw="and" pos="CONJ">and </w><w c5="AV0" hw="10.30am" pos="ADV">10.30am </w><w c5="AV0-AJ0" hw="only" pos="ADV">only</w><c c5="PUR">) </c><w c5="PRP" hw="with" pos="PREP">with </w><w c5="AT0" hw="the" pos="ART">the </w><w c5="NN1" hw="answer" pos="SUBST">answer </w><w c5="PRP" hw="to" pos="PREP">to </w><w c5="AT0" hw="the" pos="ART">the </w><w c5="AJ0" hw="following" pos="ADJ">following </w><w c5="NN1" hw="question" pos="SUBST">question</w><c c5="PUN">: </c><w c5="DTQ" hw="which" pos="PRON">which </w><w c5="NN1" hw="film" pos="SUBST">film </w><w c5="VBZ" hw="be" pos="VERB">is </w><w c5="AT0" hw="a" pos="ART">A </w><w c5="AJ0" hw="little" pos="ADJ">Little </w><w c5="NN1" hw="night" pos="SUBST">Night </w><w c5="NN1" hw="music" pos="SUBST">Music </w><w c5="VVN" hw="base" pos="VERB">based </w><w c5="PRP" hw="on" pos="PREP">on</w><c c5="PUN">?</c></s></p><p>
<s n="59"><w c5="AT0" hw="a" pos="ART">A </w><w c5="AJ0" hw="heartfelt" pos="ADJ">heartfelt </w><w c5="NN1" hw="plea" pos="SUBST">plea </w><w c5="PRP" hw="to" pos="PREP">to </w><w c5="DT0" hw="any" pos="ADJ">any </w><w c5="NN1" hw="theatre" pos="SUBST">theatre </w><w c5="NN2" hw="proprietor" pos="SUBST">proprietors </w><w c5="PNQ" hw="who" pos="PRON">who </w><w c5="VHB" hw="have" pos="VERB">have </w><w c5="AT0" hw="a" pos="ART">a </w><w c5="NN1" hw="venue" pos="SUBST">venue </w><w c5="AJ0" hw="available" pos="ADJ">available </w><w c5="PRP" hw="during" pos="PREP">during </w><w c5="NP0" hw="november" pos="SUBST">November</w><c c5="PUN">.</c></s>
<s n="60"><w c5="NP0" hw="laura" pos="SUBST">Laura </w><w c5="NP0" hw="thompson" pos="SUBST">Thompson </w><w c5="VBZ" hw="be" pos="VERB">is </w><w c5="AT0" hw="a" pos="ART">a </w><w c5="AJ0" hw="young" pos="ADJ">young </w><w c5="NN1" hw="theatre" pos="SUBST">theatre </w><w c5="NN1" hw="director" pos="SUBST">director </w><w c5="PNQ" hw="who" pos="PRON">who </w><w c5="VBZ" hw="be" pos="VERB">is </w><w c5="AV0" hw="now" pos="ADV">now </w><w c5="PRP" hw="in" pos="PREP">in </w><w c5="AT0" hw="the" pos="ART">the </w><w c5="NN1" hw="middle" pos="SUBST">middle </w><w c5="PRF" hw="of" pos="PREP">of </w><w c5="NN2" hw="rehearsal" pos="SUBST">rehearsals </w><w c5="PRP" hw="for" pos="PREP">for </w><w c5="NP0" hw="romeo" pos="SUBST">Romeo </w><w c5="CJC" hw="and" pos="CONJ">And </w><w c5="NP0" hw="juliet" pos="SUBST">Juliet</w><c c5="PUN">.</c></s>
<s n="61"><w c5="ITJ" hw="alas" pos="INTERJ">Alas</w><c c5="PUN">, </c><w c5="NP0" hw="thompson" pos="SUBST">Thompson </w><w c5="CJC" hw="and" pos="CONJ">and </w><w c5="DPS" hw="she" pos="PRON">her </w><w c5="AJ0" hw="chosen" pos="ADJ">chosen </w><w c5="NN1" hw="theatre" pos="SUBST">theatre </w><w c5="VBD" hw="be" pos="VERB">were </w><w c5="AJ0" hw="star-crossed" pos="ADJ">star-crossed </w><w c5="CJC" hw="and" pos="CONJ">and </w><w c5="PNP" hw="she" pos="PRON">she </w><w c5="AV0" hw="now" pos="ADV">now </w><w c5="VHZ" hw="have" pos="VERB">has </w><w c5="AT0" hw="a" pos="ART">a </w><w c5="NN1" hw="production" pos="SUBST">production </w><w c5="CJC" hw="but" pos="CONJ">but </w><w c5="AV0" hw="nowhere" pos="ADV">nowhere </w><w c5="PRP" hw="to" pos="PREP">to </w><w c5="NN1" hw="stage" pos="SUBST">stage </w><w c5="PNP" hw="it" pos="PRON">it</w><c c5="PUN">.</c></s>
<s n="62"><w c5="CJS" hw="if" pos="CONJ">If </w><w c5="PNP" hw="you" pos="PRON">you </w><w c5="VHB" hw="have" pos="VERB">have </w><w c5="AT0" hw="a" pos="ART">a </w><w c5="NP0" hw="london" pos="SUBST">London </w><w c5="NN1" hw="theatre" pos="SUBST">theatre </w><w c5="PRP" hw="with" pos="PREP">with </w><w c5="AT0" hw="a" pos="ART">a </w><w c5="NN1" hw="gap" pos="SUBST">gap </w><w c5="VVN-VVD" hw="leave" pos="VERB">left </w><w c5="PRP" hw="in" pos="PREP">in </w><w c5="AT0" hw="the" pos="ART">the </w><w c5="NP0" hw="november" pos="SUBST">November </w><w c5="NN1-VVB" hw="schedule" pos="SUBST">schedule</w><c c5="PUN">, </c><w c5="NN1-VVB" hw="phone" pos="SUBST">phone </w><w c5="NP0" hw="laura" pos="SUBST">Laura </w><w c5="NP0" hw="thompson" pos="SUBST">Thompson </w><w c5="PRP" hw="on" pos="PREP">on </w><w c5="CRD" hw="01-969" pos="ADJ">01-969 </w><w c5="CRD" hw="6524" pos="ADJ">6524</w><c c5="PUN">.</c></s></p><p>
<s n="63"><w c5="AJ0" hw="late" pos="ADJ">Late </w><w c5="NN1" hw="news" pos="SUBST">news </w><w c5="PRF" hw="of" pos="PREP">of </w><w c5="AT0" hw="an" pos="ART">an </w><w c5="AJ0" hw="extra" pos="ADJ">extra </w><w c5="NN1" hw="platform" pos="SUBST">platform </w><w c5="NN1" hw="interview" pos="SUBST">interview </w><w c5="PRP" hw="at" pos="PREP">at </w><w c5="AT0" hw="the" pos="ART">the </w><w c5="AJ0" hw="national" pos="ADJ">National </w><w c5="TO0" hw="to" pos="PREP">to </w><w c5="VBI" hw="be" pos="VERB">be </w><w c5="VVN" hw="hold" pos="VERB">held </w><w c5="PRP" hw="in" pos="PREP">in </w><w c5="AT0" hw="the" pos="ART">the </w><w c5="NP0-NN1" hw="cottesloe" pos="SUBST">Cottesloe </w><w c5="NN1" hw="theatre" pos="SUBST">Theatre </w><w c5="PRP" hw="on" pos="PREP">on </w><w c5="NP0" hw="friday" pos="SUBST">Friday </w><w c5="CRD" hw="6" pos="ADJ">6 </w><w c5="NP0" hw="oct" pos="SUBST">Oct </w><w c5="PRP" hw="at" pos="PREP">at </w><w c5="CRD" hw="6.00" pos="ADJ">6.00</w><c c5="PUN">.</c></s>
<s n="64"><w c5="NP0" hw="jenni" pos="SUBST">Jenni </w><w c5="NP0" hw="murray" pos="SUBST">Murray </w><w c5="VM0" hw="will" pos="VERB">will </w><w c5="VBI" hw="be" pos="VERB">be </w><w c5="VVG" hw="interview" pos="VERB">interviewing </w><w c5="AT0" hw="the" pos="ART">the </w><w c5="AJ0" hw="excellent" pos="ADJ">excellent </w><w c5="AJ0" hw="american" pos="ADJ">American </w><w c5="NN1" hw="actor" pos="SUBST">actor </w><w c5="NP0" hw="ed" pos="SUBST">Ed </w><w c5="NP0" hw="asner" pos="SUBST">Asner </w><c c5="PUL">(</c><w c5="AV0" hw="above" pos="ADV">above</w><c c5="PUR">) </c><w c5="PNQ" hw="who" pos="PRON">who</w><c c5="PUN">, </c><w c5="CJS" hw="although" pos="CONJ">although </w><w c5="AV0" hw="best" pos="ADV">best </w><w c5="VVN" hw="know" pos="VERB">known </w><w c5="PRP" hw="to" pos="PREP">to </w><w c5="NN2" hw="brit" pos="SUBST">Brits </w><w c5="PRP" hw="as" pos="PREP">as </w><w c5="NP0" hw="lou" pos="SUBST">Lou </w><w c5="NP0" hw="grant" pos="SUBST">Grant</w><c c5="PUN">, </c><w c5="VHZ" hw="have" pos="VERB">has </w><w c5="VBN" hw="be" pos="VERB">been </w><w c5="AJ0" hw="involved" pos="ADJ">involved </w><w c5="PRP" hw="in" pos="PREP">in </w><w c5="AJ0" hw="numerous" pos="ADJ">numerous </w><w c5="AJ0" hw="political" pos="ADJ">political </w><w c5="NN2" hw="movement" pos="SUBST">movements</w><c c5="PUN">.</c></s>
<s n="65"><w c5="PNP" hw="he" pos="PRON">He </w><w c5="VBZ" hw="be" pos="VERB">is </w><w c5="PRP" hw="in" pos="PREP">in </w><w c5="NP0" hw="england" pos="SUBST">England </w><w c5="VVG" hw="film" pos="VERB">filming </w><w c5="XX0" hw="not" pos="ADV">Not </w><w c5="AT0" hw="a" pos="ART">A </w><w c5="NP0" hw="penny" pos="SUBST">Penny </w><w c5="AV0" hw="more" pos="ADV">More</w><c c5="PUN">, </c><w c5="XX0" hw="not" pos="ADV">Not </w><w c5="AT0" hw="a" pos="ART">A </w><w c5="NP0" hw="penny" pos="SUBST">Penny </w><w c5="AV0" hw="less" pos="ADV">Less</w><c c5="PUN">.</c></s>
<s n="66"><w c5="NN2" hw="ticket" pos="SUBST">Tickets</w><c c5="PUN">, </c><w c5="VVN-VVD" hw="price" pos="VERB">priced </w><w c5="NN0" hw="£2.50" pos="UNC">£2.50</w><c c5="PUN">, </c><w c5="VBB" hw="be" pos="VERB">are </w><w c5="AJ0" hw="available" pos="ADJ">available </w><w c5="PRP" hw="from" pos="PREP">from </w><w c5="AT0" hw="the" pos="ART">the </w><w c5="AJ0" hw="national" pos="ADJ">National </w><w c5="NN1" hw="box" pos="SUBST">box </w><w c5="NN1" hw="office" pos="SUBST">office </w><w c5="PRP" hw="on" pos="PREP">on </w><w c5="CRD" hw="01-928" pos="ADJ">01-928 </w><w c5="CRD" hw="2252" pos="ADJ">2252</w><c c5="PUN">.</c></s></p></div><div level="1" n="891004 edition -- Listings Page 35"><head type="MAIN">
<s n="67"><w c5="NN1" hw="theatre" pos="SUBST">THEATRE </w><c c5="PUN">/</c><w c5="NP0" hw="lady" pos="SUBST">Lady </w><w c5="NP0" hw="betty" pos="SUBST">Betty </w><c c5="PUN">— </c><w c5="NP0" hw="wilde" pos="SUBST">Wilde </w><w c5="NN1" hw="theatre" pos="SUBST">Theatre</w><c c5="PUN">, </c><w c5="NP0" hw="bracknell" pos="SUBST">Bracknell</w></s></head><head type="BYLINE">
<s n="68"><w c5="PRP" hw="by" pos="PREP">By </w><w c5="NP0" hw="louise" pos="SUBST">LOUISE </w><w c5="NP0" hw="levene" pos="SUBST">LEVENE</w></s></head><p>
<s n="69"><c c5="PUQ">‘</c><w c5="DTQ" hw="what" pos="PRON">What </w><w c5="VHZ" hw="have" pos="VERB">has </w><w c5="NP0" hw="lady" pos="SUBST">Lady </w><w c5="NP0" hw="betty" pos="SUBST">Betty </w><w c5="VDN" hw="do" pos="VERB">done</w><c c5="PUN">?</c></s>
<s n="70"><w c5="AVQ" hw="why" pos="ADV">Why </w><w c5="VDZ" hw="do" pos="VERB">does </w><w c5="NN1" hw="blood" pos="SUBST">blood </w><w c5="NN1-VVB" hw="seep" pos="SUBST">seep </w><w c5="PRP" hw="from" pos="PREP">from </w><w c5="DPS" hw="she" pos="PRON">her </w><w c5="NN1" hw="son" pos="SUBST">son</w><c c5="PUN">?</c><c c5="PUQ">’ </c><w c5="VVZ" hw="run" pos="VERB">runs </w><w c5="AT0" hw="the" pos="ART">the </w><w c5="AJ0" hw="grisly" pos="ADJ">grisly </w><w c5="NN1" hw="ballad" pos="SUBST">ballad </w><w c5="CJT" hw="that" pos="CONJ">that </w><w c5="VVZ" hw="tell" pos="VERB">tells </w><w c5="AT0" hw="the" pos="ART">the </w><w c5="AJ0" hw="true" pos="ADJ">true </w><w c5="NN1" hw="story" pos="SUBST">story </w><w c5="PRF" hw="of" pos="PREP">of </w><w c5="AT0" hw="a" pos="ART">a </w><w c5="NN1" hw="woman" pos="SUBST">woman </w><w c5="PRP" hw="in" pos="PREP">in </w><w c5="ORD" hw="18th" pos="ADJ">18th </w><w c5="NN1" hw="century" pos="SUBST">century </w><w c5="NP0" hw="ireland" pos="SUBST">Ireland</w><c c5="PUN">, </c><w c5="VVN" hw="sentence" pos="VERB">sentenced </w><w c5="PRP" hw="to" pos="PREP">to </w><w c5="NN1" hw="death" pos="SUBST">death </w><w c5="PRP" hw="for" pos="PREP">for </w><w c5="AT0" hw="the" pos="ART">the </w><w c5="NN1" hw="murder" pos="SUBST">murder </w><w c5="PRF" hw="of" pos="PREP">of </w><w c5="AT0" hw="a" pos="ART">a </w><w c5="AJ0" hw="young" pos="ADJ">young </w><w c5="NN1" hw="gentleman" pos="SUBST">gentleman </w><w c5="PNQ" hw="who" pos="PRON">who </w><w c5="VVZ" hw="turn" pos="VERB">turns </w><w c5="AVP" hw="out" pos="ADV">out </w><w c5="TO0" hw="to" pos="PREP">to </w><w c5="VBI" hw="be" pos="VERB">be </w><w c5="AT0" hw="the" pos="ART">the </w><w c5="AJ0" hw="long-lost" pos="ADJ">long-lost </w><w c5="NN1" hw="product" pos="SUBST">product </w><w c5="PRF" hw="of" pos="PREP">of </w><w c5="DPS" hw="she" pos="PRON">her </w><w c5="NN1" hw="liaison" pos="SUBST">liaison </w><w c5="PRP" hw="with" pos="PREP">with </w><w c5="AT0" hw="the" pos="ART">the </w><w c5="AJ0-NN1" hw="english" pos="ADJ">English </w><w c5="NN0" hw="gentry" pos="SUBST">gentry</w><c c5="PUN">.</c></s>
<s n="71"><w c5="AT0" hw="the" pos="ART">The </w><w c5="NN1" hw="sentence" pos="SUBST">sentence </w><w c5="VBZ" hw="be" pos="VERB">is </w><w c5="VVN" hw="commute" pos="VERB">commuted </w><w c5="PRP" hw="to" pos="PREP">to </w><w c5="AT0" hw="a" pos="ART">a </w><w c5="NN1" hw="life" pos="SUBST">life </w><w c5="PRP" hw="within" pos="PREP">within </w><w c5="NN1" hw="prison" pos="SUBST">prison </w><w c5="NN2" hw="wall" pos="SUBST">walls </w><w c5="AVQ-CJS" hw="when" pos="ADV">when </w><w c5="PNP" hw="she" pos="PRON">she </w><w c5="NN2" hw="volunteer" pos="SUBST">volunteers </w><w c5="TO0" hw="to" pos="PREP">to </w><w c5="VVI" hw="hang" pos="VERB">hang </w><w c5="DT0" hw="those" pos="ADJ">those </w><w c5="AJ0" hw="due" pos="ADJ">due </w><w c5="TO0" hw="to" pos="PREP">to </w><w c5="VVI" hw="swing" pos="VERB">swing </w><w c5="PRP" hw="beside" pos="PREP">beside </w><w c5="PNP" hw="she" pos="PRON">her</w><c c5="PUN">.</c></s>
<s n="72"><c c5="PUQ">‘</c><w c5="NN1" hw="lady" pos="SUBST">Lady</w><c c5="PUQ">’ </c><w c5="NP0" hw="betty" pos="SUBST">Betty </w><w c5="VVD" hw="pursue" pos="VERB">pursued </w><w c5="AT0" hw="a" pos="ART">a </w><w c5="NN1" hw="career" pos="SUBST">career </w><w c5="PRF" hw="of" pos="PREP">of </w><w c5="NN1-AJ0" hw="hanging" pos="SUBST">hanging </w><w c5="CJC" hw="and" pos="CONJ">and </w><w c5="VVG" hw="flog" pos="VERB">flogging </w><w c5="AV0" hw="well" pos="ADV">well </w><w c5="PRP" hw="into" pos="PREP">into </w><w c5="AT0" hw="the" pos="ART">the </w><w c5="ORD" hw="19th" pos="ADJ">19th </w><w c5="NN1" hw="century" pos="SUBST">century </w><w c5="CJC" hw="and" pos="CONJ">and </w><w c5="NP0" hw="declan" pos="SUBST">Declan </w><w c5="NP0" hw="donnellan" pos="SUBST">Donnellan</w><w c5="POS" hw="'s" pos="UNC">'s </w><w c5="NN1" hw="account" pos="SUBST">account </w><w c5="PRF" hw="of" pos="PREP">of </w><w c5="DPS" hw="she" pos="PRON">her </w><w c5="NN1" hw="life" pos="SUBST">life </w><w c5="VBZ" hw="be" pos="VERB">is </w><w c5="VVN" hw="tell" pos="VERB">told </w><w c5="PRP" hw="with" pos="PREP">with </w><w c5="AT0" hw="a" pos="ART">a </w><w c5="AJ0" hw="distressing" pos="ADJ">distressing </w><w c5="NN1" hw="mixture" pos="SUBST">mixture </w><w c5="PRF" hw="of" pos="PREP">of </w><w c5="NN1" hw="savagery" pos="SUBST">savagery </w><w c5="CJC" hw="and" pos="CONJ">and </w><w c5="NN1" hw="sentiment" pos="SUBST">sentiment</w><c c5="PUN">; </c><w c5="AT0" hw="the" pos="ART">the </w><w c5="NN1" hw="hangwoman" pos="SUBST">hangwoman </w><w c5="PNX" hw="herself" pos="PRON">herself </w><w c5="VBZ" hw="be" pos="VERB">is </w><w c5="VVN" hw="portray" pos="VERB">portrayed </w><w c5="PRP" hw="by" pos="PREP">by </w><w c5="NP0" hw="sally" pos="SUBST">Sally </w><w c5="NP0" hw="dexter" pos="SUBST">Dexter </w><w c5="PRP" hw="with" pos="PREP">with </w><w c5="AJ0" hw="hateful" pos="ADJ">hateful </w><w c5="NN1" hw="harpiness" pos="SUBST">harpiness </w><w c5="VVN" hw="relieve" pos="VERB">relieved </w><w c5="PRP" hw="by" pos="PREP">by </w><w c5="AJ0-VVG" hw="startling" pos="ADJ">startling </w><w c5="NN2" hw="moment" pos="SUBST">moments </w><w c5="PRF" hw="of" pos="PREP">of </w><w c5="NN1" hw="tenderness" pos="SUBST">tenderness</w><c c5="PUN">.</c></s>
<s n="73"><w c5="AT0" hw="the" pos="ART">The </w><w c5="NN1" hw="play" pos="SUBST">play </w><w c5="VBZ" hw="be" pos="VERB">is </w><w c5="VVN" hw="enliven" pos="VERB">enlivened </w><w c5="PRP" hw="by" pos="PREP">by </w><w c5="AT0" hw="the" pos="ART">the </w><w c5="AJ0" hw="vicious" pos="ADJ">vicious </w><w c5="NN1" hw="energy" pos="SUBST">energy </w><w c5="PRF" hw="of" pos="PREP">of </w><w c5="AT0" hw="the" pos="ART">the </w><w c5="NN2" hw="performance" pos="SUBST">performances </w><w c5="CJC" hw="and" pos="CONJ">and </w><w c5="PRP" hw="by" pos="PREP">by </w><w c5="AT0" hw="a" pos="ART">a </w><w c5="NN1" hw="variety" pos="SUBST">variety </w><w c5="PRF" hw="of" pos="PREP">of </w><w c5="AJ0" hw="irish" pos="ADJ">Irish </w><w c5="NN1" hw="music" pos="SUBST">music </w><w c5="CJC" hw="and" pos="CONJ">and </w><w c5="VVB-NN1" hw="dance" pos="VERB">dance </w><w c5="DTQ" hw="which" pos="PRON">which </w><w c5="VVZ" hw="range" pos="VERB">ranges </w><w c5="PRP" hw="from" pos="PREP">from </w><w c5="AJ0" hw="mournful" pos="ADJ">mournful </w><w c5="NN2" hw="ballad" pos="SUBST">ballads </w><w c5="PRP" hw="to" pos="PREP">to </w><w c5="AT0" hw="the" pos="ART">the </w><w c5="AJS" hw="jolly" pos="ADJ">jolliest </w><w c5="PRF" hw="of" pos="PREP">of </w><w c5="NN2" hw="jig" pos="SUBST">jigs</w><c c5="PUN">, </c><w c5="VVG" hw="transform" pos="VERB">transforming </w><w c5="DTQ" hw="what" pos="PRON">what </w><w c5="VM0" hw="could" pos="VERB">could </w><w c5="VHI" hw="have" pos="VERB">have </w><w c5="VBN" hw="be" pos="VERB">been </w><w c5="AT0" hw="a" pos="ART">a </w><w c5="AJ0" hw="dreary" pos="ADJ">dreary </w><w c5="NN1-VVB" hw="harangue" pos="SUBST">harangue </w><w c5="PRP" hw="into" pos="PREP">into </w><w c5="AT0" hw="an" pos="ART">an </w><w c5="AJ0" hw="invigorating" pos="ADJ">invigorating </w><w c5="NN1" hw="ensemble" pos="SUBST">ensemble </w><w c5="NN1-VVB" hw="work" pos="SUBST">work</w><c c5="PUN">.</c></s>
<s n="74"><w c5="NP0" hw="louise" pos="SUBST">Louise </w><w c5="NP0" hw="levene" pos="SUBST">Levene</w></s></p></div><div level="1" n="891004 edition -- Listings Page 35"><head type="MAIN">
<s n="75"><w c5="NN1" hw="theatre" pos="SUBST">THEATRE </w><c c5="PUN">/</c><w c5="NP0" hw="patricia" pos="SUBST">Patricia </w><w c5="NP0" hw="routledge" pos="SUBST">Routledge </w><w c5="PRP-AVP" hw="in" pos="PREP">in </w><w c5="VVB" hw="come" pos="VERB">Come </w><w c5="PRP" hw="for" pos="PREP">for </w><w c5="AT0" hw="the" pos="ART">the </w><w c5="NN1" hw="ride" pos="SUBST">Ride </w><c c5="PUN">-</c><w c5="NP0" hw="greenwich" pos="SUBST">Greenwich </w><w c5="NN1" hw="theatre" pos="SUBST">Theatre</w></s></head><head type="BYLINE">
<s n="76"><w c5="PRP" hw="by" pos="PREP">By </w><w c5="NP0" hw="kathryn" pos="SUBST">KATHRYN </w><w c5="NN1" hw="mead" pos="SUBST">MEAD</w></s></head><p>
<s n="77"><w c5="AJ0" hw="one-man" pos="ADJ">One-man </w><w c5="NN2" hw="show" pos="SUBST">shows </w><w c5="VBB" hw="be" pos="VERB">are </w><w c5="AT0" hw="the" pos="ART">the </w><w c5="AJ0-NN1" hw="high-wire" pos="ADJ">high-wire </w><w c5="NN2" hw="act" pos="SUBST">acts </w><w c5="PRF" hw="of" pos="PREP">of </w><w c5="AJ0" hw="theatrical" pos="ADJ">theatrical </w><w c5="NN1" hw="repertory" pos="SUBST">repertory</w><c c5="PUN">, </c><w c5="CJC" hw="and" pos="CONJ">and </w><w c5="AV0" hw="all" pos="ADV">all </w><w c5="AV0" hw="too" pos="ADV">too </w><w c5="AV0" hw="often" pos="ADV">often </w><w c5="NN2" hw="performer" pos="SUBST">performers </w><w c5="VVB" hw="miss" pos="VERB">miss </w><w c5="AT0" hw="the" pos="ART">the </w><w c5="NN1" hw="trapeze" pos="SUBST">trapeze</w><c c5="PUN">.</c></s>
<s n="78"><w c5="PRP" hw="in" pos="PREP">In </w><w c5="DT0" hw="this" pos="ADJ">this </w><w c5="NN1" hw="case" pos="SUBST">case</w><c c5="PUN">, </c><w c5="AV0" hw="however" pos="ADV">however</w><c c5="PUN">, </c><w c5="AT0" hw="the" pos="ART">the </w><w c5="NN1" hw="performer" pos="SUBST">performer </w><w c5="VBZ" hw="be" pos="VERB">is </w><w c5="NP0" hw="patricia" pos="SUBST">Patricia </w><w c5="NP0" hw="routledge" pos="SUBST">Routledge</w><c c5="PUN">, </c><w c5="CJC" hw="and" pos="CONJ">and </w><w c5="DT0" hw="such" pos="ADJ">such </w><w c5="VBZ" hw="be" pos="VERB">is </w><w c5="AT0" hw="the" pos="ART">the </w><w c5="NN1" hw="assurance" pos="SUBST">assurance </w><w c5="PRF" hw="of" pos="PREP">of </w><w c5="DPS" hw="she" pos="PRON">her </w><w c5="NN1" hw="grasp" pos="SUBST">grasp </w><w c5="CJT" hw="that" pos="CONJ">that </w><w c5="AT0" hw="the" pos="ART">the </w><w c5="NN1" hw="occasion" pos="SUBST">occasion </w><w c5="VBZ" hw="be" pos="VERB">is </w><w c5="AT0" hw="a" pos="ART">a </w><w c5="NN1" hw="masterclass" pos="SUBST">masterclass </w><w c5="PRP" hw="in" pos="PREP">in </w><w c5="AJ0" hw="theatrical" pos="ADJ">theatrical </w><w c5="NN1" hw="craft" pos="SUBST">craft</w><c c5="PUN">.</c></s>
<s n="79"><w c5="AT0" hw="the" pos="ART">The </w><w c5="AJ0" hw="cloying" pos="ADJ">cloying </w><w c5="NP0-NN1" hw="pr" pos="SUBST">PR </w><w c5="VVZ-NN2" hw="bill" pos="VERB">bills </w><w c5="AT0" hw="the" pos="ART">the </w><w c5="NN1" hw="evening" pos="SUBST">evening </w><w c5="CJS" hw="as" pos="CONJ">as </w><c c5="PUQ">‘</c><w c5="AV0" hw="unashamedly" pos="ADV">unashamedly </w><w c5="AJ0" hw="nostalgic" pos="ADJ">nostalgic</w><c c5="PUQ">’</c><c c5="PUN">.</c></s>
<s n="80"><w c5="DT0" hw="this" pos="ADJ">This </w><w c5="PNP" hw="it" pos="PRON">it </w><w c5="VBZ" hw="be" pos="VERB">is</w><c c5="PUN">, </c><w c5="CJC" hw="but" pos="CONJ">but </w><w c5="AT0" hw="the" pos="ART">the </w><w c5="NN1" hw="miracle" pos="SUBST">miracle </w><w c5="VBZ" hw="be" pos="VERB">is </w><w c5="XX0" hw="not" pos="ADV">not </w><w c5="CJT" hw="that" pos="CONJ">that </w><w c5="NP0" hw="patricia" pos="SUBST">Patricia </w><w c5="NP0-NN1" hw="routledge" pos="SUBST">Routledge </w><w c5="VM0" hw="can" pos="VERB">can </w><w c5="VVI" hw="make" pos="VERB">make </w><w c5="AT0" hw="the" pos="ART">the </w><w c5="AJ0" hw="old" pos="ADJ">old </w><w c5="NN1" hw="weep" pos="SUBST">weep </w><w c5="PRP" hw="with" pos="PREP">with </w><c c5="PUQ">‘</c><w c5="NN2" hw="rose" pos="SUBST">Roses </w><w c5="PRF" hw="of" pos="PREP">of </w><w c5="NP0-NN1" hw="picardy" pos="SUBST">Picardy</w><c c5="PUQ">’</c><c c5="PUN">, </c><w c5="CJC" hw="but" pos="CONJ">but </w><w c5="CJT" hw="that" pos="CONJ">that </w><w c5="PNP" hw="she" pos="PRON">she </w><w c5="VM0" hw="can" pos="VERB">can </w><w c5="AV0" hw="still" pos="ADV">still </w><w c5="VVI" hw="move" pos="VERB">move </w><w c5="AT0" hw="the" pos="ART">the </w><w c5="AJ0" hw="young" pos="ADJ">young </w><w c5="PRP" hw="with" pos="PREP">with </w><w c5="PNP" hw="it" pos="PRON">it</w><c c5="PUN">.</c></s>
<s n="81"><w c5="AT0" hw="no" pos="ART">No </w><w c5="NN1" hw="actress" pos="SUBST">actress </w><w c5="AJ0" hw="alive" pos="ADJ">alive </w><w c5="NN1" hw="better" pos="SUBST">better </w><w c5="VVZ" hw="capture" pos="VERB">captures </w><w c5="AT0" hw="the" pos="ART">the </w><w c5="AJ0" hw="ferocious" pos="ADJ">ferocious </w><w c5="NN1" hw="pathos" pos="SUBST">pathos </w><w c5="PRF" hw="of" pos="PREP">of </w><w c5="AT0" hw="the" pos="ART">the </w><w c5="AJ0" hw="little" pos="ADJ">little </w><w c5="NN1" hw="heartbreak" pos="SUBST">heartbreak </w><w c5="VVN" hw="writ" pos="VERB">writ </w><w c5="AJ0" hw="large" pos="ADJ">large</w><c c5="PUN">, </c><w c5="CJC" hw="and" pos="CONJ">and </w><w c5="CJS" hw="although" pos="CONJ">although </w><w c5="DPS" hw="she" pos="PRON">her </w><w c5="AJ0" hw="immaculate" pos="ADJ">immaculate </w><w c5="AJ0-NN1" hw="comic" pos="ADJ">comic </w><w c5="NN1" hw="technique" pos="SUBST">technique </w><w c5="VVZ" hw="sustain" pos="VERB">sustains </w><w c5="AJ0" hw="whole" pos="ADJ">whole </w><w c5="NN2" hw="passage" pos="SUBST">passages </w><w c5="PRF" hw="of" pos="PREP">of </w><w c5="AJ0" hw="visual" pos="ADJ">visual </w><w c5="NN1" hw="lunacy" pos="SUBST">lunacy</w><c c5="PUN">, </c><w c5="PNP" hw="she" pos="PRON">she </w><w c5="VHZ" hw="have" pos="VERB">has </w><mw c5="AV0"><w c5="PRP" hw="in" pos="PREP">in </w><w c5="NN1" hw="addition" pos="SUBST">addition </w></mw><w c5="AT0" hw="the" pos="ART">the </w><w c5="AV0" hw="much" pos="ADV">much </w><w c5="AJC" hw="rare" pos="ADJ">rarer </w><w c5="AJ0" hw="theatrical" pos="ADJ">theatrical </w><w c5="NN1" hw="gift" pos="SUBST">gift </w><w c5="PRF" hw="of" pos="PREP">of </w><w c5="VBG" hw="be" pos="VERB">being </w><w c5="AJ0" hw="able" pos="ADJ">able </w><w c5="TO0" hw="to" pos="PREP">to </w><w c5="VVI" hw="transmit" pos="VERB">transmit </w><w c5="NN1" hw="emotion" pos="SUBST">emotion </w><w c5="PRP" hw="in" pos="PREP">in </w><w c5="DPS" hw="it" pos="PRON">its </w><w c5="AJS" hw="pure" pos="ADJ">purest </w><w c5="NN1" hw="form" pos="SUBST">form</w><c c5="PUN">.</c></s>
<s n="82"><w c5="AT0" hw="the" pos="ART">The </w><w c5="NN1" hw="highlight" pos="SUBST">highlight </w><w c5="PRF" hw="of" pos="PREP">of </w><w c5="AT0" hw="the" pos="ART">the </w><w c5="NN1" hw="evening" pos="SUBST">evening </w><w c5="VBZ" hw="be" pos="VERB">is </w><w c5="AT0" hw="a" pos="ART">a </w><w c5="AJ0" hw="heartstopping" pos="ADJ">heartstopping </w><w c5="NN1" hw="extract" pos="SUBST">extract </w><w c5="PRP" hw="from" pos="PREP">from </w><w c5="NP0" hw="alan" pos="SUBST">Alan </w><w c5="NP0" hw="bennett" pos="SUBST">Bennett</w><c c5="PUN">.</c></s>
<s n="83"><w c5="AV0" hw="here" pos="ADV">Here </w><w c5="VBZ" hw="be" pos="VERB">is </w><w c5="NN1" hw="sentiment" pos="SUBST">sentiment </w><w c5="VVN" hw="salvage" pos="VERB">salvaged </w><w c5="PRP" hw="by" pos="PREP">by </w><w c5="NN1" hw="wit" pos="SUBST">wit</w><c c5="PUN">, </c><w c5="NN1-VVB" hw="rapture" pos="SUBST">rapture </w><w c5="VVN" hw="light" pos="VERB">lit </w><w c5="PRP" hw="with" pos="PREP">with </w><w c5="AT0" hw="an" pos="ART">an </w><w c5="AJ0" hw="inner" pos="ADJ">inner </w><w c5="NN1" hw="grace" pos="SUBST">grace</w><c c5="PUN">.</c></s>
<s n="84"><w c5="CJC" hw="and" pos="CONJ">And</w><c c5="PUN">, </c><w c5="PRP" hw="in" pos="PREP">in </w><w c5="NP0" hw="patricia" pos="SUBST">Patricia </w><w c5="NP0" hw="routledge" pos="SUBST">Routledge</w><c c5="PUN">, </c><w c5="AT0" hw="a" pos="ART">a </w><w c5="AJ0" hw="real" pos="ADJ">real </w><w c5="NN1" hw="treasure" pos="SUBST">treasure</w><c c5="PUN">.</c></s></p></div><div level="1" n="891004 edition -- Listings Page 35"><head type="MAIN">
<s n="85"><w c5="NN1" hw="theatre" pos="SUBST">THEATRE </w><c c5="PUN">/</c><w c5="AT0" hw="the" pos="ART">The </w><w c5="NP0-NN1" hw="astronomer" pos="SUBST">Astronomer</w><w c5="POS" hw="'s" pos="UNC">'s </w><w c5="NN1" hw="garden" pos="SUBST">Garden</w><c c5="PUN">, </c><w c5="AJ0" hw="royal" pos="ADJ">Royal </w><w c5="NN1" hw="court" pos="SUBST">Court</w><c c5="PUN">, </c><w c5="UNC" hw="sw1" pos="UNC">SW1</w><c c5="PUN">.</c></s></head><head type="BYLINE">
<s n="86"><w c5="PRP" hw="by" pos="PREP">By </w><w c5="NP0" hw="sarah" pos="SUBST">SARAH </w><w c5="NP0" hw="hemming" pos="SUBST">HEMMING</w></s></head><p>
<s n="87"><w c5="AT0" hw="the" pos="ART">The </w><w c5="NP0-NN1" hw="astronomer" pos="SUBST">Astronomer</w><w c5="POS" hw="'s" pos="UNC">'s </w><w c5="NN1" hw="garden" pos="SUBST">Garden</w><c c5="PUN">, </c><w c5="AJ0" hw="royal" pos="ADJ">Royal </w><w c5="NN1" hw="court" pos="SUBST">Court</w><c c5="PUN">, </c><w c5="UNC" hw="sw1" pos="UNC">SW1</w><c c5="PUN">.</c></s>
<s n="88"><w c5="AT0" hw="a" pos="ART">A </w><w c5="NN1-VVB" hw="play" pos="SUBST">play </w><w c5="PRP" hw="about" pos="PREP">about </w><w c5="AJ0" hw="rival" pos="ADJ">rival </w><w c5="AJ0" hw="17th-century" pos="ADJ">17th-century </w><w c5="NN2" hw="astronomer" pos="SUBST">astronomers </w><w c5="VVZ" hw="sound" pos="VERB">sounds </w><w c5="PRP" hw="like" pos="PREP">like </w><w c5="AT0" hw="an" pos="ART">an </w><w c5="AJ0" hw="arid" pos="ADJ">arid </w><w c5="NN1" hw="evening" pos="SUBST">evening</w><w c5="POS" hw="'s" pos="UNC">'s </w><w c5="NN1" hw="theatre" pos="SUBST">theatre </w><c c5="PUN">— </c><w c5="DTQ" hw="which" pos="PRON">which </w><w c5="VBZ" hw="be" pos="VERB">is </w><w c5="AV0" hw="partly" pos="ADV">partly </w><w c5="AT0" hw="the" pos="ART">the </w><w c5="NN1" hw="point" pos="SUBST">point </w><w c5="PRF" hw="of" pos="PREP">of </w><w c5="NP0" hw="kevin" pos="SUBST">Kevin </w><w c5="NP0" hw="hood" pos="SUBST">Hood</w><w c5="POS" hw="'s" pos="UNC">'s </w><w c5="NN1" hw="piece" pos="SUBST">piece</w><c c5="PUN">.</c></s>
<s n="89"><w c5="CJS" hw="while" pos="CONJ">While </w><w c5="DPS" hw="it" pos="PRON">its </w><w c5="NN1" hw="base" pos="SUBST">base </w><w c5="VBZ" hw="be" pos="VERB">is </w><w c5="AT0" hw="the" pos="ART">the </w><w c5="AJ0" hw="vicious" pos="ADJ">vicious </w><w c5="NN1" hw="rivalry" pos="SUBST">rivalry </w><w c5="PRP" hw="between" pos="PREP">between </w><w c5="NP0" hw="flamsteed" pos="SUBST">Flamsteed </w><c c5="PUL">(</c><w c5="NP0" hw="trevor" pos="SUBST">Trevor </w><w c5="NP0" hw="baxter" pos="SUBST">Baxter</w><c c5="PUN">, </c><w c5="AV0" hw="above" pos="ADV">above</w><c c5="PUR">) </c><w c5="CJC" hw="and" pos="CONJ">and </w><w c5="NN1-NP0" hw="halley" pos="SUBST">Halley </w><w c5="VVG-AJ0" hw="calculate" pos="VERB">calculating </w><w c5="NN1" hw="longitude" pos="SUBST">longitude</w><c c5="PUN">, </c><w c5="DPS" hw="it" pos="PRON">its </w><w c5="AJ0" hw="true" pos="ADJ">true </w><w c5="NN2" hw="subject" pos="SUBST">subjects </w><w c5="VBB" hw="be" pos="VERB">are </w><w c5="NN1" hw="sex" pos="SUBST">sex</w><c c5="PUN">, </c><w c5="NN1" hw="class" pos="SUBST">class </w><w c5="CJC" hw="and" pos="CONJ">and </w><w c5="AT0" hw="the" pos="ART">the </w><w c5="AJ0" hw="real" pos="ADJ">real </w><w c5="NN1" hw="world" pos="SUBST">world </w><w c5="PNP" hw="they" pos="PRON">they </w><w c5="VM0" hw="can" pos="VERB">can</w><w c5="XX0" hw="not" pos="ADV">not </w><w c5="VVI" hw="catalogue" pos="VERB">catalogue</w><c c5="PUN">.</c></s>
<s n="90"><w c5="NP0-NN1" hw="hood" pos="SUBST">Hood </w><w c5="VVZ" hw="paint" pos="VERB">paints </w><w c5="AT0" hw="the" pos="ART">the </w><w c5="CRD" hw="two" pos="ADJ">two</w><c c5="PUN">, </c><w c5="AV0" hw="irresistibly" pos="ADV">irresistibly</w><c c5="PUN">, </c><w c5="CJS" hw="as" pos="CONJ">as </w><w c5="AJ0" hw="bombastic" pos="ADJ">bombastic </w><w c5="AJ0" hw="old" pos="ADJ">old </w><w c5="NN2" hw="stick" pos="SUBST">sticks</w><c c5="PUN">, </c><w c5="CJC" hw="but" pos="CONJ">but </w><w c5="AT0" hw="the" pos="ART">the </w><w c5="NN1" hw="play" pos="SUBST">play</w><w c5="POS" hw="'s" pos="UNC">'s </w><w c5="AJ0" hw="real" pos="ADJ">real </w><w c5="NN1" hw="strength" pos="SUBST">strength </w><w c5="VBZ" hw="be" pos="VERB">is </w><w c5="DPS" hw="it" pos="PRON">its </w><w c5="NN1" hw="exploration" pos="SUBST">exploration </w><w c5="PRF" hw="of" pos="PREP">of </w><w c5="NN2" hw="relationship" pos="SUBST">relationships</w><c c5="PUN">, </c><w c5="VVG" hw="show" pos="VERB">showing </w><w c5="AVQ" hw="how" pos="ADV">how </w><w c5="NP0" hw="flamsteed" pos="SUBST">Flamsteed</w><w c5="POS" hw="'s" pos="UNC">'s </w><w c5="NN1" hw="wife" pos="SUBST">wife </w><w c5="CJC" hw="and" pos="CONJ">and </w><w c5="NN1" hw="maid" pos="SUBST">maid </w><w c5="VVB" hw="navigate" pos="VERB">navigate </w><w c5="AJ0" hw="male" pos="ADJ">male </w><w c5="AJ0-NN1" hw="ego-infested" pos="ADJ">ego-infested </w><w c5="NN2-VVZ" hw="water" pos="SUBST">waters</w><c c5="PUN">.</c></s>
<s n="91"><w c5="PNP" hw="he" pos="PRON">He </w><w c5="VVZ" hw="work" pos="VERB">works </w><w c5="AJ0" hw="huge" pos="ADJ">huge </w><w c5="NN2" hw="idea" pos="SUBST">ideas </w><w c5="PRP" hw="about" pos="PREP">about </w><w c5="NN1" hw="reason" pos="SUBST">reason </w><w c5="CJC" hw="and" pos="CONJ">and </w><w c5="VVG-NN1" hw="feel" pos="VERB">feeling </w><w c5="PRP" hw="into" pos="PREP">into </w><w c5="AT0" hw="a" pos="ART">a </w><w c5="AJ0" hw="witty" pos="ADJ">witty </w><w c5="NN1" hw="pastiche" pos="SUBST">pastiche </w><w c5="PRF" hw="of" pos="PREP">of </w><w c5="NN1" hw="restoration" pos="SUBST">Restoration </w><w c5="NN1" hw="comedy" pos="SUBST">comedy</w><c c5="PUN">, </c><w c5="CJC" hw="and" pos="CONJ">and </w><w c5="NP0" hw="croydon" pos="SUBST">Croydon </w><w c5="NN1" hw="warehouse" pos="SUBST">Warehouse</w><w c5="POS" hw="'s" pos="UNC">'s </w><w c5="NN1" hw="production" pos="SUBST">production </w><w c5="VBZ" hw="be" pos="VERB">is </w><w c5="AJ0" hw="excellent" pos="ADJ">excellent</w><c c5="PUN">.</c></s></p></div></wtext></bncDoc>
