<bncDoc xml:id="A5N"><teiHeader><fileDesc><titleStmt><title>  Independent, electronic edition of 1989-10-14: Gardening pages. Sample containing about 2056 words from a periodical (domain: leisure) </title><respStmt><resp> Data capture and transcription </resp><name> Oxford University Press </name> </respStmt></titleStmt><editionStmt><edition>BNC XML Edition, December 2006</edition></editionStmt><extent> 2056 tokens; 2065 w-units; 122 s-units </extent><publicationStmt><distributor>Distributed under licence by Oxford University Computing Services on behalf of the BNC Consortium.</distributor><availability> This material is protected by international copyright laws and may not be copied or redistributed in any way. Consult the BNC Web Site at http://www.natcorp.ox.ac.uk for full licencing and distribution conditions.</availability><idno type="bnc">A5N</idno><idno type="old"> IlGard </idno></publicationStmt><sourceDesc><bibl><title>Independent, electronic edition of 1989-10-14: Gardening pages.</title> <imprint n="NEWSPA2"><publisher>Newspaper Publishing plc</publisher> <pubPlace>London</pubPlace> <date value="1989">1989</date> </imprint> </bibl></sourceDesc></fileDesc><encodingDesc><tagsDecl><namespace name=""><tagUsage gi="c" occurs="263"/><tagUsage gi="div" occurs="5"/><tagUsage gi="head" occurs="12"/><tagUsage gi="mw" occurs="16"/><tagUsage gi="p" occurs="34"/><tagUsage gi="s" occurs="122"/><tagUsage gi="w" occurs="2065"/></namespace></tagsDecl></encodingDesc><profileDesc><creation date="1989"> </creation><textClass><catRef targets="WRI ALLTIM3 ALLAVA2 ALLTYP3 WRIAAG0 WRIAD0 WRIASE0 WRIATY2 WRIAUD3 WRIDOM9 WRILEV2 WRIMED2 WRIPP5 WRISAM0 WRISTA3 WRITAS3"/><classCode scheme="DLEE">W newsp brdsht nat: misc</classCode><keywords><term> (none) </term></keywords></textClass></profileDesc><revisionDesc><change date="2006-10-21" who="#OUCS">Tag usage updated for BNC-XML</change><change date="2000-12-13" who="#OUCS">Last check for BNC World first release</change><change date="2000-09-06" who="#OUCS">Redo tagusage tables</change><change date="2000-09-01" who="#OUCS">Check all tagcounts</change><change date="2000-06-23" who="#OUCS">Resequenced s-units and added headers</change><change date="2000-01-21" who="#OUCS">Added date info</change><change date="2000-01-09" who="#OUCS">Updated all catrefs</change><change date="2000-01-08" who="#OUCS">Updated source title</change><change date="2000-01-08" who="#OUCS">Updated titles</change><change date="1999-12-25" who="#OUCS">corrected tagUsage</change><change date="1999-09-13" who="#UCREL">POS codes revised for BNC-2; header updated</change><change date="1994-11-24" who="#dominic">Initial accession to corpus</change></revisionDesc></teiHeader>
<wtext type="NEWS"><div level="1" n="891014 edition -- Weekend Garden Page 43"><head type="MAIN">
<s n="1"><w c5="NN1" hw="autumn" pos="SUBST">Autumn</w><w c5="VBZ" hw="be" pos="VERB">'s </w><w c5="VVG-NN1" hw="conjure" pos="VERB">conjuring </w><w c5="NN1-VVB" hw="trick" pos="SUBST">trick</w><c c5="PUN">: </c><w c5="CJS" hw="as" pos="CONJ">As </w><w c5="NN2" hw="leaf" pos="SUBST">leaves </w><w c5="VVB" hw="begin" pos="VERB">begin </w><w c5="TO0" hw="to" pos="PREP">to </w><w c5="VVI" hw="show" pos="VERB">show </w><w c5="AVP" hw="off" pos="ADV">off </w><w c5="DPS" hw="they" pos="PRON">their </w><w c5="NN2" hw="colour" pos="SUBST">colours</w><c c5="PUN">, </c><w c5="NP0" hw="anna" pos="SUBST">Anna </w><w c5="NP0" hw="pavord" pos="SUBST">Pavord </w><w c5="VVZ" hw="suggest" pos="VERB">suggests </w><w c5="DT0" hw="some" pos="ADJ">some </w><w c5="AJ0" hw="dazzling" pos="ADJ">dazzling </w><w c5="NN2" hw="tree" pos="SUBST">trees </w><w c5="CJC" hw="and" pos="CONJ">and </w><w c5="NN2" hw="shrub" pos="SUBST">shrubs</w></s></head><head type="BYLINE">
<s n="2"><w c5="PRP" hw="by" pos="PREP">By </w><w c5="NP0" hw="anna" pos="SUBST">ANNA </w><w c5="NP0-NN1" hw="pavord" pos="SUBST">PAVORD</w></s></head><p>
<s n="3"><w c5="PNP" hw="it" pos="PRON">IT </w><w c5="VBZ" hw="be" pos="VERB">IS </w><w c5="AT0" hw="the" pos="ART">the </w><w c5="NP0" hw="keats" pos="SUBST">Keats </w><w c5="NN1" hw="time" pos="SUBST">time </w><w c5="PRF" hw="of" pos="PREP">of </w><w c5="NN1" hw="year" pos="SUBST">year </w><w c5="AV0" hw="again" pos="ADV">again</w><c c5="PUN">, </c><w c5="CJS" hw="when" pos="CONJ">when </w><w c5="AV0" hw="inefficiently" pos="ADV">inefficiently </w><w c5="VVD-AJ0" hw="brainwash" pos="VERB">brainwashed </w><w c5="NN2" hw="poetaster" pos="SUBST">poetasters </w><w c5="VVB" hw="grope" pos="VERB">grope </w><w c5="PRP-AVP" hw="about" pos="PREP">about </w><w c5="VVG" hw="try" pos="VERB">trying </w><w c5="TO0" hw="to" pos="PREP">to </w><w c5="VVI" hw="remember" pos="VERB">remember </w><w c5="DTQ" hw="whatever" pos="PRON">whatever </w><w c5="PNP" hw="it" pos="PRON">it </w><w c5="VBD" hw="be" pos="VERB">was </w><w c5="CJT-DT0" hw="that" pos="CONJ">that </w><w c5="VVD" hw="come" pos="VERB">came </w><w c5="PRP" hw="after" pos="PREP">after </w><w c5="AT0" hw="the" pos="ART">the </w><c c5="PUQ">‘</c><w c5="AJ0" hw="mellow" pos="ADJ">mellow </w><w c5="NN1" hw="fruitfulness" pos="SUBST">fruitfulness</w><c c5="PUQ">’ </c><w c5="NN1" hw="bit" pos="SUBST">bit</w><c c5="PUN">.</c></s>
<s n="4"><w c5="PNP" hw="it" pos="PRON">It </w><w c5="VBZ" hw="be" pos="VERB">is </w><w c5="AT0" hw="the" pos="ART">the </w><w c5="NN1" hw="time" pos="SUBST">time </w><w c5="PRP" hw="for" pos="PREP">for </w><w c5="NN1" hw="nature" pos="SUBST">Nature</w><w c5="POS" hw="'s" pos="UNC">'s </w><w c5="AJ0" hw="great" pos="ADJ">great </w><w c5="NN1" hw="conjuring" pos="SUBST">conjuring </w><w c5="NN1-VVB" hw="trick" pos="SUBST">trick</w><c c5="PUN">, </c><w c5="CJS" hw="when" pos="CONJ">when </w><w c5="AJ0" hw="green" pos="ADJ">green </w><w c5="NN2" hw="leaf" pos="SUBST">leaves </w><w c5="VVB" hw="become" pos="VERB">become </w><w c5="NN1-AJ0" hw="crimson" pos="SUBST">crimson</w><c c5="PUN">, </c><w c5="NN1" hw="gold" pos="SUBST">gold</w><c c5="PUN">, </c><w c5="AJ0" hw="russet" pos="ADJ">russet </w><w c5="CJC" hw="and" pos="CONJ">and </w><w c5="AJ0" hw="purple" pos="ADJ">purple</w><c c5="PUN">.</c></s>
<s n="5"><w c5="PNI" hw="nobody" pos="PRON">Nobody </w><w c5="VVZ" hw="know" pos="VERB">knows </w><w c5="AVQ" hw="when" pos="ADV">when </w><w c5="AT0" hw="the" pos="ART">the </w><w c5="NN1" hw="show" pos="SUBST">show </w><w c5="VBZ" hw="be" pos="VERB">is </w><w c5="VVG" hw="go" pos="VERB">going </w><w c5="TO0" hw="to" pos="PREP">to </w><w c5="VVI" hw="take" pos="VERB">take </w><w c5="NN1" hw="place" pos="SUBST">place</w><c c5="PUN">.</c></s>
<s n="6"><w c5="PNP" hw="it" pos="PRON">It </w><w c5="VM0" hw="could" pos="VERB">could </w><w c5="VBI" hw="be" pos="VERB">be </w><w c5="AV0" hw="tomorrow" pos="ADV">tomorrow</w><c c5="PUN">.</c></s>
<s n="7"><w c5="PNP" hw="it" pos="PRON">It </w><w c5="VM0" hw="could" pos="VERB">could </w><w c5="VBI" hw="be" pos="VERB">be </w><w c5="ORD" hw="next" pos="ADJ">next </w><w c5="NN1" hw="month" pos="SUBST">month</w><c c5="PUN">.</c></s>
<s n="8"><w c5="CJC" hw="or" pos="CONJ">Or </w><w c5="PNP" hw="we" pos="PRON">we </w><w c5="VM0" hw="could" pos="VERB">could </w><w c5="VHI" hw="have" pos="VERB">have </w><w c5="VVN" hw="miss" pos="VERB">missed </w><w c5="PNP" hw="it" pos="PRON">it </w><w c5="AV0" hw="already" pos="ADV">already</w><c c5="PUN">.</c></s></p><p>
<s n="9"><w c5="PNI" hw="nothing" pos="PRON">Nothing </w><w c5="VBZ" hw="be" pos="VERB">is </w><w c5="AJC" hw="simple" pos="ADJ">simpler </w><w c5="CJS" hw="than" pos="CONJ">than </w><w c5="AT0" hw="the" pos="ART">the </w><w c5="NN1" hw="question" pos="SUBST">question </w><c c5="PUQ">‘</c><w c5="AVQ" hw="why" pos="ADV">Why </w><w c5="VDB" hw="do" pos="VERB">do </w><w c5="NN2" hw="tree" pos="SUBST">trees </w><w c5="VVI" hw="change" pos="VERB">change </w><w c5="NN1" hw="colour" pos="SUBST">colour</w><c c5="PUN">?</c><c c5="PUQ">’ </c><w c5="VVZ" hw="say" pos="VERB">says </w><w c5="NP0" hw="john" pos="SUBST">John </w><w c5="NP0" hw="white" pos="SUBST">White</w><c c5="PUN">, </c><w c5="AT0" hw="the" pos="ART">the </w><w c5="NN1" hw="forestry" pos="SUBST">Forestry </w><w c5="NN1" hw="commission" pos="SUBST">Commission</w><w c5="POS" hw="'s" pos="UNC">'s </w><w c5="NN1" hw="dendrologist" pos="SUBST">dendrologist </w><w c5="PRP" hw="at" pos="PREP">at </w><w c5="NP0" hw="westonbirt" pos="SUBST">Westonbirt </w><w c5="NN1" hw="arboretum" pos="SUBST">Arboretum </w><w c5="PRP" hw="in" pos="PREP">in </w><w c5="NP0" hw="gloucestershire" pos="SUBST">Gloucestershire</w><c c5="PUN">.</c></s>
<s n="10"><w c5="PNI" hw="nothing" pos="PRON">Nothing </w><w c5="VM0" hw="could" pos="VERB">could </w><w c5="VBI" hw="be" pos="VERB">be </w><w c5="AV0" hw="more" pos="ADV">more </w><w c5="AJ0" hw="complicated" pos="ADJ">complicated </w><w c5="CJS" hw="than" pos="CONJ">than </w><w c5="AT0" hw="the" pos="ART">the </w><w c5="NN1" hw="answer" pos="SUBST">answer </w><w c5="CJC" hw="and" pos="CONJ">and </w><w c5="AV0" hw="even" pos="ADV">even </w><w c5="AT0" hw="the" pos="ART">the </w><w c5="NN1" hw="answer" pos="SUBST">answer</w><c c5="PUN">, </c><w c5="PNP" hw="he" pos="PRON">he </w><w c5="VVZ" hw="say" pos="VERB">says</w><c c5="PUN">, </c><w c5="VBZ" hw="be" pos="VERB">is </w><w c5="PRP" hw="in" pos="PREP">in </w><w c5="NN1" hw="question" pos="SUBST">question</w><c c5="PUN">.</c></s></p><p>
<s n="11"><mw c5="AV0"><w c5="PRP" hw="for" pos="PREP">For </w><w c5="NN1" hw="instance" pos="SUBST">instance</w></mw><c c5="PUN">, </c><w c5="PNP" hw="it" pos="PRON">it </w><w c5="VBZ" hw="be" pos="VERB">is </w><w c5="AV0" hw="commonly" pos="ADV">commonly </w><w c5="VVN-VVD" hw="suppose" pos="VERB">supposed </w><w c5="CJT" hw="that" pos="CONJ">that </w><w c5="NN2" hw="tree" pos="SUBST">trees </w><w c5="CJC" hw="and" pos="CONJ">and </w><w c5="NN2" hw="shrub" pos="SUBST">shrubs </w><w c5="VVB-NN1" hw="colour" pos="VERB">colour </w><w c5="AV0" hw="well" pos="ADV">better </w><w c5="PRP" hw="on" pos="PREP">on </w><w c5="NN1" hw="acid" pos="SUBST">acid </w><w c5="NN2" hw="soil" pos="SUBST">soils </w><w c5="CJS" hw="than" pos="CONJ">than </w><w c5="PNP" hw="they" pos="PRON">they </w><w c5="VDB" hw="do" pos="VERB">do </w><w c5="PRP" hw="on" pos="PREP">on </w><w c5="AJ0" hw="alkaline" pos="ADJ">alkaline</w><c c5="PUN">.</c></s>
<s n="12"><w c5="PRP" hw="at" pos="PREP">At </w><w c5="NP0" hw="westonbirt" pos="SUBST">Westonbirt</w><c c5="PUN">, </c><w c5="VVN-VVD" hw="note" pos="VERB">noted </w><w c5="PRP" hw="as" pos="PREP">as </w><w c5="AT0" hw="the" pos="ART">the </w><w c5="AJS" hw="good" pos="ADJ">best </w><w c5="NN1" hw="place" pos="SUBST">place </w><w c5="PRP" hw="in" pos="PREP">in </w><w c5="NP0" hw="england" pos="SUBST">England </w><w c5="PRP" hw="for" pos="PREP">for </w><w c5="NN1" hw="autumn" pos="SUBST">autumn </w><w c5="NN1" hw="colour" pos="SUBST">colour</w><c c5="PUN">, </c><w c5="PNP" hw="they" pos="PRON">they </w><w c5="VDB" hw="do" pos="VERB">do </w><w c5="XX0" hw="not" pos="ADV">not </w><w c5="VVI" hw="find" pos="VERB">find </w><w c5="DT0" hw="this" pos="ADJ">this </w><w c5="AV0" hw="so" pos="ADV">so</w><c c5="PUN">.</c></s>
<s n="13"><w c5="PRP" hw="at" pos="PREP">At </w><w c5="CRD" hw="one" pos="ADJ">one </w><w c5="NN1" hw="site" pos="SUBST">site</w><c c5="PUN">, </c><w c5="CJS" hw="where" pos="CONJ">where </w><w c5="EX0" hw="there" pos="PRON">there </w><w c5="VBZ" hw="be" pos="VERB">is </w><w c5="AT0" hw="a" pos="ART">a </w><w c5="AV0" hw="particularly" pos="ADV">particularly </w><w c5="AJ0" hw="brilliant" pos="ADJ">brilliant </w><w c5="NN1" hw="display" pos="SUBST">display</w><c c5="PUN">, </c><w c5="AT0" hw="the" pos="ART">the </w><w c5="NN1" hw="soil" pos="SUBST">soil </w><w c5="VBZ" hw="be" pos="VERB">is </w><w c5="UNC" hw="ph8" pos="UNC">pH8</w><c c5="PUN">, </c><w c5="AV0" hw="quite" pos="ADV">quite </w><w c5="AV0" hw="determinedly" pos="ADV">determinedly </w><w c5="PRP" hw="on" pos="PREP">on </w><w c5="AT0" hw="the" pos="ART">the </w><w c5="AJ0" hw="alkaline" pos="ADJ">alkaline </w><w c5="NN1" hw="side" pos="SUBST">side </w><w c5="PRF" hw="of" pos="PREP">of </w><w c5="AJ0" hw="neutral" pos="ADJ">neutral </w><c c5="PUL">(</c><w c5="UNC" hw="ph7" pos="UNC">pH7</w><c c5="PUR">)</c><c c5="PUN">.</c></s></p><p>
<s n="14"><w c5="NP0-NN1" hw="white" pos="SUBST">White </w><w c5="VHZ" hw="have" pos="VERB">has </w><w c5="VBN" hw="be" pos="VERB">been </w><w c5="PRP" hw="at" pos="PREP">at </w><w c5="AT0" hw="the" pos="ART">the </w><w c5="NN1" hw="arboretum" pos="SUBST">arboretum </w><w c5="PRP" hw="for" pos="PREP">for </w><w c5="CRD" hw="14" pos="ADJ">14 </w><w c5="NN2" hw="year" pos="SUBST">years </w><w c5="CJC" hw="and" pos="CONJ">and </w><w c5="VVZ" hw="observe" pos="VERB">observes </w><w c5="CJT" hw="that" pos="CONJ">that </w><w c5="AT0" hw="the" pos="ART">the </w><w c5="AJS" hw="good" pos="ADJ">best </w><w c5="NN1" hw="autumn" pos="SUBST">autumn </w><w c5="NN1-VVB" hw="colour" pos="SUBST">colour </w><w c5="AV0" hw="often" pos="ADV">often </w><w c5="VVZ" hw="come" pos="VERB">comes </w><w c5="PRP" hw="after" pos="PREP">after </w><w c5="AT0" hw="the" pos="ART">the </w><w c5="AJS" hw="bad" pos="ADJ">worst </w><w c5="NN2" hw="summer" pos="SUBST">summers</w><c c5="PUN">.</c></s>
<s n="15"><w c5="EX0" hw="there" pos="PRON">There </w><w c5="VBZ" hw="be" pos="VERB">is </w><w c5="AT0" hw="a" pos="ART">a </w><w c5="AJ0" hw="pleasing" pos="ADJ">pleasing </w><w c5="NN1" hw="sense" pos="SUBST">sense </w><w c5="PRF" hw="of" pos="PREP">of </w><w c5="NN1" hw="justice" pos="SUBST">justice </w><w c5="PRP" hw="about" pos="PREP">about </w><w c5="AT0" hw="the" pos="ART">the </w><w c5="NN1" hw="observation" pos="SUBST">observation</w><c c5="PUN">, </c><w c5="CJC" hw="but" pos="CONJ">but </w><w c5="AT0" hw="the" pos="ART">the </w><w c5="NN1" hw="effect" pos="SUBST">effect </w><w c5="VHZ" hw="have" pos="VERB">has </w><w c5="DT0" hw="more" pos="ADJ">more </w><w c5="TO0" hw="to" pos="PREP">to </w><w c5="VDI" hw="do" pos="VERB">do </w><w c5="PRP" hw="with" pos="PREP">with </w><w c5="NN2" hw="rate" pos="SUBST">rates </w><w c5="PRF" hw="of" pos="PREP">of </w><w c5="NN1" hw="growth" pos="SUBST">growth </w><w c5="CJS" hw="than" pos="CONJ">than </w><w c5="AJ0" hw="fair" pos="ADJ">fair </w><w c5="NN1" hw="play" pos="SUBST">play</w><c c5="PUN">.</c></s></p><p>
<s n="16"><w c5="PRP" hw="in" pos="PREP">In </w><w c5="AT0" hw="the" pos="ART">the </w><w c5="NN1" hw="drought" pos="SUBST">drought </w><w c5="NN1" hw="year" pos="SUBST">year </w><w c5="PRF" hw="of" pos="PREP">of </w><w c5="CRD" hw="1976" pos="ADJ">1976 </w><w c5="CJC" hw="and" pos="CONJ">and </w><w c5="PRP" hw="in" pos="PREP">in </w><w c5="DT0" hw="this" pos="ADJ">this </w><w c5="NN1" hw="summer" pos="SUBST">summer</w><c c5="PUN">, </c><w c5="AV0" hw="too" pos="ADV">too</w><c c5="PUN">, </c><w c5="DT0" hw="many" pos="ADJ">many </w><w c5="NN2" hw="tree" pos="SUBST">trees </w><w c5="VBD" hw="be" pos="VERB">were </w><w c5="VVN" hw="stress" pos="VERB">stressed </w><w c5="PRP" hw="by" pos="PREP">by </w><w c5="NN1" hw="lack" pos="SUBST">lack </w><w c5="PRF" hw="of" pos="PREP">of </w><w c5="NN1" hw="water" pos="SUBST">water</w><c c5="PUN">.</c></s>
<s n="17"><w c5="DPS" hw="they" pos="PRON">Their </w><w c5="AJ0" hw="natural" pos="ADJ">natural </w><w c5="NN1" hw="reaction" pos="SUBST">reaction </w><w c5="PRP" hw="to" pos="PREP">to </w><w c5="DT0" hw="this" pos="ADJ">this </w><w c5="VBZ" hw="be" pos="VERB">is </w><w c5="TO0" hw="to" pos="PREP">to </w><w c5="VVI" hw="shed" pos="VERB">shed </w><w c5="NN2" hw="leaf" pos="SUBST">leaves</w><c c5="PUN">, </c><w c5="TO0" hw="to" pos="PREP">to </w><w c5="VVI" hw="cut" pos="VERB">cut </w><w c5="NN1" hw="maintenance" pos="SUBST">maintenance </w><w c5="AVP" hw="back" pos="ADV">back </w><w c5="PRP" hw="to" pos="PREP">to </w><w c5="AT0" hw="the" pos="ART">the </w><w c5="AJ0" hw="essential" pos="ADJ">essential </w><w c5="AJ0" hw="main" pos="ADJ">main </w><w c5="NN1" hw="frame" pos="SUBST">frame </w><mw c5="AV0"><w c5="CJS" hw="as" pos="CONJ">as </w><w c5="PNP" hw="it" pos="PRON">it </w><w c5="VBD" hw="be" pos="VERB">were</w></mw><c c5="PUN">, </c><w c5="CJC" hw="and" pos="CONJ">and </w><w c5="DT0" hw="this" pos="ADJ">this </w><w c5="VM0" hw="may" pos="VERB">may </w><w c5="VVI" hw="happen" pos="VERB">happen </w><w c5="PRP" hw="during" pos="PREP">during </w><w c5="NP0" hw="august" pos="SUBST">August </w><w c5="CJC" hw="or" pos="CONJ">or </w><w c5="PRP" hw="at" pos="PREP">at </w><w c5="AT0" hw="the" pos="ART">the </w><w c5="NN1" hw="beginning" pos="SUBST">beginning </w><w c5="PRF" hw="of" pos="PREP">of </w><w c5="NP0" hw="september" pos="SUBST">September</w><c c5="PUN">, </c><w c5="AV0" hw="long" pos="ADV">long </w><w c5="PRP-CJS" hw="before" pos="PREP">before </w><w c5="AT0" hw="the" pos="ART">the </w><w c5="NN2" hw="frost" pos="SUBST">frosts </w><w c5="DTQ" hw="which" pos="PRON">which </w><w c5="AV0" hw="generally" pos="ADV">generally </w><w c5="VVB-NN1" hw="trigger" pos="VERB">trigger </w><w c5="NN1" hw="leaf" pos="SUBST">leaf </w><w c5="NN1-VVB" hw="fall" pos="SUBST">fall</w><c c5="PUN">.</c></s>
<s n="18"><w c5="CJS" hw="when" pos="CONJ">When </w><w c5="PNP" hw="they" pos="PRON">they </w><w c5="VVB" hw="shed" pos="VERB">shed </w><w c5="NN2" hw="leaf" pos="SUBST">leaves </w><mw c5="PRP"><w c5="CJS" hw="because" pos="CONJ">because </w><w c5="PRF" hw="of" pos="PREP">of </w></mw><w c5="NN1" hw="drought" pos="SUBST">drought</w><c c5="PUN">, </c><w c5="NN2" hw="tree" pos="SUBST">trees </w><w c5="VDB" hw="do" pos="VERB">do </w><w c5="XX0" hw="not" pos="ADV">not </w><w c5="AV0" hw="usually" pos="ADV">usually </w><w c5="VVI" hw="bother" pos="VERB">bother </w><w c5="PRP" hw="with" pos="PREP">with </w><w c5="DT0" hw="all" pos="ADJ">all </w><w c5="AT0" hw="the" pos="ART">the </w><w c5="NN1" hw="razzmatazz" pos="SUBST">razzmatazz </w><w c5="PRF" hw="of" pos="PREP">of </w><w c5="VVG" hw="colour" pos="VERB">colouring </w><w c5="PNP" hw="they" pos="PRON">them </w><w c5="AV0" hw="beforehand" pos="ADV">beforehand</w><c c5="PUN">.</c></s>
<s n="19"><w c5="NN1" hw="foliage" pos="SUBST">Foliage </w><w c5="AV0-AJ0" hw="just" pos="ADV">just </w><w c5="VVZ-NN2" hw="curl" pos="VERB">curls </w><w c5="AVP" hw="up" pos="ADV">up </w><w c5="CJC" hw="and" pos="CONJ">and </w><w c5="VVZ" hw="drop" pos="VERB">drops </w><w c5="AVP" hw="off" pos="ADV">off</w><c c5="PUN">.</c></s></p><p>
<s n="20"><w c5="AT0" hw="the" pos="ART">The </w><w c5="AJS" hw="good" pos="ADJ">best </w><w c5="NN1" hw="autumn" pos="SUBST">autumn </w><w c5="NN1" hw="colour" pos="SUBST">colour </w><w c5="VM0" hw="will" pos="VERB">will </w><w c5="AV0" hw="obviously" pos="ADV">obviously </w><w c5="VVI" hw="occur" pos="VERB">occur </w><w c5="CJS" hw="when" pos="CONJ">when </w><w c5="AJ0" hw="maximum" pos="ADJ">maximum </w><w c5="NN1" hw="leaf" pos="SUBST">leaf </w><w c5="NN1" hw="surface" pos="SUBST">surface </w><w c5="VBZ" hw="be" pos="VERB">is </w><w c5="AJ0" hw="available" pos="ADJ">available </w><w c5="PRP" hw="for" pos="PREP">for </w><w c5="NN1" hw="change" pos="SUBST">change</w><c c5="PUN">.</c></s>
<s n="21"><w c5="DT0" hw="this" pos="ADJ">This </w><w c5="AV0" hw="usually" pos="ADV">usually </w><w c5="VVZ" hw="happen" pos="VERB">happens </w><w c5="PRP-CJS" hw="after" pos="PREP">after </w><w c5="AJ0" hw="damp" pos="ADJ">damp </w><w c5="NN2" hw="summer" pos="SUBST">summers</w><c c5="PUN">, </c><w c5="AVQ" hw="when" pos="ADV">when </w><w c5="NN1" hw="growth" pos="SUBST">growth </w><w c5="VHZ" hw="have" pos="VERB">has </w><w c5="VBN" hw="be" pos="VERB">been </w><w c5="AJ0" hw="lush" pos="ADJ">lush </w><w c5="CJC" hw="and" pos="CONJ">and </w><w c5="AJ0" hw="unchecked" pos="ADJ">unchecked</w><c c5="PUN">.</c></s>
<s n="22"><w c5="EX0" hw="there" pos="PRON">There </w><w c5="VBB" hw="be" pos="VERB">are </w><w c5="AJ0" hw="other" pos="ADJ">other </w><w c5="NN2" hw="factor" pos="SUBST">factors </w><w c5="TO0" hw="to" pos="PREP">to </w><w c5="VVI" hw="take" pos="VERB">take </w><w c5="PRP" hw="into" pos="PREP">into </w><w c5="NN1" hw="account" pos="SUBST">account</w><c c5="PUN">.</c></s>
<s n="23"><w c5="NN2" hw="gale" pos="SUBST">Gales </w><w c5="PRP" hw="in" pos="PREP">in </w><w c5="NP0" hw="september" pos="SUBST">September </w><w c5="VM0" hw="can" pos="VERB">can </w><w c5="VVI" hw="tear" pos="VERB">tear </w><w c5="AVP-PRP" hw="off" pos="ADV">off </w><w c5="NN2-VVZ" hw="leaf" pos="SUBST">leaves </w><w c5="CJS" hw="before" pos="CONJ">before </w><w c5="AT0" hw="the" pos="ART">the </w><w c5="NN1" hw="display" pos="SUBST">display </w><w c5="VVZ" hw="begin" pos="VERB">begins</w><c c5="PUN">.</c></s>
<s n="24"><w c5="AT0" hw="the" pos="ART">The </w><w c5="AJS" hw="good" pos="ADJ">best </w><w c5="NN1" hw="colour" pos="SUBST">colour </w><w c5="VVZ" hw="seem" pos="VERB">seems </w><w c5="TO0" hw="to" pos="PREP">to </w><w c5="VVI" hw="happen" pos="VERB">happen </w><w c5="PRP" hw="after" pos="PREP">after </w><w c5="AT0" hw="a" pos="ART">a </w><w c5="AJ0" hw="warm" pos="ADJ">warm</w><c c5="PUN">, </c><w c5="AV0" hw="still" pos="ADV">still </w><w c5="AJ0" hw="indian" pos="ADJ">Indian </w><w c5="NN1" hw="summer" pos="SUBST">summer</w><c c5="PUN">, </c><w c5="VVN" hw="terminate" pos="VERB">terminated </w><w c5="PRP" hw="by" pos="PREP">by </w><w c5="AT0" hw="a" pos="ART">a </w><w c5="AJ0" hw="short" pos="ADJ">short</w><c c5="PUN">, </c><w c5="AJ0" hw="sharp" pos="ADJ">sharp </w><w c5="NN1" hw="frost" pos="SUBST">frost</w><c c5="PUN">.</c></s>
<s n="25"><w c5="DT0" hw="these" pos="ADJ">These </w><w c5="NN2" hw="condition" pos="SUBST">conditions </w><w c5="VDB" hw="do" pos="VERB">do </w><w c5="XX0" hw="not" pos="ADV">not </w><w c5="VVI" hw="come" pos="VERB">come </w><w c5="TO0" hw="to" pos="PREP">to </w><w c5="VVI" hw="order" pos="VERB">order</w><c c5="PUN">.</c></s>
<s n="26"><w c5="DT0" hw="all" pos="ADJ">All </w><w c5="PNP" hw="we" pos="PRON">we </w><w c5="VM0" hw="can" pos="VERB">can </w><w c5="VDI" hw="do" pos="VERB">do </w><w c5="VBZ" hw="be" pos="VERB">is </w><w c5="VVI" hw="plant" pos="VERB">plant </w><w c5="CJC" hw="and" pos="CONJ">and </w><w c5="VVI" hw="hope" pos="VERB">hope</w><c c5="PUN">.</c></s></p><p>
<s n="27"><w c5="AV0" hw="only" pos="ADV">Only </w><w c5="PRP" hw="in" pos="PREP">in </w><w c5="AT0" hw="the" pos="ART">the </w><w c5="AJS" hw="big" pos="ADJ">biggest </w><w c5="NN2" hw="garden" pos="SUBST">gardens </w><w c5="VM0" hw="will" pos="VERB">will </w><w c5="PNP" hw="it" pos="PRON">it </w><w c5="VBI" hw="be" pos="VERB">be </w><w c5="PRP" hw="worth" pos="PREP">worth </w><w c5="VVG-NN1" hw="plant" pos="VERB">planting </w><w c5="NN2" hw="tree" pos="SUBST">trees </w><w c5="CJT" hw="that" pos="CONJ">that </w><w c5="VHB" hw="have" pos="VERB">have </w><w c5="PNI" hw="nothing" pos="PRON">nothing </w><w c5="TO0" hw="to" pos="PREP">to </w><w c5="VVI" hw="say" pos="VERB">say </w><mw c5="PRP"><w c5="AV0" hw="apart" pos="ADV">apart </w><w c5="PRP" hw="from" pos="PREP">from </w></mw><w c5="DPS" hw="they" pos="PRON">their </w><w c5="AJ0" hw="brief" pos="ADJ">brief </w><w c5="NN1" hw="autumn" pos="SUBST">autumn </w><w c5="NN1" hw="statement" pos="SUBST">statement</w><c c5="PUN">.</c></s>
<s n="28"><w c5="PRP" hw="in" pos="PREP">In </w><w c5="DT0" hw="most" pos="ADJ">most </w><w c5="NN2" hw="garden" pos="SUBST">gardens </w><w c5="AT0" hw="the" pos="ART">the </w><w c5="NN1" hw="show" pos="SUBST">show </w><w c5="VM0" hw="must" pos="VERB">must </w><w c5="VBI" hw="be" pos="VERB">be </w><w c5="VVN" hw="make" pos="VERB">made </w><w c5="AVP" hw="up" pos="ADV">up </w><w c5="PRF" hw="of" pos="PREP">of </w><w c5="NN2" hw="performer" pos="SUBST">performers </w><w c5="CJT" hw="that" pos="CONJ">that </w><w c5="VM0" hw="can" pos="VERB">can </w><w c5="VDI" hw="do" pos="VERB">do </w><w c5="AT0" hw="a" pos="ART">a </w><w c5="NN1" hw="spring" pos="SUBST">spring </w><w c5="CJC" hw="or" pos="CONJ">or </w><w c5="NN1" hw="summer" pos="SUBST">summer </w><w c5="VVB-NN1" hw="act" pos="VERB">act </w><w c5="PRP" hw="as" pos="PREP">as </w><w c5="AJ0" hw="good" pos="ADJ">good </w><w c5="CJS" hw="as" pos="CONJ">as </w><w c5="DPS" hw="they" pos="PRON">their </w><w c5="NN1" hw="autumn" pos="SUBST">autumn </w><w c5="PNI-CRD" hw="one" pos="PRON">one</w><c c5="PUN">.</c></s></p><p>
<s n="29"><w c5="PNP" hw="it" pos="PRON">It </w><w c5="VBZ" hw="be" pos="VERB">is </w><w c5="AJ0" hw="important" pos="ADJ">important </w><w c5="AV0" hw="also" pos="ADV">also </w><w c5="TO0" hw="to" pos="PREP">to </w><w c5="VVI" hw="sort" pos="VERB">sort </w><w c5="AVP" hw="out" pos="ADV">out </w><w c5="DT0" hw="those" pos="ADJ">those </w><w c5="NN2" hw="tree" pos="SUBST">trees </w><w c5="CJC" hw="and" pos="CONJ">and </w><w c5="NN2" hw="shrub" pos="SUBST">shrubs </w><w c5="CJT" hw="that" pos="CONJ">that</w><c c5="PUN">, </c><w c5="PRP" hw="like" pos="PREP">like </w><w c5="NN2" hw="rhododendron" pos="SUBST">rhododendrons</w><c c5="PUN">, </c><w c5="VM0" hw="will" pos="VERB">will </w><w c5="AV0" hw="only" pos="ADV">only </w><w c5="VVI" hw="thrive" pos="VERB">thrive </w><w c5="PRP" hw="on" pos="PREP">on </w><w c5="NN1" hw="acid" pos="SUBST">acid </w><w c5="NN2-VVZ" hw="soil" pos="SUBST">soils</w><c c5="PUN">.</c></s>
<s n="30"><w c5="CJS" hw="if" pos="CONJ">If </w><w c5="PNP" hw="you" pos="PRON">you </w><w c5="VHB" hw="have" pos="VERB">have </w><w c5="AT0" hw="an" pos="ART">an </w><w c5="AJ0" hw="alkaline" pos="ADJ">alkaline </w><w c5="PNI" hw="one" pos="PRON">one</w><c c5="PUN">, </c><w c5="VVB" hw="forget" pos="VERB">forget </w><w c5="NN1" hw="stewartia" pos="SUBST">stewartia</w><c c5="PUN">, </c><w c5="UNC" hw="enkianthus" pos="UNC">enkianthus</w><c c5="PUN">, </c><w c5="NN1" hw="fothergilla" pos="SUBST">fothergilla </w><w c5="CJC" hw="and" pos="CONJ">and </w><w c5="UNC" hw="nyssa" pos="UNC">nyssa</w><c c5="PUN">.</c></s>
<s n="31"><w c5="DT0" hw="most" pos="ADJ">Most </w><w c5="PRF" hw="of" pos="PREP">of </w><w c5="AT0" hw="the" pos="ART">the </w><w c5="NN2" hw="acer" pos="SUBST">acers</w><c c5="PUN">, </c><w c5="PRP" hw="including" pos="PREP">including </w><w c5="AT0" hw="the" pos="ART">the </w><w c5="AJ0-NN1" hw="japanese" pos="ADJ">Japanese </w><w c5="NN2" hw="maple" pos="SUBST">maples </w><w c5="VBB" hw="be" pos="VERB">are </w><w c5="AV0" hw="perfectly" pos="ADV">perfectly </w><w c5="AJ0" hw="happy" pos="ADJ">happy </w><w c5="PRP" hw="in" pos="PREP">in </w><w c5="NN1" hw="un-acid" pos="SUBST">un-acid </w><w c5="NN2-VVZ" hw="soil" pos="SUBST">soils</w><c c5="PUN">, </c><w c5="CJS" hw="provided" pos="CONJ">provided </w><w c5="PNP" hw="they" pos="PRON">they </w><w c5="VBB" hw="be" pos="VERB">are </w><w c5="AV0" hw="reasonably" pos="ADV">reasonably </w><w c5="AJ0" hw="moist" pos="ADJ">moist</w><c c5="PUN">.</c></s>
<s n="32"><w c5="PNP" hw="they" pos="PRON">They </w><w c5="VVB" hw="like" pos="VERB">like </w><w c5="VVG-NN1" hw="live" pos="VERB">living </w><w c5="PRP" hw="in" pos="PREP">in </w><w c5="AT0" hw="the" pos="ART">the </w><w c5="AJ0" hw="dappled" pos="ADJ">dappled </w><w c5="NN1" hw="shade" pos="SUBST">shade </w><w c5="PRF" hw="of" pos="PREP">of </w><w c5="AJC" hw="tall" pos="ADJ">taller </w><w c5="NN2" hw="tree" pos="SUBST">trees</w><c c5="PUN">.</c></s>
<s n="33"><w c5="AJ0" hw="full" pos="ADJ">Full </w><w c5="NN1" hw="sun" pos="SUBST">sun </w><w c5="VBZ" hw="be" pos="VERB">is </w><w c5="AJ0" hw="likely" pos="ADJ">likely </w><w c5="TO0" hw="to" pos="PREP">to </w><w c5="VVI" hw="shrivel" pos="VERB">shrivel </w><w c5="AT0" hw="the" pos="ART">the </w><w c5="NN2" hw="leaf" pos="SUBST">leaves </w><w c5="CJC" hw="and" pos="CONJ">and </w><w c5="PNP" hw="it" pos="PRON">it </w><w c5="VBZ" hw="be" pos="VERB">is </w><w c5="DT0" hw="this" pos="ADJ">this</w><c c5="PUN">, </c><mw c5="PRP"><w c5="AV0" hw="rather" pos="ADV">rather </w><w c5="CJS" hw="than" pos="CONJ">than </w></mw><w c5="AT0" hw="the" pos="ART">the </w><w c5="NN1" hw="soil" pos="SUBST">soil</w><c c5="PUN">, </c><w c5="DT0-CJT" hw="that" pos="ADJ">that </w><w c5="VM0" hw="will" pos="VERB">will </w><w c5="VVI" hw="spoil" pos="VERB">spoil </w><w c5="NN1" hw="autumn" pos="SUBST">autumn </w><w c5="NN1-VVB" hw="display" pos="SUBST">display</w><c c5="PUN">.</c></s>
<s n="34"><w c5="PNP" hw="we" pos="PRON">We </w><w c5="VVD" hw="use" pos="VERB">used </w><w c5="AT0" hw="the" pos="ART">the </w><w c5="AJ0" hw="common" pos="ADJ">common </w><w c5="NN1" hw="field" pos="SUBST">field </w><w c5="NN1" hw="maple" pos="SUBST">maple </w><c c5="PUL">(</c><w c5="NN0" hw="acer" pos="SUBST">Acer </w><w c5="NN1" hw="campestre" pos="SUBST">campestre</w><c c5="PUR">) </c><w c5="TO0" hw="to" pos="PREP">to </w><w c5="VVI" hw="replace" pos="VERB">replace </w><w c5="AT0" hw="a" pos="ART">a </w><w c5="NN1" hw="line" pos="SUBST">line </w><w c5="PRF" hw="of" pos="PREP">of </w><w c5="AJ0" hw="dead" pos="ADJ">dead </w><w c5="NN2" hw="elm" pos="SUBST">elms </w><w c5="CJT" hw="that" pos="CONJ">that </w><w c5="AV0" hw="formerly" pos="ADV">formerly </w><w c5="VVN" hw="mark" pos="VERB">marked </w><w c5="DPS" hw="we" pos="PRON">our </w><w c5="NN1" hw="boundary" pos="SUBST">boundary </w><w c5="PRP" hw="with" pos="PREP">with </w><w c5="AT0" hw="the" pos="ART">the </w><w c5="NN1" hw="lane" pos="SUBST">lane</w><c c5="PUN">.</c></s>
<s n="35"><w c5="AT0" hw="the" pos="ART">The </w><w c5="NN1" hw="foliage" pos="SUBST">foliage </w><w c5="VBZ" hw="be" pos="VERB">is </w><w c5="AJ0" hw="handsome" pos="ADJ">handsome </w><w c5="CJC" hw="and" pos="CONJ">and </w><w c5="AT0" hw="the" pos="ART">the </w><w c5="NN1" hw="autumn" pos="SUBST">autumn </w><w c5="NN1" hw="colour" pos="SUBST">colour </w><w c5="VBZ" hw="be" pos="VERB">is </w><w c5="AV0" hw="relatively" pos="ADV">relatively </w><w c5="AV0" hw="long" pos="ADV">long </w><w c5="VVG" hw="last" pos="VERB">lasting</w><c c5="PUN">, </c><w c5="AJ0" hw="yellow" pos="ADJ">yellow </w><w c5="CJC" hw="and" pos="CONJ">and </w><w c5="NN1" hw="gold" pos="SUBST">gold </w><w c5="PRP" hw="with" pos="PREP">with </w><w c5="AT0" hw="the" pos="ART">the </w><w c5="AJ0" hw="odd" pos="ADJ">odd </w><w c5="NN1" hw="slash" pos="SUBST">slash </w><w c5="PRF" hw="of" pos="PREP">of </w><w c5="NN1-AJ0" hw="red" pos="SUBST">red</w><c c5="PUN">.</c></s>
<s n="36"><w c5="PNP" hw="it" pos="PRON">It </w><w c5="VBZ" hw="be" pos="VERB">is </w><w c5="XX0" hw="not" pos="ADV">not </w><w c5="AT0" hw="a" pos="ART">a </w><w c5="AJ0" hw="fine" pos="ADJ">fine </w><w c5="AV0" hw="enough" pos="ADV">enough </w><w c5="NN1" hw="tree" pos="SUBST">tree </w><w c5="TO0" hw="to" pos="PREP">to </w><w c5="VVI" hw="recommend" pos="VERB">recommend </w><w c5="PRP" hw="for" pos="PREP">for </w><w c5="AT0" hw="a" pos="ART">a </w><w c5="NN1-AJ0" hw="star" pos="SUBST">star </w><w c5="NN1" hw="position" pos="SUBST">position</w><c c5="PUN">, </c><w c5="CJC" hw="but" pos="CONJ">but </w><w c5="AJ0" hw="good" pos="ADJ">good </w><w c5="PRP" hw="in" pos="PREP">in </w><w c5="AT0" hw="a" pos="ART">a </w><w c5="NN1" hw="hedge" pos="SUBST">hedge </w><w c5="CJC" hw="or" pos="CONJ">or </w><w c5="TO0" hw="to" pos="PREP">to </w><w c5="VVI" hw="bulk" pos="VERB">bulk </w><w c5="AVP" hw="up" pos="ADV">up </w><w c5="VVG" hw="plant" pos="VERB">planting </w><w c5="PRP-AVP" hw="in" pos="PREP">in </w><w c5="AT0" hw="a" pos="ART">a </w><w c5="AV0" hw="relatively" pos="ADV">relatively </w><w c5="AJ0" hw="wild" pos="ADJ">wild </w><w c5="NN1" hw="corner" pos="SUBST">corner </w><w c5="PRF" hw="of" pos="PREP">of </w><w c5="AT0" hw="the" pos="ART">the </w><w c5="NN1" hw="garden" pos="SUBST">garden</w><c c5="PUN">.</c></s></p><p>
<s n="37"><w c5="NN0" hw="acer" pos="SUBST">Acer </w><w c5="AJ0" hw="palmatum" pos="ADJ">palmatum </w><c c5="PUQ">‘</c><w c5="NN1-NP0" hw="heptalobum" pos="SUBST">Heptalobum </w><w c5="NN1-NP0" hw="osakazuki" pos="SUBST">Osakazuki</w><c c5="PUQ">’ </c><w c5="VBZ" hw="be" pos="VERB">is </w><w c5="AT0" hw="the" pos="ART">the </w><w c5="NN1" hw="star" pos="SUBST">star </w><w c5="PRF" hw="of" pos="PREP">of </w><w c5="AT0" hw="the" pos="ART">the </w><w c5="NN1" hw="tribe" pos="SUBST">tribe </w><w c5="PRP" hw="for" pos="PREP">for </w><w c5="NN1" hw="autumn" pos="SUBST">autumn </w><w c5="NN1" hw="colour" pos="SUBST">colour</w><c c5="PUN">.</c></s>
<s n="38"><w c5="PNP" hw="it" pos="PRON">It </w><w c5="VHZ" hw="have" pos="VERB">has </w><w c5="AV0" hw="deeply" pos="ADV">deeply </w><w c5="VVN" hw="divide" pos="VERB">divided </w><w c5="NN1-AJ0" hw="mid-green" pos="SUBST">mid-green </w><w c5="VVZ-NN2" hw="leave" pos="VERB">leaves </w><w c5="DT0-CJT" hw="that" pos="ADJ">that </w><w c5="NN1-VVB" hw="flare" pos="SUBST">flare </w><w c5="PRP" hw="to" pos="PREP">to </w><w c5="AJ0" hw="wild" pos="ADJ">wild</w><c c5="PUN">, </c><w c5="AJ0" hw="improbable" pos="ADJ">improbable </w><w c5="AJ0-NN1" hw="scarlet" pos="ADJ">scarlet</w><c c5="PUN">.</c></s>
<s n="39"><w c5="AV0" hw="even" pos="ADV">Even </w><w c5="CJS" hw="after" pos="CONJ">after </w><w c5="PNP" hw="they" pos="PRON">they </w><w c5="VHB" hw="have" pos="VERB">have </w><w c5="VVN" hw="drop" pos="VERB">dropped</w><c c5="PUN">, </c><w c5="PNP" hw="they" pos="PRON">they </w><w c5="VBB" hw="be" pos="VERB">are </w><w c5="AJ0" hw="valuable" pos="ADJ">valuable</w><c c5="PUN">, </c><w c5="VVG" hw="lie" pos="VERB">lying </w><w c5="PRP-AVP" hw="in" pos="PREP">in </w><w c5="AT0" hw="a" pos="ART">a </w><w c5="AJ0" hw="blood-red" pos="ADJ">blood-red </w><w c5="NN1" hw="pool" pos="SUBST">pool </w><w c5="PRP" hw="under" pos="PREP">under </w><w c5="AT0" hw="the" pos="ART">the </w><w c5="AJ0" hw="dense" pos="ADJ">dense </w><w c5="NN1" hw="thicket" pos="SUBST">thicket </w><w c5="PRF" hw="of" pos="PREP">of </w><w c5="NN2" hw="branch" pos="SUBST">branches</w><c c5="PUN">.</c></s></p><p>
<s n="40"><w c5="AT0" hw="the" pos="ART">The </w><w c5="NN2" hw="hawthorn" pos="SUBST">hawthorns </w><w c5="VBB" hw="be" pos="VERB">are </w><w c5="AT0" hw="a" pos="ART">a </w><w c5="AV0" hw="greatly" pos="ADV">greatly </w><w c5="AJ0" hw="under-rated" pos="ADJ">under-rated </w><w c5="NN1" hw="family" pos="SUBST">family </w><w c5="CJC" hw="and" pos="CONJ">and </w><w c5="DT0" hw="several" pos="ADJ">several </w><w c5="VBB" hw="be" pos="VERB">are </w><w c5="AV0" hw="ideally" pos="ADV">ideally </w><w c5="VVN" hw="suit" pos="VERB">suited </w><w c5="PRP" hw="for" pos="PREP">for </w><w c5="AJ0" hw="small" pos="ADJ">small </w><w c5="NN2" hw="garden" pos="SUBST">gardens</w><c c5="PUN">.</c></s>
<s n="41"><w c5="AT0" hw="the" pos="ART">The </w><w c5="AJ0" hw="local" pos="ADJ">local </w><w c5="NN1" hw="bird" pos="SUBST">bird </w><w c5="NN1" hw="population" pos="SUBST">population </w><w c5="VM0" hw="will" pos="VERB">will </w><w c5="VVI" hw="appreciate" pos="VERB">appreciate </w><w c5="PNP" hw="they" pos="PRON">them </w><w c5="AV0" hw="too" pos="ADV">too</w><c c5="PUN">.</c></s></p><p>
<s n="42"><w c5="NN1-NP0" hw="crataegus" pos="SUBST">Crataegus </w><w c5="NN1" hw="prunifolia" pos="SUBST">prunifolia </w><w c5="VBZ" hw="be" pos="VERB">is </w><w c5="AV0" hw="particularly" pos="ADV">particularly </w><w c5="AJ0" hw="good" pos="ADJ">good </w><w c5="PRP" hw="at" pos="PREP">at </w><w c5="DT0" hw="this" pos="ADJ">this </w><w c5="NN1" hw="time" pos="SUBST">time </w><w c5="PRF" hw="of" pos="PREP">of </w><w c5="AT0" hw="the" pos="ART">the </w><w c5="NN1" hw="year" pos="SUBST">year</w><c c5="PUN">, </c><w c5="AT0" hw="a" pos="ART">a </w><w c5="AJ0" hw="tough" pos="ADJ">tough</w><c c5="PUN">, </c><w c5="AJ0" hw="compact" pos="ADJ">compact </w><w c5="AJ0" hw="little" pos="ADJ">little </w><w c5="NN1" hw="tree" pos="SUBST">tree</w><c c5="PUN">, </c><w c5="ITJ" hw="no" pos="INTERJ">no </w><mw c5="AV0"><w c5="AV0" hw="more" pos="ADV">more </w><w c5="CJS" hw="than" pos="CONJ">than </w></mw><w c5="NN0" hw="15-20ft" pos="SUBST">15-20ft </w><w c5="PRP" hw="at" pos="PREP">at </w><w c5="NN1" hw="maturity" pos="SUBST">maturity</w><c c5="PUN">, </c><w c5="VVG" hw="make" pos="VERB">making </w><w c5="AT0" hw="a" pos="ART">a </w><w c5="AJ0" hw="broad" pos="ADJ">broad</w><c c5="PUN">, </c><w c5="AJ0" hw="spiny" pos="ADJ">spiny </w><w c5="NN1" hw="head" pos="SUBST">head </w><w c5="VVN-VVD" hw="furnish" pos="VERB">furnished </w><w c5="PRP" hw="with" pos="PREP">with </w><w c5="AJ0" hw="glossy" pos="ADJ">glossy </w><w c5="AJ0" hw="green" pos="ADJ">green </w><w c5="NN2" hw="leaf" pos="SUBST">leaves</w><c c5="PUN">.</c></s>
<s n="43"><w c5="AT0" hw="the" pos="ART">The </w><w c5="NN2" hw="underside" pos="SUBST">undersides </w><w c5="PRF" hw="of" pos="PREP">of </w><w c5="AT0" hw="the" pos="ART">the </w><w c5="NN2" hw="leaf" pos="SUBST">leaves </w><w c5="VBB" hw="be" pos="VERB">are </w><w c5="AV0" hw="slightly" pos="ADV">slightly </w><w c5="AJ0" hw="downy" pos="ADJ">downy</w><c c5="PUN">.</c></s>
<s n="44"><w c5="AT0" hw="the" pos="ART">The </w><w c5="PNI" hw="one" pos="PRON">one </w><w c5="PNP" hw="i" pos="PRON">I </w><w c5="VVD" hw="see" pos="VERB">saw </w><w c5="DT0" hw="this" pos="ADJ">this </w><w c5="NN1" hw="week" pos="SUBST">week </w><w c5="PRP" hw="at" pos="PREP">at </w><w c5="NP0" hw="hillier" pos="SUBST">Hillier</w><w c5="POS" hw="'s" pos="UNC">'s </w><w c5="NN1" hw="arboretum" pos="SUBST">Arboretum</w><c c5="PUN">, </c><w c5="NP0" hw="ampfield" pos="SUBST">Ampfield</w><c c5="PUN">, </c><w c5="PRP" hw="near" pos="PREP">near </w><w c5="NP0" hw="winchester" pos="SUBST">Winchester</w><c c5="PUN">, </c><w c5="VBD" hw="be" pos="VERB">was </w><w c5="AV0" hw="already" pos="ADV">already </w><w c5="PRP" hw="on" pos="PREP">on </w><w c5="AT0" hw="the" pos="ART">the </w><w c5="NN1" hw="turn" pos="SUBST">turn</w><c c5="PUN">, </c><w c5="PRP" hw="with" pos="PREP">with </w><w c5="NN2" hw="leaf" pos="SUBST">leaves </w><w c5="NN1-AJ0" hw="orange" pos="SUBST">orange </w><w c5="CJC" hw="and" pos="CONJ">and </w><w c5="AJ0" hw="scarlet" pos="ADJ">scarlet </w><w c5="PRP" hw="amidst" pos="PREP">amidst </w><w c5="NN2" hw="cluster" pos="SUBST">clusters </w><w c5="PRF" hw="of" pos="PREP">of </w><w c5="AJ0" hw="large" pos="ADJ">large </w><w c5="AJ0-NN1" hw="red" pos="ADJ">red </w><w c5="NN2-VVZ" hw="haw" pos="SUBST">haws</w><c c5="PUN">, </c><w c5="AV0" hw="much" pos="ADV">much </w><w c5="AJC" hw="big" pos="ADJ">bigger </w><w c5="CJS" hw="than" pos="CONJ">than </w><w c5="DT0" hw="those" pos="ADJ">those </w><w c5="PNP" hw="you" pos="PRON">you </w><w c5="VVB" hw="find" pos="VERB">find </w><w c5="PRP-AVP" hw="on" pos="PREP">on </w><w c5="AJ0" hw="wild" pos="ADJ">wild </w><w c5="NN2" hw="hawthorn" pos="SUBST">hawthorns</w><c c5="PUN">.</c></s>
<s n="45"><w c5="PNP" hw="it" pos="PRON">It </w><w c5="VBD" hw="be" pos="VERB">was </w><w c5="AT0" hw="a" pos="ART">a </w><w c5="AJ0" hw="delectable" pos="ADJ">delectable </w><w c5="NN1" hw="sight" pos="SUBST">sight</w><c c5="PUN">.</c></s></p><p>
<s n="46"><w c5="AT0" hw="the" pos="ART">The </w><w c5="NN1" hw="thorn" pos="SUBST">thorn </w><w c5="ZZ0" hw="c" pos="SUBST">C </w><w c5="NN2" hw="lavallei" pos="SUBST">lavallei </w><w c5="VBZ" hw="be" pos="VERB">is </w><w c5="PRF" hw="of" pos="PREP">of </w><w c5="AJ0" hw="similar" pos="ADJ">similar </w><w c5="NN1-VVB" hw="build" pos="SUBST">build </w><w c5="PRP" hw="to" pos="PREP">to </w><w c5="ZZ0" hw="c" pos="SUBST">C </w><w c5="NN1" hw="prunifolia" pos="SUBST">prunifolia</w><c c5="PUN">.</c></s>
<s n="47"><w c5="PNP" hw="they" pos="PRON">They </w><w c5="VVB" hw="share" pos="VERB">share </w><w c5="AT0" hw="a" pos="ART">a </w><w c5="NN1" hw="parent" pos="SUBST">parent</w><c c5="PUN">, </c><w c5="PNQ" hw="who" pos="PRON">who </w><w c5="VVZ" hw="seem" pos="VERB">seems </w><w c5="TO0" hw="to" pos="PREP">to </w><w c5="VHI" hw="have" pos="VERB">have </w><w c5="VVN" hw="give" pos="VERB">given </w><w c5="PNP" hw="they" pos="PRON">them </w><w c5="DT0" hw="both" pos="ADJ">both </w><w c5="AT0" hw="the" pos="ART">the </w><w c5="DT0" hw="same" pos="ADJ">same </w><w c5="AJ0" hw="handsome" pos="ADJ">handsome </w><w c5="AJ0" hw="shiny" pos="ADJ">shiny </w><w c5="NN2" hw="leaf" pos="SUBST">leaves</w><c c5="PUN">.</c></s>
<s n="48"><w c5="AT0" hw="the" pos="ART">The </w><w c5="NN2" hw="haw" pos="SUBST">haws </w><w c5="PRP" hw="on" pos="PREP">on </w><w c5="ZZ0" hw="c" pos="SUBST">C </w><w c5="NN2" hw="lavallei" pos="SUBST">lavallei </w><w c5="VBB" hw="be" pos="VERB">are </w><w c5="AT0" hw="the" pos="ART">the </w><w c5="AJ0-NN1" hw="orange" pos="ADJ">orange </w><w c5="NN1" hw="side" pos="SUBST">side </w><w c5="PRF" hw="of" pos="PREP">of </w><w c5="NN1" hw="red" pos="SUBST">red </w><w c5="CJC" hw="and" pos="CONJ">and </w><w c5="AV0" hw="both" pos="ADV">both </w><w c5="VVZ-NN2" hw="haw" pos="VERB">haws </w><w c5="CJC" hw="and" pos="CONJ">and </w><w c5="NN2" hw="leaf" pos="SUBST">leaves </w><w c5="VVB" hw="seem" pos="VERB">seem </w><w c5="TO0" hw="to" pos="PREP">to </w><w c5="VVI" hw="hang" pos="VERB">hang </w><w c5="AV0" hw="longer" pos="ADV">longer </w><w c5="PRP" hw="on" pos="PREP">on </w><w c5="DT0" hw="this" pos="ADJ">this </w><w c5="NN1" hw="tree" pos="SUBST">tree </w><w c5="CJS" hw="than" pos="CONJ">than </w><w c5="AT0" hw="the" pos="ART">the </w><w c5="NN1" hw="other" pos="SUBST">other</w><c c5="PUN">.</c></s>
<s n="49"><w c5="PRP" hw="in" pos="PREP">In </w><w c5="AT0" hw="the" pos="ART">the </w><w c5="NN1" hw="country" pos="SUBST">country</w><c c5="PUN">, </c><w c5="NN2" hw="blackbird" pos="SUBST">blackbirds </w><w c5="CJC" hw="and" pos="CONJ">and </w><w c5="VVB-NN1" hw="mistle" pos="VERB">mistle </w><w c5="NN2" hw="thrush" pos="SUBST">thrushes </w><w c5="VBB" hw="be" pos="VERB">are </w><w c5="AJ0" hw="likely" pos="ADJ">likely </w><w c5="TO0" hw="to" pos="PREP">to </w><w c5="VHI" hw="have" pos="VERB">have </w><w c5="VVN" hw="strip" pos="VERB">stripped </w><w c5="DT0" hw="most" pos="ADJ">most </w><w c5="PRF" hw="of" pos="PREP">of </w><w c5="AT0" hw="the" pos="ART">the </w><w c5="AJ0" hw="glistening" pos="ADJ">glistening </w><w c5="NN2" hw="haw" pos="SUBST">haws </w><w c5="PRP" hw="by" pos="PREP">by </w><w c5="AT0" hw="the" pos="ART">the </w><w c5="NN1" hw="end" pos="SUBST">end </w><w c5="PRF" hw="of" pos="PREP">of </w><w c5="NP0" hw="november" pos="SUBST">November</w><c c5="PUN">.</c></s>
<s n="50"><w c5="PRP" hw="in" pos="PREP">In </w><w c5="NN1" hw="town" pos="SUBST">town </w><w c5="PNP" hw="they" pos="PRON">they </w><w c5="VM0" hw="will" pos="VERB">will </w><w c5="VVI" hw="last" pos="VERB">last </w><w c5="AV0" hw="longer" pos="ADV">longer</w><c c5="PUN">.</c></s></p><p>
<s n="51"><w c5="DT0" hw="both" pos="ADJ">Both </w><w c5="NN2" hw="thorn" pos="SUBST">thorns </w><w c5="VBB" hw="be" pos="VERB">are </w><w c5="AJ0" hw="tolerant" pos="ADJ">tolerant </w><w c5="PRF" hw="of" pos="PREP">of </w><w c5="NN1" hw="pollution" pos="SUBST">pollution </w><w c5="CJC" hw="and" pos="CONJ">and </w><w c5="VBB" hw="be" pos="VERB">are </w><w c5="AJ0" hw="tough" pos="ADJ">tough </w><w c5="AV0" hw="enough" pos="ADV">enough </w><w c5="TO0" hw="to" pos="PREP">to </w><w c5="VVI" hw="grow" pos="VERB">grow </w><w c5="PRP-AVP" hw="in" pos="PREP">in </w><w c5="AJ0-AV0" hw="open" pos="ADJ">open</w><c c5="PUN">, </c><w c5="AJ0" hw="exposed" pos="ADJ">exposed </w><w c5="NN1" hw="seaside" pos="SUBST">seaside </w><w c5="NN2" hw="site" pos="SUBST">sites </w><w c5="AV0" hw="regularly" pos="ADV">regularly </w><w c5="VVD" hw="rake" pos="VERB">raked </w><w c5="AVP" hw="over" pos="ADV">over </w><w c5="PRP" hw="by" pos="PREP">by </w><w c5="AJ0-NN1" hw="salt-laden" pos="ADJ">salt-laden </w><w c5="NN2" hw="wind" pos="SUBST">winds</w><c c5="PUN">, </c><w c5="CJS" hw="although" pos="CONJ">although </w><w c5="DT0" hw="these" pos="ADJ">these </w><mw c5="AV0"><w c5="PRF" hw="of" pos="PREP">of </w><w c5="NN1" hw="course" pos="SUBST">course </w></mw><w c5="VM0" hw="will" pos="VERB">will </w><w c5="VDI" hw="do" pos="VERB">do </w><w c5="PNI" hw="nothing" pos="PRON">nothing </w><w c5="PRP" hw="for" pos="PREP">for </w><w c5="AT0" hw="the" pos="ART">the </w><w c5="NN1" hw="autumn" pos="SUBST">autumn </w><w c5="NN1-VVB" hw="display" pos="SUBST">display</w><c c5="PUN">.</c></s>
<s n="52"><w c5="DT0" hw="both" pos="ADJ">Both </w><w c5="VHB" hw="have" pos="VERB">have </w><w c5="NN2" hw="cluster" pos="SUBST">clusters </w><w c5="PRF" hw="of" pos="PREP">of </w><w c5="AJ0" hw="white" pos="ADJ">white </w><w c5="NN2" hw="flower" pos="SUBST">flowers </w><w c5="PRP" hw="in" pos="PREP">in </w><w c5="AJ0" hw="early" pos="ADJ">early </w><w c5="NP0" hw="june" pos="SUBST">June</w><c c5="PUN">.</c></s></p><p>
<s n="53"><w c5="AT0" hw="the" pos="ART">The </w><w c5="AJ0-NN1" hw="stag's-horn" pos="ADJ">stag's-horn </w><w c5="NN1" hw="sumach" pos="SUBST">sumach </w><c c5="PUL">(</c><w c5="NP0" hw="rhus" pos="SUBST">Rhus </w><w c5="NN1" hw="typhina" pos="SUBST">typhina</w><c c5="PUR">) </c><w c5="VVZ" hw="bring" pos="VERB">brings </w><w c5="AVP" hw="out" pos="ADV">out </w><w c5="DT0" hw="many" pos="ADJ">many </w><w c5="NN0" hw="people" pos="SUBST">people </w><w c5="PRP" hw="in" pos="PREP">in </w><w c5="AT0" hw="a" pos="ART">a </w><w c5="AJ0" hw="cold" pos="ADJ">cold </w><w c5="NN1" hw="sweat" pos="SUBST">sweat </w><w c5="PRF" hw="of" pos="PREP">of </w><w c5="NN1" hw="hatred" pos="SUBST">hatred</w><c c5="PUN">.</c></s>
<s n="54"><w c5="PRP" hw="at" pos="PREP">At </w><w c5="NP0" hw="hillier" pos="SUBST">Hillier</w><w c5="POS" hw="'s" pos="UNC">'s</w><c c5="PUN">, </c><w c5="AV0" hw="however" pos="ADV">however</w><c c5="PUN">, </c><w c5="EX0" hw="there" pos="PRON">there </w><w c5="VBD" hw="be" pos="VERB">were </w><w c5="CRD" hw="two" pos="ADJ">two </w><w c5="AJ0" hw="close" pos="ADJ">close </w><w c5="NN2" hw="cousin" pos="SUBST">cousins </w><w c5="CJT" hw="that" pos="CONJ">that </w><w c5="VM0" hw="would" pos="VERB">would </w><w c5="VVI" hw="look" pos="VERB">look </w><w c5="AJ0" hw="splendid" pos="ADJ">splendid </w><w c5="PRP" hw="in" pos="PREP">in </w><w c5="DT0" hw="any" pos="ADJ">any </w><w c5="NN1" hw="garden" pos="SUBST">garden</w><c c5="PUN">.</c></s>
<s n="55"><w c5="DT0" hw="both" pos="ADJ">Both </w><w c5="VHD" hw="have" pos="VERB">had </w><w c5="AJ0" hw="superb" pos="ADJ">superb</w><c c5="PUN">, </c><w c5="AV0" hw="doubly" pos="ADV">doubly </w><w c5="VVN-VVD" hw="dissect" pos="VERB">dissected </w><w c5="NN2" hw="leaf" pos="SUBST">leaves</w><c c5="PUN">, </c><w c5="AV0" hw="as" pos="ADV">as </w><w c5="AJ0" hw="elegant" pos="ADJ">elegant </w><w c5="CJS" hw="as" pos="CONJ">as </w><w c5="AT0" hw="the" pos="ART">the </w><w c5="NN1" hw="foliage" pos="SUBST">foliage </w><w c5="PRF" hw="of" pos="PREP">of </w><w c5="NN2" hw="fern" pos="SUBST">ferns</w><c c5="PUN">, </c><w c5="VVG" hw="hang" pos="VERB">hanging </w><w c5="AVP" hw="down" pos="ADV">down </w><w c5="PRP" hw="for" pos="PREP">for </w><w c5="NN0" hw="2ft" pos="SUBST">2ft </w><w c5="CJC" hw="or" pos="CONJ">or </w><w c5="AV0" hw="so" pos="ADV">so</w><c c5="PUN">.</c></s></p><p>
<s n="56"><w c5="CRD" hw="one" pos="ADJ">One</w><c c5="PUN">, </c><w c5="NP0" hw="rhus" pos="SUBST">Rhus </w><w c5="NN1" hw="glabra" pos="SUBST">glabra </w><c c5="PUQ">‘</c><w c5="NP0-NN1" hw="laciniata" pos="SUBST">Laciniata</w><c c5="PUQ">’ </c><w c5="VHD" hw="have" pos="VERB">had </w><w c5="AV0" hw="scarcely" pos="ADV">scarcely </w><w c5="VVN" hw="begin" pos="VERB">begun </w><w c5="TO0" hw="to" pos="PREP">to </w><w c5="VVI" hw="turn" pos="VERB">turn</w><c c5="PUN">, </c><w c5="CJC" hw="but" pos="CONJ">but </w><w c5="VBD" hw="be" pos="VERB">was </w><w c5="VVN" hw="decorate" pos="VERB">decorated </w><w c5="AV0" hw="rather" pos="ADV">rather </w><w c5="PRP" hw="in" pos="PREP">in </w><w c5="AT0" hw="the" pos="ART">the </w><w c5="NN1" hw="manner" pos="SUBST">manner </w><w c5="PRF" hw="of" pos="PREP">of </w><w c5="AT0" hw="a" pos="ART">a </w><w c5="NN1" hw="horse" pos="SUBST">horse </w><w c5="NN1" hw="chestnut" pos="SUBST">chestnut </w><w c5="PRP" hw="with" pos="PREP">with </w><w c5="AJ0" hw="dense" pos="ADJ">dense </w><w c5="AJ0" hw="conical" pos="ADJ">conical </w><w c5="NN2" hw="cluster" pos="SUBST">clusters </w><w c5="PRF" hw="of" pos="PREP">of </w><w c5="AJ0" hw="red" pos="ADJ">red </w><w c5="NN2" hw="seed" pos="SUBST">seeds</w><c c5="PUN">, </c><w c5="VVN" hw="develop" pos="VERB">developed </w><w c5="PRP" hw="from" pos="PREP">from </w><w c5="AT0" hw="the" pos="ART">the </w><w c5="AJC" hw="early" pos="ADJ">earlier </w><w c5="NN2" hw="flower" pos="SUBST">flowers</w><c c5="PUN">.</c></s></p><p>
<s n="57"><w c5="AT0" hw="the" pos="ART">The </w><w c5="ORD" hw="second" pos="ADJ">second </w><w c5="NN1-VVB" hw="sumach" pos="SUBST">sumach</w><c c5="PUN">, </c><w c5="ZZ0" hw="r" pos="SUBST">R </w><w c5="NN1" hw="trichocarpa" pos="SUBST">trichocarpa</w><c c5="PUN">, </c><w c5="VVN" hw="stand" pos="VERB">stood </w><w c5="PRP" hw="by" pos="PREP">by </w><w c5="AT0" hw="the" pos="ART">the </w><w c5="NN1" hw="lake" pos="SUBST">lake </w><w c5="PRP" hw="in" pos="PREP">in </w><w c5="AT0" hw="the" pos="ART">the </w><w c5="NN1" hw="arboretum" pos="SUBST">arboretum </w><w c5="CJC" hw="and" pos="CONJ">and </w><w c5="VBD" hw="be" pos="VERB">was </w><w c5="AV0" hw="already" pos="ADV">already </w><w c5="AJ0" hw="ablaze" pos="ADJ">ablaze </w><w c5="PRP" hw="in" pos="PREP">in </w><w c5="AT0" hw="the" pos="ART">the </w><w c5="AV0" hw="most" pos="ADV">most </w><w c5="AJ0" hw="brilliant" pos="ADJ">brilliant </w><w c5="AJ0-NN1" hw="scarlet" pos="ADJ">scarlet</w><c c5="PUN">.</c></s>
<s n="58"><w c5="PNP" hw="it" pos="PRON">It </w><w c5="VM0" hw="must" pos="VERB">must </w><w c5="VHI" hw="have" pos="VERB">have </w><w c5="VBN" hw="be" pos="VERB">been </w><w c5="AT0" hw="a" pos="ART">a </w><w c5="AJ0" hw="male" pos="ADJ">male </w><w c5="NN1" hw="tree" pos="SUBST">tree </w><w c5="PRP" hw="for" pos="PREP">for </w><w c5="EX0" hw="there" pos="PRON">there </w><w c5="VBD" hw="be" pos="VERB">was </w><w c5="AT0" hw="no" pos="ART">no </w><w c5="NN1" hw="sign" pos="SUBST">sign </w><w c5="PRF" hw="of" pos="PREP">of </w><w c5="AT0" hw="the" pos="ART">the </w><w c5="AJ0" hw="drooping" pos="ADJ">drooping </w><w c5="NN2" hw="cluster" pos="SUBST">clusters </w><w c5="PRF" hw="of" pos="PREP">of </w><w c5="AJ0" hw="yellow" pos="ADJ">yellow </w><w c5="NN0" hw="fruit" pos="SUBST">fruit </w><w c5="CJT" hw="that" pos="CONJ">that </w><w c5="AJ0" hw="female" pos="ADJ">female </w><w c5="NN2" hw="tree" pos="SUBST">trees </w><w c5="VM0" hw="would" pos="VERB">would </w><w c5="AV0" hw="now" pos="ADV">now </w><w c5="VBI" hw="be" pos="VERB">be </w><w c5="VVG" hw="bear" pos="VERB">bearing</w><c c5="PUN">.</c></s></p><p>
<s n="59"><w c5="DT0" hw="either" pos="ADJ">Either </w><w c5="PRF" hw="of" pos="PREP">of </w><w c5="DT0" hw="these" pos="ADJ">these </w><w c5="VM0" hw="would" pos="VERB">would </w><w c5="VBI" hw="be" pos="VERB">be </w><w c5="AJ0" hw="ideal" pos="ADJ">ideal </w><w c5="TO0" hw="to" pos="PREP">to </w><w c5="VVI" hw="use" pos="VERB">use </w><w c5="PRP-CJS" hw="as" pos="PREP">as </w><w c5="NN1" hw="foliage" pos="SUBST">foliage </w><w c5="VVG-NN1" hw="back" pos="VERB">backing </w><w c5="PRP" hw="for" pos="PREP">for </w><w c5="AJC" hw="early" pos="ADJ">earlier </w><w c5="NN1" hw="flower" pos="SUBST">flower </w><w c5="NN2" hw="planting" pos="SUBST">plantings</w><c c5="PUN">, </c><w c5="CJS" hw="for" pos="CONJ">for </w><w c5="DPS" hw="they" pos="PRON">their </w><w c5="NN2" hw="leaf" pos="SUBST">leaves </w><w c5="VBB" hw="be" pos="VERB">are </w><w c5="AJ0" hw="handsome" pos="ADJ">handsome </w><w c5="PRP" hw="at" pos="PREP">at </w><w c5="DT0" hw="any" pos="ADJ">any </w><w c5="NN1" hw="season" pos="SUBST">season</w><c c5="PUN">.</c></s>
<s n="60"><w c5="PNP" hw="they" pos="PRON">They </w><w c5="VM0" hw="would" pos="VERB">would </w><w c5="VVI" hw="blaze" pos="VERB">blaze </w><w c5="PRP" hw="into" pos="PREP">into </w><w c5="NN1" hw="prominence" pos="SUBST">prominence </w><w c5="AV0" hw="just" pos="ADV">just </w><w c5="CJS-PRP" hw="as" pos="CONJ">as </w><w c5="AT0" hw="the" pos="ART">the </w><w c5="NN1" hw="foreground" pos="SUBST">foreground </w><w c5="NN1" hw="planting" pos="SUBST">planting </w><w c5="VBD" hw="be" pos="VERB">was </w><w c5="VVG" hw="fall" pos="VERB">falling </w><w c5="PRP" hw="to" pos="PREP">to </w><w c5="NN2" hw="piece" pos="SUBST">pieces</w><c c5="PUN">.</c></s></p><p>
<s n="61"><w c5="PNP" hw="they" pos="PRON">They </w><w c5="VDD" hw="do" pos="VERB">did </w><w c5="XX0" hw="not" pos="ADV">not </w><w c5="VVI" hw="look" pos="VERB">look </w><mw c5="CJS"><w c5="CJS" hw="as" pos="CONJ">as </w><w c5="CJS" hw="though" pos="CONJ">though </w></mw><w c5="PNP" hw="they" pos="PRON">they </w><w c5="VBD" hw="be" pos="VERB">were </w><w c5="VVG" hw="sucker" pos="VERB">suckering </w><w c5="PRP" hw="in" pos="PREP">in </w><w c5="AT0" hw="the" pos="ART">the </w><w c5="AJ0" hw="baleful" pos="ADJ">baleful </w><w c5="NN1" hw="way" pos="SUBST">way </w><w c5="CJT" hw="that" pos="CONJ">that </w><w c5="AT0" hw="the" pos="ART">the </w><w c5="AJ0" hw="ordinary" pos="ADJ">ordinary </w><w c5="AJ0-NN1" hw="stag's-horn" pos="ADJ">stag's-horn </w><w c5="NN1" hw="sumach" pos="SUBST">sumach </w><w c5="VDZ" hw="do" pos="VERB">does</w><c c5="PUN">, </c><w c5="CJC" hw="but" pos="CONJ">but </w><w c5="CJS" hw="as" pos="CONJ">as </w><w c5="PNP" hw="i" pos="PRON">I </w><w c5="VHB" hw="have" pos="VERB">have </w><w c5="XX0" hw="not" pos="ADV">not </w><w c5="VVN" hw="grow" pos="VERB">grown </w><w c5="AV0" hw="either" pos="ADV">either </w><w c5="PNX" hw="myself" pos="PRON">myself </w><w c5="AV0" hw="yet" pos="ADV">yet</w><c c5="PUN">, </c><w c5="PNP" hw="i" pos="PRON">I </w><w c5="VM0" hw="can" pos="VERB">can</w><w c5="XX0" hw="not" pos="ADV">not </w><w c5="VVI" hw="vouch" pos="VERB">vouch </w><w c5="PRP" hw="for" pos="PREP">for </w><w c5="DPS" hw="they" pos="PRON">their </w><w c5="AJ0" hw="good" pos="ADJ">good </w><w c5="NN1" hw="behaviour" pos="SUBST">behaviour</w><c c5="PUN">.</c></s>
<s n="62"><w c5="DT0" hw="both" pos="ADJ">Both </w><w c5="VM0" hw="could" pos="VERB">could </w><w c5="VBI" hw="be" pos="VERB">be </w><w c5="VVN" hw="keep" pos="VERB">kept </w><w c5="PRP" hw="within" pos="PREP">within </w><w c5="NN2" hw="bound" pos="SUBST">bounds </w><w c5="PRP" hw="by" pos="PREP">by </w><w c5="AT0" hw="a" pos="ART">a </w><w c5="AJ0" hw="severe" pos="ADJ">severe </w><w c5="NN1" hw="pruning" pos="SUBST">pruning </w><w c5="PRP" hw="in" pos="PREP">in </w><w c5="AJ0" hw="early" pos="ADJ">early </w><w c5="NN1" hw="spring" pos="SUBST">spring</w><c c5="PUN">.</c></s></p><p>
<s n="63"><w c5="AT0" hw="the" pos="ART">The </w><w c5="AV0" hw="most" pos="ADV">most </w><w c5="AJ0" hw="extraordinary" pos="ADJ">extraordinary </w><w c5="NN1" hw="performer" pos="SUBST">performer </w><w c5="PRP" hw="in" pos="PREP">in </w><w c5="DPS" hw="i" pos="PRON">my </w><w c5="DT0" hw="own" pos="ADJ">own </w><w c5="NN1" hw="garden" pos="SUBST">garden </w><w c5="PRP" hw="at" pos="PREP">at </w><w c5="AT0" hw="the" pos="ART">the </w><w c5="NN1" hw="moment" pos="SUBST">moment </w><w c5="VBZ" hw="be" pos="VERB">is </w><w c5="XX0" hw="not" pos="ADV">not </w><w c5="AT0" hw="a" pos="ART">a </w><w c5="NN1" hw="leaf" pos="SUBST">leaf </w><w c5="CJC" hw="but" pos="CONJ">but </w><w c5="AT0" hw="a" pos="ART">a </w><w c5="NN1" hw="seed" pos="SUBST">seed </w><w c5="NN1" hw="pod" pos="SUBST">pod</w><c c5="PUN">, </c><w c5="AV0" hw="actually" pos="ADV">actually </w><w c5="CRD" hw="18" pos="ADJ">18 </w><w c5="NN1" hw="seed" pos="SUBST">seed </w><w c5="NN2" hw="pod" pos="SUBST">pods</w><c c5="PUN">, </c><w c5="VVG" hw="belong" pos="VERB">belonging </w><w c5="PRP" hw="to" pos="PREP">to </w><w c5="AT0" hw="the" pos="ART">the </w><w c5="NN1" hw="shrub" pos="SUBST">shrub </w><w c5="NP0-NN1" hw="decaisnea" pos="SUBST">Decaisnea </w><w c5="NN2" hw="fargesii" pos="SUBST">fargesii</w><c c5="PUN">.</c></s>
<s n="64"><w c5="PNP" hw="they" pos="PRON">They </w><w c5="VBB" hw="be" pos="VERB">are </w><w c5="AT0" hw="the" pos="ART">the </w><w c5="NN1" hw="size" pos="SUBST">size </w><w c5="CJC" hw="and" pos="CONJ">and </w><w c5="NN1" hw="shape" pos="SUBST">shape </w><w c5="PRF" hw="of" pos="PREP">of </w><w c5="NN1" hw="chipolata" pos="SUBST">chipolata </w><w c5="NN2" hw="sausage" pos="SUBST">sausages </w><w c5="CJC" hw="but" pos="CONJ">but </w><w c5="AT0" hw="the" pos="ART">the </w><w c5="AV0" hw="most" pos="ADV">most </w><w c5="AJ0" hw="extraordinary" pos="ADJ">extraordinary </w><w c5="NN1" hw="colour" pos="SUBST">colour</w><c c5="PUN">, </c><w c5="AJ0" hw="slaty" pos="ADJ">slaty </w><w c5="AJ0" hw="metallic" pos="ADJ">metallic </w><w c5="AJ0-NN1" hw="blue" pos="ADJ">blue</w><c c5="PUN">.</c></s></p><p>
<s n="65"><w c5="PNP" hw="i" pos="PRON">I </w><w c5="VBB" hw="be" pos="VERB">am </w><w c5="VVN" hw="tell" pos="VERB">told </w><w c5="CJT" hw="that" pos="CONJ">that </w><w c5="AT0" hw="the" pos="ART">the </w><w c5="AJ0" hw="chinese" pos="ADJ">Chinese </w><w c5="NN1" hw="name" pos="SUBST">name </w><w c5="PRP" hw="for" pos="PREP">for </w><w c5="PNP" hw="they" pos="PRON">them </w><c c5="PUL">(</c><w c5="AT0" hw="the" pos="ART">the </w><w c5="NN1" hw="shrub" pos="SUBST">shrub </w><w c5="VVZ" hw="come" pos="VERB">comes </w><w c5="PRP" hw="from" pos="PREP">from </w><w c5="NP0" hw="china" pos="SUBST">China</w><c c5="PUR">) </c><w c5="VBZ" hw="be" pos="VERB">is </w><c c5="PUQ">‘</c><w c5="NN1" hw="cat" pos="SUBST">cat </w><w c5="NN2" hw="dropping" pos="SUBST">droppings</w><c c5="PUQ">’</c><c c5="PUN">.</c></s>
<s n="66"><w c5="DT0" hw="some" pos="ADJ">Some </w><w c5="NN1" hw="cat" pos="SUBST">cat</w><c c5="PUN">.</c></s></p></div><div level="1" n="891014 edition -- Weekend Garden Page 43"><head type="MAIN">
<s n="67"><w c5="VVG" hw="come" pos="VERB">Coming </w><w c5="AVP" hw="down" pos="ADV">down </w><w c5="PRP" hw="to" pos="PREP">to </w><w c5="NN1" hw="earth" pos="SUBST">earth</w><c c5="PUN">: </c><w c5="PRP" hw="over" pos="PREP">Over </w><w c5="AT0" hw="the" pos="ART">the </w><w c5="ORD" hw="next" pos="ADJ">next </w><w c5="CRD" hw="four" pos="ADJ">four </w><w c5="NN2" hw="week" pos="SUBST">weeks </w><w c5="NP0" hw="sally" pos="SUBST">Sally </w><w c5="NP0" hw="tamplin" pos="SUBST">Tamplin </w><w c5="VVZ" hw="look" pos="VERB">looks </w><w c5="PRP" hw="at" pos="PREP">at </w><w c5="AT0" hw="the" pos="ART">the </w><w c5="NN2" hw="problem" pos="SUBST">problems </w><w c5="PRF" hw="of" pos="PREP">of </w><w c5="AT0" hw="a" pos="ART">a </w><w c5="AJ0" hw="small" pos="ADJ">small </w><w c5="NN1" hw="town" pos="SUBST">town </w><w c5="NN1" hw="garden" pos="SUBST">garden</w><c c5="PUN">.</c></s>
<s n="68"><w c5="ORD" hw="first" pos="ADJ">First</w><c c5="PUN">: </c><w c5="VVG" hw="sort" pos="VERB">sorting </w><w c5="AVP" hw="out" pos="ADV">out </w><w c5="NN1" hw="soil" pos="SUBST">soil</w></s></head><head type="BYLINE">
<s n="69"><w c5="PRP" hw="by" pos="PREP">By </w><w c5="NP0" hw="sally" pos="SUBST">SALLY </w><w c5="NP0-NN1" hw="tamplin" pos="SUBST">TAMPLIN</w></s></head><p>
<s n="70"><w c5="NN1" hw="optimism" pos="SUBST">OPTIMISM </w><w c5="CJC" hw="and" pos="CONJ">and </w><w c5="NN1" hw="patience" pos="SUBST">patience </w><w c5="VBB" hw="be" pos="VERB">are </w><w c5="AT0" hw="the" pos="ART">the </w><w c5="AJ0" hw="basic" pos="ADJ">basic </w><w c5="NN2" hw="requisite" pos="SUBST">requisites </w><w c5="PRF" hw="of" pos="PREP">of </w><w c5="AT0" hw="the" pos="ART">the </w><w c5="NN1" hw="town" pos="SUBST">town </w><w c5="NN1" hw="gardener" pos="SUBST">gardener</w><c c5="PUN">, </c><w c5="NN1" hw="food" pos="SUBST">food </w><w c5="CJC" hw="and" pos="CONJ">and </w><w c5="NN1-VVB" hw="water" pos="SUBST">water </w><w c5="DT0" hw="those" pos="ADJ">those </w><w c5="PRF" hw="of" pos="PREP">of </w><w c5="AT0" hw="the" pos="ART">the </w><w c5="NN1" hw="garden" pos="SUBST">garden</w><c c5="PUN">.</c></s>
<s n="71"><w c5="PRP" hw="after" pos="PREP">After </w><w c5="DT0" hw="many" pos="ADJ">many </w><w c5="NN2" hw="year" pos="SUBST">years </w><w c5="CJC" hw="and" pos="CONJ">and </w><w c5="CRD" hw="three" pos="ADJ">three </w><w c5="NN2" hw="garden" pos="SUBST">gardens</w><c c5="PUN">, </c><w c5="AT0" hw="the" pos="ART">the </w><w c5="NN1" hw="optimism" pos="SUBST">optimism </w><w c5="VBZ" hw="be" pos="VERB">is </w><w c5="VVG" hw="go" pos="VERB">going </w><w c5="AV0" hw="well" pos="ADV">well</w><c c5="PUN">; </c><w c5="PNP" hw="i" pos="PRON">I </w><w c5="AV0" hw="still" pos="ADV">still </w><w c5="VVB-NN1" hw="battle" pos="VERB">battle </w><w c5="PRP" hw="with" pos="PREP">with </w><w c5="DPS" hw="i" pos="PRON">my </w><w c5="NN1" hw="impatience" pos="SUBST">impatience</w><c c5="PUN">, </c><w c5="CJC" hw="but" pos="CONJ">but </w><w c5="PNP" hw="i" pos="PRON">I </w><w c5="VBB" hw="be" pos="VERB">am </w><w c5="AV0" hw="finally" pos="ADV">finally </w><w c5="VVG" hw="come" pos="VERB">coming </w><w c5="PRP" hw="to" pos="PREP">to </w><w c5="NN2" hw="grip" pos="SUBST">grips </w><w c5="PRP" hw="with" pos="PREP">with </w><w c5="VVG" hw="give" pos="VERB">giving </w><w c5="AT0" hw="the" pos="ART">the </w><w c5="NN2" hw="essential" pos="SUBST">essentials </w><w c5="PRF" hw="of" pos="PREP">of </w><w c5="NN1" hw="sustenance" pos="SUBST">sustenance </w><w c5="PRP" hw="to" pos="PREP">to </w><w c5="AT0" hw="the" pos="ART">the </w><w c5="NN1" hw="garden" pos="SUBST">garden</w><c c5="PUN">.</c></s></p><p>
<s n="72"><w c5="NN1" hw="town" pos="SUBST">Town </w><w c5="NN1" hw="soil" pos="SUBST">soil </w><w c5="VBZ" hw="be" pos="VERB">is </w><w c5="XX0" hw="not" pos="ADV">not </w><w c5="PRP" hw="like" pos="PREP">like </w><w c5="NN1" hw="country" pos="SUBST">country </w><w c5="NN1" hw="soil" pos="SUBST">soil</w><c c5="PUN">, </c><w c5="CJC" hw="and" pos="CONJ">and </w><w c5="AT0" hw="the" pos="ART">the </w><w c5="AJC" hw="small" pos="ADJ">smaller </w><w c5="AT0" hw="the" pos="ART">the </w><w c5="NN1" hw="area" pos="SUBST">area </w><w c5="AT0" hw="the" pos="ART">the </w><w c5="AJC" hw="bad" pos="ADJ">worse </w><w c5="PNP" hw="it" pos="PRON">it </w><w c5="VBZ" hw="be" pos="VERB">is</w><c c5="PUN">.</c></s>
<s n="73"><w c5="NN1-VVB" hw="rain" pos="SUBST">Rain </w><w c5="VDZ" hw="do" pos="VERB">does </w><w c5="XX0" hw="not" pos="ADV">not </w><w c5="VVI" hw="get" pos="VERB">get </w><w c5="PRP" hw="near" pos="PREP">near </w><w c5="AT0" hw="the" pos="ART">the </w><w c5="NN2" hw="wall" pos="SUBST">walls</w><c c5="PUN">, </c><w c5="EX0" hw="there" pos="PRON">there </w><w c5="VBZ" hw="be" pos="VERB">is </w><w c5="XX0" hw="not" pos="ADV">not </w><w c5="AV0" hw="enough" pos="ADV">enough </w><w c5="AJ0" hw="rotting" pos="ADJ">rotting </w><w c5="NN1" hw="animal" pos="SUBST">animal </w><w c5="CJC" hw="and" pos="CONJ">and </w><w c5="NN1" hw="vegetable" pos="SUBST">vegetable </w><w c5="NN1-VVB" hw="matter" pos="SUBST">matter</w><c c5="PUN">, </c><w c5="CJC" hw="and" pos="CONJ">and </w><w c5="AT0" hw="the" pos="ART">the </w><w c5="ORD" hw="last" pos="ADJ">last </w><w c5="NN0" hw="people" pos="SUBST">people </w><w c5="VHB" hw="have" pos="VERB">have </w><w c5="AV0" hw="always" pos="ADV">always </w><w c5="VVN" hw="use" pos="VERB">used </w><w c5="AT0" hw="the" pos="ART">the </w><w c5="NN1" hw="garden" pos="SUBST">garden </w><w c5="PRP" hw="as" pos="PREP">as </w><w c5="AT0" hw="a" pos="ART">a </w><w c5="NN1" hw="rubbish" pos="SUBST">rubbish </w><w c5="NN1-VVB" hw="heap" pos="SUBST">heap</w><c c5="PUN">.</c></s></p><p>
<s n="74"><w c5="ORD" hw="first" pos="ADJ">First </w><w c5="PNP" hw="you" pos="PRON">you </w><w c5="VHB" hw="have" pos="VERB">have </w><w c5="TO0" hw="to" pos="PREP">to </w><w c5="VVI" hw="dig" pos="VERB">dig </w><w c5="AVP" hw="out" pos="ADV">out </w><w c5="DT0" hw="all" pos="ADJ">all </w><w c5="AT0" hw="the" pos="ART">the </w><w c5="NN1" hw="junk" pos="SUBST">junk</w><c c5="PUN">, </c><w c5="NN1-VVB" hw="bag" pos="SUBST">bag </w><w c5="PNP" hw="it" pos="PRON">it </w><w c5="AVP" hw="up" pos="ADV">up </w><w c5="CJC" hw="and" pos="CONJ">and </w><w c5="AV0" hw="probably" pos="ADV">probably </w><w c5="VVB" hw="lug" pos="VERB">lug </w><w c5="PNP" hw="it" pos="PRON">it </w><w c5="PRP" hw="through" pos="PREP">through </w><w c5="AT0" hw="the" pos="ART">the </w><w c5="NN1" hw="house" pos="SUBST">house</w><c c5="PUN">.</c></s>
<s n="75"><w c5="AV0" hw="then" pos="ADV">Then </w><w c5="PNP" hw="it" pos="PRON">it </w><w c5="VBZ" hw="be" pos="VERB">is </w><w c5="NN1" hw="time" pos="SUBST">time </w><w c5="TO0" hw="to" pos="PREP">to </w><w c5="VVI" hw="make" pos="VERB">make </w><w c5="AT0" hw="a" pos="ART">a </w><w c5="NN1" hw="tipping" pos="SUBST">tipping </w><w c5="NN1" hw="policy" pos="SUBST">policy</w><c c5="PUN">.</c></s>
<s n="76"><w c5="AV0" hw="either" pos="ADV">Either </w><w c5="PNP" hw="you" pos="PRON">you </w><w c5="VVB" hw="tip" pos="VERB">tip </w><w c5="AT0" hw="the" pos="ART">the </w><w c5="NN2" hw="dustman" pos="SUBST">dustmen </w><w c5="TO0" hw="to" pos="PREP">to </w><w c5="VVI" hw="take" pos="VERB">take </w><w c5="PNP" hw="it" pos="PRON">it </w><w c5="AV0" hw="away" pos="ADV">away </w><w c5="CJC" hw="or" pos="CONJ">or </w><w c5="PNP" hw="you" pos="PRON">you </w><w c5="VVB" hw="take" pos="VERB">take </w><w c5="PNP" hw="it" pos="PRON">it </w><w c5="PRP" hw="to" pos="PREP">to </w><w c5="AT0" hw="the" pos="ART">the </w><w c5="NN1" hw="tip" pos="SUBST">tip </w><w c5="PNX" hw="yourself" pos="PRON">yourself</w><c c5="PUN">.</c></s>
<s n="77"><w c5="CJS" hw="as" pos="CONJ">As </w><w c5="AT0" hw="the" pos="ART">the </w><w c5="NN1" hw="problem" pos="SUBST">problem </w><w c5="VM0" hw="will" pos="VERB">will </w><w c5="VVI" hw="continue" pos="VERB">continue </w><w c5="PRP" hw="with" pos="PREP">with </w><w c5="AT0" hw="the" pos="ART">the </w><w c5="AJ0" hw="great" pos="ADJ">Great </w><w c5="NP0" hw="autumn-putting-to-bed" pos="SUBST">Autumn-Putting-to-Bed </w><w c5="CJC" hw="and" pos="CONJ">and </w><w c5="AT0" hw="the" pos="ART">the </w><w c5="AJ0" hw="great" pos="ADJ">Great </w><w c5="NN1" hw="spring-tidy-up" pos="SUBST">Spring-Tidy-Up </w><w c5="CJC" hw="and" pos="CONJ">and </w><w c5="DT0" hw="all" pos="ADJ">all </w><w c5="AT0" hw="the" pos="ART">the </w><w c5="NN1-VVG" hw="cutting" pos="SUBST">cutting </w><w c5="AVP" hw="back" pos="ADV">back </w><mw c5="AV0"><w c5="AVP" hw="in" pos="ADV">in </w><w c5="PRP" hw="between" pos="PREP">between</w></mw><c c5="PUN">, </c><w c5="AT0" hw="a" pos="ART">a </w><w c5="NN1" hw="store" pos="SUBST">store </w><w c5="PRF" hw="of" pos="PREP">of </w><w c5="AJ0" hw="large" pos="ADJ">large </w><w c5="NN2" hw="sack" pos="SUBST">sacks </w><w c5="VBZ" hw="be" pos="VERB">is </w><w c5="AJ0" hw="essential" pos="ADJ">essential</w><c c5="PUN">.</c></s></p><p>
<s n="78"><w c5="ORD" hw="next" pos="ADJ">Next </w><w c5="PNP" hw="it" pos="PRON">it </w><w c5="VBZ" hw="be" pos="VERB">is </w><w c5="VVG-AJ0" hw="feed" pos="VERB">feeding </w><w c5="NN1" hw="time" pos="SUBST">time</w><c c5="PUN">.</c></s>
<s n="79"><w c5="DTQ" hw="what" pos="PRON">What </w><w c5="AT0" hw="the" pos="ART">the </w><w c5="NN1" hw="soil" pos="SUBST">soil </w><w c5="NN2-VVZ" hw="need" pos="SUBST">needs </w><w c5="VBZ" hw="be" pos="VERB">is </w><w c5="NN1" hw="body" pos="SUBST">body</w><c c5="PUN">, </c><w c5="NN1" hw="humus" pos="SUBST">humus</w><c c5="PUN">, </c><w c5="NN1-VVB" hw="bulk" pos="SUBST">bulk </w><w c5="CJC" hw="and" pos="CONJ">and </w><w c5="NN2" hw="nutrient" pos="SUBST">nutrients</w><c c5="PUN">.</c></s>
<s n="80"><w c5="AJ0" hw="home-made" pos="ADJ">Home-made </w><w c5="NN1" hw="compost" pos="SUBST">compost </w><w c5="VBZ" hw="be" pos="VERB">is </w><w c5="AJ0" hw="wonderful" pos="ADJ">wonderful</w><c c5="PUN">, </c><w c5="CJC" hw="but" pos="CONJ">but </w><w c5="PNP" hw="you" pos="PRON">you </w><w c5="VM0" hw="will" pos="VERB">will </w><w c5="VVI" hw="need" pos="VERB">need </w><w c5="AT0" hw="a" pos="ART">a </w><w c5="NN1" hw="lot" pos="SUBST">lot </w><w c5="PRF" hw="of" pos="PREP">of </w><w c5="NN1" hw="space" pos="SUBST">space </w><w c5="TO0" hw="to" pos="PREP">to </w><w c5="VVI" hw="make" pos="VERB">make </w><w c5="AT0" hw="the" pos="ART">the </w><w c5="AJ0" hw="necessary" pos="ADJ">necessary </w><w c5="NN1" hw="amount" pos="SUBST">amount</w><c c5="PUN">.</c></s></p><p>
<s n="81"><w c5="DTQ" hw="what" pos="PRON">What </w><w c5="VDB" hw="do" pos="VERB">do </w><w c5="PNP" hw="you" pos="PRON">you </w><w c5="VVI" hw="get" pos="VERB">get </w><w c5="CJC" hw="and" pos="CONJ">and </w><w c5="AVQ" hw="where" pos="ADV">where </w><w c5="VDB" hw="do" pos="VERB">do </w><w c5="PNP" hw="you" pos="PRON">you </w><w c5="VVI" hw="get" pos="VERB">get </w><w c5="PNP" hw="it" pos="PRON">it</w><c c5="PUN">?</c></s>
<s n="82"><w c5="PNP" hw="i" pos="PRON">I </w><w c5="VHB" hw="have" pos="VERB">have </w><w c5="AV0" hw="never" pos="ADV">never </w><w c5="VVN" hw="find" pos="VERB">found </w><w c5="AT0" hw="the" pos="ART">the </w><w c5="AJ0" hw="perfect" pos="ADJ">perfect </w><w c5="NN1" hw="answer" pos="SUBST">answer</w><c c5="PUN">.</c></s>
<s n="83"><w c5="NN1" hw="garden" pos="SUBST">Garden </w><w c5="NN2" hw="centre" pos="SUBST">centres </w><w c5="VM0" hw="will" pos="VERB">will </w><w c5="VHI" hw="have" pos="VERB">have </w><w c5="NN1" hw="horse" pos="SUBST">horse </w><w c5="CJC" hw="and" pos="CONJ">and </w><w c5="NN1-VVB" hw="hop" pos="SUBST">hop </w><w c5="CJC" hw="or" pos="CONJ">or </w><w c5="NN1" hw="horse" pos="SUBST">horse </w><w c5="CJC" hw="and" pos="CONJ">and </w><w c5="NN1-VVB" hw="mushroom" pos="SUBST">mushroom</w><c c5="PUN">, </c><w c5="CJC" hw="but" pos="CONJ">but </w><w c5="PNP" hw="they" pos="PRON">they </w><w c5="VBB" hw="be" pos="VERB">are </w><w c5="XX0" hw="not" pos="ADV">not </w><w c5="AJ0" hw="cheap" pos="ADJ">cheap</w><c c5="PUN">, </c><w c5="VM0" hw="can" pos="VERB">can </w><w c5="VBI" hw="be" pos="VERB">be </w><w c5="AJ0" hw="full" pos="ADJ">full </w><w c5="PRF" hw="of" pos="PREP">of </w><w c5="NN1" hw="weed" pos="SUBST">weed </w><w c5="NN1" hw="seed" pos="SUBST">seed </w><w c5="CJC" hw="and" pos="CONJ">and</w><c c5="PUN">, </c><w c5="CJS" hw="if" pos="CONJ">if </w><w c5="NN1" hw="sawdust" pos="SUBST">sawdust </w><w c5="CJC" hw="and" pos="CONJ">and </w><w c5="XX0" hw="not" pos="ADV">not </w><w c5="NN1" hw="straw" pos="SUBST">straw </w><w c5="VBZ" hw="be" pos="VERB">is </w><w c5="VVN" hw="use" pos="VERB">used </w><w c5="PRP" hw="in" pos="PREP">in </w><w c5="AT0" hw="the" pos="ART">the </w><w c5="NN1" hw="horse" pos="SUBST">horse</w><w c5="POS" hw="'s" pos="UNC">'s </w><w c5="AJ0" hw="stable" pos="ADJ">stable</w><c c5="PUN">, </c><w c5="CJC" hw="and" pos="CONJ">and </w><w c5="VM0" hw="can" pos="VERB">can </w><w c5="VVI" hw="create" pos="VERB">create </w><w c5="NN2" hw="problem" pos="SUBST">problems </w><w c5="PRF" hw="of" pos="PREP">of </w><w c5="NN1" hw="nitrogen" pos="SUBST">nitrogen </w><w c5="NN1" hw="deficiency" pos="SUBST">deficiency</w><c c5="PUN">.</c></s></p><p>
<s n="84"><w c5="NN1" hw="sawdust" pos="SUBST">Sawdust </w><c c5="PUL">(</c><w c5="CJS" hw="as" pos="CONJ">as </w><w c5="PNP" hw="i" pos="PRON">I</w><c c5="PUN">, </c><w c5="AV0" hw="imperfectly" pos="ADV">imperfectly</w><c c5="PUN">, </c><w c5="VVB" hw="understand" pos="VERB">understand </w><w c5="PNP" hw="it" pos="PRON">it</w><c c5="PUR">) </c><w c5="VVZ" hw="use" pos="VERB">uses </w><w c5="DT0" hw="all" pos="ADJ">all </w><w c5="AT0" hw="the" pos="ART">the </w><w c5="NN1" hw="nitrogen" pos="SUBST">nitrogen </w><w c5="TO0" hw="to" pos="PREP">to </w><w c5="VVI" hw="rot" pos="VERB">rot </w><w c5="PNX" hw="itself" pos="PRON">itself </w><w c5="AVP" hw="down" pos="ADV">down</w><c c5="PUN">.</c></s>
<s n="85"><w c5="PNP" hw="i" pos="PRON">I </w><w c5="VVD" hw="put" pos="VERB">put </w><w c5="NP0" hw="growmore" pos="SUBST">Growmore </w><w c5="NN1" hw="fertiliser" pos="SUBST">fertiliser </w><w c5="AVP-PRP" hw="on" pos="ADV">on </w><w c5="PRP" hw="at" pos="PREP">at </w><w c5="AT0" hw="the" pos="ART">the </w><w c5="DT0" hw="same" pos="ADJ">same </w><w c5="NN1" hw="time" pos="SUBST">time </w><w c5="CJS" hw="as" pos="CONJ">as </w><w c5="AT0" hw="the" pos="ART">the </w><w c5="NN1" hw="compost" pos="SUBST">compost </w><w c5="CJC" hw="and" pos="CONJ">and </w><w c5="PNP" hw="it" pos="PRON">it </w><w c5="VVZ" hw="seem" pos="VERB">seems </w><w c5="TO0" hw="to" pos="PREP">to </w><w c5="VHI" hw="have" pos="VERB">have </w><w c5="AT0" hw="no" pos="ART">no </w><w c5="NN2" hw="ill-effect" pos="SUBST">ill-effects</w><c c5="PUN">.</c></s>
<s n="86"><w c5="AT0" hw="the" pos="ART">The </w><w c5="AJ0" hw="local" pos="ADJ">local </w><w c5="NN1" hw="garden" pos="SUBST">garden </w><w c5="CJC" hw="or" pos="CONJ">or </w><w c5="NN1" hw="allotment" pos="SUBST">allotment </w><w c5="NN1" hw="society" pos="SUBST">society </w><w c5="VM0" hw="may" pos="VERB">may </w><w c5="VHI" hw="have" pos="VERB">have </w><w c5="NN1" hw="access" pos="SUBST">access </w><w c5="PRP" hw="to" pos="PREP">to </w><w c5="AJ0" hw="good" pos="ADJ">good </w><w c5="AJ0" hw="cheap" pos="ADJ">cheap </w><w c5="NN1" hw="muck" pos="SUBST">muck</w><c c5="PUN">; </c><w c5="NN2" hw="stable" pos="SUBST">stables </w><w c5="AV0" hw="sometimes" pos="ADV">sometimes </w><w c5="VVB" hw="let" pos="VERB">let </w><w c5="PNP" hw="you" pos="PRON">you </w><w c5="VVI" hw="take" pos="VERB">take </w><w c5="PNP" hw="it" pos="PRON">it </w><w c5="AJ0" hw="free" pos="ADJ">free</w><c c5="PUN">, </c><w c5="CJC" hw="but" pos="CONJ">but </w><w c5="DT0" hw="this" pos="ADJ">this </w><w c5="VM0" hw="will" pos="VERB">will </w><w c5="VBI" hw="be" pos="VERB">be </w><w c5="VVG-AJ0" hw="steam" pos="VERB">steaming </w><w c5="AJ0" hw="fresh" pos="ADJ">fresh </w><w c5="CJC" hw="and" pos="CONJ">and </w><w c5="VVZ" hw="need" pos="VERB">needs </w><w c5="NN1" hw="time" pos="SUBST">time</w><c c5="PUN">, </c><w c5="CJC" hw="and" pos="CONJ">and </w><w c5="NN1-VVB" hw="space" pos="SUBST">space</w><c c5="PUN">, </c><w c5="TO0" hw="to" pos="PREP">to </w><w c5="VVI" hw="rot" pos="VERB">rot</w><c c5="PUN">.</c></s>
<s n="87"><w c5="AJ0" hw="good" pos="ADJ">Good </w><w c5="NN1" hw="farmyard" pos="SUBST">farmyard </w><w c5="NN1" hw="manure" pos="SUBST">manure </w><w c5="VBZ" hw="be" pos="VERB">is </w><w c5="DTQ" hw="what" pos="PRON">what </w><w c5="PNP" hw="we" pos="PRON">we </w><w c5="DT0" hw="all" pos="ADJ">all </w><w c5="VVB-NN1" hw="need" pos="VERB">need </w><w c5="PRP-AVP" hw="in" pos="PREP">in </w><w c5="NN2" hw="town" pos="SUBST">towns</w><c c5="PUN">, </c><w c5="CJC" hw="and" pos="CONJ">and </w><w c5="PNP" hw="i" pos="PRON">I </w><w c5="VBB" hw="be" pos="VERB">am </w><w c5="AJ0-AV0" hw="sure" pos="ADJ">sure </w><w c5="AT0" hw="a" pos="ART">a </w><w c5="NN1" hw="farmer" pos="SUBST">farmer </w><w c5="VM0" hw="could" pos="VERB">could </w><w c5="VVI" hw="make" pos="VERB">make </w><w c5="NN1" hw="money" pos="SUBST">money </w><w c5="VVG-NN1" hw="markete" pos="VERB">marketing </w><w c5="DPS" hw="he" pos="PRON">his </w><w c5="NN1" hw="pig" pos="SUBST">pig</w><c c5="PUN">, </c><w c5="NN1-VVB" hw="chicken" pos="SUBST">chicken </w><w c5="CJC" hw="and" pos="CONJ">and </w><w c5="NN1" hw="cow" pos="SUBST">cow </w><w c5="NN1" hw="dung" pos="SUBST">dung</w><c c5="PUN">.</c></s>
<s n="88"><w c5="CJS" hw="if" pos="CONJ">If </w><w c5="PNP" hw="you" pos="PRON">you </w><w c5="VM0" hw="can" pos="VERB">can</w><w c5="XX0" hw="not" pos="ADV">not </w><w c5="VDI" hw="do" pos="VERB">do </w><w c5="AT0" hw="the" pos="ART">the </w><w c5="AJ0" hw="whole" pos="ADJ">whole </w><w c5="NN1" hw="garden" pos="SUBST">garden </w><mw c5="AV0"><w c5="PRP" hw="at" pos="PREP">at </w><w c5="AV0" hw="once" pos="ADV">once</w></mw><c c5="PUN">, </c><w c5="PNP" hw="i" pos="PRON">I </w><w c5="VHB" hw="have" pos="VERB">have </w><w c5="VVN" hw="find" pos="VERB">found </w><w c5="PNP" hw="it" pos="PRON">it </w><w c5="AJC" hw="good" pos="ADJ">better </w><w c5="TO0" hw="to" pos="PREP">to </w><w c5="VDI" hw="do" pos="VERB">do </w><w c5="AT0" hw="a" pos="ART">a </w><w c5="AJ0" hw="small" pos="ADJ">small </w><w c5="NN1" hw="area" pos="SUBST">area </w><w c5="AV0" hw="really" pos="ADV">really </w><w c5="AV0-AJ0" hw="well" pos="ADV">well </w><w c5="CJC" hw="and" pos="CONJ">and </w><w c5="AV0" hw="then" pos="ADV">then </w><w c5="VVB" hw="concentrate" pos="VERB">concentrate </w><w c5="PRP-AVP" hw="on" pos="PREP">on </w><w c5="DT0" hw="another" pos="ADJ">another </w><w c5="AT0" hw="the" pos="ART">the </w><w c5="ORD" hw="next" pos="ADJ">next </w><w c5="NN1" hw="year" pos="SUBST">year</w><c c5="PUN">.</c></s></p><p>
<s n="89"><w c5="NN1-VVB" hw="leaf" pos="SUBST">Leaf </w><w c5="NN1" hw="mould" pos="SUBST">mould </w><w c5="VBZ" hw="be" pos="VERB">is </w><w c5="DTQ" hw="what" pos="PRON">what </w><w c5="PNP" hw="i" pos="PRON">I </w><w c5="AV0" hw="really" pos="ADV">really </w><w c5="NN1-VVB" hw="lust" pos="SUBST">lust </w><w c5="PRP" hw="for" pos="PREP">for</w><c c5="PUN">, </c><w c5="CJC" hw="but" pos="CONJ">but </w><mw c5="PNI"><w c5="AT0" hw="no" pos="ART">no </w><w c5="PNI" hw="one" pos="PRON">one </w></mw><w c5="VVZ" hw="sell" pos="VERB">sells </w><w c5="PNP" hw="it" pos="PRON">it </w><w c5="CJC" hw="and" pos="CONJ">and </w><w c5="PNP" hw="it" pos="PRON">it </w><w c5="VM0" hw="would" pos="VERB">would </w><w c5="VBI" hw="be" pos="VERB">be </w><w c5="AV0" hw="ecologically" pos="ADV">ecologically </w><w c5="AJ0" hw="unsound" pos="ADJ">unsound </w><w c5="CJC" hw="and" pos="CONJ">and </w><w c5="AV0" hw="legally" pos="ADV">legally </w><w c5="AJ0" hw="unwise" pos="ADJ">unwise </w><w c5="TO0" hw="to" pos="PREP">to </w><w c5="VVI" hw="go" pos="VERB">go </w><w c5="VVG" hw="dig" pos="VERB">digging </w><w c5="PNP" hw="it" pos="PRON">it </w><mw c5="PRP"><w c5="AVP" hw="out" pos="ADV">out </w><w c5="PRF" hw="of" pos="PREP">of </w></mw><w c5="NP0" hw="wimbledon" pos="SUBST">Wimbledon </w><w c5="AJ0" hw="common" pos="ADJ">Common</w><c c5="PUN">.</c></s>
<s n="90"><w c5="PNP" hw="i" pos="PRON">I </w><w c5="AV0" hw="now" pos="ADV">now </w><w c5="VVB-NN1" hw="use" pos="VERB">use </w><w c5="NN1" hw="dug" pos="SUBST">Dug</w><c c5="PUN">, </c><w c5="AT0" hw="a" pos="ART">a </w><w c5="AJ0" hw="decomposed" pos="ADJ">decomposed </w><w c5="NN0" hw="poultry" pos="SUBST">poultry </w><w c5="NN1-VVB" hw="manure" pos="SUBST">manure </w><w c5="PRP" hw="from" pos="PREP">from </w><w c5="NP0" hw="pelco" pos="SUBST">Pelco</w><c c5="PUN">, </c><w c5="CJS" hw="when" pos="CONJ">when </w><w c5="VVG-NN1" hw="plant" pos="VERB">planting </w><w c5="CJC" hw="and" pos="CONJ">and </w><w c5="VVB" hw="give" pos="VERB">give </w><w c5="AT0" hw="an" pos="ART">an </w><w c5="AJ0" hw="annual" pos="ADJ">annual </w><w c5="NN1" hw="mulch" pos="SUBST">mulch </w><w c5="PRF" hw="of" pos="PREP">of </w><w c5="NN1" hw="bark" pos="SUBST">bark </w><w c5="PRP" hw="to" pos="PREP">to </w><w c5="AT0" hw="the" pos="ART">the </w><w c5="NN1" hw="acid" pos="SUBST">acid </w><w c5="NN2" hw="area" pos="SUBST">areas </w><w c5="CJC" hw="and" pos="CONJ">and </w><w c5="VVD-VVN" hw="spend" pos="VERB">spent </w><w c5="NN1" hw="mushroom" pos="SUBST">mushroom </w><w c5="NN1" hw="compost" pos="SUBST">compost </w><w c5="PRP" hw="to" pos="PREP">to </w><w c5="AT0" hw="the" pos="ART">the </w><w c5="NN1" hw="rest" pos="SUBST">rest</w><c c5="PUN">; </c><w c5="PNP" hw="it" pos="PRON">it </w><w c5="VVZ" hw="improve" pos="VERB">improves </w><w c5="AT0" hw="the" pos="ART">the </w><w c5="NN1" hw="body" pos="SUBST">body </w><w c5="PRF" hw="of" pos="PREP">of </w><w c5="DPS" hw="i" pos="PRON">my </w><w c5="AJ0" hw="sandy" pos="ADJ">sandy </w><w c5="NN1" hw="soil" pos="SUBST">soil </w><w c5="CJC" hw="and" pos="CONJ">and </w><w c5="AV0" hw="also" pos="ADV">also </w><w c5="VVZ" hw="work" pos="VERB">works </w><w c5="AV0" hw="magnificently" pos="ADV">magnificently </w><w c5="PRP-CJS" hw="as" pos="PREP">as </w><w c5="AT0" hw="a" pos="ART">a </w><w c5="NN1" hw="weed" pos="SUBST">weed </w><w c5="NN1" hw="suppressor" pos="SUBST">suppressor </w><w c5="CJS" hw="if" pos="CONJ">if </w><w c5="VVN" hw="put" pos="VERB">put </w><w c5="PRP-AVP" hw="on" pos="PREP">on </w><w c5="AJ0-AV0" hw="thick" pos="ADJ">thick </w><w c5="AV0" hw="enough" pos="ADV">enough</w><c c5="PUN">.</c></s></p><p>
<s n="91"><w c5="AT0" hw="the" pos="ART">The </w><w c5="NN1" hw="mulch" pos="SUBST">mulch </w><w c5="VVD" hw="go" pos="VERB">went </w><w c5="PRP-AVP" hw="on" pos="PREP">on </w><w c5="DT0" hw="this" pos="ADJ">this </w><w c5="NN1" hw="year" pos="SUBST">year </w><w c5="PRP" hw="in" pos="PREP">in </w><w c5="NP0" hw="march" pos="SUBST">March </w><c c5="PUL">(</c><w c5="AV0" hw="together" pos="ADV">together </w><w c5="PRP" hw="with" pos="PREP">with </w><w c5="AT0" hw="the" pos="ART">the </w><w c5="NP0-NN1" hw="growmore" pos="SUBST">Growmore</w><c c5="PUN">, </c><w c5="CJS" hw="as" pos="CONJ">as </w><w c5="AV0" hw="ever" pos="ADV">ever</w><c c5="PUR">)</c><c c5="PUN">, </c><w c5="CJC" hw="and" pos="CONJ">and </w><w c5="AV0" hw="only" pos="ADV">only </w><w c5="AT0" hw="the" pos="ART">the </w><w c5="AJS" hw="keen" pos="ADJ">keenest </w><w c5="NN2" hw="weed" pos="SUBST">weeds </w><w c5="VHB" hw="have" pos="VERB">have </w><w c5="VVN" hw="manage" pos="VERB">managed </w><w c5="TO0" hw="to" pos="PREP">to </w><w c5="VVI" hw="struggle" pos="VERB">struggle </w><w c5="AVP" hw="through" pos="ADV">through</w><c c5="PUN">.</c></s>
<s n="92"><w c5="AT0" hw="the" pos="ART">The </w><w c5="NN1" hw="mushroom" pos="SUBST">mushroom </w><w c5="NN1" hw="compost" pos="SUBST">compost </w><w c5="VM0" hw="might" pos="VERB">might </w><w c5="VVI" hw="look" pos="VERB">look </w><mw c5="AV0"><w c5="AT0" hw="a" pos="ART">a </w><w c5="NN1" hw="bit" pos="SUBST">bit </w></mw><w c5="AJ0" hw="straw-like" pos="ADJ">straw-like </w><mw c5="AV0"><w c5="PRP" hw="at" pos="PREP">at </w><w c5="ORD" hw="first" pos="ADJ">first</w></mw><c c5="PUN">, </c><w c5="CJC" hw="but" pos="CONJ">but </w><w c5="AT0" hw="the" pos="ART">the </w><w c5="NN2" hw="plant" pos="SUBST">plants </w><w c5="AV0" hw="soon" pos="ADV">soon </w><w c5="VVB" hw="grow" pos="VERB">grow </w><w c5="AV0" hw="together" pos="ADV">together </w><w c5="PRP" hw="over" pos="PREP">over </w><w c5="PNP" hw="it" pos="PRON">it</w><c c5="PUN">.</c></s>
<s n="93"><w c5="CJS" hw="when" pos="CONJ">When </w><w c5="PNP" hw="i" pos="PRON">I </w><w c5="VVB" hw="think" pos="VERB">think </w><w c5="PRF" hw="of" pos="PREP">of </w><w c5="AT0" hw="the" pos="ART">the </w><w c5="NN2" hw="hour" pos="SUBST">hours </w><w c5="PRF" hw="of" pos="PREP">of </w><w c5="VVG" hw="weed" pos="VERB">weeding </w><w c5="PNP" hw="it" pos="PRON">it </w><w c5="VVZ" hw="save" pos="VERB">saves</w><c c5="PUN">, </c><w c5="PNP" hw="it" pos="PRON">it </w><w c5="VVZ" hw="appear" pos="VERB">appears </w><w c5="PNI" hw="nothing" pos="PRON">nothing </w><w c5="PRP" hw="but" pos="PREP">but </w><w c5="AJ0" hw="beautiful" pos="ADJ">beautiful </w><w c5="PRP" hw="to" pos="PREP">to </w><w c5="PNP" hw="i" pos="PRON">me</w><c c5="PUN">.</c></s>
<s n="94"><w c5="AT0" hw="the" pos="ART">The </w><w c5="NN2" hw="mushroom" pos="SUBST">mushrooms </w><w c5="VBB" hw="be" pos="VERB">are </w><w c5="AJ0" hw="good" pos="ADJ">good </w><w c5="AV0" hw="too" pos="ADV">too</w><c c5="PUN">.</c></s></p></div><div level="1" n="891014 edition -- Weekend Garden Page 43"><head type="MAIN">
<s n="95"><w c5="PRP" hw="in" pos="PREP">In </w><w c5="AT0" hw="the" pos="ART">the </w><w c5="NN1" hw="garden" pos="SUBST">Garden </w><w c5="NN1-VVB" hw="update" pos="SUBST">Update</w><c c5="PUN">: </c><w c5="NP0" hw="rosy" pos="SUBST">Rosy </w><w c5="NN2" hw="delay" pos="SUBST">delays</w></s></head><head type="BYLINE">
<s n="96"><w c5="PRP" hw="by" pos="PREP">By </w><w c5="NP0" hw="sally" pos="SUBST">SALLY </w><w c5="NP0-NN1" hw="tamplin" pos="SUBST">TAMPLIN</w></s></head><p>
<s n="97"><w c5="AJ0" hw="commercial" pos="ADJ">COMMERCIAL </w><w c5="NN1" hw="rose" pos="SUBST">rose </w><w c5="NN2" hw="grower" pos="SUBST">growers </w><w c5="VBB" hw="be" pos="VERB">are </w><w c5="VVG" hw="pray" pos="VERB">praying </w><w c5="PRP" hw="for" pos="PREP">for </w><w c5="NN1" hw="rain" pos="SUBST">rain </w><w c5="CJS" hw="so" pos="CONJ">so </w><w c5="PNP" hw="they" pos="PRON">they </w><w c5="VM0" hw="can" pos="VERB">can </w><w c5="VVI" hw="start" pos="VERB">start </w><w c5="VVG" hw="get" pos="VERB">getting </w><w c5="AJ0" hw="bare-root" pos="ADJ">bare-root </w><w c5="NN2" hw="plant" pos="SUBST">plants </w><mw c5="PRP"><w c5="AVP" hw="out" pos="ADV">out </w><w c5="PRF" hw="of" pos="PREP">of </w></mw><w c5="AT0" hw="the" pos="ART">the </w><w c5="NN1" hw="ground" pos="SUBST">ground </w><w c5="CJC" hw="and" pos="CONJ">and </w><w c5="AV0" hw="away" pos="ADV">away </w><w c5="PRP" hw="to" pos="PREP">to </w><w c5="NN2" hw="customer" pos="SUBST">customers</w><c c5="PUN">.</c></s>
<s n="98"><w c5="NN2" hw="delivery" pos="SUBST">Deliveries</w><c c5="PUN">, </c><w c5="PNP" hw="they" pos="PRON">they </w><w c5="VVB" hw="warn" pos="VERB">warn</w><c c5="PUN">, </c><w c5="VBB" hw="be" pos="VERB">are </w><w c5="AJ0" hw="likely" pos="ADJ">likely </w><w c5="TO0" hw="to" pos="PREP">to </w><w c5="VBI" hw="be" pos="VERB">be </w><mw c5="AV0"><w c5="AT0" hw="a" pos="ART">a </w><w c5="AV0" hw="little" pos="ADV">little </w></mw><w c5="AV0-AJ0" hw="late" pos="ADV">late </w><w c5="DT0" hw="this" pos="ADJ">this </w><w c5="NN1" hw="year" pos="SUBST">year</w><c c5="PUN">, </c><w c5="CJC" hw="but" pos="CONJ">but </w><w c5="VVD-AJ0" hw="rise" pos="VERB">rose </w><w c5="NN1" hw="planting" pos="SUBST">planting </w><w c5="VM0" hw="can" pos="VERB">can </w><w c5="AV0" hw="safely" pos="ADV">safely </w><w c5="VBI" hw="be" pos="VERB">be </w><w c5="VDN" hw="do" pos="VERB">done </w><w c5="PRP" hw="in" pos="PREP">in </w><w c5="DT0" hw="any" pos="ADJ">any </w><w c5="AJ0" hw="frost-free" pos="ADJ">frost-free </w><w c5="NN1" hw="period" pos="SUBST">period </w><w c5="PRP" hw="between" pos="PREP">between </w><w c5="NP0" hw="october" pos="SUBST">October </w><w c5="CJC" hw="and" pos="CONJ">and </w><w c5="NP0" hw="march" pos="SUBST">March</w><c c5="PUN">.</c></s></p></div><div level="1" n="891014 edition -- Weekend Garden Page 43"><head type="MAIN">
<s n="99"><w c5="PRP" hw="in" pos="PREP">In </w><w c5="AT0" hw="the" pos="ART">the </w><w c5="NN1" hw="garden" pos="SUBST">Garden </w><w c5="NN1-VVB" hw="update" pos="SUBST">Update</w><c c5="PUN">: </c><w c5="AJ0" hw="alpine" pos="ADJ">Alpine </w><w c5="NN2" hw="prize" pos="SUBST">prizes</w></s></head><head type="MAIN">
<s n="100"><w c5="NN1" hw="weekend" pos="SUBST">Weekend </w><w c5="NN1" hw="garden" pos="SUBST">Garden </w><w c5="NN1" hw="page" pos="SUBST">Page </w><w c5="CRD" hw="43" pos="ADJ">43</w></s></head><head type="MAIN">
<s n="101"><w c5="PRP" hw="in" pos="PREP">In </w><w c5="AT0" hw="the" pos="ART">the </w><w c5="NN1" hw="garden" pos="SUBST">Garden </w><w c5="NN1-VVB" hw="update" pos="SUBST">Update</w><c c5="PUN">: </c><w c5="AJ0" hw="herbal" pos="ADJ">Herbal </w><w c5="NN1" hw="calendar" pos="SUBST">calendar</w></s></head><head type="BYLINE">
<s n="102"><w c5="PRP" hw="by" pos="PREP">By </w><w c5="NP0" hw="sally" pos="SUBST">SALLY </w><w c5="NP0-NN1" hw="tamplin" pos="SUBST">TAMPLIN</w></s></head><p>
<s n="103"><w c5="NP0" hw="caroline" pos="SUBST">CAROLINE </w><w c5="NP0" hw="holmes" pos="SUBST">HOLMES</w><c c5="PUN">, </c><w c5="PNQ" hw="who" pos="PRON">who </w><w c5="VHZ" hw="have" pos="VERB">has </w><w c5="DPS" hw="she" pos="PRON">her </w><w c5="DT0" hw="own" pos="ADJ">own </w><w c5="NN1" hw="herb" pos="SUBST">herb </w><w c5="NN1" hw="nursery" pos="SUBST">nursery </w><w c5="PRP" hw="at" pos="PREP">at </w><w c5="NP0" hw="denham" pos="SUBST">Denham </w><w c5="NN1" hw="end" pos="SUBST">End </w><w c5="NN1" hw="farm" pos="SUBST">Farm</w><c c5="PUN">, </c><w c5="NP0" hw="denham" pos="SUBST">Denham</w><c c5="PUN">, </c><w c5="PRP" hw="near" pos="PREP">near </w><w c5="NP0" hw="bury" pos="SUBST">Bury </w><w c5="NP0" hw="st" pos="SUBST">St </w><w c5="NP0" hw="edmunds" pos="SUBST">Edmunds</w><c c5="PUN">, </c><w c5="VM0" hw="will" pos="VERB">will </w><w c5="VBI" hw="be" pos="VERB">be </w><w c5="VVG" hw="choose" pos="VERB">choosing </w><w c5="CJC" hw="and" pos="CONJ">and </w><w c5="VVG" hw="talk" pos="VERB">talking </w><w c5="PRP" hw="about" pos="PREP">about </w><w c5="AT0" hw="a" pos="ART">a </w><w c5="NN1" hw="calendar" pos="SUBST">Calendar </w><w c5="PRF" hw="of" pos="PREP">of </w><w c5="NN2" hw="herb" pos="SUBST">Herbs </w><w c5="PRP" hw="on" pos="PREP">on </w><w c5="NP0" hw="monday" pos="SUBST">Monday </w><c c5="PUL">(</c><w c5="AV0" hw="7pm" pos="ADV">7pm</w><c c5="PUR">) </c><w c5="PRP" hw="at" pos="PREP">at </w><w c5="AT0" hw="the" pos="ART">the </w><w c5="NN1" hw="museum" pos="SUBST">Museum </w><w c5="PRF" hw="of" pos="PREP">of </w><w c5="NN1" hw="garden" pos="SUBST">Garden </w><w c5="NN1" hw="history" pos="SUBST">History</w><c c5="PUN">, </c><w c5="NP0" hw="st" pos="SUBST">St </w><w c5="NP0" hw="mary" pos="SUBST">Mary </w><w c5="PRP" hw="at" pos="PREP">at </w><w c5="NP0" hw="lambeth" pos="SUBST">Lambeth</w><c c5="PUN">, </c><w c5="NP0" hw="lambeth" pos="SUBST">Lambeth </w><w c5="NN1" hw="palace" pos="SUBST">Palace</w><c c5="PUN">, </c><w c5="NP0" hw="london" pos="SUBST">London </w><w c5="UNC" hw="se1" pos="UNC">SE1</w><c c5="PUN">.</c></s>
<s n="104"><w c5="NN1" hw="admission" pos="SUBST">Admission </w><w c5="NN0" hw="£3" pos="UNC">£3</w><c c5="PUN">.</c></s>
<s n="105"><w c5="NN1" hw="money" pos="SUBST">Money </w><w c5="VVN" hw="raise" pos="VERB">raised </w><w c5="VM0" hw="will" pos="VERB">will </w><w c5="VVI" hw="go" pos="VERB">go </w><w c5="PRP" hw="towards" pos="PREP">towards </w><w c5="AT0" hw="the" pos="ART">the </w><w c5="NN1" hw="appeal" pos="SUBST">appeal </w><w c5="TO0" hw="to" pos="PREP">to </w><w c5="VVI" hw="establish" pos="VERB">establish </w><w c5="AT0" hw="a" pos="ART">a </w><w c5="AJ0" hw="permanent" pos="ADJ">permanent </w><w c5="NN1" hw="museum" pos="SUBST">museum </w><w c5="PRP" hw="on" pos="PREP">on </w><w c5="AT0" hw="the" pos="ART">the </w><w c5="NP0" hw="lambeth" pos="SUBST">Lambeth </w><w c5="NN1" hw="site" pos="SUBST">site</w><c c5="PUN">.</c></s></p></div><div level="1" n="891014 edition -- Weekend Garden Page 43"><head type="MAIN">
<s n="106"><w c5="PRP" hw="in" pos="PREP">In </w><w c5="AT0" hw="the" pos="ART">the </w><w c5="NN1" hw="garden" pos="SUBST">Garden </w><w c5="NN1-VVB" hw="update" pos="SUBST">Update</w><c c5="PUN">: </c><w c5="NN1" hw="weekend" pos="SUBST">Weekend </w><w c5="NN1-VVB" hw="work" pos="SUBST">work</w></s></head><head type="BYLINE">
<s n="107"><w c5="PRP" hw="by" pos="PREP">By </w><w c5="NP0" hw="sally" pos="SUBST">SALLY </w><w c5="NP0-NN1" hw="tamplin" pos="SUBST">TAMPLIN</w></s></head><p>
<s n="108"><w c5="PRP" hw="like" pos="PREP">LIKE </w><w c5="DT0" hw="many" pos="ADJ">many </w><w c5="AJ0" hw="other" pos="ADJ">other </w><w c5="NN2" hw="plant" pos="SUBST">plants</w><c c5="PUN">, </c><w c5="NN1" hw="asparagus" pos="SUBST">asparagus </w><w c5="VVZ" hw="seem" pos="VERB">seems </w><w c5="TO0" hw="to" pos="PREP">to </w><w c5="VHI" hw="have" pos="VERB">have </w><w c5="VVN" hw="get" pos="VERB">got </w><w c5="AT0" hw="a" pos="ART">a </w><w c5="ORD" hw="second" pos="ADJ">second </w><w c5="NN1" hw="wind" pos="SUBST">wind</w><c c5="PUN">.</c></s>
<s n="109"><w c5="AJ0" hw="fresh" pos="ADJ">Fresh </w><w c5="AJ0-NN1" hw="green" pos="ADJ">green </w><w c5="NN2" hw="growth" pos="SUBST">growths </w><w c5="VM0" hw="should" pos="VERB">should </w><w c5="XX0" hw="not" pos="ADV">not </w><w c5="VBI" hw="be" pos="VERB">be </w><w c5="VVN" hw="cut" pos="VERB">cut </w><w c5="AVP" hw="down" pos="ADV">down</w><c c5="PUN">, </c><w c5="CJC" hw="but" pos="CONJ">but </w><w c5="DT0" hw="any" pos="ADJ">any </w><w c5="NN2" hw="stem" pos="SUBST">stems </w><w c5="CJT" hw="that" pos="CONJ">that </w><w c5="VHB" hw="have" pos="VERB">have </w><w c5="VVN" hw="yellow" pos="VERB">yellowed </w><w c5="CJC" hw="and" pos="CONJ">and </w><w c5="VVN" hw="wither" pos="VERB">withered </w><w c5="VM0" hw="can" pos="VERB">can </w><w c5="VBI" hw="be" pos="VERB">be </w><w c5="VVN" hw="clear" pos="VERB">cleared </w><w c5="AV0" hw="away" pos="ADV">away</w><c c5="PUN">.</c></s>
<s n="110"><w c5="AT0" hw="a" pos="ART">A </w><w c5="AJ0" hw="thick" pos="ADJ">thick </w><w c5="NN1" hw="mulch" pos="SUBST">mulch </w><w c5="PRF" hw="of" pos="PREP">of </w><w c5="NN1" hw="mushroom" pos="SUBST">mushroom </w><w c5="NN1-VVB" hw="compost" pos="SUBST">compost </w><w c5="PRP" hw="round" pos="PREP">round </w><w c5="AT0" hw="the" pos="ART">the </w><w c5="NN2" hw="crown" pos="SUBST">crowns </w><w c5="VBZ" hw="be" pos="VERB">is </w><w c5="AJ0" hw="beneficial" pos="ADJ">beneficial</w><c c5="PUN">.</c></s></p><p>
<s n="111"><w c5="NN1" hw="window" pos="SUBST">Window </w><w c5="NN2" hw="box" pos="SUBST">boxes </w><w c5="VVB" hw="need" pos="VERB">need </w><w c5="VVG" hw="clear" pos="VERB">clearing </w><w c5="PRF" hw="of" pos="PREP">of </w><w c5="NN1" hw="summer" pos="SUBST">summer </w><w c5="NN1" hw="bedding" pos="SUBST">bedding</w><c c5="PUN">.</c></s>
<s n="112"><w c5="VVB" hw="fill" pos="VERB">Fill </w><w c5="AT0" hw="the" pos="ART">the </w><w c5="NN2" hw="container" pos="SUBST">containers </w><w c5="PRP" hw="with" pos="PREP">with </w><w c5="AJ0" hw="fresh" pos="ADJ">fresh </w><w c5="NN1" hw="compost" pos="SUBST">compost </w><w c5="PRP" hw="before" pos="PREP">before </w><w c5="VVG" hw="replant" pos="VERB">replanting </w><w c5="PRP" hw="with" pos="PREP">with </w><w c5="NN1" hw="winter" pos="SUBST">winter </w><w c5="NN2" hw="pansy" pos="SUBST">pansies </w><w c5="CJC" hw="or" pos="CONJ">or </w><w c5="NN1-VVB" hw="spring" pos="SUBST">spring </w><w c5="NN2" hw="bulb" pos="SUBST">bulbs</w><c c5="PUN">.</c></s>
<s n="113"><w c5="AJ0" hw="low-growing" pos="ADJ">Low-growing </w><w c5="NN2" hw="crocuse" pos="SUBST">crocuses </w><w c5="CJC" hw="and" pos="CONJ">and </w><w c5="NN2" hw="iris" pos="SUBST">irises </w><w c5="VM0" hw="will" pos="VERB">will </w><w c5="VBI" hw="be" pos="VERB">be </w><w c5="AJC" hw="easy" pos="ADJ">easier </w><w c5="TO0" hw="to" pos="PREP">to </w><w c5="VVI" hw="manage" pos="VERB">manage </w><w c5="CJS" hw="than" pos="CONJ">than </w><w c5="AJ0" hw="full-size" pos="ADJ">full-size </w><w c5="NN2" hw="daffodil" pos="SUBST">daffodils</w><c c5="PUN">, </c><w c5="DTQ" hw="which" pos="PRON">which </w><w c5="VVB" hw="get" pos="VERB">get </w><w c5="VVN" hw="beat" pos="VERB">beaten </w><w c5="AVP" hw="about" pos="ADV">about </w><w c5="PRP" hw="by" pos="PREP">by </w><w c5="NN1" hw="wind" pos="SUBST">wind </w><w c5="PRP" hw="in" pos="PREP">in </w><w c5="AJ0" hw="exposed" pos="ADJ">exposed </w><w c5="NN2" hw="situation" pos="SUBST">situations</w><c c5="PUN">.</c></s>
<s n="114"><w c5="NP0-NN1" hw="ivy" pos="SUBST">Ivy </w><w c5="VBZ" hw="be" pos="VERB">is </w><w c5="AT0" hw="an" pos="ART">an </w><w c5="AJ0" hw="elegant" pos="ADJ">elegant </w><w c5="NN1" hw="gap" pos="SUBST">gap </w><w c5="NN1" hw="filler" pos="SUBST">filler </w><w c5="PRP" hw="for" pos="PREP">for </w><w c5="NN1" hw="winter" pos="SUBST">winter </w><w c5="NN2" hw="month" pos="SUBST">months</w><c c5="PUN">.</c></s></p><p>
<s n="115"><w c5="DT0" hw="many" pos="ADJ">Many </w><w c5="NN2" hw="apple" pos="SUBST">apples </w><w c5="CJC" hw="and" pos="CONJ">and </w><w c5="NN2" hw="pear" pos="SUBST">pears </w><w c5="VBB" hw="be" pos="VERB">are </w><w c5="AV0" hw="now" pos="ADV">now </w><w c5="AJ0" hw="ready" pos="ADJ">ready </w><w c5="PRP" hw="for" pos="PREP">for </w><w c5="VVG" hw="pick" pos="VERB">picking</w><c c5="PUN">.</c></s>
<s n="116"><w c5="NN1" hw="temperature" pos="SUBST">Temperature </w><w c5="VBZ" hw="be" pos="VERB">is </w><w c5="AT0" hw="the" pos="ART">the </w><w c5="AV0" hw="most" pos="ADV">most </w><w c5="AJ0" hw="critical" pos="ADJ">critical </w><w c5="NN1" hw="factor" pos="SUBST">factor </w><w c5="PRP" hw="in" pos="PREP">in </w><w c5="AJ0" hw="successful" pos="ADJ">successful </w><w c5="NN1" hw="storage" pos="SUBST">storage</w><c c5="PUN">.</c></s>
<s n="117"><w c5="PNP" hw="it" pos="PRON">It </w><w c5="VM0" hw="should" pos="VERB">should </w><w c5="VBI" hw="be" pos="VERB">be </w><w c5="PRP" hw="between" pos="PREP">between </w><w c5="AV0" hw="36-41f" pos="ADV">36-41F</w><c c5="PUN">.</c></s>
<s n="118"><w c5="AV0" hw="somewhere" pos="ADV">Somewhere </w><w c5="AJ0-NN1" hw="dark" pos="ADJ">dark </w><w c5="CJC" hw="and" pos="CONJ">and </w><w c5="AV0" hw="slightly" pos="ADV">slightly </w><w c5="AJ0" hw="damp" pos="ADJ">damp </w><w c5="VM0" hw="will" pos="VERB">will </w><w c5="VBI" hw="be" pos="VERB">be </w><w c5="AJ0" hw="ideal" pos="ADJ">ideal</w><c c5="PUN">.</c></s>
<s n="119"><w c5="CJS" hw="if" pos="CONJ">If </w><w c5="PNP" hw="you" pos="PRON">you </w><w c5="VM0" hw="can" pos="VERB">can</w><w c5="XX0" hw="not" pos="ADV">not </w><w c5="VVI" hw="find" pos="VERB">find </w><w c5="AJ0" hw="wooden" pos="ADJ">wooden </w><w c5="NN2" hw="box" pos="SUBST">boxes</w><c c5="PUN">, </c><w c5="VVB-NN1" hw="use" pos="VERB">use </w><w c5="AJ0" hw="large" pos="ADJ">large </w><w c5="NN1" hw="polythene" pos="SUBST">polythene </w><w c5="NN2" hw="bag" pos="SUBST">bags </w><w c5="PRP" hw="for" pos="PREP">for </w><w c5="NN1" hw="storage" pos="SUBST">storage</w><c c5="PUN">, </c><w c5="CJC" hw="but" pos="CONJ">but </w><w c5="VVB" hw="leave" pos="VERB">leave </w><w c5="AT0" hw="the" pos="ART">the </w><w c5="NN1" hw="bag" pos="SUBST">bag </w><w c5="VVZ-NN2" hw="top" pos="VERB">tops </w><w c5="AJ0" hw="open" pos="ADJ">open</w><c c5="PUN">.</c></s></p><p>
<s n="120"><w c5="NN2" hw="houseplant" pos="SUBST">Houseplants </w><w c5="VM0" hw="should" pos="VERB">should </w><w c5="VBI" hw="be" pos="VERB">be </w><w c5="VVN" hw="allow" pos="VERB">allowed </w><w c5="TO0" hw="to" pos="PREP">to </w><w c5="VVI" hw="drift" pos="VERB">drift </w><w c5="PRP" hw="into" pos="PREP">into </w><w c5="NN1" hw="semi-dormancy" pos="SUBST">semi-dormancy</w><c c5="PUN">.</c></s>
<s n="121"><w c5="VVB" hw="cut" pos="VERB">Cut </w><w c5="AVP" hw="down" pos="ADV">down </w><w c5="PRP" hw="on" pos="PREP">on </w><w c5="VVG-NN1" hw="feed" pos="VERB">feeding </w><c c5="PUL">(</c><w c5="CJS" hw="once" pos="CONJ">once </w><w c5="AT0" hw="a" pos="ART">a </w><w c5="NN1" hw="month" pos="SUBST">month </w><w c5="VBZ" hw="be" pos="VERB">is </w><w c5="AV0" hw="plenty" pos="ADV">plenty</w><c c5="PUR">) </c><w c5="CJC" hw="and" pos="CONJ">and </w><w c5="NN1-VVG" hw="watering" pos="SUBST">watering</w><c c5="PUN">, </c><w c5="CJC" hw="but" pos="CONJ">but </w><w c5="VVB" hw="keep" pos="VERB">keep </w><w c5="AT0" hw="the" pos="ART">the </w><w c5="NN1" hw="atmosphere" pos="SUBST">atmosphere </w><w c5="PRP" hw="round" pos="PREP">round </w><w c5="AT0" hw="the" pos="ART">the </w><w c5="NN2" hw="plant" pos="SUBST">plants </w><w c5="AV0" hw="slightly" pos="ADV">slightly </w><w c5="AJ0" hw="humid" pos="ADJ">humid </w><w c5="PRP" hw="by" pos="PREP">by </w><w c5="VVG" hw="mist" pos="VERB">misting </w><w c5="AVP-PRP" hw="over" pos="ADV">over </w><w c5="NN2" hw="leaf" pos="SUBST">leaves</w><c c5="PUN">, </c><w c5="CJC" hw="or" pos="CONJ">or </w><w c5="VVG-NN1" hw="stand" pos="VERB">standing </w><w c5="NN2" hw="pot" pos="SUBST">pots </w><w c5="PRP" hw="on" pos="PREP">on </w><w c5="AT0" hw="a" pos="ART">a </w><w c5="NN1" hw="layer" pos="SUBST">layer </w><w c5="PRF" hw="of" pos="PREP">of </w><w c5="AJ0" hw="damp" pos="ADJ">damp </w><w c5="NN2" hw="pebble" pos="SUBST">pebbles</w><c c5="PUN">.</c></s>
<s n="122"><w c5="NN1" hw="shading" pos="SUBST">Shading </w><w c5="VM0" hw="should" pos="VERB">should </w><w c5="VBI" hw="be" pos="VERB">be </w><w c5="VVN" hw="wash" pos="VERB">washed </w><w c5="PRP-AVP" hw="off" pos="PREP">off </w><w c5="NN2" hw="greenhouse" pos="SUBST">greenhouses </w><w c5="CJC" hw="and" pos="CONJ">and </w><w c5="AJ0" hw="insulating" pos="ADJ">insulating </w><w c5="NN1" hw="film" pos="SUBST">film </w><w c5="VVN-AJ0" hw="fix" pos="VERB">fixed</w><c c5="PUN">.</c></s></p></div></wtext></bncDoc>
