<bncDoc xml:id="AL1"><teiHeader><fileDesc><titleStmt><title>  Daily Telegraph, electronic edition of 1992-04-17: Religious affairs stories. Sample containing about 309 words from a periodical (domain: belief and thought) </title><respStmt><resp> Data capture and transcription </resp><name> Oxford University Press </name> </respStmt></titleStmt><editionStmt><edition>BNC XML Edition, December 2006</edition></editionStmt><extent> 309 tokens; 310 w-units; 11 s-units </extent><publicationStmt><distributor>Distributed under licence by Oxford University Computing Services on behalf of the BNC Consortium.</distributor><availability> This material is protected by international copyright laws and may not be copied or redistributed in any way. Consult the BNC Web Site at http://www.natcorp.ox.ac.uk for full licencing and distribution conditions.</availability><idno type="bnc">AL1</idno><idno type="old"> DmBeli </idno></publicationStmt><sourceDesc><bibl><title>Daily Telegraph, electronic edition of 1992-04-17: Religious affairs stories.</title> <imprint n="DAILYT1"><publisher>The Daily Telegraph plc</publisher> <pubPlace>London</pubPlace> <date value="1992">1992</date> </imprint> </bibl></sourceDesc></fileDesc><encodingDesc><tagsDecl><namespace name=""><tagUsage gi="c" occurs="41"/><tagUsage gi="div" occurs="1"/><tagUsage gi="head" occurs="1"/><tagUsage gi="mw" occurs="2"/><tagUsage gi="p" occurs="6"/><tagUsage gi="s" occurs="11"/><tagUsage gi="w" occurs="310"/></namespace></tagsDecl></encodingDesc><profileDesc><creation date="1992"> </creation><textClass><catRef targets="WRI ALLTIM3 ALLAVA2 ALLTYP3 WRIAAG0 WRIAD0 WRIASE3 WRIATY2 WRIAUD3 WRIDOM8 WRILEV2 WRIMED2 WRIPP5 WRISAM0 WRISTA3 WRITAS3"/><classCode scheme="DLEE">W newsp brdsht nat: social</classCode><keywords><term> (none) </term></keywords></textClass></profileDesc><revisionDesc><change date="2006-10-21" who="#OUCS">Tag usage updated for BNC-XML</change><change date="2000-12-13" who="#OUCS">Last check for BNC World first release</change><change date="2000-09-06" who="#OUCS">Redo tagusage tables</change><change date="2000-09-01" who="#OUCS">Check all tagcounts</change><change date="2000-06-23" who="#OUCS">Resequenced s-units and added headers</change><change date="2000-01-21" who="#OUCS">Added date info</change><change date="2000-01-09" who="#OUCS">Updated all catrefs</change><change date="2000-01-08" who="#OUCS">Updated source title</change><change date="2000-01-08" who="#OUCS">Updated titles</change><change date="1999-12-25" who="#OUCS">corrected tagUsage</change><change date="1999-09-13" who="#UCREL">POS codes revised for BNC-2; header updated</change><change date="1994-11-24" who="#dominic">Initial accession to corpus</change></revisionDesc></teiHeader>
<wtext type="NEWS"><div level="1"><head>
<s n="1"><w c5="NN1" hw="letter" pos="SUBST">Letter </w><w c5="PRP" hw="to" pos="PREP">to </w><w c5="AT0" hw="the" pos="ART">the </w><w c5="NN1" hw="editor" pos="SUBST">Editor</w><c c5="PUN">: </c><w c5="AJ0" hw="benign" pos="ADJ">Benign </w><w c5="NN1" hw="presence" pos="SUBST">presence </w><w c5="PRP" hw="in" pos="PREP">in </w><w c5="AJ0" hw="holy" pos="ADJ">Holy </w><w c5="NN1" hw="week" pos="SUBST">Week</w></s></head><p>
<s n="2"><w c5="NN1" hw="sir" pos="SUBST">SIR </w><c c5="PUN">— </c><w c5="AV0" hw="perhaps" pos="ADV">Perhaps </w><w c5="PNP" hw="it" pos="PRON">it </w><w c5="VBZ" hw="be" pos="VERB">is </w><w c5="XX0" hw="not" pos="ADV">not </w><w c5="PRP" hw="for" pos="PREP">for </w><w c5="PNP" hw="i" pos="PRON">me</w><c c5="PUN">, </c><w c5="CJS-PRP" hw="as" pos="CONJ">as </w><w c5="AT0" hw="a" pos="ART">a </w><w c5="NN1" hw="priest" pos="SUBST">priest </w><w c5="PRF" hw="of" pos="PREP">of </w><w c5="AT0" hw="the" pos="ART">the </w><w c5="AJ0" hw="russian" pos="ADJ">Russian </w><w c5="AJ0" hw="orthodox" pos="ADJ">Orthodox </w><w c5="NN1" hw="church" pos="SUBST">Church</w><c c5="PUN">, </c><w c5="TO0" hw="to" pos="PREP">to </w><w c5="VVI" hw="comment" pos="VERB">comment </w><w c5="PRP" hw="on" pos="PREP">on </w><c c5="PUQ">‘</c><w c5="AT0" hw="the" pos="ART">the </w><w c5="AJ0" hw="precise" pos="ADJ">precise </w><w c5="NN1" hw="purpose" pos="SUBST">purpose</w><c c5="PUQ">’ </c><w c5="PRF" hw="of" pos="PREP">of </w><w c5="NP0" hw="cardinal" pos="SUBST">Cardinal </w><w c5="NP0" hw="hume" pos="SUBST">Hume</w><w c5="POS" hw="'s" pos="UNC">'s </w><w c5="NN1" hw="visit" pos="SUBST">visit </w><w c5="PRP" hw="to" pos="PREP">to </w><w c5="NP0" hw="moscow" pos="SUBST">Moscow </w><c c5="PUL">(</c><w c5="NN1-VVB" hw="report" pos="SUBST">report</w><c c5="PUN">, </c><w c5="NP0" hw="april" pos="SUBST">April </w><w c5="CRD" hw="16" pos="ADJ">16</w><c c5="PUR">)</c><c c5="PUN">.</c></s>
<s n="3"><w c5="CJC" hw="but" pos="CONJ">But </w><w c5="DT0" hw="such" pos="ADJ">such </w><w c5="AT0" hw="a" pos="ART">a </w><w c5="NN1" hw="visit" pos="SUBST">visit </w><w c5="AV0" hw="hardly" pos="ADV">hardly </w><w c5="VVZ" hw="need" pos="VERB">needs </w><w c5="AT0" hw="a" pos="ART">a </w><w c5="AJ0" hw="precise" pos="ADJ">precise </w><w c5="NN1" hw="purpose" pos="SUBST">purpose </w><w c5="TO0" hw="to" pos="PREP">to </w><w c5="VBI" hw="be" pos="VERB">be </w><w c5="AJ0" hw="fruitful" pos="ADJ">fruitful</w><c c5="PUN">.</c></s></p><p>
<s n="4"><w c5="AT0" hw="the" pos="ART">The </w><w c5="AJ0" hw="very" pos="ADJ">very </w><w c5="NN1" hw="fact" pos="SUBST">fact </w><w c5="CJT" hw="that" pos="CONJ">that </w><w c5="AT0" hw="the" pos="ART">the </w><w c5="NN1" hw="visit" pos="SUBST">visit </w><w c5="VBZ" hw="be" pos="VERB">is </w><c c5="PUQ">‘</c><w c5="PRP" hw="in" pos="PREP">in </w><w c5="AT0" hw="an" pos="ART">an </w><w c5="AV0" hw="entirely" pos="ADV">entirely </w><w c5="AJ0" hw="private" pos="ADJ">private</w><c c5="PUN">, </c><w c5="AJ0" hw="unofficial" pos="ADJ">unofficial </w><w c5="NN1" hw="capacity" pos="SUBST">capacity</w><c c5="PUQ">’</c><c c5="PUL">(</c><w c5="AT0" hw="the" pos="ART">the </w><w c5="NN1" hw="cardinal" pos="SUBST">Cardinal</w><w c5="POS" hw="'s" pos="UNC">'s </w><w c5="NN2" hw="word" pos="SUBST">words </w><w c5="PRP" hw="to" pos="PREP">to </w><w c5="PNP" hw="i" pos="PRON">me </w><w c5="ORD" hw="last" pos="ADJ">last </w><w c5="NN1" hw="week" pos="SUBST">week</w><c c5="PUR">) </c><w c5="VBZ" hw="be" pos="VERB">is </w><w c5="AV0" hw="more" pos="ADV">more </w><w c5="AJ0" hw="likely" pos="ADJ">likely </w><w c5="TO0" hw="to" pos="PREP">to </w><w c5="VHI" hw="have" pos="VERB">have </w><w c5="DT0" hw="some" pos="ADJ">some </w><w c5="AJ0" hw="beneficial" pos="ADJ">beneficial </w><w c5="NN1" hw="effect" pos="SUBST">effect </w><w c5="PRP" hw="in" pos="PREP">in </w><w c5="AT0" hw="the" pos="ART">the </w><c c5="PUQ">‘</c><w c5="AJ0" hw="diplomatic" pos="ADJ">diplomatic </w><w c5="NN1" hw="minefield" pos="SUBST">minefield</w><c c5="PUQ">’ </c><w c5="PRP" hw="to" pos="PREP">to </w><w c5="DTQ" hw="which" pos="PRON">which </w><w c5="DPS" hw="you" pos="PRON">your </w><w c5="NN1" hw="correspondent" pos="SUBST">correspondent </w><w c5="VVZ" hw="refer" pos="VERB">refers </w><w c5="CJS" hw="than" pos="CONJ">than </w><w c5="AT0" hw="the" pos="ART">the </w><w c5="AV0" hw="more" pos="ADV">more </w><w c5="AJ0" hw="usual" pos="ADJ">usual </w><w c5="UNC" hw="protocol-and-agenda-laden" pos="UNC">protocol-and-agenda-laden </w><w c5="NN1" hw="expedition" pos="SUBST">expedition</w><c c5="PUN">.</c></s></p><p>
<s n="5"><w c5="PRP" hw="in" pos="PREP">In </w><w c5="AT0" hw="the" pos="ART">the </w><w c5="NN1" hw="aftermath" pos="SUBST">aftermath </w><w c5="PRF" hw="of" pos="PREP">of </w><w c5="AT0" hw="the" pos="ART">the </w><w c5="AJ0" hw="orthodox" pos="ADJ">Orthodox </w><w c5="NN1" hw="church" pos="SUBST">Church </w><w c5="NN2" hw="leader" pos="SUBST">leaders</w><w c5="POS" hw="'" pos="UNC">' </w><w c5="NN1" hw="summit" pos="SUBST">summit </w><w c5="PRP" hw="in" pos="PREP">in </w><w c5="NP0" hw="istanbul" pos="SUBST">Istanbul </w><w c5="ORD" hw="last" pos="ADJ">last </w><w c5="NN1" hw="month" pos="SUBST">month</w><c c5="PUN">, </c><w c5="AVQ" hw="when" pos="ADV">when </w><w c5="AT0" hw="the" pos="ART">the </w><w c5="AJ0" hw="assembled" pos="ADJ">assembled </w><w c5="NN2" hw="patriarch" pos="SUBST">patriarchs </w><w c5="VVD" hw="speak" pos="VERB">spoke </w><c c5="PUN">— </c><w c5="AV0" hw="as" pos="ADV">as </w><w c5="DT0" hw="much" pos="ADJ">much </w><w c5="PRP" hw="in" pos="PREP">in </w><w c5="NN1" hw="sorrow" pos="SUBST">sorrow </w><w c5="CJS" hw="as" pos="CONJ">as </w><w c5="PRP" hw="in" pos="PREP">in </w><w c5="NN1" hw="anger" pos="SUBST">anger </w><c c5="PUN">— </c><w c5="PRF" hw="of" pos="PREP">of </w><w c5="AT0" hw="the" pos="ART">the </w><w c5="NN1" hw="proselytism" pos="SUBST">proselytism </w><w c5="VVN-VVD" hw="address" pos="VERB">addressed </w><w c5="PRP" hw="at" pos="PREP">at </w><w c5="DPS" hw="they" pos="PRON">their </w><w c5="NN1" hw="flock" pos="SUBST">flock </w><w c5="PRP" hw="by" pos="PREP">by </w><w c5="DTQ" hw="what" pos="PRON">what </w><w c5="VBD" hw="be" pos="VERB">was </w><w c5="AV0" hw="carefully" pos="ADV">carefully </w><w c5="VVN" hw="describe" pos="VERB">described </w><w c5="CJS" hw="as" pos="CONJ">as </w><c c5="PUQ">‘</c><w c5="AJ0" hw="certain" pos="ADJ">certain </w><w c5="NN2" hw="element" pos="SUBST">elements</w><c c5="PUQ">’ </c><w c5="PRP" hw="in" pos="PREP">in </w><w c5="AT0" hw="the" pos="ART">the </w><w c5="AJ0-NN1" hw="catholic" pos="ADJ">Catholic </w><w c5="NN1" hw="church" pos="SUBST">Church</w><c c5="PUN">, </c><w c5="AT0" hw="the" pos="ART">the </w><w c5="AJ0" hw="mere" pos="ADJ">mere </w><w c5="NN1" hw="presence" pos="SUBST">presence </w><w c5="PRF" hw="of" pos="PREP">of </w><w c5="AV0" hw="so" pos="ADV">so </w><w c5="AJ0" hw="benign" pos="ADJ">benign </w><w c5="AT0" hw="a" pos="ART">a </w><w c5="NN1" hw="catholic" pos="SUBST">Catholic </w><w c5="CJS" hw="as" pos="CONJ">as </w><w c5="NP0" hw="cardinal" pos="SUBST">Cardinal </w><w c5="NP0" hw="hume" pos="SUBST">Hume </w><w c5="PRP" hw="in" pos="PREP">in </w><w c5="NP0" hw="moscow" pos="SUBST">Moscow </w><w c5="VM0" hw="could" pos="VERB">could </w><w c5="AV0" hw="well" pos="ADV">well </w><w c5="VVI" hw="encourage" pos="VERB">encourage </w><w c5="AJ0" hw="local" pos="ADJ">local </w><w c5="NN2" hw="catholic" pos="SUBST">Catholics </w><w c5="CJC" hw="and" pos="CONJ">and </w><w c5="AJ0" hw="orthodox" pos="ADJ">Orthodox </w><w c5="AV0" hw="alike" pos="ADV">alike </w><w c5="TO0" hw="to" pos="PREP">to </w><w c5="VVI" hw="reassess" pos="VERB">reassess </w><w c5="DT0" hw="any" pos="ADJ">any </w><w c5="AJ0" hw="confrontational" pos="ADJ">confrontational </w><w c5="NN2" hw="attitude" pos="SUBST">attitudes </w><w c5="PRP" hw="to" pos="PREP">to </w><mw c5="PNX"><w c5="CRD" hw="one" pos="ADJ">one </w><w c5="DT0" hw="another" pos="ADJ">another </w></mw><w c5="CJC" hw="and" pos="CONJ">and </w><w c5="TO0" hw="to" pos="PREP">to </w><w c5="VVI" hw="concentrate" pos="VERB">concentrate </w><w c5="AV0" hw="rather" pos="ADV">rather </w><w c5="PRP" hw="on" pos="PREP">on </w><w c5="DPS" hw="they" pos="PRON">their </w><w c5="AJ0" hw="common" pos="ADJ">common </w><w c5="NN1" hw="ground" pos="SUBST">ground</w><c c5="PUN">, </c><w c5="AV0" hw="thus" pos="ADV">thus </w><w c5="VVG" hw="further" pos="VERB">furthering </w><w c5="AJ0" hw="mutual" pos="ADJ">mutual </w><w c5="NN1" hw="respect" pos="SUBST">respect</w><c c5="PUN">, </c><w c5="NN1-VVB" hw="concern" pos="SUBST">concern </w><w c5="CJC" hw="and" pos="CONJ">and </w><w c5="NN1-VVG" hw="understanding" pos="SUBST">understanding</w><c c5="PUN">.</c></s></p><p>
<s n="6"><w c5="DT0" hw="this" pos="ADJ">This </w><w c5="NN1" hw="kind" pos="SUBST">kind </w><w c5="PRF" hw="of" pos="PREP">of </w><w c5="NN1" hw="understanding" pos="SUBST">understanding </w><w c5="VBZ" hw="be" pos="VERB">is </w><w c5="AJ0" hw="difficult" pos="ADJ">difficult </w><w c5="AV0" hw="enough" pos="ADV">enough </w><w c5="TO0" hw="to" pos="PREP">to </w><w c5="VVI" hw="reach" pos="VERB">reach </w><w c5="PRP" hw="on" pos="PREP">on </w><w c5="NN1" hw="paper" pos="SUBST">paper</w><c c5="PUN">, </c><w c5="CJS-PRP" hw="as" pos="CONJ">as </w><w c5="AT0" hw="the" pos="ART">the </w><c c5="PUL">(</c><w c5="AJ0-VVN" hw="suspended" pos="ADJ">suspended</w><c c5="PUR">) </c><w c5="AJ0-NN1" hw="orthodox-catholic" pos="ADJ">Orthodox-Catholic </w><w c5="NN1" hw="dialogue" pos="SUBST">dialogue </w><w c5="NN1" hw="commission" pos="SUBST">commission </w><w c5="VHZ" hw="have" pos="VERB">has </w><w c5="VBN" hw="be" pos="VERB">been </w><w c5="VVG" hw="find" pos="VERB">finding</w><c c5="PUN">.</c></s>
<s n="7"><w c5="PNP" hw="it" pos="PRON">It </w><w c5="VBZ" hw="be" pos="VERB">is </w><w c5="AV0" hw="even" pos="ADV">even </w><w c5="AV0" hw="more" pos="ADV">more </w><w c5="AJ0" hw="difficult" pos="ADJ">difficult </w><w c5="TO0" hw="to" pos="PREP">to </w><w c5="VVI" hw="achieve" pos="VERB">achieve </w><w c5="PRP" hw="at" pos="PREP">at </w><w c5="NN2" hw="grassroots" pos="SUBST">grassroots </w><w c5="VVB-NN1" hw="level" pos="VERB">level</w><c c5="PUN">, </c><w c5="AV0" hw="especially" pos="ADV">especially </w><w c5="PRP" hw="in" pos="PREP">in </w><w c5="DT0" hw="those" pos="ADJ">those </w><w c5="NN2" hw="minefield" pos="SUBST">minefields </w><w c5="PRP" hw="with" pos="PREP">with </w><w c5="DTQ" hw="which" pos="PRON">which </w><w c5="DT0" hw="both" pos="ADJ">both </w><w c5="NN2" hw="party" pos="SUBST">parties </w><w c5="VBB" hw="be" pos="VERB">are </w><w c5="AV0" hw="well" pos="ADV">well </w><w c5="VVN" hw="provide" pos="VERB">provided </w><w c5="PRP" hw="in" pos="PREP">in </w><w c5="NN2" hw="country" pos="SUBST">countries </w><mw c5="PRP"><w c5="DT0" hw="such" pos="ADJ">such </w><w c5="PRP" hw="as" pos="PREP">as </w></mw><w c5="NP0" hw="ukraine" pos="SUBST">Ukraine</w><c c5="PUN">.</c></s></p><p>
<s n="8"><w c5="PRP" hw="at" pos="PREP">At </w><w c5="DT0" hw="all" pos="ADJ">all </w><w c5="NN2" hw="level" pos="SUBST">levels </w><w c5="PRF" hw="of" pos="PREP">of </w><w c5="NN1" hw="church" pos="SUBST">church </w><w c5="NN1" hw="life" pos="SUBST">life </w><w c5="EX0" hw="there" pos="PRON">there </w><w c5="VBZ" hw="be" pos="VERB">is </w><w c5="AT0" hw="an" pos="ART">an </w><w c5="AJ0" hw="urgent" pos="ADJ">urgent </w><w c5="NN1" hw="need" pos="SUBST">need </w><w c5="PRP" hw="for" pos="PREP">for </w><w c5="NN2" hw="role-model" pos="SUBST">role-models </w><w c5="TO0" hw="to" pos="PREP">to </w><w c5="VVI" hw="encourage" pos="VERB">encourage </w><w c5="AV0" hw="even" pos="ADV">even </w><w c5="AT0" hw="the" pos="ART">the </w><w c5="AV0" hw="most" pos="ADV">most </w><w c5="AJ0" hw="prejudiced" pos="ADJ">prejudiced </w><w c5="CJC" hw="and" pos="CONJ">and </w><w c5="AV0" hw="most" pos="ADV">most </w><w c5="AJ0-VVD" hw="embattled" pos="ADJ">embattled </w><w c5="TO0" hw="to" pos="PREP">to </w><w c5="VVI" hw="rethink" pos="VERB">rethink </w><w c5="DPS" hw="they" pos="PRON">their </w><w c5="NN2" hw="way" pos="SUBST">ways</w><c c5="PUN">.</c></s>
<s n="9"><w c5="AV0" hw="too" pos="ADV">Too </w><w c5="AV0" hw="often" pos="ADV">often </w><w c5="PNP" hw="it" pos="PRON">it </w><w c5="VBZ" hw="be" pos="VERB">is </w><w c5="VVN" hw="forget" pos="VERB">forgotten </w><w c5="CJT" hw="that" pos="CONJ">that </w><w c5="DT0" hw="these" pos="ADJ">these </w><w c5="VM0" hw="should" pos="VERB">should </w><w c5="VBI" hw="be" pos="VERB">be </w><w c5="NN2" hw="way" pos="SUBST">ways </w><w c5="PRF" hw="of" pos="PREP">of </w><w c5="NN1" hw="love" pos="SUBST">love </w><w c5="CJC" hw="and" pos="CONJ">and </w><w c5="NN1" hw="concord" pos="SUBST">concord</w><c c5="PUN">.</c></s></p><p>
<s n="10"><w c5="AV0" hw="all" pos="ADV">All </w><w c5="AT0" hw="the" pos="ART">the </w><w c5="DT0" hw="more" pos="ADJ">more </w><w c5="NN1" hw="reason" pos="SUBST">reason </w><w c5="TO0" hw="to" pos="PREP">to </w><w c5="VVI" hw="welcome" pos="VERB">welcome </w><w c5="DT0" hw="this" pos="ADJ">this </w><w c5="AJ0" hw="private" pos="ADJ">private </w><w c5="NN1" hw="visit" pos="SUBST">visit </w><w c5="CJS" hw="as" pos="CONJ">as </w><w c5="PNP" hw="it" pos="PRON">it </w><w c5="VVZ" hw="permit" pos="VERB">permits </w><w c5="AT0" hw="the" pos="ART">the </w><w c5="NN1" hw="cardinal" pos="SUBST">cardinal </w><w c5="TO0" hw="to" pos="PREP">to </w><w c5="VVI" hw="provide" pos="VERB">provide </w><w c5="DT0" hw="such" pos="ADJ">such </w><w c5="AT0" hw="a" pos="ART">a </w><w c5="NN1" hw="role" pos="SUBST">role</w><c c5="PUN">, </c><w c5="CJS" hw="though" pos="CONJ">though </w><w c5="PNP" hw="he" pos="PRON">he </w><w c5="VM0" hw="would" pos="VERB">would </w><w c5="VBI" hw="be" pos="VERB">be </w><w c5="AJ0" hw="reluctant" pos="ADJ">reluctant </w><w c5="TO0" hw="to" pos="PREP">to </w><w c5="VVI" hw="accept" pos="VERB">accept</w><c c5="PUN">, </c><w c5="CJC" hw="or" pos="CONJ">or </w><w c5="AV0" hw="even" pos="ADV">even </w><w c5="TO0" hw="to" pos="PREP">to </w><w c5="VVI" hw="anticipate" pos="VERB">anticipate</w><c c5="PUN">, </c><w c5="DPS" hw="he" pos="PRON">his </w><w c5="NN1" hw="casting" pos="SUBST">casting </w><w c5="PRP" hw="in" pos="PREP">in </w><w c5="PNP" hw="it" pos="PRON">it</w><c c5="PUN">.</c></s>
<s n="11"><w c5="NP0" hw="archpriest" pos="SUBST">Archpriest </w><w c5="NP0" hw="sergei" pos="SUBST">SERGEI </w><w c5="NP0" hw="hackel" pos="SUBST">HACKEL </w><w c5="NP0" hw="lewes" pos="SUBST">Lewes</w><c c5="PUN">, </c><w c5="NP0" hw="sussex" pos="SUBST">Sussex</w></s></p></div></wtext></bncDoc>
