<bncDoc xml:id="AL4"><teiHeader><fileDesc><titleStmt><title>  Daily Telegraph, electronic edition of 1992-04-17: Applied Science pages. Sample containing about 277 words from a periodical (domain: natural sciences) </title><respStmt><resp> Data capture and transcription </resp><name> Oxford University Press </name> </respStmt></titleStmt><editionStmt><edition>BNC XML Edition, December 2006</edition></editionStmt><extent> 277 tokens; 276 w-units; 11 s-units </extent><publicationStmt><distributor>Distributed under licence by Oxford University Computing Services on behalf of the BNC Consortium.</distributor><availability> This material is protected by international copyright laws and may not be copied or redistributed in any way. Consult the BNC Web Site at http://www.natcorp.ox.ac.uk for full licencing and distribution conditions.</availability><idno type="bnc">AL4</idno><idno type="old"> DmPurS </idno></publicationStmt><sourceDesc><bibl><title>Daily Telegraph, electronic edition of 1992-04-17: Applied Science pages.</title> <imprint n="DAILYT1"><publisher>The Daily Telegraph plc</publisher> <pubPlace>London</pubPlace> <date value="1992">1992</date> </imprint> </bibl></sourceDesc></fileDesc><encodingDesc><tagsDecl><namespace name=""><tagUsage gi="c" occurs="28"/><tagUsage gi="div" occurs="1"/><tagUsage gi="head" occurs="2"/><tagUsage gi="mw" occurs="1"/><tagUsage gi="p" occurs="8"/><tagUsage gi="s" occurs="11"/><tagUsage gi="w" occurs="276"/></namespace></tagsDecl></encodingDesc><profileDesc><creation date="1992"> </creation><textClass><catRef targets="WRI ALLTIM3 ALLAVA2 ALLTYP3 WRIAAG0 WRIAD0 WRIASE3 WRIATY2 WRIAUD3 WRIDOM2 WRILEV2 WRIMED2 WRIPP5 WRISAM0 WRISTA3 WRITAS3"/><classCode scheme="DLEE">W newsp brdsht nat: science</classCode><keywords><term> (none) </term></keywords></textClass></profileDesc><revisionDesc><change date="2006-10-21" who="#OUCS">Tag usage updated for BNC-XML</change><change date="2000-12-13" who="#OUCS">Last check for BNC World first release</change><change date="2000-09-06" who="#OUCS">Redo tagusage tables</change><change date="2000-09-01" who="#OUCS">Check all tagcounts</change><change date="2000-06-23" who="#OUCS">Resequenced s-units and added headers</change><change date="2000-01-21" who="#OUCS">Added date info</change><change date="2000-01-09" who="#OUCS">Updated all catrefs</change><change date="2000-01-08" who="#OUCS">Updated source title</change><change date="2000-01-08" who="#OUCS">Updated titles</change><change date="1999-12-25" who="#OUCS">corrected tagUsage</change><change date="1999-09-13" who="#UCREL">POS codes revised for BNC-2; header updated</change><change date="1994-11-24" who="#dominic">Initial accession to corpus</change></revisionDesc></teiHeader>
<wtext type="NEWS"><div level="1"><head type="MAIN">
<s n="1"><w c5="AJ0" hw="new" pos="ADJ">New </w><w c5="NN1" hw="test" pos="SUBST">test </w><w c5="VBZ" hw="be" pos="VERB">is </w><w c5="VVN" hw="develop" pos="VERB">developed </w><w c5="TO0" hw="to" pos="PREP">to </w><w c5="VVI" hw="find" pos="VERB">find </w><w c5="NN1" hw="cancer" pos="SUBST">cancer </w><w c5="PRF" hw="of" pos="PREP">of </w><w c5="NN1" hw="cervix" pos="SUBST">cervix</w></s></head><head type="BYLINE">
<s n="2"><w c5="PRP" hw="by" pos="PREP">By </w><w c5="NP0" hw="david" pos="SUBST">David </w><w c5="NP0" hw="fletcher" pos="SUBST">Fletcher </w><w c5="NN1" hw="health" pos="SUBST">Health </w><w c5="NN2" hw="service" pos="SUBST">Services </w><w c5="NN1" hw="correspondent" pos="SUBST">Correspondent</w></s></head><p>
<s n="3"><w c5="AT0" hw="a" pos="ART">A </w><w c5="AJ0" hw="new" pos="ADJ">NEW </w><w c5="NN1" hw="way" pos="SUBST">way </w><w c5="TO0" hw="to" pos="PREP">to </w><w c5="VVI" hw="detect" pos="VERB">detect </w><w c5="NN2" hw="woman" pos="SUBST">women </w><w c5="PRP" hw="at" pos="PREP">at </w><w c5="AJ0" hw="high" pos="ADJ">high </w><w c5="NN1" hw="risk" pos="SUBST">risk </w><w c5="PRF" hw="of" pos="PREP">of </w><w c5="AJ0-VVG" hw="developing" pos="ADJ">developing </w><w c5="AJ0" hw="cervical" pos="ADJ">cervical </w><w c5="NN1" hw="cancer" pos="SUBST">cancer </w><w c5="VBZ" hw="be" pos="VERB">is </w><w c5="VVN" hw="announce" pos="VERB">announced </w><w c5="AV0" hw="today" pos="ADV">today </w><w c5="PRP" hw="by" pos="PREP">by </w><w c5="AT0" hw="a" pos="ART">a </w><w c5="NN1" hw="team" pos="SUBST">team </w><w c5="PRF" hw="of" pos="PREP">of </w><w c5="NN2" hw="researcher" pos="SUBST">researchers </w><w c5="PRP" hw="from" pos="PREP">from </w><w c5="AT0" hw="the" pos="ART">the </w><w c5="AJ0" hw="imperial" pos="ADJ">Imperial </w><w c5="NN1" hw="cancer" pos="SUBST">Cancer </w><w c5="NN1" hw="research" pos="SUBST">Research </w><w c5="NN1" hw="fund" pos="SUBST">Fund</w><c c5="PUN">.</c></s></p><p>
<s n="4"><w c5="AJ0" hw="existing" pos="ADJ">Existing </w><w c5="NN1" hw="smear" pos="SUBST">smear </w><w c5="NN2" hw="test" pos="SUBST">tests </w><w c5="VVB" hw="find" pos="VERB">find </w><w c5="AJ0" hw="slight" pos="ADJ">slight </w><w c5="NN2" hw="abnormality" pos="SUBST">abnormalities </w><w c5="PRP" hw="in" pos="PREP">in </w><w c5="CRD" hw="250,000" pos="ADJ">250,000 </w><w c5="NN2" hw="woman" pos="SUBST">women </w><w c5="AT0" hw="every" pos="ART">every </w><w c5="NN1" hw="year" pos="SUBST">year </w><w c5="CJC" hw="but" pos="CONJ">but </w><w c5="VM0" hw="can" pos="VERB">can</w><w c5="XX0" hw="not" pos="ADV">not </w><w c5="VVI" hw="distinguish" pos="VERB">distinguish </w><w c5="PRP" hw="between" pos="PREP">between </w><w c5="DT0" hw="those" pos="ADJ">those </w><w c5="PNQ" hw="who" pos="PRON">who </w><w c5="VM0" hw="will" pos="VERB">will </w><w c5="VVI" hw="go" pos="VERB">go </w><w c5="AVP" hw="on" pos="ADV">on </w><w c5="TO0" hw="to" pos="PREP">to </w><w c5="VVI" hw="develop" pos="VERB">develop </w><w c5="AJ0" hw="serious" pos="ADJ">serious </w><w c5="NN1" hw="disease" pos="SUBST">disease </w><w c5="CJC" hw="and" pos="CONJ">and </w><w c5="DT0" hw="those" pos="ADJ">those </w><w c5="PNQ" hw="who" pos="PRON">who </w><w c5="VM0" hw="will" pos="VERB">will </w><w c5="XX0" hw="not" pos="ADV">not</w><c c5="PUN">.</c></s></p><p>
<s n="5"><w c5="NP0" hw="dr" pos="SUBST">Dr </w><w c5="NP0" hw="jack" pos="SUBST">Jack </w><w c5="NP0" hw="cuzick" pos="SUBST">Cuzick</w><c c5="PUN">, </c><w c5="AT0" hw="an" pos="ART">an </w><w c5="NP0" hw="icrf" pos="SUBST">ICRF </w><w c5="NN1" hw="scientist" pos="SUBST">scientist</w><c c5="PUN">, </c><w c5="VVD" hw="say" pos="VERB">said </w><w c5="CJT" hw="that" pos="CONJ">that </w><w c5="CRD" hw="75,000" pos="ADJ">75,000 </w><w c5="PRF" hw="of" pos="PREP">of </w><w c5="AT0" hw="the" pos="ART">the </w><w c5="NN2" hw="woman" pos="SUBST">women </w><w c5="VBD" hw="be" pos="VERB">were </w><w c5="AJ0" hw="likely" pos="ADJ">likely </w><w c5="TO0" hw="to" pos="PREP">to </w><w c5="VHI" hw="have" pos="VERB">have </w><w c5="AJ0" hw="important" pos="ADJ">important </w><w c5="AJ0" hw="underlying" pos="ADJ">underlying </w><w c5="NN1" hw="disease" pos="SUBST">disease </w><w c5="CJC" hw="but" pos="CONJ">but</w><c c5="PUN">, </c><w c5="PRP" hw="without" pos="PREP">without </w><w c5="VVG" hw="refer" pos="VERB">referring </w><w c5="DT0" hw="all" pos="ADJ">all </w><w c5="CRD" hw="250,000" pos="ADJ">250,000 </w><w c5="PRP" hw="to" pos="PREP">to </w><w c5="NN1" hw="hospital" pos="SUBST">hospital</w><c c5="PUN">, </c><w c5="EX0" hw="there" pos="PRON">there </w><w c5="VBD" hw="be" pos="VERB">was </w><w c5="AT0" hw="no" pos="ART">no </w><w c5="NN1" hw="way" pos="SUBST">way </w><w c5="PRF" hw="of" pos="PREP">of </w><w c5="VVG" hw="know" pos="VERB">knowing </w><w c5="DTQ" hw="which" pos="PRON">which </w><w c5="NN2" hw="woman" pos="SUBST">women </w><w c5="VBD" hw="be" pos="VERB">were </w><w c5="PRP" hw="in" pos="PREP">in </w><w c5="DT0" hw="that" pos="ADJ">that </w><w c5="NN1" hw="group" pos="SUBST">group</w><c c5="PUN">.</c></s></p><p>
<s n="6"><w c5="NP0" hw="dr" pos="SUBST">Dr </w><w c5="NP0" hw="malcolm" pos="SUBST">Malcolm </w><w c5="NP0" hw="anderson" pos="SUBST">Anderson</w><c c5="PUN">, </c><w c5="CRD" hw="one" pos="ADJ">one </w><w c5="PRF" hw="of" pos="PREP">of </w><w c5="AT0" hw="the" pos="ART">the </w><w c5="NN2" hw="researcher" pos="SUBST">researchers </w><w c5="PRP" hw="from" pos="PREP">from </w><w c5="NN1" hw="university" pos="SUBST">University </w><w c5="NN1" hw="hospital" pos="SUBST">Hospital</w><c c5="PUN">, </c><w c5="NP0" hw="nottingham" pos="SUBST">Nottingham</w><c c5="PUN">, </c><w c5="VVD" hw="say" pos="VERB">said </w><w c5="AT0" hw="the" pos="ART">the </w><w c5="NN1" hw="screening" pos="SUBST">screening </w><w c5="NN1" hw="service" pos="SUBST">service </w><w c5="VBD" hw="be" pos="VERB">was </w><w c5="VVN" hw="inundate" pos="VERB">inundated </w><w c5="PRP" hw="with" pos="PREP">with </w><w c5="AJ0" hw="large" pos="ADJ">large </w><w c5="NN2" hw="number" pos="SUBST">numbers </w><w c5="PRF" hw="of" pos="PREP">of </w><w c5="AV0" hw="mildly" pos="ADV">mildly </w><w c5="AJ0" hw="abnormal" pos="ADJ">abnormal </w><w c5="NN1" hw="smear" pos="SUBST">smear </w><w c5="NN2" hw="result" pos="SUBST">results</w><c c5="PUN">.</c></s></p><p>
<s n="7"><w c5="NN2" hw="woman" pos="SUBST">Women </w><w c5="VVD-VVN" hw="receive" pos="VERB">received </w><w c5="AJ0" hw="different" pos="ADJ">different </w><w c5="AJ0-NN1" hw="follow-up" pos="ADJ">follow-up </w><w c5="NN1" hw="treatment" pos="SUBST">treatment </w><w c5="PRP" hw="in" pos="PREP">in </w><w c5="AJ0" hw="different" pos="ADJ">different </w><w c5="NN2" hw="part" pos="SUBST">parts </w><w c5="PRF" hw="of" pos="PREP">of </w><w c5="AT0" hw="the" pos="ART">the </w><w c5="NN1" hw="country" pos="SUBST">country</w><c c5="PUN">, </c><w c5="PRP" hw="including" pos="PREP">including </w><w c5="NN1" hw="smear" pos="SUBST">smear </w><w c5="NN2-VVZ" hw="test" pos="SUBST">tests </w><w c5="PRP" hw="at" pos="PREP">at </w><w c5="AJC" hw="short" pos="ADJ">shorter </w><w c5="NN2" hw="interval" pos="SUBST">intervals</w><c c5="PUN">, </c><w c5="DTQ" hw="which" pos="PRON">which </w><w c5="VBD" hw="be" pos="VERB">was </w><w c5="AJ0" hw="risky" pos="ADJ">risky</w><c c5="PUN">, </c><w c5="CJC" hw="or" pos="CONJ">or </w><w c5="NN1" hw="colposcopy" pos="SUBST">colposcopy </w><c c5="PUN">— </c><w c5="AT0" hw="an" pos="ART">an </w><w c5="NN1" hw="examination" pos="SUBST">examination </w><w c5="PRF" hw="of" pos="PREP">of </w><w c5="AT0" hw="the" pos="ART">the </w><w c5="NN1" hw="cervix" pos="SUBST">cervix </w><w c5="PRP" hw="with" pos="PREP">with </w><w c5="AT0" hw="a" pos="ART">a </w><w c5="NN1" hw="microscope" pos="SUBST">microscope </w><c c5="PUN">— </c><w c5="DTQ" hw="which" pos="PRON">which </w><w c5="VBD" hw="be" pos="VERB">was </w><w c5="AJ0" hw="expensive" pos="ADJ">expensive</w><c c5="PUN">.</c></s></p><p>
<s n="8"><w c5="CJC" hw="but" pos="CONJ">But </w><w c5="AT0" hw="the" pos="ART">the </w><w c5="NN2" hw="researcher" pos="SUBST">researchers</w><c c5="PUN">, </c><w c5="VVG" hw="write" pos="VERB">writing </w><w c5="PRP" hw="in" pos="PREP">in </w><w c5="AT0" hw="the" pos="ART">the </w><w c5="AJ0" hw="medical" pos="ADJ">medical </w><w c5="NN1" hw="magazine" pos="SUBST">magazine </w><w c5="NN1" hw="lancet" pos="SUBST">Lancet</w><c c5="PUN">, </c><w c5="VVB" hw="describe" pos="VERB">describe </w><w c5="AT0" hw="a" pos="ART">a </w><w c5="AJ0" hw="new" pos="ADJ">new </w><w c5="NN1" hw="way" pos="SUBST">way </w><w c5="PRF" hw="of" pos="PREP">of </w><w c5="VVG" hw="detect" pos="VERB">detecting </w><w c5="NN2" hw="level" pos="SUBST">levels </w><w c5="PRF" hw="of" pos="PREP">of </w><w c5="AT0" hw="the" pos="ART">the </w><w c5="AJ0-NN1" hw="human" pos="ADJ">human </w><w c5="NN1" hw="papilloma" pos="SUBST">papilloma </w><w c5="NN1" hw="virus" pos="SUBST">virus </w><w c5="NP0" hw="hpv" pos="SUBST">HPV </w><w c5="CRD" hw="16" pos="ADJ">16 </w><w c5="PRP" hw="in" pos="PREP">in </w><w c5="NN1" hw="smear" pos="SUBST">smear </w><w c5="NN2" hw="cell" pos="SUBST">cells</w><c c5="PUN">.</c></s>
<s n="9"><w c5="DT0" hw="this" pos="ADJ">This </w><w c5="NN1" hw="virus" pos="SUBST">virus </w><w c5="VBZ" hw="be" pos="VERB">is </w><w c5="AJ0" hw="harmless" pos="ADJ">harmless </w><w c5="PRP" hw="at" pos="PREP">at </w><w c5="AJ0" hw="low" pos="ADJ">low </w><w c5="NN2" hw="level" pos="SUBST">levels</w><c c5="PUN">, </c><w c5="CJC" hw="but" pos="CONJ">but </w><w c5="AJ0" hw="high" pos="ADJ">high </w><w c5="NN2" hw="level" pos="SUBST">levels </w><w c5="VVB" hw="indicate" pos="VERB">indicate </w><w c5="NN1" hw="disease" pos="SUBST">disease </w><w c5="PRP" hw="in" pos="PREP">in </w><w c5="CRD" hw="90" pos="ADJ">90 </w><mw c5="NN0"><w c5="UNC" hw="per" pos="UNC">per </w><w c5="UNC" hw="cent" pos="UNC">cent </w></mw><w c5="PRF" hw="of" pos="PREP">of </w><w c5="NN2" hw="case" pos="SUBST">cases</w><c c5="PUN">.</c></s></p><p>
<s n="10"><w c5="NP0" hw="dr" pos="SUBST">Dr </w><w c5="NP0" hw="cuzick" pos="SUBST">Cuzick </w><w c5="VVD" hw="say" pos="VERB">said </w><w c5="PNP" hw="it" pos="PRON">it </w><w c5="VBD" hw="be" pos="VERB">was </w><w c5="AV0" hw="very" pos="ADV">very </w><w c5="AJ0" hw="likely" pos="ADJ">likely </w><w c5="CJT" hw="that" pos="CONJ">that </w><w c5="NN2" hw="woman" pos="SUBST">women </w><w c5="PRP" hw="with" pos="PREP">with </w><w c5="AV0" hw="only" pos="ADV">only </w><w c5="AJ0" hw="minor" pos="ADJ">minor </w><w c5="NN2" hw="abnormality" pos="SUBST">abnormalities </w><w c5="CJC" hw="but" pos="CONJ">but </w><w c5="AJ0" hw="high" pos="ADJ">high </w><w c5="NN2" hw="level" pos="SUBST">levels </w><w c5="PRF" hw="of" pos="PREP">of </w><w c5="NP0" hw="hpv" pos="SUBST">HPV </w><w c5="CRD" hw="16" pos="ADJ">16 </w><w c5="VM0" hw="might" pos="VERB">might </w><w c5="AV0" hw="well" pos="ADV">well </w><w c5="VHI" hw="have" pos="VERB">have </w><w c5="AJ0" hw="high" pos="ADJ">high </w><w c5="NN1" hw="grade" pos="SUBST">grade </w><w c5="NN1" hw="disease" pos="SUBST">disease </w><w c5="CJC" hw="and" pos="CONJ">and </w><w c5="VVB" hw="need" pos="VERB">need </w><w c5="AT0" hw="a" pos="ART">a </w><w c5="NN1" hw="colposcopy" pos="SUBST">colposcopy </w><w c5="VVI" hw="check" pos="VERB">check</w><c c5="PUN">.</c></s></p><p>
<s n="11"><w c5="AT0" hw="the" pos="ART">The </w><w c5="NN2" hw="researcher" pos="SUBST">researchers</w><c c5="PUN">, </c><w c5="PRP" hw="at" pos="PREP">at </w><w c5="NN1" hw="university" pos="SUBST">University </w><w c5="NN1" hw="college" pos="SUBST">College</w><c c5="PUN">, </c><w c5="NP0" hw="london" pos="SUBST">London</w><c c5="PUN">, </c><w c5="CJC" hw="and" pos="CONJ">and </w><w c5="NP0" hw="nottingham" pos="SUBST">Nottingham</w><c c5="PUN">, </c><w c5="VVB" hw="say" pos="VERB">say </w><w c5="AT0" hw="the" pos="ART">the </w><w c5="NN1" hw="test" pos="SUBST">test </w><w c5="VM0" hw="would" pos="VERB">would </w><w c5="XX0" hw="not" pos="ADV">not </w><w c5="VVI" hw="replace" pos="VERB">replace </w><w c5="AT0" hw="the" pos="ART">the </w><w c5="NN1" hw="smear" pos="SUBST">smear </w><w c5="CJC" hw="but" pos="CONJ">but </w><w c5="VM0" hw="would" pos="VERB">would </w><w c5="VBI" hw="be" pos="VERB">be </w><w c5="AT0" hw="an" pos="ART">an </w><w c5="AJ0" hw="effective" pos="ADJ">effective </w><w c5="CJC" hw="and" pos="CONJ">and </w><w c5="AJC" hw="cheap" pos="ADJ">cheaper </w><w c5="NN1" hw="alternative" pos="SUBST">alternative </w><w c5="CJS" hw="than" pos="CONJ">than </w><w c5="VVG" hw="refer" pos="VERB">referring </w><w c5="DT0" hw="all" pos="ADJ">all </w><w c5="NN2" hw="woman" pos="SUBST">women </w><w c5="PRP" hw="with" pos="PREP">with </w><w c5="AV0" hw="slightly" pos="ADV">slightly </w><w c5="AJ0" hw="abnormal" pos="ADJ">abnormal </w><w c5="NN2" hw="result" pos="SUBST">results </w><w c5="PRP" hw="for" pos="PREP">for </w><w c5="NN1" hw="colposcopy" pos="SUBST">colposcopy</w><c c5="PUN">.</c></s></p></div></wtext></bncDoc>
