<bncDoc xml:id="A4R"><teiHeader><fileDesc><titleStmt><title>  Independent, electronic edition of 1989-10-11: Frontpages. Sample containing about 1878 words from a periodical (domain: world affairs) </title><respStmt><resp> Data capture and transcription </resp><name> Oxford University Press </name> </respStmt></titleStmt><editionStmt><edition>BNC XML Edition, December 2006</edition></editionStmt><extent> 1878 tokens; 1902 w-units; 82 s-units </extent><publicationStmt><distributor>Distributed under licence by Oxford University Computing Services on behalf of the BNC Consortium.</distributor><availability> This material is protected by international copyright laws and may not be copied or redistributed in any way. Consult the BNC Web Site at http://www.natcorp.ox.ac.uk for full licencing and distribution conditions.</availability><idno type="bnc">A4R</idno><idno type="old"> IiTitl </idno></publicationStmt><sourceDesc><bibl><title>Independent, electronic edition of 1989-10-11: Frontpages.</title> <imprint n="NEWSPA2"><publisher>Newspaper Publishing plc</publisher> <pubPlace>London</pubPlace> <date value="1989">1989</date> </imprint> </bibl></sourceDesc></fileDesc><encodingDesc><tagsDecl><namespace name=""><tagUsage gi="c" occurs="197"/><tagUsage gi="div" occurs="4"/><tagUsage gi="head" occurs="8"/><tagUsage gi="mw" occurs="7"/><tagUsage gi="p" occurs="37"/><tagUsage gi="s" occurs="82"/><tagUsage gi="w" occurs="1902"/></namespace></tagsDecl></encodingDesc><profileDesc><creation date="1989"> </creation><textClass><catRef targets="WRI ALLTIM3 ALLAVA2 ALLTYP3 WRIAAG0 WRIAD0 WRIASE0 WRIATY2 WRIAUD3 WRIDOM5 WRILEV2 WRIMED2 WRIPP5 WRISAM0 WRISTA3 WRITAS3"/><classCode scheme="DLEE">W newsp brdsht nat: misc</classCode><keywords><term> (none) </term></keywords></textClass></profileDesc><revisionDesc><change date="2006-10-21" who="#OUCS">Tag usage updated for BNC-XML</change><change date="2000-12-13" who="#OUCS">Last check for BNC World first release</change><change date="2000-09-06" who="#OUCS">Redo tagusage tables</change><change date="2000-09-01" who="#OUCS">Check all tagcounts</change><change date="2000-06-23" who="#OUCS">Resequenced s-units and added headers</change><change date="2000-01-21" who="#OUCS">Added date info</change><change date="2000-01-09" who="#OUCS">Updated all catrefs</change><change date="2000-01-08" who="#OUCS">Updated source title</change><change date="2000-01-08" who="#OUCS">Updated titles</change><change date="1999-12-25" who="#OUCS">corrected tagUsage</change><change date="1999-09-13" who="#UCREL">POS codes revised for BNC-2; header updated</change><change date="1994-11-24" who="#dominic">Initial accession to corpus</change></revisionDesc></teiHeader>
<wtext type="NEWS"><div level="1" n="891011 edition -- Title Page 1"><head type="MAIN">
<s n="1"><w c5="NP0" hw="de" pos="SUBST">De </w><w c5="NP0" hw="klerk" pos="SUBST">Klerk </w><w c5="VVZ" hw="give" pos="VERB">gives </w><w c5="NN1" hw="order" pos="SUBST">order </w><w c5="PRP" hw="for" pos="PREP">for </w><w c5="NP0" hw="sisulu" pos="SUBST">Sisulu</w><w c5="POS" hw="'s" pos="UNC">'s </w><w c5="NN1" hw="release" pos="SUBST">release</w></s></head><head type="BYLINE">
<s n="2"><w c5="PRP" hw="from" pos="PREP">From </w><w c5="NP0-NN1" hw="laurinda" pos="SUBST">LAURINDA </w><w c5="NN2" hw="key" pos="SUBST">KEYS </w><w c5="PRF" hw="of" pos="PREP">of </w><w c5="AJ0" hw="associated" pos="ADJ">Associated </w><w c5="NN1" hw="press" pos="SUBST">Press</w></s></head><p>
<s n="3"><w c5="NP0" hw="president" pos="SUBST">PRESIDENT </w><w c5="NP0" hw="f" pos="SUBST">F </w><w c5="NP0" hw="w" pos="SUBST">W </w><w c5="NP0" hw="de" pos="SUBST">de </w><w c5="NP0" hw="klerk" pos="SUBST">Klerk </w><w c5="ORD" hw="last" pos="ADJ">last </w><w c5="NN1" hw="night" pos="SUBST">night </w><w c5="VVD" hw="announce" pos="VERB">announced </w><w c5="AT0" hw="the" pos="ART">the </w><w c5="AJ0" hw="unconditional" pos="ADJ">unconditional </w><w c5="NN1" hw="release" pos="SUBST">release </w><w c5="PRF" hw="of" pos="PREP">of </w><w c5="CRD" hw="eight" pos="ADJ">eight </w><w c5="AJ0" hw="prominent" pos="ADJ">prominent </w><w c5="AJ0" hw="political" pos="ADJ">political </w><w c5="NN2" hw="prisoner" pos="SUBST">prisoners</w><c c5="PUN">, </c><w c5="AV0" hw="notably" pos="ADV">notably </w><w c5="NP0" hw="walter" pos="SUBST">Walter </w><w c5="NP0" hw="sisulu" pos="SUBST">Sisulu</w><c c5="PUN">, </c><w c5="CRD" hw="77" pos="ADJ">77</w><c c5="PUN">, </c><w c5="DT0" hw="former" pos="ADJ">former </w><w c5="NN1" hw="secretary-general" pos="SUBST">secretary-general </w><w c5="PRF" hw="of" pos="PREP">of </w><w c5="AT0" hw="the" pos="ART">the </w><w c5="AJ0" hw="african" pos="ADJ">African </w><w c5="AJ0" hw="national" pos="ADJ">National </w><w c5="NN1" hw="congress" pos="SUBST">Congress </w><w c5="CJC" hw="and" pos="CONJ">and </w><w c5="AT0" hw="the" pos="ART">the </w><w c5="AJS" hw="close" pos="ADJ">closest </w><w c5="AJ0" hw="political" pos="ADJ">political </w><w c5="NN1" hw="associate" pos="SUBST">associate </w><w c5="CJC" hw="and" pos="CONJ">and </w><w c5="AJS" hw="old" pos="ADJ">oldest </w><w c5="NN1" hw="friend" pos="SUBST">friend </w><w c5="PRF" hw="of" pos="PREP">of </w><w c5="NP0" hw="nelson" pos="SUBST">Nelson </w><w c5="NP0" hw="mandela" pos="SUBST">Mandela</w><c c5="PUN">, </c><w c5="PRP" hw="with" pos="PREP">with </w><w c5="PNQ" hw="whom" pos="PRON">whom </w><w c5="PNP" hw="he" pos="PRON">he </w><w c5="VBD" hw="be" pos="VERB">was </w><w c5="VVN" hw="jail" pos="VERB">jailed </w><w c5="PRP" hw="for" pos="PREP">for </w><w c5="NN1" hw="life" pos="SUBST">life </w><w c5="PRP" hw="in" pos="PREP">in </w><w c5="CRD" hw="1964" pos="ADJ">1964</w><c c5="PUN">.</c></s>
<s n="4"><w c5="AT0" hw="the" pos="ART">The </w><w c5="NN1" hw="move" pos="SUBST">move </w><w c5="VBZ" hw="be" pos="VERB">is </w><w c5="VVN" hw="see" pos="VERB">seen </w><w c5="CJS-PRP" hw="as" pos="CONJ">as </w><w c5="VVG" hw="presage" pos="VERB">presaging </w><w c5="NP0" hw="mr" pos="SUBST">Mr </w><w c5="NP0" hw="mandela" pos="SUBST">Mandela</w><w c5="POS" hw="'s" pos="UNC">'s </w><w c5="NN1" hw="release" pos="SUBST">release</w><c c5="PUN">, </c><w c5="AV0" hw="perhaps" pos="ADV">perhaps </w><w c5="AJ0-AV0" hw="early" pos="ADJ">early </w><w c5="ORD" hw="next" pos="ADJ">next </w><w c5="NN1" hw="year" pos="SUBST">year</w><c c5="PUN">.</c></s></p><p>
<s n="5"><w c5="PRP" hw="in" pos="PREP">In </w><w c5="AT0" hw="a" pos="ART">a </w><w c5="AV0" hw="politically" pos="ADV">politically </w><w c5="AJ0" hw="bold" pos="ADJ">bold </w><w c5="NN1" hw="move" pos="SUBST">move </w><w c5="DTQ" hw="whose" pos="PRON">whose </w><w c5="NN1" hw="timing" pos="SUBST">timing </w><w c5="VBD" hw="be" pos="VERB">was </w><w c5="AV0" hw="widely" pos="ADV">widely </w><w c5="VVN" hw="interpret" pos="VERB">interpreted </w><w c5="PRP" hw="as" pos="PREP">as </w><w c5="AT0" hw="a" pos="ART">a </w><w c5="NN1" hw="favour" pos="SUBST">favour </w><w c5="PRP" hw="to" pos="PREP">to </w><w c5="NP0" hw="margaret" pos="SUBST">Margaret </w><w c5="NP0" hw="thatcher" pos="SUBST">Thatcher </w><w c5="PRP" hw="with" pos="PREP">with </w><w c5="AT0" hw="a" pos="ART">a </w><w c5="NN1" hw="week" pos="SUBST">week </w><w c5="TO0" hw="to" pos="PREP">to </w><w c5="VVI" hw="go" pos="VERB">go </w><w c5="PRP" hw="to" pos="PREP">to </w><w c5="AT0" hw="the" pos="ART">the </w><w c5="NN1" hw="commonwealth" pos="SUBST">Commonwealth </w><w c5="NN1" hw="summit" pos="SUBST">summit </w><w c5="PRP" hw="in" pos="PREP">in </w><w c5="NP0" hw="kuala" pos="SUBST">Kuala </w><w c5="NP0" hw="lumpur" pos="SUBST">Lumpur</w><c c5="PUN">, </c><w c5="NP0" hw="mr" pos="SUBST">Mr </w><w c5="NP0" hw="de" pos="SUBST">de </w><w c5="NP0" hw="klerk" pos="SUBST">Klerk </w><w c5="VVD" hw="say" pos="VERB">said </w><w c5="CJT" hw="that" pos="CONJ">that </w><w c5="AT0" hw="the" pos="ART">the </w><w c5="NN2" hw="prisoner" pos="SUBST">prisoners </w><w c5="VM0" hw="would" pos="VERB">would </w><w c5="VBI" hw="be" pos="VERB">be </w><w c5="VVN" hw="release" pos="VERB">released </w><mw c5="CJS"><w c5="CJS" hw="as" pos="CONJ">as </w><w c5="AV0" hw="soon" pos="ADV">soon </w><w c5="CJS" hw="as" pos="CONJ">as </w></mw><w c5="NN1" hw="prison" pos="SUBST">prison </w><w c5="NN2" hw="formality" pos="SUBST">formalities </w><w c5="VBD" hw="be" pos="VERB">were </w><w c5="VVN" hw="deal" pos="VERB">dealt </w><w c5="PRP" hw="with" pos="PREP">with</w><c c5="PUN">.</c></s>
<s n="6"><c c5="PUQ">‘</c><w c5="DT0" hw="most" pos="ADJ">Most </w><w c5="NP0" hw="south" pos="SUBST">South </w><w c5="NN2" hw="african" pos="SUBST">Africans </w><w c5="VBB" hw="be" pos="VERB">are </w><w c5="AJ0" hw="tired" pos="ADJ">tired </w><w c5="PRF" hw="of" pos="PREP">of </w><w c5="NN1" hw="confrontation" pos="SUBST">confrontation </w><w c5="CJC" hw="and" pos="CONJ">and </w><w c5="VVB-NN1" hw="wish" pos="VERB">wish </w><w c5="TO0" hw="to" pos="PREP">to </w><w c5="VVI" hw="speak" pos="VERB">speak </w><w c5="PRP" hw="to" pos="PREP">to </w><mw c5="PNX"><w c5="CRD" hw="one" pos="ADJ">one </w><w c5="DT0" hw="another" pos="ADJ">another </w></mw><w c5="PRP" hw="about" pos="PREP">about </w><w c5="AT0" hw="the" pos="ART">the </w><w c5="NN1" hw="road" pos="SUBST">road </w><w c5="PRF" hw="of" pos="PREP">of </w><w c5="NN1" hw="prosperity" pos="SUBST">prosperity </w><w c5="CJC" hw="and" pos="CONJ">and </w><w c5="NN1" hw="justice" pos="SUBST">justice </w><w c5="PRP" hw="for" pos="PREP">for </w><w c5="DT0" hw="all" pos="ADJ">all</w><c c5="PUN">,</c><c c5="PUQ">’ </c><w c5="PNP" hw="he" pos="PRON">he </w><w c5="VVD" hw="say" pos="VERB">said </w><w c5="PRP-AVP" hw="in" pos="PREP">in </w><w c5="AT0" hw="a" pos="ART">a </w><w c5="AV0" hw="nationally" pos="ADV">nationally </w><w c5="VVB" hw="broadcast" pos="VERB">broadcast </w><w c5="NN1" hw="statement" pos="SUBST">statement</w><c c5="PUN">.</c></s></p><p>
<s n="7"><w c5="NP0" hw="mr" pos="SUBST">Mr </w><w c5="NP0" hw="de" pos="SUBST">de </w><w c5="NP0" hw="klerk" pos="SUBST">Klerk </w><w c5="VVD" hw="telephone" pos="VERB">telephoned </w><w c5="NP0" hw="mrs" pos="SUBST">Mrs </w><w c5="NP0" hw="thatcher" pos="SUBST">Thatcher </w><w c5="PRP" hw="at" pos="PREP">at </w><w c5="AT0" hw="the" pos="ART">the </w><w c5="AJ0-NN1" hw="conservative" pos="ADJ">Conservative </w><w c5="NN1" hw="conference" pos="SUBST">conference </w><w c5="PRP" hw="in" pos="PREP">in </w><w c5="NP0" hw="blackpool" pos="SUBST">Blackpool </w><w c5="TO0" hw="to" pos="PREP">to </w><w c5="VVI" hw="tell" pos="VERB">tell </w><w c5="PNP" hw="she" pos="PRON">her </w><w c5="PRF" hw="of" pos="PREP">of </w><w c5="AT0" hw="the" pos="ART">the </w><w c5="NN1" hw="decision" pos="SUBST">decision </w><w c5="CJS" hw="before" pos="CONJ">before </w><w c5="PNP" hw="it" pos="PRON">it </w><w c5="VBD" hw="be" pos="VERB">was </w><w c5="VVN" hw="announce" pos="VERB">announced </w><w c5="PRP" hw="in" pos="PREP">in </w><w c5="NP0" hw="south" pos="SUBST">South </w><w c5="NP0" hw="africa" pos="SUBST">Africa</w><c c5="PUN">.</c></s></p><p>
<s n="8"><w c5="CRD" hw="five" pos="ADJ">Five </w><w c5="PRF" hw="of" pos="PREP">of </w><w c5="AT0" hw="the" pos="ART">the </w><w c5="CRD" hw="eight" pos="ADJ">eight </w><w c5="NN2" hw="prisoner" pos="SUBST">prisoners </w><w c5="AJ0" hw="due" pos="ADJ">due </w><w c5="TO0" hw="to" pos="PREP">to </w><w c5="VBI" hw="be" pos="VERB">be </w><w c5="VVN" hw="release" pos="VERB">released </w><w c5="VBD" hw="be" pos="VERB">were </w><w c5="VVN-AJ0" hw="convict" pos="VERB">convicted </w><w c5="PRF" hw="of" pos="PREP">of </w><w c5="NN1" hw="terrorism" pos="SUBST">terrorism </w><w c5="CJC" hw="and" pos="CONJ">and </w><w c5="VVN" hw="sentence" pos="VERB">sentenced </w><w c5="PRP" hw="for" pos="PREP">for </w><w c5="NN1" hw="life" pos="SUBST">life </w><w c5="PRP" hw="in" pos="PREP">in </w><w c5="AT0" hw="the" pos="ART">the </w><w c5="AJ0" hw="famous" pos="ADJ">famous </w><w c5="NP0" hw="rivonia" pos="SUBST">Rivonia </w><w c5="NN1" hw="trial" pos="SUBST">Trial </w><w c5="PRF" hw="of" pos="PREP">of </w><w c5="CRD" hw="1964" pos="ADJ">1964</w><c c5="PUN">.</c></s>
<s n="9"><w c5="PNP" hw="they" pos="PRON">They </w><w c5="VBB" hw="be" pos="VERB">are </w><w c5="NP0" hw="mr" pos="SUBST">Mr </w><w c5="NP0" hw="sisulu" pos="SUBST">Sisulu</w><c c5="PUN">, </c><w c5="NP0" hw="andrew" pos="SUBST">Andrew </w><w c5="NP0" hw="mlangeni" pos="SUBST">Mlangeni</w><c c5="PUN">, </c><w c5="NP0" hw="raymond" pos="SUBST">Raymond </w><w c5="NP0" hw="mhlaba" pos="SUBST">Mhlaba</w><c c5="PUN">, </c><w c5="NP0" hw="ahmed" pos="SUBST">Ahmed </w><w c5="NP0" hw="kathrada" pos="SUBST">Kathrada </w><w c5="CJC" hw="and" pos="CONJ">and </w><w c5="NP0" hw="elias" pos="SUBST">Elias </w><w c5="NP0" hw="motsoaledi" pos="SUBST">Motsoaledi</w><c c5="PUN">, </c><w c5="DT0" hw="all" pos="ADJ">all </w><w c5="PRF" hw="of" pos="PREP">of </w><w c5="PNQ" hw="whom" pos="PRON">whom </w><w c5="VBB" hw="be" pos="VERB">are </w><mw c5="AV0"><w c5="AV0" hw="more" pos="ADV">more </w><w c5="CJS" hw="than" pos="CONJ">than </w></mw><w c5="CRD" hw="60" pos="ADJ">60 </w><w c5="NN2" hw="year" pos="SUBST">years </w><w c5="AJ0" hw="old" pos="ADJ">old</w><c c5="PUN">.</c></s>
<s n="10"><w c5="AV0" hw="also" pos="ADV">Also </w><w c5="TO0" hw="to" pos="PREP">to </w><w c5="VBI" hw="be" pos="VERB">be </w><w c5="VVN" hw="release" pos="VERB">released </w><w c5="VBZ" hw="be" pos="VERB">is </w><w c5="NP0" hw="wilton" pos="SUBST">Wilton </w><w c5="NP0" hw="mkwayi" pos="SUBST">Mkwayi</w><c c5="PUN">, </c><w c5="PNQ" hw="who" pos="PRON">who </w><w c5="VVD" hw="take" pos="VERB">took </w><w c5="AVP" hw="over" pos="ADV">over </w><w c5="AT0" hw="the" pos="ART">the </w><w c5="AJ0-NN1" hw="overall" pos="ADJ">overall </w><w c5="NN1" hw="command" pos="SUBST">command </w><w c5="PRF" hw="of" pos="PREP">of </w><w c5="AT0" hw="the" pos="ART">the </w><w c5="NP0" hw="anc" pos="SUBST">ANC</w><w c5="POS" hw="'s" pos="UNC">'s </w><w c5="AJ0" hw="military" pos="ADJ">military </w><w c5="NN1" hw="wing" pos="SUBST">wing</w><c c5="PUN">, </c><w c5="NP0" hw="umkhonto" pos="SUBST">Umkhonto </w><w c5="NP0" hw="we" pos="SUBST">we </w><w c5="NP0" hw="sizwe" pos="SUBST">Sizwe</w><c c5="PUN">, </c><w c5="CJS" hw="after" pos="CONJ">after </w><w c5="AT0" hw="the" pos="ART">the </w><w c5="NN2" hw="other" pos="SUBST">others </w><w c5="VBD" hw="be" pos="VERB">were </w><w c5="VVN-AJ0" hw="jail" pos="VERB">jailed </w><w c5="CJC" hw="but" pos="CONJ">but </w><w c5="VBD" hw="be" pos="VERB">was </w><w c5="PNX" hw="himself" pos="PRON">himself </w><w c5="VVN" hw="arrest" pos="VERB">arrested </w><w c5="CJC" hw="and" pos="CONJ">and </w><w c5="VVN-AJ0" hw="jail" pos="VERB">jailed </w><w c5="PRP" hw="for" pos="PREP">for </w><w c5="NN1" hw="life" pos="SUBST">life </w><w c5="PRP" hw="in" pos="PREP">in </w><w c5="CRD" hw="1965" pos="ADJ">1965</w><c c5="PUN">.</c></s></p><p>
<s n="11"><w c5="NP0" hw="mr" pos="SUBST">Mr </w><w c5="NP0" hw="de" pos="SUBST">de </w><w c5="NP0" hw="klerk" pos="SUBST">Klerk </w><w c5="AV0" hw="also" pos="ADV">also </w><w c5="VVD-VVN" hw="announce" pos="VERB">announced </w><w c5="AT0" hw="the" pos="ART">the </w><w c5="NN1" hw="release" pos="SUBST">release </w><w c5="PRF" hw="of" pos="PREP">of </w><w c5="NP0" hw="oscar" pos="SUBST">Oscar </w><w c5="NP0" hw="mpheta" pos="SUBST">Mpheta</w><c c5="PUN">, </c><w c5="AT0" hw="a" pos="ART">a </w><w c5="AJ0" hw="legendary" pos="ADJ">legendary </w><w c5="NN1" hw="figure" pos="SUBST">figure </w><w c5="PRP" hw="in" pos="PREP">in </w><w c5="AT0" hw="the" pos="ART">the </w><w c5="AJ0" hw="black" pos="ADJ">black </w><w c5="NN1" hw="trade" pos="SUBST">trade </w><w c5="NN1" hw="union" pos="SUBST">union </w><w c5="NN1" hw="movement" pos="SUBST">movement </w><w c5="PNQ" hw="who" pos="PRON">who</w><c c5="PUN">, </c><w c5="PRP" hw="at" pos="PREP">at </w><w c5="CRD" hw="80" pos="ADJ">80</w><c c5="PUN">, </c><w c5="VBZ" hw="be" pos="VERB">is </w><w c5="AT0" hw="the" pos="ART">the </w><w c5="NN1" hw="country" pos="SUBST">country</w><w c5="POS" hw="'s" pos="UNC">'s </w><w c5="AJS" hw="old" pos="ADJ">oldest </w><w c5="AJ0" hw="political" pos="ADJ">political </w><w c5="NN1" hw="prisoner" pos="SUBST">prisoner</w><c c5="PUN">.</c></s>
<s n="12"><w c5="NP0" hw="mr" pos="SUBST">Mr </w><w c5="NP0" hw="de" pos="SUBST">de </w><w c5="NP0" hw="klerk" pos="SUBST">Klerk </w><w c5="VVD" hw="say" pos="VERB">said </w><w c5="NP0" hw="mr" pos="SUBST">Mr </w><w c5="NP0" hw="mandela" pos="SUBST">Mandela </w><w c5="VBD" hw="be" pos="VERB">was </w><w c5="AV0" hw="fully" pos="ADV">fully </w><w c5="AJ0" hw="aware" pos="ADJ">aware </w><w c5="PRF" hw="of" pos="PREP">of </w><w c5="AT0" hw="the" pos="ART">the </w><w c5="AJ0" hw="proposed" pos="ADJ">proposed </w><w c5="NN2" hw="release" pos="SUBST">releases</w><c c5="PUN">, </c><w c5="VVG" hw="lend" pos="VERB">lending </w><w c5="NN1" hw="substance" pos="SUBST">substance </w><w c5="PRP" hw="to" pos="PREP">to </w><w c5="AT0" hw="the" pos="ART">the </w><w c5="NN1" hw="belief" pos="SUBST">belief </w><w c5="CJT" hw="that" pos="CONJ">that </w><w c5="AT0" hw="the" pos="ART">the </w><w c5="NN1" hw="world" pos="SUBST">world</w><w c5="POS" hw="'s" pos="UNC">'s </w><w c5="AV0" hw="most" pos="ADV">most </w><w c5="AJ0" hw="famous" pos="ADJ">famous </w><w c5="AJ0" hw="political" pos="ADJ">political </w><w c5="NN1" hw="prisoner" pos="SUBST">prisoner </w><w c5="VHZ" hw="have" pos="VERB">has </w><w c5="VVN" hw="play" pos="VERB">played </w><w c5="AT0" hw="a" pos="ART">a </w><w c5="AJ0" hw="decisive" pos="ADJ">decisive </w><w c5="NN1" hw="negotiating" pos="SUBST">negotiating </w><w c5="NN1" hw="role" pos="SUBST">role </w><w c5="PRP" hw="with" pos="PREP">with </w><w c5="AT0" hw="the" pos="ART">the </w><w c5="NN1" hw="government" pos="SUBST">government </w><w c5="NN1" hw="way" pos="SUBST">way </w><w c5="PRP" hw="beyond" pos="PREP">beyond </w><w c5="AT0" hw="the" pos="ART">the </w><w c5="AJ0" hw="political" pos="ADJ">political </w><w c5="NN2" hw="limitation" pos="SUBST">limitations </w><w c5="AV0" hw="normally" pos="ADV">normally </w><w c5="VVN" hw="place" pos="VERB">placed </w><w c5="PRP" hw="on" pos="PREP">on </w><w c5="NN2" hw="prisoner" pos="SUBST">prisoners</w><c c5="PUN">.</c></s>
<s n="13"><w c5="NP0" hw="mr" pos="SUBST">Mr </w><w c5="NP0" hw="de" pos="SUBST">de </w><w c5="NP0" hw="klerk" pos="SUBST">Klerk</w><c c5="PUN">, </c><w c5="PNQ" hw="who" pos="PRON">who </w><w c5="VVD" hw="say" pos="VERB">said </w><w c5="NP0" hw="mr" pos="SUBST">Mr </w><w c5="NP0" hw="mandela" pos="SUBST">Mandela</w><w c5="POS" hw="'s" pos="UNC">'s </w><w c5="NN1" hw="release" pos="SUBST">release </w><w c5="VBD" hw="be" pos="VERB">was </w><c c5="PUQ">‘</c><w c5="XX0" hw="not" pos="ADV">not </w><w c5="PRP" hw="on" pos="PREP">on </w><w c5="AT0" hw="the" pos="ART">the </w><w c5="NN1" hw="agenda" pos="SUBST">agenda </w><w c5="AV0" hw="now" pos="ADV">now</w><c c5="PUQ">’</c><c c5="PUN">, </c><w c5="VVD" hw="express" pos="VERB">expressed </w><w c5="AT0" hw="the" pos="ART">the </w><w c5="NN1" hw="hope" pos="SUBST">hope </w><w c5="CJT" hw="that" pos="CONJ">that </w><w c5="AT0" hw="the" pos="ART">the </w><w c5="NN1" hw="release" pos="SUBST">release </w><w c5="PRF" hw="of" pos="PREP">of </w><w c5="AT0" hw="the" pos="ART">the </w><w c5="NN2" hw="prisoner" pos="SUBST">prisoners </w><w c5="VM0" hw="would" pos="VERB">would </w><w c5="VVI" hw="contribute" pos="VERB">contribute </w><w c5="PRP" hw="to" pos="PREP">to </w><w c5="AT0" hw="a" pos="ART">a </w><w c5="NN1" hw="spirit" pos="SUBST">spirit </w><w c5="PRF" hw="of" pos="PREP">of </w><w c5="NN1" hw="reconciliation" pos="SUBST">reconciliation</w><c c5="PUN">.</c></s></p><p>
<s n="14"><w c5="PRF" hw="of" pos="PREP">Of </w><w c5="AT0" hw="the" pos="ART">the </w><w c5="CRD" hw="eight" pos="ADJ">eight </w><w c5="NN2" hw="prisoner" pos="SUBST">prisoners</w><c c5="PUN">, </c><w c5="NP0" hw="mr" pos="SUBST">Mr </w><w c5="NP0" hw="sisulu" pos="SUBST">Sisulu </w><w c5="VBZ" hw="be" pos="VERB">is </w><w c5="AT0" hw="the" pos="ART">the </w><w c5="AV0" hw="best" pos="ADV">best </w><w c5="VVN" hw="know" pos="VERB">known</w><c c5="PUN">, </c><w c5="ORD" hw="second" pos="ADJ">second </w><w c5="AV0" hw="only" pos="ADV">only </w><w c5="PRP" hw="to" pos="PREP">to </w><w c5="NP0" hw="mr" pos="SUBST">Mr </w><w c5="NP0" hw="mandela" pos="SUBST">Mandela </w><w c5="PRP" hw="in" pos="PREP">in </w><w c5="AV0" hw="both" pos="ADV">both </w><w c5="AJ0" hw="symbolic" pos="ADJ">symbolic </w><w c5="CJC" hw="and" pos="CONJ">and </w><w c5="AJ0" hw="substantial" pos="ADJ">substantial </w><w c5="AJ0" hw="political" pos="ADJ">political </w><w c5="NN1" hw="importance" pos="SUBST">importance</w><c c5="PUN">.</c></s>
<s n="15"><w c5="DPS" hw="he" pos="PRON">His </w><c c5="PUQ">‘</c><w c5="AJ0" hw="unconditional" pos="ADJ">unconditional</w><c c5="PUQ">’ </c><w c5="NN1" hw="release" pos="SUBST">release</w><c c5="PUN">, </c><w c5="PRP" hw="by" pos="PREP">by </w><w c5="DTQ" hw="which" pos="PRON">which </w><w c5="PNP" hw="it" pos="PRON">it </w><w c5="VBZ" hw="be" pos="VERB">is </w><w c5="VVN" hw="understand" pos="VERB">understood </w><w c5="PNP" hw="he" pos="PRON">he </w><w c5="VM0" hw="will" pos="VERB">will </w><w c5="VBI" hw="be" pos="VERB">be </w><w c5="AJ0" hw="able" pos="ADJ">able </w><w c5="TO0" hw="to" pos="PREP">to </w><w c5="VVI" hw="operate" pos="VERB">operate </w><w c5="AV0" hw="freely" pos="ADV">freely </w><w c5="PRP" hw="in" pos="PREP">in </w><w c5="NN1" hw="politics" pos="SUBST">politics</w><c c5="PUN">, </c><w c5="VVZ" hw="represent" pos="VERB">represents </w><w c5="AT0" hw="a" pos="ART">a </w><w c5="NN1" hw="risk" pos="SUBST">risk </w><w c5="PRP" hw="for" pos="PREP">for </w><w c5="NP0" hw="mr" pos="SUBST">Mr </w><w c5="NP0" hw="de" pos="SUBST">de </w><w c5="NP0" hw="klerk" pos="SUBST">Klerk</w><c c5="PUN">, </c><w c5="CJS" hw="since" pos="CONJ">since </w><w c5="PNP" hw="it" pos="PRON">it </w><w c5="VBZ" hw="be" pos="VERB">is </w><w c5="AJ0" hw="clear" pos="ADJ">clear </w><w c5="NP0" hw="mr" pos="SUBST">Mr </w><w c5="NP0" hw="sisulu" pos="SUBST">Sisulu </w><w c5="VM0" hw="will" pos="VERB">will </w><w c5="VHI" hw="have" pos="VERB">have </w><w c5="AT0" hw="a" pos="ART">a </w><w c5="NN1" hw="capacity" pos="SUBST">capacity </w><w c5="TO0" hw="to" pos="PREP">to </w><w c5="VVI" hw="generate" pos="VERB">generate </w><w c5="AJ0" hw="mass" pos="ADJ">mass </w><w c5="AJ0" hw="political" pos="ADJ">political </w><w c5="NN2" hw="gathering" pos="SUBST">gatherings</w><c c5="PUN">, </c><mw c5="PRP"><w c5="CJS" hw="as" pos="CONJ">as </w><w c5="AV0" hw="well" pos="ADV">well </w><w c5="CJS" hw="as" pos="CONJ">as </w></mw><w c5="VVB" hw="give" pos="VERB">give </w><w c5="AT0" hw="a" pos="ART">a </w><w c5="AJ0" hw="revitalised" pos="ADJ">revitalised </w><w c5="NN1" hw="direction" pos="SUBST">direction </w><w c5="PRP" hw="to" pos="PREP">to </w><w c5="AJ0" hw="anti-apartheid" pos="ADJ">anti-apartheid </w><w c5="NN1" hw="politics" pos="SUBST">politics</w><c c5="PUN">.</c></s></p></div><div level="1" n="891011 edition -- Title Page 1"><head type="MAIN">
<s n="16"><w c5="NN2" hw="explosive" pos="SUBST">Explosives </w><w c5="VVN-VVD" hw="find" pos="VERB">found </w><w c5="PRP" hw="on" pos="PREP">on </w><w c5="NP0" hw="hampstead" pos="SUBST">Hampstead </w><w c5="NN1" hw="heath" pos="SUBST">Heath</w></s></head><head type="BYLINE">
<s n="17"><w c5="PRP" hw="by" pos="PREP">By </w><w c5="NP0" hw="terry" pos="SUBST">TERRY </w><w c5="NP0" hw="kirby" pos="SUBST">KIRBY</w><c c5="PUN">, </c><w c5="NN1" hw="crime" pos="SUBST">Crime </w><w c5="NN1" hw="correspondent" pos="SUBST">Correspondent</w></s></head><p>
<s n="18"><w c5="AT0" hw="a" pos="ART">A </w><w c5="AJ0" hw="large" pos="ADJ">LARGE </w><w c5="NN1" hw="quantity" pos="SUBST">QUANTITY </w><w c5="PRF" hw="of" pos="PREP">of </w><w c5="NN2" hw="explosive" pos="SUBST">explosives </w><w c5="CJC" hw="and" pos="CONJ">and </w><w c5="DTQ" hw="what" pos="PRON">what </w><w c5="NN2" hw="detective" pos="SUBST">detectives </w><w c5="VVN" hw="describe" pos="VERB">described </w><w c5="CJS-PRP" hw="as" pos="CONJ">as </w><c c5="PUQ">‘</c><w c5="NN1" hw="terrorist" pos="SUBST">terrorist </w><w c5="NN0" hw="paraphernalia" pos="SUBST">paraphernalia</w><c c5="PUQ">’ </c><w c5="VBD" hw="be" pos="VERB">was </w><w c5="VVN" hw="discover" pos="VERB">discovered </w><w c5="AV0" hw="yesterday" pos="ADV">yesterday </w><w c5="PRP" hw="in" pos="PREP">in </w><w c5="CRD" hw="two" pos="ADJ">two </w><w c5="NN2" hw="bag" pos="SUBST">bags </w><w c5="VVN-VVD" hw="dump" pos="VERB">dumped </w><w c5="PRP" hw="on" pos="PREP">on </w><w c5="NP0" hw="hampstead" pos="SUBST">Hampstead </w><w c5="NN1" hw="heath" pos="SUBST">Heath</w><c c5="PUN">, </c><w c5="CRD" hw="one" pos="ADJ">one </w><w c5="PRF" hw="of" pos="PREP">of </w><w c5="NP0" hw="london" pos="SUBST">London</w><w c5="POS" hw="'s" pos="UNC">'s </w><w c5="AV0" hw="most" pos="ADV">most </w><w c5="AJ0" hw="popular" pos="ADJ">popular </w><w c5="NN2" hw="park" pos="SUBST">parks</w><c c5="PUN">.</c></s></p><p>
<s n="19"><w c5="AJ0" hw="anti-terrorist" pos="ADJ">Anti-Terrorist </w><w c5="NN1" hw="squad" pos="SUBST">Squad </w><w c5="NN2" hw="detective" pos="SUBST">detectives </w><w c5="PRP" hw="from" pos="PREP">from </w><w c5="NP0" hw="scotland" pos="SUBST">Scotland </w><w c5="NN1" hw="yard" pos="SUBST">Yard </w><w c5="VVD" hw="begin" pos="VERB">began </w><w c5="AT0" hw="an" pos="ART">an </w><w c5="NN1" hw="investigation" pos="SUBST">investigation</w><c c5="PUN">.</c></s>
<s n="20"><w c5="AT0" hw="the" pos="ART">The </w><w c5="NN1" hw="area" pos="SUBST">area </w><w c5="VBD" hw="be" pos="VERB">was </w><w c5="VVN" hw="seal" pos="VERB">sealed </w><w c5="AVP" hw="off" pos="ADV">off</w><c c5="PUN">, </c><w c5="NN1" hw="sniffer" pos="SUBST">sniffer </w><w c5="NN2" hw="dog" pos="SUBST">dogs </w><w c5="VBD" hw="be" pos="VERB">were </w><w c5="VVN" hw="call" pos="VERB">called </w><w c5="AVP" hw="in" pos="ADV">in </w><w c5="TO0" hw="to" pos="PREP">to </w><w c5="VVI" hw="search" pos="VERB">search </w><w c5="PRP" hw="for" pos="PREP">for </w><w c5="DT0" hw="more" pos="ADJ">more </w><w c5="NN2" hw="explosive" pos="SUBST">explosives </w><w c5="CJC" hw="and" pos="CONJ">and </w><w c5="AT0" hw="the" pos="ART">the </w><w c5="NN2" hw="bag" pos="SUBST">bags </w><w c5="VVN" hw="take" pos="VERB">taken </w><w c5="PRP" hw="to" pos="PREP">to </w><w c5="AT0" hw="the" pos="ART">the </w><w c5="AJ0" hw="metropolitan" pos="ADJ">Metropolitan </w><w c5="NN2" hw="police" pos="SUBST">Police </w><w c5="AJ0" hw="forensic" pos="ADJ">forensic </w><w c5="NN1" hw="science" pos="SUBST">science </w><w c5="NN1" hw="laboratory" pos="SUBST">laboratory </w><w c5="PRP" hw="for" pos="PREP">for </w><w c5="NN1" hw="examination" pos="SUBST">examination</w><c c5="PUN">.</c></s></p><p>
<s n="21"><w c5="CJS" hw="although" pos="CONJ">Although </w><w c5="EX0" hw="there" pos="PRON">there </w><w c5="VBD" hw="be" pos="VERB">was </w><w c5="AT0" hw="no" pos="ART">no </w><w c5="NN1" hw="confirmation" pos="SUBST">confirmation </w><w c5="ORD" hw="last" pos="ADJ">last </w><w c5="NN1" hw="night" pos="SUBST">night</w><c c5="PUN">, </c><w c5="PNP" hw="it" pos="PRON">it </w><w c5="VBD" hw="be" pos="VERB">was </w><w c5="VBG" hw="be" pos="VERB">being </w><w c5="AV0" hw="widely" pos="ADV">widely </w><w c5="VVN-VVD" hw="assume" pos="VERB">assumed </w><w c5="CJT" hw="that" pos="CONJ">that </w><w c5="AT0" hw="the" pos="ART">the </w><w c5="NN2" hw="explosive" pos="SUBST">explosives </w><w c5="VBD" hw="be" pos="VERB">were </w><w c5="NP0" hw="semtex" pos="SUBST">Semtex </w><w c5="CJC" hw="and" pos="CONJ">and </w><w c5="AT0" hw="the" pos="ART">the </w><w c5="NN1" hw="discovery" pos="SUBST">discovery </w><w c5="NN1" hw="part" pos="SUBST">part </w><w c5="PRF" hw="of" pos="PREP">of </w><w c5="AT0" hw="a" pos="ART">a </w><w c5="NN1" hw="pattern" pos="SUBST">pattern </w><w c5="PRF" hw="of" pos="PREP">of </w><w c5="AJ0" hw="similar" pos="ADJ">similar </w><w c5="NN2-VVZ" hw="find" pos="SUBST">finds </w><w c5="CJC" hw="and" pos="CONJ">and </w><w c5="NN2" hw="explosion" pos="SUBST">explosions </w><w c5="PRP" hw="in" pos="PREP">in </w><w c5="AT0" hw="an" pos="ART">an </w><w c5="NP0" hw="ira" pos="SUBST">IRA </w><w c5="NN1" hw="mainland" pos="SUBST">mainland </w><w c5="NN1-VVB" hw="campaign" pos="SUBST">campaign </w><w c5="CJT" hw="that" pos="CONJ">that </w><w c5="VHZ" hw="have" pos="VERB">has </w><w c5="VVN" hw="continue" pos="VERB">continued </w><w c5="PRP" hw="for" pos="PREP">for </w><w c5="DT0" hw="more" pos="ADJ">more </w><w c5="CJS" hw="than" pos="CONJ">than </w><w c5="AT0" hw="a" pos="ART">a </w><w c5="NN1" hw="year" pos="SUBST">year</w><c c5="PUN">.</c></s>
<s n="22"><w c5="AT0" hw="the" pos="ART">The </w><w c5="AV0" hw="most" pos="ADV">most </w><w c5="AJ0" hw="recent" pos="ADJ">recent </w><w c5="NN1" hw="explosion" pos="SUBST">explosion </w><w c5="VBD" hw="be" pos="VERB">was </w><w c5="AT0" hw="the" pos="ART">the </w><w c5="NN1" hw="deal" pos="SUBST">Deal </w><w c5="VVG-NN1" hw="bomb" pos="VERB">bombing </w><w c5="PRP" hw="on" pos="PREP">on </w><w c5="CRD" hw="22" pos="ADJ">22 </w><w c5="NP0" hw="september" pos="SUBST">September </w><w c5="PRP" hw="in" pos="PREP">in </w><w c5="DTQ" hw="which" pos="PRON">which </w><w c5="CRD" hw="10" pos="ADJ">10 </w><w c5="AJ0" hw="royal" pos="ADJ">Royal </w><w c5="NN2" hw="marine" pos="SUBST">Marines </w><w c5="NN2" hw="bandsman" pos="SUBST">bandsmen </w><w c5="VBD" hw="be" pos="VERB">were </w><w c5="VVN" hw="kill" pos="VERB">killed</w><c c5="PUN">.</c></s></p><p>
<s n="23"><w c5="NP0" hw="commander" pos="SUBST">Commander </w><w c5="NP0" hw="george" pos="SUBST">George </w><w c5="NP0" hw="churchill-coleman" pos="SUBST">Churchill-Coleman</w><c c5="PUN">, </c><w c5="NN1" hw="head" pos="SUBST">head </w><w c5="PRF" hw="of" pos="PREP">of </w><w c5="AT0" hw="the" pos="ART">the </w><w c5="AJ0" hw="anti-terrorist" pos="ADJ">Anti-Terrorist </w><w c5="NN1" hw="squad" pos="SUBST">Squad</w><c c5="PUN">, </c><w c5="ORD" hw="last" pos="ADJ">last </w><w c5="NN1" hw="night" pos="SUBST">night </w><w c5="VVD" hw="appeal" pos="VERB">appealed </w><w c5="PRP" hw="for" pos="PREP">for </w><w c5="AT0" hw="the" pos="ART">the </w><w c5="NN1" hw="public" pos="SUBST">public </w><w c5="TO0" hw="to" pos="PREP">to </w><w c5="VBI" hw="be" pos="VERB">be </w><w c5="AJ0" hw="vigilant" pos="ADJ">vigilant </w><w c5="PRP" hw="as" pos="PREP">as </w><w c5="AT0" hw="a" pos="ART">a </w><w c5="NN1" hw="result" pos="SUBST">result </w><w c5="PRF" hw="of" pos="PREP">of </w><c c5="PUQ">‘</c><w c5="DT0" hw="this" pos="ADJ">this </w><w c5="AJ0" hw="timely" pos="ADJ">timely </w><w c5="NN1" hw="reminder" pos="SUBST">reminder</w><c c5="PUQ">’</c><c c5="PUN">.</c></s>
<s n="24"><w c5="PNP" hw="he" pos="PRON">He </w><w c5="VVD" hw="refuse" pos="VERB">refused </w><w c5="TO0" hw="to" pos="PREP">to </w><w c5="VVI" hw="give" pos="VERB">give </w><w c5="NN2" hw="detail" pos="SUBST">details </w><w c5="PRF" hw="of" pos="PREP">of </w><w c5="AT0" hw="the" pos="ART">the </w><w c5="NN1" hw="type" pos="SUBST">type</w><c c5="PUN">, </c><w c5="NN1" hw="quantity" pos="SUBST">quantity </w><w c5="CJC" hw="and" pos="CONJ">and </w><w c5="NN1" hw="condition" pos="SUBST">condition </w><w c5="PRF" hw="of" pos="PREP">of </w><w c5="AT0" hw="the" pos="ART">the </w><w c5="AJ0" hw="explosive" pos="ADJ">explosive </w><w c5="CJC" hw="or" pos="CONJ">or </w><w c5="VVB" hw="identify" pos="VERB">identify </w><w c5="AT0" hw="the" pos="ART">the </w><c c5="PUQ">‘</c><w c5="NN1" hw="terrorist" pos="SUBST">terrorist </w><w c5="NN0" hw="paraphernalia" pos="SUBST">paraphernalia</w><c c5="PUQ">’</c><c c5="PUN">, </c><w c5="CJS" hw="although" pos="CONJ">although </w><w c5="PNP" hw="it" pos="PRON">it </w><w c5="VBZ" hw="be" pos="VERB">is </w><w c5="AJ0" hw="possible" pos="ADJ">possible </w><w c5="DT0" hw="this" pos="ADJ">this </w><w c5="VM0" hw="might" pos="VERB">might </w><w c5="VVI" hw="include" pos="VERB">include </w><w c5="NN1" hw="timing" pos="SUBST">timing </w><w c5="NN2" hw="device" pos="SUBST">devices </w><w c5="CJC" hw="or" pos="CONJ">or </w><w c5="NN2" hw="detonator" pos="SUBST">detonators</w><c c5="PUN">.</c></s></p><p>
<s n="25"><w c5="NP0" hw="scotland" pos="SUBST">Scotland </w><w c5="NN1" hw="yard" pos="SUBST">Yard </w><w c5="VVD" hw="add" pos="VERB">added </w><w c5="CJT" hw="that" pos="CONJ">that </w><w c5="PNP" hw="it" pos="PRON">it </w><w c5="VBD" hw="be" pos="VERB">was </w><w c5="AT0" hw="a" pos="ART">a </w><c c5="PUQ">‘</c><w c5="AJ0" hw="significant" pos="ADJ">significant </w><w c5="NN1-VVB" hw="find" pos="SUBST">find</w><c c5="PUQ">’</c><c c5="PUN">, </c><w c5="DTQ" hw="which" pos="PRON">which </w><w c5="VVZ" hw="suggest" pos="VERB">suggests </w><w c5="EX0" hw="there" pos="PRON">there </w><w c5="VBD" hw="be" pos="VERB">was </w><w c5="AT0" hw="a" pos="ART">a </w><w c5="AJ0" hw="sizeable" pos="ADJ">sizeable </w><w c5="NN1" hw="amount" pos="SUBST">amount </w><w c5="PRP" hw="for" pos="PREP">for </w><w c5="AJ0" hw="forensic" pos="ADJ">forensic </w><w c5="NN1" hw="analysis" pos="SUBST">analysis</w><c c5="PUN">, </c><w c5="CJC" hw="but" pos="CONJ">but </w><w c5="VVD" hw="say" pos="VERB">said </w><w c5="NN2" hw="connection" pos="SUBST">connections </w><w c5="PRP" hw="with" pos="PREP">with </w><w c5="AJ0" hw="other" pos="ADJ">other </w><w c5="NN2" hw="incident" pos="SUBST">incidents </w><w c5="VBD" hw="be" pos="VERB">was </w><c c5="PUQ">‘</c><w c5="AJ0" hw="mere" pos="ADJ">mere </w><w c5="NN1" hw="speculation" pos="SUBST">speculation</w><c c5="PUQ">’</c><c c5="PUN">.</c></s>
<s n="26"><w c5="PNP" hw="it" pos="PRON">It </w><w c5="VBZ" hw="be" pos="VERB">is </w><w c5="AJ0" hw="possible" pos="ADJ">possible </w><w c5="AT0" hw="the" pos="ART">the </w><w c5="NN1" hw="discovery" pos="SUBST">discovery </w><w c5="VM0" hw="could" pos="VERB">could </w><w c5="VBI" hw="be" pos="VERB">be </w><w c5="NN1" hw="part" pos="SUBST">part </w><w c5="PRF" hw="of" pos="PREP">of </w><w c5="AJ0" hw="middle" pos="ADJ">Middle </w><w c5="AJ0" hw="eastern" pos="ADJ">Eastern </w><w c5="NN1" hw="terrorism" pos="SUBST">terrorism </w><c c5="PUN">— </c><w c5="CRD" hw="two" pos="ADJ">two </w><w c5="NN2" hw="month" pos="SUBST">months </w><w c5="AV0" hw="ago" pos="ADV">ago </w><w c5="AT0" hw="a" pos="ART">a </w><w c5="NN1" hw="terrorist" pos="SUBST">terrorist </w><w c5="VBD" hw="be" pos="VERB">was </w><w c5="VVN" hw="blow" pos="VERB">blown </w><w c5="AVP" hw="up" pos="ADV">up </w><w c5="PRP" hw="by" pos="PREP">by </w><w c5="DPS" hw="he" pos="PRON">his </w><w c5="DT0" hw="own" pos="ADJ">own </w><w c5="NN1" hw="bomb" pos="SUBST">bomb </w><w c5="PRP" hw="in" pos="PREP">in </w><w c5="AT0" hw="a" pos="ART">a </w><w c5="NP0" hw="london" pos="SUBST">London </w><w c5="NN1" hw="hotel" pos="SUBST">hotel </w><w c5="PRP" hw="in" pos="PREP">in </w><w c5="AT0" hw="an" pos="ART">an </w><w c5="NN1" hw="incident" pos="SUBST">incident </w><w c5="AV0" hw="later" pos="ADV">later </w><w c5="VVN" hw="link" pos="VERB">linked </w><w c5="PRP" hw="to" pos="PREP">to </w><w c5="AT0" hw="the" pos="ART">the </w><w c5="AJ0" hw="satanic" pos="ADJ">Satanic </w><w c5="NN2" hw="verse" pos="SUBST">Verses </w><w c5="NN1" hw="affair" pos="SUBST">affair</w><c c5="PUN">.</c></s></p><p>
<s n="27"><w c5="AT0" hw="the" pos="ART">The </w><w c5="NN1" hw="cache" pos="SUBST">cache </w><w c5="VBD" hw="be" pos="VERB">was </w><w c5="VVN" hw="discover" pos="VERB">discovered </w><w c5="PRP" hw="by" pos="PREP">by </w><w c5="AT0" hw="a" pos="ART">a </w><w c5="NN1" hw="workman" pos="SUBST">workman </w><w c5="PRP" hw="on" pos="PREP">on </w><w c5="AT0" hw="the" pos="ART">the </w><w c5="NN1" hw="site" pos="SUBST">site </w><w c5="PRF" hw="of" pos="PREP">of </w><w c5="AT0" hw="an" pos="ART">an </w><w c5="AJ0" hw="old" pos="ADJ">old </w><w c5="NN1" hw="hospital" pos="SUBST">hospital </w><w c5="AV0" hw="about" pos="ADV">about </w><w c5="CRD" hw="50" pos="ADJ">50 </w><w c5="NN2" hw="yard" pos="SUBST">yards </w><w c5="PRP" hw="from" pos="PREP">from </w><w c5="NP0" hw="spaniards" pos="SUBST">Spaniards </w><w c5="NP0" hw="road" pos="SUBST">Road</w><c c5="PUN">, </c><w c5="AT0" hw="a" pos="ART">a </w><w c5="AJ0" hw="main" pos="ADJ">main </w><w c5="NN1" hw="road" pos="SUBST">road </w><w c5="VVG-NN1" hw="run" pos="VERB">running </w><w c5="PRP" hw="across" pos="PREP">across </w><w c5="AT0" hw="the" pos="ART">the </w><w c5="NN1" hw="heath" pos="SUBST">heath </w><w c5="PRP" hw="near" pos="PREP">near </w><w c5="NN2" hw="area" pos="SUBST">areas </w><w c5="VVN-VVD" hw="use" pos="VERB">used </w><w c5="PRP" hw="for" pos="PREP">for </w><w c5="NN1" hw="car" pos="SUBST">car </w><w c5="NN1" hw="parking" pos="SUBST">parking </w><w c5="PRP" hw="by" pos="PREP">by </w><w c5="NN2" hw="visitor" pos="SUBST">visitors</w><c c5="PUN">.</c></s></p><p>
<s n="28"><w c5="NN2" hw="detective" pos="SUBST">Detectives </w><w c5="VBB" hw="be" pos="VERB">are </w><w c5="VVG" hw="work" pos="VERB">working </w><w c5="PRP" hw="on" pos="PREP">on </w><w c5="AT0" hw="the" pos="ART">the </w><w c5="NN1" hw="theory" pos="SUBST">theory </w><w c5="CJT" hw="that" pos="CONJ">that </w><w c5="AT0" hw="the" pos="ART">the </w><w c5="NN2" hw="bag" pos="SUBST">bags </w><w c5="VHD" hw="have" pos="VERB">had </w><w c5="VBN" hw="be" pos="VERB">been </w><w c5="AV0" hw="there" pos="ADV">there </w><w c5="PRP" hw="for" pos="PREP">for </w><w c5="DT0" hw="some" pos="ADJ">some </w><w c5="NN1" hw="time" pos="SUBST">time</w><c c5="PUN">.</c></s>
<s n="29"><w c5="CJS" hw="if" pos="CONJ">If </w><w c5="AT0" hw="the" pos="ART">the </w><w c5="NP0" hw="ira" pos="SUBST">IRA </w><w c5="VBZ" hw="be" pos="VERB">is </w><w c5="VVN" hw="involve" pos="VERB">involved</w><c c5="PUN">, </c><w c5="PNP" hw="they" pos="PRON">they </w><w c5="VM0" hw="may" pos="VERB">may </w><w c5="VHI" hw="have" pos="VERB">have </w><w c5="VBN" hw="be" pos="VERB">been </w><w c5="VVN" hw="dump" pos="VERB">dumped </w><w c5="PRP" hw="after" pos="PREP">after </w><w c5="AT0" hw="the" pos="ART">the </w><w c5="NN1" hw="discovery" pos="SUBST">discovery </w><w c5="PRF" hw="of" pos="PREP">of </w><w c5="AT0" hw="an" pos="ART">an </w><w c5="NP0" hw="ira" pos="SUBST">IRA </w><w c5="NN1-VVB" hw="bomb" pos="SUBST">bomb </w><w c5="NN1" hw="factory" pos="SUBST">factory </w><w c5="PRP" hw="in" pos="PREP">in </w><w c5="NP0" hw="clapham" pos="SUBST">Clapham</w><c c5="PUN">, </c><w c5="NN1" hw="south" pos="SUBST">south </w><w c5="NP0" hw="london" pos="SUBST">London</w><c c5="PUN">, </c><w c5="ORD" hw="last" pos="ADJ">last </w><w c5="NP0" hw="december" pos="SUBST">December</w><c c5="PUN">, </c><w c5="PRP" hw="in" pos="PREP">in </w><w c5="DTQ" hw="which" pos="PRON">which </w><w c5="NN0" hw="150lb" pos="SUBST">150lb </w><w c5="PRF" hw="of" pos="PREP">of </w><w c5="NP0" hw="semtex" pos="SUBST">Semtex</w><c c5="PUN">, </c><w c5="NN2" hw="arm" pos="SUBST">arms </w><w c5="CJC" hw="and" pos="CONJ">and </w><w c5="AJ0" hw="other" pos="ADJ">other </w><w c5="NN1" hw="equipment" pos="SUBST">equipment </w><w c5="VBD" hw="be" pos="VERB">were </w><w c5="VVN" hw="discover" pos="VERB">discovered</w><c c5="PUN">, </c><w c5="PRP" hw="with" pos="PREP">with </w><w c5="AT0" hw="a" pos="ART">a </w><w c5="NN1" hw="list" pos="SUBST">list </w><w c5="PRF" hw="of" pos="PREP">of </w><w c5="CRD" hw="100" pos="ADJ">100 </w><w c5="AJ0" hw="potential" pos="ADJ">potential </w><w c5="NN2" hw="target" pos="SUBST">targets</w><c c5="PUN">.</c></s></p><p>
<s n="30"><w c5="AV0" hw="subsequently" pos="ADV">Subsequently</w><c c5="PUN">, </c><w c5="NN0" hw="22lb" pos="SUBST">22lb </w><w c5="PRF" hw="of" pos="PREP">of </w><w c5="NP0" hw="semtex" pos="SUBST">Semtex </w><w c5="VBD" hw="be" pos="VERB">was </w><w c5="VVN" hw="find" pos="VERB">found </w><w c5="VVN" hw="dump" pos="VERB">dumped </w><w c5="PRP" hw="in" pos="PREP">in </w><w c5="NN1" hw="water" pos="SUBST">water </w><w c5="NN1" hw="filter" pos="SUBST">filter </w><w c5="NN2" hw="bed" pos="SUBST">beds </w><w c5="PRP" hw="in" pos="PREP">in </w><w c5="NP0" hw="stoke" pos="SUBST">Stoke </w><w c5="NP0" hw="newington" pos="SUBST">Newington</w><c c5="PUN">, </c><w c5="NN1" hw="north" pos="SUBST">north </w><w c5="NP0" hw="london" pos="SUBST">London</w><c c5="PUN">, </c><w c5="CJC" hw="and" pos="CONJ">and </w><w c5="AV0" hw="then" pos="ADV">then </w><w c5="NN0" hw="25lb" pos="SUBST">25lb </w><w c5="PRF" hw="of" pos="PREP">of </w><w c5="NP0" hw="semtex" pos="SUBST">Semtex </w><w c5="CJC" hw="and" pos="CONJ">and </w><w c5="DT0" hw="some" pos="ADJ">some </w><w c5="NN2" hw="firearm" pos="SUBST">firearms </w><w c5="VBD" hw="be" pos="VERB">were </w><w c5="VVN" hw="find" pos="VERB">found </w><w c5="PRP" hw="near" pos="PREP">near </w><w c5="NP0" hw="scarborough" pos="SUBST">Scarborough</w><c c5="PUN">, </c><w c5="NP0" hw="north" pos="SUBST">North </w><w c5="NP0" hw="yorkshire" pos="SUBST">Yorkshire</w><c c5="PUN">.</c></s></p><p>
<s n="31"><w c5="NN2" hw="detective" pos="SUBST">Detectives </w><w c5="VVD" hw="name" pos="VERB">named </w><w c5="CRD" hw="two" pos="ADJ">two </w><w c5="NN2" hw="man" pos="SUBST">men </w><w c5="VVN-VVD" hw="seek" pos="VERB">sought </w><mw c5="PRP"><w c5="PRP" hw="in" pos="PREP">in </w><w c5="NN1" hw="connection" pos="SUBST">connection </w><w c5="PRP" hw="with" pos="PREP">with </w></mw><w c5="NP0" hw="clapham" pos="SUBST">Clapham </w><w c5="PRP" hw="as" pos="PREP">as </w><w c5="NP0" hw="patrick" pos="SUBST">Patrick </w><w c5="NP0" hw="sheehy" pos="SUBST">Sheehy </w><w c5="CJC" hw="and" pos="CONJ">and </w><w c5="NP0" hw="john" pos="SUBST">John </w><w c5="NP0" hw="conaghty" pos="SUBST">Conaghty</w><c c5="PUN">, </c><w c5="PNQ" hw="who" pos="PRON">who </w><w c5="VBB" hw="be" pos="VERB">are </w><w c5="VVN" hw="believe" pos="VERB">believed </w><w c5="TO0" hw="to" pos="PREP">to </w><w c5="VHI" hw="have" pos="VERB">have </w><w c5="VBN" hw="be" pos="VERB">been </w><w c5="AT0" hw="the" pos="ART">the </w><w c5="NN1" hw="core" pos="SUBST">core </w><w c5="PRF" hw="of" pos="PREP">of </w><w c5="AT0" hw="a" pos="ART">a </w><w c5="NN1" hw="cell" pos="SUBST">cell </w><w c5="PRF" hw="of" pos="PREP">of </w><w c5="AV0" hw="about" pos="ADV">about </w><w c5="CRD" hw="five" pos="ADJ">five </w><w c5="CJC" hw="or" pos="CONJ">or </w><w c5="CRD" hw="six" pos="ADJ">six</w><c c5="PUN">.</c></s></p></div><div level="1" n="891011 edition -- Title Page 1"><head type="MAIN">
<s n="32"><w c5="AT0" hw="the" pos="ART">The </w><w c5="NN2" hw="conservative" pos="SUBST">Conservatives </w><w c5="PRP" hw="in" pos="PREP">in </w><w c5="NP0" hw="blackpool" pos="SUBST">Blackpool</w><c c5="PUN">: </c><w c5="NP0" hw="lawson" pos="SUBST">Lawson </w><w c5="VVZ" hw="speak" pos="VERB">speaks </w><w c5="PRP" hw="from" pos="PREP">from </w><w c5="PRP" hw="beyond" pos="PREP">beyond </w><w c5="AT0" hw="the" pos="ART">the </w><w c5="NN1" hw="graveyard" pos="SUBST">graveyard</w></s></head><head type="BYLINE">
<s n="33"><w c5="PRP" hw="by" pos="PREP">By </w><w c5="NP0" hw="stephen" pos="SUBST">STEPHEN </w><w c5="NP0-NN1" hw="ward" pos="SUBST">WARD</w></s></head><p>
<s n="34"><w c5="NP0" hw="nigel" pos="SUBST">NIGEL </w><w c5="NP0" hw="lawson" pos="SUBST">LAWSON </w><w c5="VVD" hw="go" pos="VERB">went </w><w c5="VVG-AJ0" hw="miss" pos="VERB">missing </w><w c5="PRP" hw="from" pos="PREP">from </w><w c5="NP0" hw="blackpool" pos="SUBST">Blackpool </w><w c5="AV0" hw="yesterday" pos="ADV">yesterday</w><c c5="PUN">.</c></s>
<s n="35"><w c5="PNP" hw="he" pos="PRON">He </w><w c5="VHD" hw="have" pos="VERB">had </w><w c5="VVN" hw="want" pos="VERB">wanted </w><w c5="TO0" hw="to" pos="PREP">to </w><w c5="VBI" hw="be" pos="VERB">be </w><w c5="AJ0" hw="alone" pos="ADJ">alone </w><w c5="CJS" hw="while" pos="CONJ">while </w><w c5="PNP" hw="he" pos="PRON">he </w><w c5="VVD" hw="write" pos="VERB">wrote </w><w c5="AV0" hw="tomorrow" pos="ADV">tomorrow</w><w c5="POS" hw="'s" pos="UNC">'s </w><w c5="AJ0" hw="vital" pos="ADJ">vital </w><w c5="NN1" hw="speech" pos="SUBST">speech </w><w c5="PRP" hw="to" pos="PREP">to </w><w c5="AT0" hw="the" pos="ART">the </w><w c5="AJ0-NN1" hw="conservative" pos="ADJ">Conservative </w><w c5="NN1" hw="conference" pos="SUBST">conference</w><c c5="PUN">.</c></s></p><p>
<s n="36"><w c5="AT0" hw="the" pos="ART">The </w><w c5="AJ0" hw="only" pos="ADJ">only </w><w c5="NN1-VVB" hw="place" pos="SUBST">place </w><w c5="AJ0" hw="peaceful" pos="ADJ">peaceful </w><w c5="AV0" hw="enough" pos="ADV">enough </w><w c5="PRP" hw="in" pos="PREP">in </w><w c5="AT0" hw="the" pos="ART">the </w><w c5="NN1" hw="midst" pos="SUBST">midst </w><w c5="PRF" hw="of" pos="PREP">of </w><w c5="AT0" hw="an" pos="ART">an </w><w c5="AJ0" hw="economic" pos="ADJ">economic </w><w c5="NN1" hw="crisis" pos="SUBST">crisis</w><c c5="PUN">, </c><w c5="PNP" hw="it" pos="PRON">it </w><w c5="VVD" hw="seem" pos="VERB">seemed</w><c c5="PUN">, </c><w c5="VBD" hw="be" pos="VERB">was </w><w c5="PNP" hw="his" pos="PRON">his </w><w c5="AV0-AJ0" hw="early" pos="ADV">early </w><w c5="AJ0" hw="victorian" pos="ADJ">Victorian </w><w c5="DT0" hw="former" pos="ADJ">former </w><w c5="NN1" hw="vicarage" pos="SUBST">vicarage </w><w c5="AV0" hw="home" pos="ADV">home </w><w c5="PRP" hw="at" pos="PREP">at </w><w c5="NP0" hw="stoney" pos="SUBST">Stoney </w><w c5="NP0" hw="stanton" pos="SUBST">Stanton</w><c c5="PUN">, </c><w c5="PRP" hw="in" pos="PREP">in </w><w c5="DPS" hw="he" pos="PRON">his </w><w c5="NN1" hw="constituency" pos="SUBST">constituency</w><c c5="PUN">, </c><w c5="CRD" hw="two-and-a-half" pos="ADJ">two-and-a-half </w><w c5="NN2" hw="hour" pos="SUBST">hours</w><w c5="POS" hw="'" pos="UNC">' </w><w c5="NN1-VVB" hw="drive" pos="SUBST">drive </w><w c5="AV0" hw="away" pos="ADV">away</w><c c5="PUN">.</c></s></p><p>
<s n="37"><w c5="DT0" hw="this" pos="ADJ">This </w><w c5="AV0" hw="also" pos="ADV">also </w><w c5="VHD" hw="have" pos="VERB">had </w><w c5="AT0" hw="the" pos="ART">the </w><w c5="NN1" hw="advantage" pos="SUBST">advantage </w><w c5="PRF" hw="of" pos="PREP">of </w><w c5="VVG" hw="give" pos="VERB">giving </w><w c5="AT0" hw="a" pos="ART">a </w><w c5="NN1" hw="signal" pos="SUBST">signal </w><w c5="PRP" hw="to" pos="PREP">to </w><w c5="AT0" hw="the" pos="ART">the </w><w c5="NN1" hw="money" pos="SUBST">money </w><w c5="NN2" hw="market" pos="SUBST">markets</w><c c5="PUN">.</c></s>
<s n="38"><w c5="VVG" hw="stay" pos="VERB">Staying </w><w c5="PRP" hw="in" pos="PREP">in </w><w c5="NP0" hw="blackpool" pos="SUBST">Blackpool </w><w c5="TO0" hw="to" pos="PREP">to </w><w c5="VVI" hw="ride" pos="VERB">ride </w><w c5="AVP" hw="out" pos="ADV">out </w><w c5="AT0" hw="the" pos="ART">the </w><w c5="NN1" hw="storm" pos="SUBST">storm </w><w c5="VM0" hw="might" pos="VERB">might </w><w c5="VHI" hw="have" pos="VERB">have </w><w c5="VBN" hw="be" pos="VERB">been </w><w c5="AV0" hw="unduly" pos="ADV">unduly </w><w c5="AJ0" hw="bullish" pos="ADJ">bullish</w><c c5="PUN">, </c><w c5="CJS" hw="while" pos="CONJ">while </w><w c5="VVG" hw="retreat" pos="VERB">retreating </w><w c5="PRP" hw="to" pos="PREP">to </w><w c5="NP0" hw="london" pos="SUBST">London </w><w c5="VM0" hw="could" pos="VERB">could </w><w c5="VHI" hw="have" pos="VERB">have </w><w c5="VVN" hw="prompt" pos="VERB">prompted </w><w c5="AJ0" hw="undue" pos="ADJ">undue </w><w c5="NN1" hw="alarm" pos="SUBST">alarm </w><w c5="NN2" hw="bell" pos="SUBST">bells</w><c c5="PUN">.</c></s>
<s n="39"><w c5="CJC" hw="but" pos="CONJ">But </w><w c5="AV0" hw="just" pos="ADV">just </w><w c5="TO0" hw="to" pos="PREP">to </w><w c5="VBI" hw="be" pos="VERB">be </w><w c5="PRP" hw="on" pos="PREP">on </w><w c5="AT0" hw="the" pos="ART">the </w><w c5="AJ0" hw="safe" pos="ADJ">safe </w><w c5="NN1" hw="side" pos="SUBST">side </w><w c5="NP0" hw="mrs" pos="SUBST">Mrs </w><w c5="NP0" hw="lawson" pos="SUBST">Lawson </w><w c5="VBD" hw="be" pos="VERB">was </w><w c5="VVN" hw="station" pos="VERB">stationed </w><w c5="PRP" hw="in" pos="PREP">in </w><w c5="CRD" hw="11" pos="ADJ">11 </w><w c5="NP0" hw="downing" pos="SUBST">Downing </w><w c5="NP0" hw="street" pos="SUBST">Street</w><c c5="PUN">, </c><w c5="VVG" hw="give" pos="VERB">giving </w><w c5="DPS" hw="she" pos="PRON">her </w><w c5="NN1" hw="husband" pos="SUBST">husband </w><w c5="AT0" hw="a" pos="ART">a </w><w c5="AJ0" hw="convenient" pos="ADJ">convenient </w><w c5="NN1" hw="reason" pos="SUBST">reason </w><w c5="TO0" hw="to" pos="PREP">to </w><w c5="VVI" hw="visit" pos="VERB">visit </w><w c5="AT0" hw="the" pos="ART">the </w><w c5="NN1" hw="capital" pos="SUBST">capital </w><w c5="CJS" hw="if" pos="CONJ">if </w><w c5="NN2" hw="circumstance" pos="SUBST">circumstances </w><w c5="VVD" hw="take" pos="VERB">took </w><w c5="AT0" hw="a" pos="ART">a </w><w c5="AJ0" hw="sudden" pos="ADJ">sudden </w><w c5="NN1" hw="turn" pos="SUBST">turn </w><w c5="PRP" hw="for" pos="PREP">for </w><w c5="AT0" hw="the" pos="ART">the </w><w c5="AJC" hw="bad" pos="ADJ">worse</w><c c5="PUN">.</c></s></p><p>
<s n="40"><w c5="PNP" hw="it" pos="PRON">It </w><w c5="VBD" hw="be" pos="VERB">was </w><w c5="AV0" hw="also" pos="ADV">also </w><w c5="VVN-VVD" hw="suggest" pos="VERB">suggested </w><w c5="DT0" hw="that" pos="ADJ">that </w><w c5="VM0" hw="should" pos="VERB">should </w><w c5="AT0" hw="the" pos="ART">the </w><w c5="NN1" hw="chancellor" pos="SUBST">Chancellor </w><w c5="VVI" hw="need" pos="VERB">need </w><w c5="TO0" hw="to" pos="PREP">to </w><w c5="VVI" hw="make" pos="VERB">make </w><w c5="AJ0" hw="urgent" pos="ADJ">urgent </w><w c5="NN2" hw="call" pos="SUBST">calls </w><w c5="PRP" hw="to" pos="PREP">to </w><w c5="AT0" hw="the" pos="ART">the </w><w c5="AJ0" hw="international" pos="ADJ">International </w><w c5="AJ0" hw="monetary" pos="ADJ">Monetary </w><w c5="NN1" hw="fund" pos="SUBST">Fund</w><c c5="PUN">, </c><w c5="DPS" hw="he" pos="PRON">his </w><w c5="NN1" hw="telephone" pos="SUBST">telephone </w><w c5="PRP" hw="at" pos="PREP">at </w><w c5="NN1" hw="home" pos="SUBST">home </w><w c5="VBD" hw="be" pos="VERB">was </w><w c5="AJ0" hw="likely" pos="ADJ">likely </w><w c5="TO0" hw="to" pos="PREP">to </w><w c5="VBI" hw="be" pos="VERB">be </w><w c5="AV0" hw="more" pos="ADV">more </w><w c5="AJ0" hw="secure" pos="ADJ">secure </w><w c5="CJS" hw="than" pos="CONJ">than </w><w c5="NN2-VVZ" hw="call" pos="SUBST">calls </w><w c5="PRP" hw="from" pos="PREP">from </w><w c5="AT0" hw="a" pos="ART">a </w><w c5="NN1" hw="hotel" pos="SUBST">hotel </w><w c5="PRP" hw="in" pos="PREP">in </w><w c5="NP0" hw="blackpool" pos="SUBST">Blackpool </w><w c5="VVD" hw="surround" pos="VERB">surrounded </w><w c5="PRP" hw="by" pos="PREP">by </w><w c5="NN2" hw="journalist" pos="SUBST">journalists</w><c c5="PUN">.</c></s></p><p>
<s n="41"><w c5="AT0" hw="the" pos="ART">The </w><w c5="NN1" hw="image" pos="SUBST">image </w><w c5="NP0" hw="mr" pos="SUBST">Mr </w><w c5="NP0" hw="lawson" pos="SUBST">Lawson </w><w c5="VVD" hw="present" pos="VERB">presented </w><w c5="VVN" hw="hole" pos="VERB">holed </w><w c5="AVP" hw="up" pos="ADV">up </w><w c5="PRP" hw="in" pos="PREP">in </w><w c5="DPS" hw="he" pos="PRON">his </w><w c5="NN1" hw="home" pos="SUBST">home </w><w c5="PRP" hw="behind" pos="PREP">behind </w><w c5="AT0" hw="a" pos="ART">a </w><w c5="AV0" hw="securely" pos="ADV">securely </w><w c5="AJ0-VVN" hw="locked" pos="ADJ">locked </w><w c5="NN1" hw="gate" pos="SUBST">gate </w><w c5="VBD" hw="be" pos="VERB">was </w><w c5="AJ0" hw="unfortunate" pos="ADJ">unfortunate</w><c c5="PUN">, </c><mw c5="PRP"><w c5="PRP" hw="in" pos="PREP">in </w><w c5="NN1" hw="view" pos="SUBST">view </w><w c5="PRF" hw="of" pos="PREP">of </w></mw><w c5="AT0" hw="the" pos="ART">the </w><w c5="NN1" hw="speculation" pos="SUBST">speculation </w><w c5="PRP-AVP" hw="over" pos="PREP">over </w><w c5="DPS" hw="he" pos="PRON">his </w><w c5="AJ0" hw="political" pos="ADJ">political </w><w c5="NN1" hw="future" pos="SUBST">future</w><c c5="PUN">.</c></s>
<s n="42"><w c5="AT0" hw="the" pos="ART">The </w><w c5="AJ0" hw="only" pos="ADJ">only </w><w c5="NN1" hw="way" pos="SUBST">way </w><w c5="TO0" hw="to" pos="PREP">to </w><w c5="VVI" hw="view" pos="VERB">view </w><w c5="AT0" hw="the" pos="ART">the </w><w c5="NN1" hw="chancellor" pos="SUBST">Chancellor </w><w c5="VBD" hw="be" pos="VERB">was </w><w c5="PRP" hw="by" pos="PREP">by </w><w c5="VVG" hw="scramble" pos="VERB">scrambling </w><w c5="PRP" hw="through" pos="PREP">through </w><w c5="AT0" hw="the" pos="ART">the </w><w c5="AJ0" hw="neighbouring" pos="ADJ">neighbouring </w><w c5="NN1" hw="graveyard" pos="SUBST">graveyard </w><w c5="CJC" hw="and" pos="CONJ">and </w><w c5="VVG" hw="look" pos="VERB">looking </w><w c5="PRP" hw="at" pos="PREP">at </w><w c5="AT0" hw="the" pos="ART">the </w><w c5="NN1" hw="house" pos="SUBST">house </w><w c5="PRP" hw="across" pos="PREP">across </w><w c5="AT0" hw="a" pos="ART">a </w><w c5="NN1" hw="row" pos="SUBST">row </w><w c5="PRF" hw="of" pos="PREP">of </w><w c5="NN2" hw="tombstone" pos="SUBST">tombstones</w><c c5="PUN">.</c></s></p><p>
<s n="43"><w c5="PRP" hw="in" pos="PREP">In </w><w c5="AT0" hw="the" pos="ART">the </w><w c5="NN1" hw="middle" pos="SUBST">middle </w><w c5="PRF" hw="of" pos="PREP">of </w><w c5="AT0" hw="the" pos="ART">the </w><w c5="NN1" hw="morning" pos="SUBST">morning </w><w c5="AT0" hw="a" pos="ART">a </w><w c5="NN1" hw="reporter" pos="SUBST">reporter </w><w c5="VVD" hw="climb" pos="VERB">climbed </w><w c5="PRP-AVP" hw="over" pos="PREP">over </w><w c5="AT0" hw="the" pos="ART">the </w><w c5="AJ0" hw="low" pos="ADJ">low </w><w c5="NN1" hw="fence" pos="SUBST">fence </w><w c5="PRP" hw="into" pos="PREP">into </w><w c5="NP0" hw="mr" pos="SUBST">Mr </w><w c5="NP0" hw="lawson" pos="SUBST">Lawson</w><w c5="POS" hw="'s" pos="UNC">'s </w><w c5="NN1" hw="garden" pos="SUBST">garden </w><w c5="CJC" hw="and" pos="CONJ">and </w><w c5="VVD" hw="ring" pos="VERB">rang </w><w c5="DPS" hw="he" pos="PRON">his </w><w c5="NN1" hw="entry" pos="SUBST">entry </w><w c5="NN1" hw="phone" pos="SUBST">phone</w><c c5="PUN">.</c></s>
<s n="44"><w c5="NP0" hw="mr" pos="SUBST">Mr </w><w c5="NP0" hw="lawson" pos="SUBST">Lawson</w><w c5="POS" hw="'s" pos="UNC">'s </w><w c5="AJ0" hw="disembodied" pos="ADJ">disembodied </w><w c5="NN1" hw="voice" pos="SUBST">voice </w><w c5="VVD" hw="tell" pos="VERB">told </w><w c5="PNP" hw="he" pos="PRON">him </w><w c5="PNP" hw="he" pos="PRON">he </w><w c5="VBD" hw="be" pos="VERB">was </w><w c5="VVG" hw="trespass" pos="VERB">trespassing</w><c c5="PUN">.</c></s>
<s n="45"><w c5="PRP" hw="at" pos="PREP">At </w><w c5="AV0" hw="1.30pm" pos="ADV">1.30pm </w><w c5="AT0" hw="a" pos="ART">a </w><w c5="AJ0" hw="portly" pos="ADJ">portly </w><w c5="AJ0" hw="white-shirted" pos="ADJ">white-shirted </w><w c5="NN1" hw="figure" pos="SUBST">figure </w><w c5="VVD-VVN" hw="look" pos="VERB">looked </w><w c5="AV0" hw="anxiously" pos="ADV">anxiously </w><w c5="PRP" hw="through" pos="PREP">through </w><w c5="AT0" hw="the" pos="ART">the </w><w c5="NN1" hw="downstairs" pos="SUBST">downstairs </w><w c5="NN1-AJ0" hw="front" pos="SUBST">front </w><w c5="NN1" hw="window" pos="SUBST">window </w><w c5="PRP" hw="at" pos="PREP">at </w><w c5="AT0" hw="the" pos="ART">the </w><w c5="AJ0" hw="growing" pos="ADJ">growing </w><w c5="NN1" hw="assembly" pos="SUBST">assembly </w><w c5="PRF" hw="of" pos="PREP">of </w><w c5="NN2" hw="reporter" pos="SUBST">reporters </w><w c5="CJC" hw="and" pos="CONJ">and </w><w c5="NN2" hw="photographer" pos="SUBST">photographers </w><w c5="CJC" hw="and" pos="CONJ">and </w><w c5="VVD" hw="disappear" pos="VERB">disappeared</w><c c5="PUN">.</c></s>
<s n="46"><w c5="AT0" hw="an" pos="ART">An </w><w c5="NN1" hw="hour" pos="SUBST">hour </w><w c5="AV0" hw="later" pos="ADV">later </w><w c5="AT0" hw="the" pos="ART">the </w><w c5="NN1" hw="village" pos="SUBST">village </w><w c5="NN1" hw="bobby" pos="SUBST">bobby </w><w c5="VBD" hw="be" pos="VERB">was </w><w c5="VVN" hw="let" pos="VERB">let </w><w c5="PRP" hw="into" pos="PREP">into </w><w c5="AT0" hw="the" pos="ART">the </w><w c5="NN1" hw="house" pos="SUBST">house </w><w c5="PRP" hw="by" pos="PREP">by </w><w c5="NP0" hw="mr" pos="SUBST">Mr </w><w c5="NP0" hw="lawson" pos="SUBST">Lawson</w><c c5="PUN">, </c><w c5="CJC" hw="and" pos="CONJ">and </w><w c5="AV0" hw="shortly" pos="ADV">shortly </w><w c5="AV0" hw="afterwards" pos="ADV">afterwards </w><w c5="PNP" hw="they" pos="PRON">they </w><w c5="VVD" hw="emerge" pos="VERB">emerged </w><w c5="AV0" hw="together" pos="ADV">together </w><w c5="PRP" hw="for" pos="PREP">for </w><w c5="AT0" hw="the" pos="ART">the </w><w c5="NN1" hw="chancellor" pos="SUBST">Chancellor </w><w c5="TO0" hw="to" pos="PREP">to </w><w c5="VVI" hw="give" pos="VERB">give </w><w c5="AT0" hw="the" pos="ART">the </w><w c5="NN1" hw="message" pos="SUBST">message </w><w c5="AT0" hw="the" pos="ART">the </w><w c5="NN1" hw="world" pos="SUBST">world</w><w c5="POS" hw="'s" pos="UNC">'s </w><w c5="NN1" hw="money" pos="SUBST">money </w><w c5="NN2" hw="market" pos="SUBST">markets </w><w c5="VHD" hw="have" pos="VERB">had </w><w c5="VBN" hw="be" pos="VERB">been </w><w c5="VVG" hw="wait" pos="VERB">waiting </w><w c5="PRP" hw="for" pos="PREP">for</w><c c5="PUN">.</c></s></p><p>
<s n="47"><c c5="PUQ">‘</c><w c5="PNP" hw="i" pos="PRON">I</w><w c5="VBB" hw="be" pos="VERB">'m </w><w c5="VVG" hw="work" pos="VERB">working </w><w c5="PRP-AVP" hw="on" pos="PREP">on </w><w c5="DPS" hw="i" pos="PRON">my </w><w c5="NN1" hw="speech" pos="SUBST">speech</w><c c5="PUN">,</c><c c5="PUQ">’ </c><w c5="PNP" hw="he" pos="PRON">he </w><w c5="VVD" hw="say" pos="VERB">said </w><w c5="PRP-AVP" hw="in" pos="PREP">in </w><w c5="AT0" hw="a" pos="ART">a </w><w c5="AJ0" hw="tired" pos="ADJ">tired </w><w c5="CJC" hw="and" pos="CONJ">and </w><w c5="AV0" hw="slightly" pos="ADV">slightly </w><w c5="AJ0" hw="world-weary" pos="ADJ">world-weary </w><w c5="NN1" hw="voice" pos="SUBST">voice</w><c c5="PUN">.</c></s>
<s n="48"><c c5="PUQ">‘</c><w c5="CJS" hw="if" pos="CONJ">If </w><w c5="PNP" hw="i" pos="PRON">I </w><w c5="VVB" hw="pose" pos="VERB">pose </w><w c5="PRP" hw="for" pos="PREP">for </w><w c5="AT0" hw="a" pos="ART">a </w><w c5="NN1" hw="photograph" pos="SUBST">photograph </w><w c5="VM0" hw="will" pos="VERB">will </w><w c5="PNP" hw="you" pos="PRON">you </w><w c5="DT0" hw="all" pos="ADJ">all </w><w c5="VVI" hw="go" pos="VERB">go </w><w c5="AV0" hw="away" pos="ADV">away </w><w c5="CJC" hw="and" pos="CONJ">and </w><w c5="VVI" hw="leave" pos="VERB">leave </w><w c5="PNP" hw="i" pos="PRON">me </w><w c5="PRP" hw="to" pos="PREP">to </w><w c5="DT0" hw="some" pos="ADJ">some </w><w c5="NN1" hw="peace" pos="SUBST">peace </w><w c5="CJC" hw="and" pos="CONJ">and </w><w c5="AJ0" hw="quiet" pos="ADJ">quiet</w><c c5="PUN">?</c><c c5="PUQ">’</c></s></p><p>
<s n="49"><c c5="PUQ">‘</c><w c5="VM0" hw="can" pos="VERB">Can </w><w c5="PNP" hw="you" pos="PRON">you </w><w c5="VVI" hw="tell" pos="VERB">tell </w><w c5="PNP" hw="we" pos="PRON">us </w><w c5="DTQ" hw="what" pos="PRON">what </w><w c5="PNP" hw="you" pos="PRON">you</w><w c5="VBB" hw="be" pos="VERB">'re </w><w c5="VVG" hw="plan" pos="VERB">planning </w><w c5="TO0" hw="to" pos="PREP">to </w><w c5="VDI" hw="do" pos="VERB">do </w><w c5="PRP" hw="about" pos="PREP">about </w><w c5="AT0" hw="the" pos="ART">the </w><w c5="NN1" hw="fall" pos="SUBST">fall</w><c c5="PUN">..</c><c c5="PUN">?</c><c c5="PUQ">’</c></s></p><p>
<s n="50"><w c5="PNP" hw="he" pos="PRON">He </w><w c5="VVD" hw="go" pos="VERB">went </w><w c5="AVP" hw="back" pos="ADV">back </w><w c5="AV0" hw="inside" pos="ADV">inside </w><w c5="PRP" hw="without" pos="PREP">without </w><w c5="DT0" hw="another" pos="ADJ">another </w><w c5="NN1" hw="word" pos="SUBST">word</w><c c5="PUN">.</c></s>
<s n="51"><w c5="AT0" hw="the" pos="ART">The </w><w c5="NN1" hw="policeman" pos="SUBST">policeman </w><w c5="VVD" hw="shepherd" pos="VERB">shepherded </w><w c5="PNI" hw="everybody" pos="PRON">everybody </w><w c5="AV0" hw="away" pos="ADV">away </w><w c5="CJC" hw="and" pos="CONJ">and </w><w c5="VVD" hw="padlock" pos="VERB">padlocked </w><w c5="AT0" hw="the" pos="ART">the </w><w c5="NN1" hw="churchyard" pos="SUBST">churchyard</w><c c5="PUN">.</c></s>
<s n="52"><c c5="PUQ">‘</c><w c5="PNP" hw="he" pos="PRON">He</w><w c5="VBZ" hw="be" pos="VERB">'s </w><w c5="CRD" hw="one" pos="ADJ">one </w><w c5="PRF" hw="of" pos="PREP">of </w><w c5="DPS" hw="i" pos="PRON">my </w><w c5="NN2" hw="parishioner" pos="SUBST">parishioners</w><c c5="PUN">.</c></s>
<s n="53"><w c5="VVB" hw="leave" pos="VERB">Leave </w><w c5="PNP" hw="he" pos="PRON">him </w><w c5="AJ0" hw="alone" pos="ADJ">alone </w><w c5="AV0" hw="now" pos="ADV">now</w><c c5="PUN">,</c><c c5="PUQ">’ </c><w c5="PNP" hw="he" pos="PRON">he </w><w c5="VVD" hw="say" pos="VERB">said</w><c c5="PUN">.</c></s></p></div><div level="1" n="891011 edition -- Title Page 1"><head type="MAIN">
<s n="54"><w c5="NN1" hw="pressure" pos="SUBST">Pressure </w><w c5="VVZ" hw="grow" pos="VERB">grows </w><w c5="PRP" hw="for" pos="PREP">for </w><w c5="NN1" hw="rethink" pos="SUBST">rethink </w><w c5="PRP" hw="over" pos="PREP">over </w><w c5="NP0" hw="ems" pos="SUBST">EMS</w><c c5="PUN">: </c><w c5="NP0-NN1" hw="pound" pos="SUBST">Pound</w><w c5="POS" hw="'s" pos="UNC">'s </w><w c5="NN1" hw="slide" pos="SUBST">slide </w><w c5="VVZ" hw="raise" pos="VERB">raises </w><w c5="NN1" hw="speculation" pos="SUBST">speculation </w><w c5="PRP" hw="about" pos="PREP">about </w><w c5="NP0" hw="uk" pos="SUBST">UK </w><w c5="NN1-VVB" hw="move" pos="SUBST">move </w><w c5="PRP" hw="towards" pos="PREP">towards </w><w c5="VVG" hw="enter" pos="VERB">entering </w><w c5="NN1" hw="exchange" pos="SUBST">Exchange </w><w c5="NN1" hw="rate" pos="SUBST">Rate </w><w c5="NN1" hw="mechanism" pos="SUBST">Mechanism</w></s></head><head type="BYLINE">
<s n="55"><w c5="PRP" hw="by" pos="PREP">By </w><w c5="NP0" hw="peter" pos="SUBST">PETER </w><w c5="NP0-NN1" hw="torday" pos="SUBST">TORDAY </w><w c5="CJC" hw="and" pos="CONJ">and </w><w c5="NP0" hw="michael" pos="SUBST">MICHAEL </w><w c5="NP0" hw="prest" pos="SUBST">PREST</w></s></head><p>
<s n="56"><w c5="NN1" hw="pressure" pos="SUBST">PRESSURE </w><w c5="PRP" hw="on" pos="PREP">on </w><w c5="AT0" hw="the" pos="ART">the </w><w c5="NN1" hw="government" pos="SUBST">Government </w><w c5="TO0" hw="to" pos="PREP">to </w><w c5="VVI" hw="reconsider" pos="VERB">reconsider </w><w c5="DPS" hw="it" pos="PRON">its </w><w c5="AJ0" hw="strong" pos="ADJ">strong </w><w c5="NN1" hw="opposition" pos="SUBST">opposition </w><w c5="PRP" hw="to" pos="PREP">to </w><w c5="AJ0" hw="full" pos="ADJ">full </w><w c5="NN1" hw="membership" pos="SUBST">membership </w><w c5="PRF" hw="of" pos="PREP">of </w><w c5="AT0" hw="the" pos="ART">the </w><w c5="AJ0" hw="european" pos="ADJ">European </w><w c5="AJ0" hw="monetary" pos="ADJ">Monetary </w><w c5="NN1" hw="system" pos="SUBST">System </w><w c5="VVD" hw="mount" pos="VERB">mounted </w><w c5="AV0" hw="yesterday" pos="ADV">yesterday </w><w c5="CJS" hw="after" pos="CONJ">after </w><w c5="AT0" hw="the" pos="ART">the </w><w c5="NN2" hw="authority" pos="SUBST">authorities </w><w c5="VVD-VVN" hw="fail" pos="VERB">failed </w><w c5="TO0" hw="to" pos="PREP">to </w><w c5="VVI" hw="arrest" pos="VERB">arrest </w><w c5="DT0" hw="another" pos="ADJ">another </w><w c5="NN1" hw="slide" pos="SUBST">slide </w><w c5="PRP" hw="in" pos="PREP">in </w><w c5="AT0" hw="the" pos="ART">the </w><w c5="NN1" hw="pound" pos="SUBST">pound</w><c c5="PUN">.</c></s></p><p>
<s n="57"><w c5="AJ0" hw="deepening" pos="ADJ">Deepening </w><w c5="NN1" hw="concern" pos="SUBST">concern </w><w c5="PRP" hw="over" pos="PREP">over </w><w c5="AT0" hw="the" pos="ART">the </w><w c5="NN1" hw="government" pos="SUBST">Government</w><w c5="POS" hw="'s" pos="UNC">'s </w><w c5="AJ0" hw="monetary" pos="ADJ">monetary </w><w c5="NN2" hw="policy" pos="SUBST">policies </w><w c5="CJC" hw="and" pos="CONJ">and </w><w c5="AT0" hw="a" pos="ART">a </w><w c5="AJ0" hw="gloomy" pos="ADJ">gloomy </w><w c5="NN1" hw="stock" pos="SUBST">stock </w><w c5="NN1" hw="market" pos="SUBST">market </w><w c5="NN1-VVB" hw="forecast" pos="SUBST">forecast </w><w c5="VVD-AJ0" hw="compound" pos="VERB">compounded </w><w c5="NN1" hw="nervousness" pos="SUBST">nervousness </w><w c5="PRP" hw="in" pos="PREP">in </w><w c5="AJ0" hw="financial" pos="ADJ">financial </w><w c5="NN2" hw="market" pos="SUBST">markets </w><w c5="PRP" hw="by" pos="PREP">by </w><w c5="VVG" hw="send" pos="VERB">sending </w><w c5="NP0" hw="london" pos="SUBST">London </w><w c5="NN1-VVB" hw="share" pos="SUBST">share </w><w c5="NN2" hw="price" pos="SUBST">prices </w><w c5="PRP" hw="into" pos="PREP">into </w><w c5="AJ0" hw="rapid" pos="ADJ">rapid </w><w c5="NN1" hw="retreat" pos="SUBST">retreat </w><w c5="AV0" hw="yesterday" pos="ADV">yesterday</w><c c5="PUN">.</c></s>
<s n="58"><w c5="AT0" hw="the" pos="ART">The </w><w c5="NN1" hw="ft-se" pos="SUBST">FT-SE </w><w c5="CRD" hw="100" pos="ADJ">100 </w><w c5="NN1" hw="index" pos="SUBST">Index </w><w c5="VVD" hw="close" pos="VERB">closed </w><w c5="CRD" hw="28.2" pos="ADJ">28.2 </w><w c5="NN2" hw="point" pos="SUBST">points </w><w c5="AVP" hw="down" pos="ADV">down </w><w c5="PRP" hw="at" pos="PREP">at </w><w c5="CRD" hw="2,218.8" pos="ADJ">2,218.8</w><c c5="PUN">.</c></s></p><p>
<s n="59"><w c5="AT0" hw="the" pos="ART">The </w><w c5="NN1" hw="bank" pos="SUBST">Bank </w><w c5="PRF" hw="of" pos="PREP">of </w><w c5="NP0" hw="england" pos="SUBST">England </w><w c5="VVD" hw="step" pos="VERB">stepped </w><w c5="PRP" hw="into" pos="PREP">into </w><w c5="AT0" hw="the" pos="ART">the </w><w c5="NN1" hw="currency" pos="SUBST">currency </w><w c5="NN2" hw="market" pos="SUBST">markets </w><w c5="CRD" hw="three" pos="ADJ">three </w><w c5="NN2" hw="time" pos="SUBST">times </w><w c5="CJS" hw="as" pos="CONJ">as </w><w c5="AT0" hw="the" pos="ART">the </w><w c5="NN1" hw="pound" pos="SUBST">pound </w><w c5="VVD" hw="continue" pos="VERB">continued </w><w c5="DPS" hw="it" pos="PRON">its </w><w c5="NN1" hw="slide" pos="SUBST">slide </w><w c5="AV0" hw="below" pos="ADV">below </w><w c5="CRD" hw="3" pos="ADJ">3 </w><w c5="NN2" hw="mark" pos="SUBST">marks </w><c c5="PUN">— </c><w c5="AV0" hw="once" pos="ADV">once </w><w c5="VVN" hw="see" pos="VERB">seen </w><w c5="PRP" hw="as" pos="PREP">as </w><w c5="AT0" hw="a" pos="ART">a </w><w c5="NN1" hw="level" pos="SUBST">level </w><w c5="DTQ" hw="which" pos="PRON">which </w><w c5="VM0" hw="would" pos="VERB">would </w><w c5="VVI" hw="attract" pos="VERB">attract </w><w c5="AJ0" hw="critical" pos="ADJ">critical </w><w c5="NN1" hw="support" pos="SUBST">support </w><w c5="PRP" hw="from" pos="PREP">from </w><w c5="AT0" hw="the" pos="ART">the </w><w c5="NN1" hw="government" pos="SUBST">Government</w><c c5="PUN">.</c></s>
<s n="60"><w c5="VVG-NN1" hw="sell" pos="VERB">Selling </w><w c5="NN1" hw="pressure" pos="SUBST">pressure </w><w c5="AV0" hw="also" pos="ADV">also </w><w c5="VVN" hw="send" pos="VERB">sent </w><w c5="NN1" hw="sterling" pos="SUBST">sterling </w><w c5="AV0" hw="briefly" pos="ADV">briefly </w><w c5="PRP" hw="below" pos="PREP">below </w><w c5="UNC" hw="dm2.95" pos="UNC">DM2.95 </w><w c5="PRP" hw="for" pos="PREP">for </w><w c5="AT0" hw="the" pos="ART">the </w><w c5="ORD" hw="first" pos="ADJ">first </w><w c5="NN1" hw="time" pos="SUBST">time </w><w c5="PRP" hw="since" pos="PREP">since </w><w c5="NP0" hw="august" pos="SUBST">August </w><w c5="CRD" hw="1987" pos="ADJ">1987</w><c c5="PUN">.</c></s>
<s n="61"><w c5="PRP" hw="by" pos="PREP">By </w><w c5="AT0" hw="the" pos="ART">the </w><w c5="NP0" hw="london" pos="SUBST">London </w><w c5="VVB" hw="close" pos="VERB">close</w><c c5="PUN">, </c><w c5="AT0" hw="the" pos="ART">the </w><w c5="NN1" hw="pound" pos="SUBST">pound </w><w c5="VBD" hw="be" pos="VERB">was </w><w c5="CRD" hw="2" pos="ADJ">2 </w><w c5="NN2" hw="pfennig" pos="SUBST">pfennigs </w><w c5="AJC" hw="weak" pos="ADJ">weaker </w><w c5="PRP" hw="at" pos="PREP">at </w><w c5="UNC" hw="dm2.9537" pos="UNC">DM2.9537</w><c c5="PUN">.</c></s>
<s n="62"><w c5="PRP" hw="against" pos="PREP">Against </w><w c5="AT0" hw="the" pos="ART">the </w><w c5="NN1" hw="dollar" pos="SUBST">dollar </w><w c5="PNP" hw="it" pos="PRON">it </w><w c5="VVD" hw="lose" pos="VERB">lost </w><w c5="CRD" hw="1.9" pos="ADJ">1.9 </w><w c5="NN2" hw="cent" pos="SUBST">cents </w><w c5="TO0" hw="to" pos="PREP">to </w><w c5="VVI" hw="finish" pos="VERB">finish </w><w c5="PRP" hw="at" pos="PREP">at </w><w c5="NN0" hw="$1.5585" pos="SUBST">$1.5585</w><c c5="PUN">.</c></s></p><p>
<s n="63"><w c5="AV0" hw="so" pos="ADV">So </w><w c5="AJ0" hw="nervous" pos="ADJ">nervous </w><w c5="VBD" hw="be" pos="VERB">were </w><w c5="AT0" hw="the" pos="ART">the </w><w c5="NN2" hw="market" pos="SUBST">markets </w><w c5="CJT" hw="that" pos="CONJ">that </w><w c5="AT0" hw="the" pos="ART">the </w><w c5="NN1" hw="disappearance" pos="SUBST">disappearance </w><w c5="PRF" hw="of" pos="PREP">of </w><w c5="NP0" hw="nigel" pos="SUBST">Nigel </w><w c5="NP0" hw="lawson" pos="SUBST">Lawson </w><w c5="PRP" hw="from" pos="PREP">from </w><w c5="AT0" hw="the" pos="ART">the </w><w c5="AJ0" hw="conservative" pos="ADJ">Conservative </w><w c5="NN1" hw="party" pos="SUBST">Party </w><w c5="NN1" hw="conference" pos="SUBST">conference </w><w c5="PRP" hw="in" pos="PREP">in </w><w c5="NP0" hw="blackpool" pos="SUBST">Blackpool </w><w c5="VVD" hw="oblige" pos="VERB">obliged </w><w c5="AT0" hw="the" pos="ART">the </w><w c5="NN1" hw="treasury" pos="SUBST">Treasury </w><w c5="TO0" hw="to" pos="PREP">to </w><w c5="VVI" hw="issue" pos="VERB">issue </w><w c5="AT0" hw="a" pos="ART">a </w><w c5="NN1" hw="statement" pos="SUBST">statement </w><w c5="CJT" hw="that" pos="CONJ">that </w><w c5="PNP" hw="he" pos="PRON">he </w><w c5="VBD" hw="be" pos="VERB">was </w><w c5="VVG" hw="write" pos="VERB">writing </w><w c5="DPS" hw="he" pos="PRON">his </w><w c5="NN1" hw="speech" pos="SUBST">speech </w><w c5="PRP" hw="at" pos="PREP">at </w><w c5="NN1" hw="home" pos="SUBST">home</w><c c5="PUN">.</c></s></p><p>
<s n="64"><w c5="NN1" hw="sterling" pos="SUBST">Sterling </w><w c5="VVD-VVN" hw="lose" pos="VERB">lost </w><w c5="NN1" hw="ground" pos="SUBST">ground </w><w c5="PRP" hw="against" pos="PREP">against </w><w c5="AT0" hw="the" pos="ART">the </w><w c5="NN1" hw="dollar" pos="SUBST">dollar </w><w c5="PRP" hw="after" pos="PREP">after </w><w c5="AT0" hw="the" pos="ART">the </w><w c5="NP0" hw="us" pos="SUBST">US </w><w c5="AJ0" hw="central" pos="ADJ">central </w><w c5="NN1" hw="bank" pos="SUBST">bank</w><c c5="PUN">, </c><w c5="AT0" hw="the" pos="ART">the </w><w c5="AJ0" hw="federal" pos="ADJ">Federal </w><w c5="NN1" hw="reserve" pos="SUBST">Reserve</w><c c5="PUN">, </c><w c5="VVD" hw="signal" pos="VERB">signalled </w><w c5="CJT" hw="that" pos="CONJ">that </w><w c5="PNP" hw="it" pos="PRON">it </w><w c5="VBD" hw="be" pos="VERB">was </w><w c5="XX0" hw="not" pos="ADV">not </w><w c5="AVP" hw="about" pos="ADV">about </w><w c5="TO0" hw="to" pos="PREP">to </w><w c5="VVI" hw="reduce" pos="VERB">reduce </w><w c5="DPS" hw="it" pos="PRON">its </w><w c5="NN1" hw="interest" pos="SUBST">interest </w><w c5="NN2" hw="rate" pos="SUBST">rates</w><c c5="PUN">.</c></s>
<s n="65"><w c5="EX0" hw="there" pos="PRON">There </w><w c5="VHD" hw="have" pos="VERB">had </w><w c5="VBN" hw="be" pos="VERB">been </w><w c5="AJ0" hw="considerable" pos="ADJ">considerable </w><w c5="NN1" hw="speculation" pos="SUBST">speculation </w><w c5="CJC" hw="and" pos="CONJ">and </w><w c5="NN1-VVB" hw="concern" pos="SUBST">concern </w><w c5="CJT" hw="that" pos="CONJ">that </w><w c5="PNP" hw="it" pos="PRON">it </w><w c5="VBD" hw="be" pos="VERB">was </w><w c5="AVP" hw="about" pos="ADV">about </w><w c5="TO0" hw="to" pos="PREP">to </w><w c5="VDI" hw="do" pos="VERB">do </w><w c5="AV0" hw="so" pos="ADV">so</w><c c5="PUN">.</c></s></p><p>
<s n="66"><w c5="AV0" hw="yesterday" pos="ADV">Yesterday </w><w c5="NN1" hw="morning" pos="SUBST">morning </w><w c5="NN2" hw="share" pos="SUBST">shares </w><w c5="VVD" hw="seem" pos="VERB">seemed </w><w c5="TO0" hw="to" pos="PREP">to </w><w c5="VVI" hw="recover" pos="VERB">recover </w><w c5="PRP" hw="from" pos="PREP">from </w><w c5="NP0" hw="monday" pos="SUBST">Monday</w><w c5="POS" hw="'s" pos="UNC">'s </w><w c5="NN1" hw="collapse" pos="SUBST">collapse</w><c c5="PUN">.</c></s>
<s n="67"><w c5="PNP" hw="they" pos="PRON">They </w><w c5="VHD" hw="have" pos="VERB">had </w><w c5="VVN" hw="gain" pos="VERB">gained </w><w c5="CRD" hw="14.2" pos="ADJ">14.2 </w><w c5="NN2" hw="point" pos="SUBST">points </w><w c5="PRP" hw="by" pos="PREP">by </w><w c5="AJ0" hw="early" pos="ADJ">early </w><w c5="NN1" hw="afternoon" pos="SUBST">afternoon</w><c c5="PUN">, </c><w c5="CJC" hw="but" pos="CONJ">but </w><w c5="AT0" hw="the" pos="ART">the </w><w c5="NN1" hw="market" pos="SUBST">market </w><w c5="VBD" hw="be" pos="VERB">was </w><w c5="VVN" hw="throw" pos="VERB">thrown </w><w c5="AV0" hw="sharply" pos="ADV">sharply </w><w c5="PRP" hw="into" pos="PREP">into </w><w c5="NN1-AJ0" hw="reverse" pos="SUBST">reverse </w><w c5="PRP" hw="by" pos="PREP">by </w><w c5="AT0" hw="a" pos="ART">a </w><w c5="NN1" hw="forecast" pos="SUBST">forecast </w><w c5="PRP" hw="from" pos="PREP">from </w><w c5="AT0" hw="a" pos="ART">a </w><w c5="NN1" hw="consultant" pos="SUBST">consultant </w><w c5="PRP" hw="to" pos="PREP">to </w><w c5="AT0" hw="the" pos="ART">the </w><w c5="NN1" hw="stockbroker" pos="SUBST">stockbroker </w><w c5="NP0" hw="barclays" pos="SUBST">Barclays </w><w c5="NP0" hw="de" pos="SUBST">De </w><w c5="NP0" hw="zoete" pos="SUBST">Zoete </w><w c5="NP0" hw="wedd" pos="SUBST">Wedd </w><w c5="CJT" hw="that" pos="CONJ">that </w><w c5="AT0" hw="the" pos="ART">the </w><w c5="NN1" hw="market" pos="SUBST">market </w><w c5="VM0" hw="could" pos="VERB">could </w><w c5="VVI" hw="fall" pos="VERB">fall </w><w c5="PRP" hw="to" pos="PREP">to </w><w c5="CRD" hw="2,100-2,200" pos="ADJ">2,100-2,200 </w><w c5="PRP" hw="by" pos="PREP">by </w><w c5="AT0" hw="the" pos="ART">the </w><w c5="NN1" hw="end" pos="SUBST">end </w><w c5="PRF" hw="of" pos="PREP">of </w><w c5="AT0" hw="the" pos="ART">the </w><w c5="NN1" hw="month" pos="SUBST">month </w><w c5="CJC" hw="and" pos="CONJ">and </w><w c5="PRP" hw="to" pos="PREP">to </w><w c5="CRD" hw="1,800" pos="ADJ">1,800 </w><w c5="ORD" hw="next" pos="ADJ">next </w><w c5="NN1" hw="year" pos="SUBST">year</w><c c5="PUN">.</c></s>
<s n="68"><w c5="PRP" hw="since" pos="PREP">Since </w><w c5="DPS" hw="it" pos="PRON">its </w><w c5="AJ0-NN1" hw="post-crash" pos="ADJ">post-crash </w><w c5="NN1-VVB" hw="peak" pos="SUBST">peak </w><w c5="AT0" hw="a" pos="ART">a </w><w c5="NN1" hw="month" pos="SUBST">month </w><w c5="AV0" hw="ago" pos="ADV">ago</w><c c5="PUN">, </c><w c5="VVB-NN1" hw="share" pos="VERB">share </w><w c5="NN2" hw="price" pos="SUBST">prices </w><w c5="VHB" hw="have" pos="VERB">have </w><w c5="VVN" hw="fall" pos="VERB">fallen </w><w c5="PRP" hw="by" pos="PREP">by </w><w c5="CRD" hw="8.5" pos="ADJ">8.5 </w><mw c5="NN0"><w c5="UNC" hw="per" pos="UNC">per </w><w c5="UNC" hw="cent" pos="UNC">cent</w></mw><c c5="PUN">.</c></s></p><p>
<s n="69"><w c5="NN1" hw="sterling" pos="SUBST">Sterling</w><w c5="POS" hw="'s" pos="UNC">'s </w><w c5="AJ0" hw="dramatic" pos="ADJ">dramatic </w><w c5="NN1" hw="weakness" pos="SUBST">weakness </w><w c5="PRP" hw="in" pos="PREP">in </w><w c5="AJ0" hw="recent" pos="ADJ">recent </w><w c5="NN2" hw="day" pos="SUBST">days </w><w c5="VHZ" hw="have" pos="VERB">has </w><w c5="VVN" hw="reawaken" pos="VERB">reawakened </w><w c5="NN1" hw="speculation" pos="SUBST">speculation </w><w c5="PRP" hw="in" pos="PREP">in </w><w c5="AJ0" hw="financial" pos="ADJ">financial </w><w c5="NN2" hw="market" pos="SUBST">markets </w><w c5="CJT" hw="that" pos="CONJ">that </w><w c5="AT0" hw="the" pos="ART">the </w><w c5="NN1" hw="government" pos="SUBST">Government </w><w c5="VM0" hw="will" pos="VERB">will </w><w c5="XX0" hw="not" pos="ADV">not </w><w c5="VBI" hw="be" pos="VERB">be </w><w c5="AJ0" hw="able" pos="ADJ">able </w><w c5="PRP" hw="for" pos="PREP">for </w><w c5="AV0" hw="much" pos="ADV">much </w><w c5="AJC" hw="long" pos="ADJ">longer </w><w c5="TO0" hw="to" pos="PREP">to </w><w c5="VVI" hw="resist" pos="VERB">resist </w><w c5="VVG" hw="join" pos="VERB">joining </w><w c5="AT0" hw="the" pos="ART">the </w><w c5="NN1" hw="exchange" pos="SUBST">Exchange </w><w c5="NN1" hw="rate" pos="SUBST">Rate </w><w c5="NN1" hw="mechanism" pos="SUBST">Mechanism </w><c c5="PUL">(</c><w c5="UNC" hw="erm" pos="UNC">ERM</w><c c5="PUR">) </c><w c5="PRF" hw="of" pos="PREP">of </w><w c5="AT0" hw="the" pos="ART">the </w><w c5="NP0" hw="ems" pos="SUBST">EMS</w><c c5="PUN">, </c><w c5="AT0" hw="the" pos="ART">the </w><w c5="NN1" hw="system" pos="SUBST">system </w><w c5="PRF" hw="of" pos="PREP">of </w><w c5="AJ0" hw="semi-fixed" pos="ADJ">semi-fixed </w><w c5="NN1" hw="exchange" pos="SUBST">exchange </w><w c5="NN2" hw="rate" pos="SUBST">rates </w><w c5="PRP" hw="to" pos="PREP">to </w><w c5="DTQ" hw="which" pos="PRON">which </w><w c5="DT0" hw="most" pos="ADJ">most </w><w c5="NN2" hw="member" pos="SUBST">members </w><w c5="PRF" hw="of" pos="PREP">of </w><w c5="AT0" hw="the" pos="ART">the </w><w c5="AJ0" hw="european" pos="ADJ">European </w><w c5="NN1" hw="community" pos="SUBST">Community </w><w c5="VVB" hw="belong" pos="VERB">belong</w><c c5="PUN">.</c></s>
<s n="70"><w c5="NP0" hw="margaret" pos="SUBST">Margaret </w><w c5="NP0" hw="thatcher" pos="SUBST">Thatcher </w><w c5="VHZ" hw="have" pos="VERB">has </w><w c5="AV0" hw="personally" pos="ADV">personally </w><w c5="VVN" hw="oppose" pos="VERB">opposed </w><w c5="VVG" hw="join" pos="VERB">joining </w><w c5="AT0" hw="the" pos="ART">the </w><w c5="NN1" hw="erm" pos="SUBST">ERM</w><c c5="PUN">.</c></s></p><p>
<s n="71"><w c5="AV0" hw="however" pos="ADV">However</w><c c5="PUN">, </c><w c5="AT0" hw="the" pos="ART">the </w><w c5="AJ0-NN1" hw="widely-perceived" pos="ADJ">widely-perceived </w><w c5="NN1" hw="reluctance" pos="SUBST">reluctance </w><w c5="PRF" hw="of" pos="PREP">of </w><w c5="AT0" hw="the" pos="ART">the </w><w c5="NN1" hw="government" pos="SUBST">Government </w><w c5="TO0" hw="to" pos="PREP">to </w><w c5="VVI" hw="raise" pos="VERB">raise </w><w c5="NN1" hw="base" pos="SUBST">base </w><w c5="NN2" hw="rate" pos="SUBST">rates </w><w c5="AV0" hw="again" pos="ADV">again </w><w c5="VHZ" hw="have" pos="VERB">has </w><w c5="VVN" hw="encourage" pos="VERB">encouraged </w><w c5="NN2" hw="expectation" pos="SUBST">expectations </w><w c5="PRP" hw="in" pos="PREP">in </w><w c5="AJ0" hw="financial" pos="ADJ">financial </w><w c5="NN2" hw="market" pos="SUBST">markets </w><w c5="CJT" hw="that" pos="CONJ">that </w><w c5="PNP" hw="it" pos="PRON">it </w><w c5="VBZ" hw="be" pos="VERB">is </w><w c5="VVG" hw="seek" pos="VERB">seeking </w><w c5="AJ0" hw="alternative" pos="ADJ">alternative </w><w c5="AJ0" hw="monetary" pos="ADJ">monetary </w><w c5="NN2" hw="policy" pos="SUBST">policies</w><c c5="PUN">.</c></s>
<s n="72"><w c5="NP0" hw="mr" pos="SUBST">Mr </w><w c5="NP0" hw="lawson" pos="SUBST">Lawson</w><w c5="POS" hw="'s" pos="UNC">'s </w><w c5="NN1" hw="speech" pos="SUBST">speech </w><w c5="PRP" hw="to" pos="PREP">to </w><w c5="AT0" hw="a" pos="ART">a </w><w c5="NN1" hw="city" pos="SUBST">City </w><w c5="NN1" hw="banquet" pos="SUBST">banquet </w><w c5="PRP" hw="at" pos="PREP">at </w><w c5="AT0" hw="the" pos="ART">the </w><w c5="NN1" hw="mansion" pos="SUBST">Mansion </w><w c5="NN1" hw="house" pos="SUBST">House </w><w c5="ORD" hw="next" pos="ADJ">next </w><w c5="NN1" hw="week" pos="SUBST">week </w><w c5="VBZ" hw="be" pos="VERB">is </w><w c5="VVN" hw="see" pos="VERB">seen </w><w c5="PRP" hw="as" pos="PREP">as </w><w c5="CRD" hw="one" pos="ADJ">one </w><w c5="NN1" hw="occasion" pos="SUBST">occasion </w><w c5="PRP" hw="on" pos="PREP">on </w><w c5="DTQ" hw="which" pos="PRON">which </w><w c5="AJ0" hw="new" pos="ADJ">new </w><w c5="NN2" hw="policy" pos="SUBST">policies </w><w c5="AV0" hw="-possibly" pos="ADV">-possibly </w><w c5="AV0" hw="even" pos="ADV">even </w><w c5="AT0" hw="a" pos="ART">a </w><w c5="NN1" hw="step" pos="SUBST">step </w><w c5="PRP" hw="towards" pos="PREP">towards </w><w c5="AJ0" hw="full" pos="ADJ">full </w><w c5="NP0" hw="ems" pos="SUBST">EMS </w><w c5="NN1" hw="membership" pos="SUBST">membership </w><c c5="PUN">— </c><w c5="VM0" hw="could" pos="VERB">could </w><w c5="VBI" hw="be" pos="VERB">be </w><w c5="VVN" hw="outline" pos="VERB">outlined</w><c c5="PUN">.</c></s></p><p>
<s n="73"><w c5="NP0" hw="gavyn" pos="SUBST">Gavyn </w><w c5="NP0" hw="davies" pos="SUBST">Davies</w><c c5="PUN">, </c><w c5="AJ0-NN1" hw="chief" pos="ADJ">chief </w><w c5="NP0" hw="uk" pos="SUBST">UK </w><w c5="NN1" hw="economist" pos="SUBST">economist </w><w c5="PRP" hw="in" pos="PREP">in </w><w c5="NP0" hw="london" pos="SUBST">London </w><w c5="PRP" hw="for" pos="PREP">for </w><w c5="AT0" hw="the" pos="ART">the </w><w c5="NP0" hw="us" pos="SUBST">US </w><w c5="NN1" hw="investment" pos="SUBST">investment </w><w c5="NN1-VVB" hw="house" pos="SUBST">house </w><w c5="NP0" hw="goldman" pos="SUBST">Goldman </w><w c5="NP0" hw="sachs" pos="SUBST">Sachs</w><c c5="PUN">, </c><w c5="VVD" hw="say" pos="VERB">said</w><c c5="PUN">: </c><c c5="PUQ">‘</c><w c5="CJS" hw="if" pos="CONJ">If </w><w c5="PNP" hw="they" pos="PRON">they </w><w c5="VVD" hw="join" pos="VERB">joined </w><w c5="AT0" hw="the" pos="ART">the </w><w c5="NN1" hw="pound" pos="SUBST">pound </w><w c5="VM0" hw="would" pos="VERB">would </w><w c5="AV0" hw="spontaneously" pos="ADV">spontaneously </w><w c5="VVI" hw="recover" pos="VERB">recover</w><c c5="PUN">.</c><c c5="PUQ">’</c></s>
<s n="74"><w c5="PNP" hw="he" pos="PRON">He </w><w c5="VVD" hw="add" pos="VERB">added </w><w c5="CJT" hw="that" pos="CONJ">that </w><w c5="AT0" hw="the" pos="ART">the </w><w c5="NN1" hw="market" pos="SUBST">market </w><w c5="NN1" hw="gloom" pos="SUBST">gloom </w><w c5="VBD" hw="be" pos="VERB">was </w><w c5="VVN" hw="cause" pos="VERB">caused </w><w c5="PRP" hw="by" pos="PREP">by </w><w c5="NN2" hw="fear" pos="SUBST">fears </w><w c5="PRF" hw="of" pos="PREP">of </w><w c5="NN1" hw="recession" pos="SUBST">recession</w><c c5="PUN">.</c></s></p><p>
<s n="75"><w c5="CJC" hw="but" pos="CONJ">But </w><w c5="NP0" hw="professor" pos="SUBST">Professor </w><w c5="NP0" hw="alan" pos="SUBST">Alan </w><w c5="NP0" hw="budd" pos="SUBST">Budd</w><c c5="PUN">, </c><w c5="AJ0" hw="chief" pos="ADJ">chief </w><w c5="AJ0" hw="economic" pos="ADJ">economic </w><w c5="NN1" hw="adviser" pos="SUBST">adviser </w><w c5="PRP" hw="to" pos="PREP">to </w><w c5="NP0" hw="barclays" pos="SUBST">Barclays </w><w c5="NP0-NN1" hw="bank" pos="SUBST">Bank</w><c c5="PUN">, </c><w c5="VVD" hw="say" pos="VERB">said </w><w c5="PRF" hw="of" pos="PREP">of </w><w c5="AT0" hw="the" pos="ART">the </w><w c5="NN1" hw="government" pos="SUBST">Government</w><w c5="POS" hw="'s" pos="UNC">'s </w><w c5="NN1" hw="predicament" pos="SUBST">predicament</w><c c5="PUN">: </c><c c5="PUQ">‘</c><w c5="PRP" hw="in" pos="PREP">In </w><w c5="AT0" hw="the" pos="ART">the </w><w c5="AJ0" hw="short" pos="ADJ">short </w><w c5="NN1-VVB" hw="run" pos="SUBST">run </w><w c5="EX0" hw="there" pos="PRON">there </w><w c5="VBZ" hw="be" pos="VERB">is </w><w c5="PNI" hw="nothing" pos="PRON">nothing </w><w c5="CJT" hw="that" pos="CONJ">that </w><w c5="VM0" hw="can" pos="VERB">can </w><w c5="VBI" hw="be" pos="VERB">be </w><w c5="VDN" hw="do" pos="VERB">done</w><c c5="PUN">.</c></s>
<s n="76"><w c5="CJS" hw="when" pos="CONJ">When </w><w c5="AT0" hw="the" pos="ART">the </w><w c5="NN2" hw="market" pos="SUBST">markets </w><w c5="VVB" hw="go" pos="VERB">go </w><w c5="PRP" hw="against" pos="PREP">against </w><w c5="PNP" hw="you" pos="PRON">you </w><w c5="AV0" hw="there" pos="ADV">there </w><w c5="VBZ" hw="be" pos="VERB">is </w><w c5="PNI" hw="nothing" pos="PRON">nothing </w><w c5="CJT" hw="that" pos="CONJ">that </w><w c5="VM0" hw="can" pos="VERB">can </w><w c5="VVI" hw="stop" pos="VERB">stop </w><w c5="PNP" hw="it" pos="PRON">it </w><w c5="CJS" hw="until" pos="CONJ">until </w><w c5="AT0" hw="the" pos="ART">the </w><w c5="NN1" hw="market" pos="SUBST">market </w><w c5="VVZ" hw="adjust" pos="VERB">adjusts</w><c c5="PUN">.</c><c c5="PUQ">’</c></s></p><p>
<s n="77"><w c5="PNP" hw="he" pos="PRON">He </w><w c5="VVD" hw="add" pos="VERB">added </w><w c5="CJT" hw="that" pos="CONJ">that </w><w c5="AT0" hw="the" pos="ART">the </w><w c5="NN1" hw="government" pos="SUBST">Government </w><w c5="VHD" hw="have" pos="VERB">had </w><c c5="PUQ">‘</c><w c5="AV0" hw="neither" pos="ADV">neither </w><w c5="AT0" hw="an" pos="ART">an </w><w c5="NN1" hw="exchange" pos="SUBST">exchange </w><w c5="NN1" hw="rate" pos="SUBST">rate </w><w c5="NN1" hw="policy" pos="SUBST">policy </w><w c5="CJC" hw="nor" pos="CONJ">nor </w><w c5="AT0" hw="an" pos="ART">an </w><w c5="NN1" hw="interest" pos="SUBST">interest </w><w c5="NN1" hw="rate" pos="SUBST">rate </w><w c5="NN1" hw="policy" pos="SUBST">policy</w><c c5="PUQ">’</c><c c5="PUN">.</c></s>
<s n="78"><w c5="NP0" hw="professor" pos="SUBST">Professor </w><w c5="NP0" hw="budd" pos="SUBST">Budd</w><w c5="POS" hw="'s" pos="UNC">'s </w><w c5="NN2" hw="remark" pos="SUBST">remarks </w><w c5="VVB" hw="echo" pos="VERB">echo </w><w c5="AT0" hw="a" pos="ART">a </w><w c5="AJ0" hw="widespread" pos="ADJ">widespread </w><w c5="NN1" hw="belief" pos="SUBST">belief </w><w c5="PRP" hw="in" pos="PREP">in </w><w c5="AT0" hw="the" pos="ART">the </w><w c5="NN1" hw="city" pos="SUBST">City </w><w c5="CJT" hw="that" pos="CONJ">that </w><w c5="AT0" hw="the" pos="ART">the </w><w c5="NN1" hw="government" pos="SUBST">Government </w><w c5="VVZ" hw="need" pos="VERB">needs </w><w c5="TO0" hw="to" pos="PREP">to </w><w c5="VVI" hw="develop" pos="VERB">develop </w><w c5="AT0" hw="a" pos="ART">a </w><w c5="AJ0" hw="credible" pos="ADJ">credible </w><w c5="AJ0" hw="monetary" pos="ADJ">monetary </w><w c5="NN1" hw="strategy" pos="SUBST">strategy</w><c c5="PUN">.</c></s>
<s n="79"><w c5="EX0" hw="there" pos="PRON">There </w><w c5="VBZ" hw="be" pos="VERB">is </w><w c5="NN1" hw="scepticism" pos="SUBST">scepticism </w><w c5="CJT" hw="that" pos="CONJ">that </w><w c5="AT0" hw="a" pos="ART">a </w><w c5="NN1" hw="return" pos="SUBST">return </w><w c5="PRP" hw="to" pos="PREP">to </w><w c5="VVG" hw="control" pos="VERB">controlling </w><w c5="AT0" hw="the" pos="ART">the </w><w c5="NN1" hw="growth" pos="SUBST">growth </w><w c5="PRF" hw="of" pos="PREP">of </w><w c5="AJ0" hw="broad" pos="ADJ">broad </w><w c5="NN1" hw="money" pos="SUBST">money </w><w c5="NN1" hw="supply" pos="SUBST">supply </w><w c5="VM0" hw="would" pos="VERB">would </w><w c5="VVI" hw="work" pos="VERB">work </w><w c5="CJS" hw="when" pos="CONJ">when </w><w c5="DT0" hw="many" pos="ADJ">many </w><w c5="PRF" hw="of" pos="PREP">of </w><w c5="AT0" hw="the" pos="ART">the </w><w c5="AJ0" hw="economic" pos="ADJ">economic </w><w c5="NN2" hw="pressure" pos="SUBST">pressures </w><w c5="PRP" hw="on" pos="PREP">on </w><w c5="NP0" hw="britain" pos="SUBST">Britain </w><w c5="VBB" hw="be" pos="VERB">are </w><w c5="AJ0" hw="external" pos="ADJ">external</w><c c5="PUN">.</c></s></p><p>
<s n="80"><w c5="AT0" hw="the" pos="ART">The </w><w c5="NN1" hw="sense" pos="SUBST">sense </w><w c5="PRF" hw="of" pos="PREP">of </w><w c5="NN1" hw="instability" pos="SUBST">instability </w><w c5="PRP" hw="in" pos="PREP">in </w><w c5="AJ0" hw="financial" pos="ADJ">financial </w><w c5="NN2" hw="market" pos="SUBST">markets </w><w c5="VVN-VVD" hw="increase" pos="VERB">increased </w><w c5="CJS" hw="when" pos="CONJ">when </w><w c5="NP0" hw="alan" pos="SUBST">Alan </w><w c5="NP0" hw="greenspan" pos="SUBST">Greenspan</w><c c5="PUN">, </c><w c5="AT0" hw="the" pos="ART">the </w><w c5="NN1" hw="chairman" pos="SUBST">chairman </w><w c5="PRF" hw="of" pos="PREP">of </w><w c5="AT0" hw="the" pos="ART">the </w><w c5="NP0" hw="us" pos="SUBST">US </w><w c5="AJ0" hw="federal" pos="ADJ">Federal </w><w c5="NN1" hw="reserve" pos="SUBST">Reserve </w><w c5="CJC" hw="and" pos="CONJ">and </w><w c5="CRD" hw="one" pos="ADJ">one </w><w c5="PRF" hw="of" pos="PREP">of </w><w c5="AT0" hw="the" pos="ART">the </w><w c5="NN1" hw="world" pos="SUBST">world</w><w c5="POS" hw="'s" pos="UNC">'s </w><w c5="AV0" hw="most" pos="ADV">most </w><w c5="AJ0" hw="powerful" pos="ADJ">powerful </w><w c5="AJ0" hw="central" pos="ADJ">central </w><w c5="NN2" hw="banker" pos="SUBST">bankers</w><c c5="PUN">, </c><w c5="VVD" hw="appear" pos="VERB">appeared </w><w c5="TO0" hw="to" pos="PREP">to </w><w c5="VVI" hw="criticise" pos="VERB">criticise </w><w c5="AT0" hw="the" pos="ART">the </w><w c5="AJ0" hw="international" pos="ADJ">international </w><w c5="NN2" hw="effort" pos="SUBST">efforts </w><w c5="TO0" hw="to" pos="PREP">to </w><w c5="VVI" hw="stabilise" pos="VERB">stabilise </w><w c5="NN2" hw="currency" pos="SUBST">currencies </w><w c5="AV0" hw="recently" pos="ADV">recently </w><w c5="VVN" hw="agree" pos="VERB">agreed </w><w c5="PRP" hw="by" pos="PREP">by </w><w c5="AT0" hw="the" pos="ART">the </w><w c5="NN1" hw="group" pos="SUBST">Group </w><w c5="PRF" hw="of" pos="PREP">of </w><w c5="CRD" hw="seven" pos="ADJ">Seven </w><w c5="AJ0" hw="main" pos="ADJ">main </w><w c5="AJ0" hw="industrial" pos="ADJ">industrial </w><w c5="NN2" hw="nation" pos="SUBST">nations</w><c c5="PUN">, </c><w c5="DTQ" hw="which" pos="PRON">which </w><w c5="VVZ" hw="include" pos="VERB">includes </w><w c5="NP0" hw="britain" pos="SUBST">Britain</w><c c5="PUN">.</c></s></p><p>
<s n="81"><w c5="NP0" hw="mr" pos="SUBST">Mr </w><w c5="NP0" hw="greenspan" pos="SUBST">Greenspan </w><w c5="VVD" hw="say" pos="VERB">said</w><c c5="PUN">: </c><c c5="PUQ">‘</c><w c5="AJ0" hw="great" pos="ADJ">Great </w><w c5="NN1" hw="importance" pos="SUBST">importance </w><w c5="VM0" hw="may" pos="VERB">may </w><w c5="VBI" hw="be" pos="VERB">be </w><w c5="VVN" hw="give" pos="VERB">given </w><w c5="PRP" hw="to" pos="PREP">to </w><w c5="AT0" hw="the" pos="ART">the </w><w c5="AJ0" hw="short-run" pos="ADJ">short-run </w><w c5="NN1" hw="stabilisation" pos="SUBST">stabilisation </w><w c5="PRF" hw="of" pos="PREP">of </w><w c5="AJ0" hw="domestic" pos="ADJ">domestic </w><w c5="AJ0" hw="financial" pos="ADJ">financial </w><w c5="NN2" hw="market" pos="SUBST">markets </w><w c5="CJC" hw="or" pos="CONJ">or </w><w c5="AJ0" hw="foreign" pos="ADJ">foreign </w><w c5="NN1" hw="exchange" pos="SUBST">exchange </w><w c5="NN2" hw="market" pos="SUBST">markets</w><c c5="PUN">.</c><c c5="PUQ">’</c></s>
<s n="82"><w c5="CJC" hw="but" pos="CONJ">But </w><w c5="PNP" hw="he" pos="PRON">he </w><w c5="VVD" hw="add" pos="VERB">added</w><c c5="PUN">: </c><c c5="PUQ">‘</c><w c5="DT0" hw="such" pos="ADJ">Such </w><w c5="NN2" hw="consideration" pos="SUBST">considerations</w><c c5="PUN">, </c><w c5="AV0" hw="however" pos="ADV">however</w><c c5="PUN">, </c><w c5="VM0" hw="may" pos="VERB">may </w><w c5="AV0" hw="ultimately" pos="ADV">ultimately </w><w c5="VBI" hw="be" pos="VERB">be </w><w c5="AJ0" hw="counter-productive" pos="ADJ">counter-productive </w><w c5="CJS" hw="if" pos="CONJ">if </w><w c5="PNP" hw="they" pos="PRON">they </w><w c5="VBB" hw="be" pos="VERB">are </w><w c5="VVN" hw="allow" pos="VERB">allowed </w><w c5="TO0" hw="to" pos="PREP">to </w><w c5="VVI" hw="obscure" pos="VERB">obscure </w><w c5="CJC" hw="or" pos="CONJ">or </w><w c5="VVI" hw="cause" pos="VERB">cause </w><w c5="AJ0" hw="long" pos="ADJ">long </w><w c5="NN2" hw="delay" pos="SUBST">delays </w><w c5="PRP" hw="in" pos="PREP">in </w><w c5="NN1" hw="achievement" pos="SUBST">achievement </w><w c5="PRF" hw="of" pos="PREP">of </w><w c5="NN1" hw="price" pos="SUBST">price </w><w c5="NN1" hw="stability" pos="SUBST">stability </w><c c5="PUL">(</c><w c5="CRD" hw="zero" pos="ADJ">zero </w><w c5="NN1" hw="inflation" pos="SUBST">inflation</w><c c5="PUR">)</c><c c5="PUN">.</c><c c5="PUQ">’</c></s></p></div></wtext></bncDoc>
