<bncDoc xml:id="AAD"><teiHeader><fileDesc><titleStmt><title>  The Guardian, electronic edition of 1989-12-21: Leisure pages. Sample containing about 1293 words from a periodical (domain: leisure) </title><respStmt><resp> Data capture and transcription </resp><name> Oxford University Press </name> </respStmt></titleStmt><editionStmt><edition>BNC XML Edition, December 2006</edition></editionStmt><extent> 1293 tokens; 1304 w-units; 70 s-units </extent><publicationStmt><distributor>Distributed under licence by Oxford University Computing Services on behalf of the BNC Consortium.</distributor><availability> This material is protected by international copyright laws and may not be copied or redistributed in any way. Consult the BNC Web Site at http://www.natcorp.ox.ac.uk for full licencing and distribution conditions.</availability><idno type="bnc">AAD</idno><idno type="old"> GjLeis </idno></publicationStmt><sourceDesc><bibl><title>The Guardian, electronic edition of 1989-12-21: Leisure pages.</title> <imprint n="GUARDI1"><publisher>Guardian Newspapers Ltd</publisher> <pubPlace>London</pubPlace> <date value="1989">1989</date> </imprint> </bibl></sourceDesc></fileDesc><encodingDesc><tagsDecl><namespace name=""><tagUsage gi="c" occurs="181"/><tagUsage gi="div" occurs="2"/><tagUsage gi="head" occurs="2"/><tagUsage gi="mw" occurs="11"/><tagUsage gi="p" occurs="22"/><tagUsage gi="s" occurs="70"/><tagUsage gi="w" occurs="1304"/></namespace></tagsDecl></encodingDesc><profileDesc><creation date="1989"> </creation><textClass><catRef targets="WRI ALLTIM3 ALLAVA2 ALLTYP3 WRIAAG0 WRIAD0 WRIASE0 WRIATY2 WRIAUD3 WRIDOM9 WRILEV2 WRIMED2 WRIPP5 WRISAM0 WRISTA3 WRITAS3"/><classCode scheme="DLEE">W newsp brdsht nat: misc</classCode><keywords><term> (none) </term></keywords></textClass></profileDesc><revisionDesc><change date="2006-10-21" who="#OUCS">Tag usage updated for BNC-XML</change><change date="2000-12-13" who="#OUCS">Last check for BNC World first release</change><change date="2000-09-06" who="#OUCS">Redo tagusage tables</change><change date="2000-09-01" who="#OUCS">Check all tagcounts</change><change date="2000-06-23" who="#OUCS">Resequenced s-units and added headers</change><change date="2000-01-21" who="#OUCS">Added date info</change><change date="2000-01-09" who="#OUCS">Updated all catrefs</change><change date="2000-01-08" who="#OUCS">Updated source title</change><change date="2000-01-08" who="#OUCS">Updated titles</change><change date="1999-12-25" who="#OUCS">corrected tagUsage</change><change date="1999-09-13" who="#UCREL">POS codes revised for BNC-2; header updated</change><change date="1994-11-24" who="#dominic">Initial accession to corpus</change></revisionDesc></teiHeader>
<wtext type="NEWS"><div level="1" n="21-DEC-89 edition, page 18"><head>
<s n="1"><w c5="AT0" hw="a" pos="ART">A </w><w c5="NN1" hw="country" pos="SUBST">Country </w><w c5="NN1" hw="diary" pos="SUBST">Diary</w><c c5="PUN">: </c><w c5="NP0-NN1" hw="eggleston" pos="SUBST">EGGLESTON </w><w c5="NN1-VVB" hw="burn" pos="SUBST">BURN</w><c c5="PUN">, </c><w c5="NP0" hw="teesdale" pos="SUBST">Teesdale</w><c c5="PUN">: </c><w c5="NP0" hw="small" pos="SUBST">Small </w><w c5="VVZ" hw="burn" pos="VERB">burns </w><w c5="CJT" hw="that" pos="CONJ">that </w><w c5="VVB" hw="feed" pos="VERB">feed </w><w c5="AT0" hw="the" pos="ART">the </w><w c5="AJ0" hw="main" pos="ADJ">main </w><w c5="NN2" hw="river" pos="SUBST">rivers </w><w c5="PRF" hw="of" pos="PREP">of </w><w c5="AT0" hw="the" pos="ART">the </w><w c5="AJ0-NN1" hw="pennine" pos="ADJ">Pennine </w><w c5="NN2" hw="dale" pos="SUBST">Dales </w><w c5="VVB" hw="create" pos="VERB">create </w><w c5="DT0" hw="some" pos="ADJ">some </w><w c5="PRF" hw="of" pos="PREP">of </w><w c5="AT0" hw="the" pos="ART">the </w><w c5="AJS" hw="wild" pos="ADJ">wildest </w><w c5="NN2" hw="feature" pos="SUBST">features </w><w c5="PRF" hw="of" pos="PREP">of </w><w c5="AT0" hw="the" pos="ART">the </w><w c5="NN1" hw="landscape" pos="SUBST">landscape</w><c c5="PUN">.</c></s>
<s n="2"><w c5="VVB" hw="sit" pos="VERB">Sit </w><w c5="PRP-AVP" hw="on" pos="PREP">on </w><w c5="AT0" hw="the" pos="ART">the </w><w c5="NN1" hw="bank" pos="SUBST">bank </w><w c5="PRF" hw="of" pos="PREP">of </w><w c5="CRD" hw="one" pos="ADJ">one </w><w c5="PRF" hw="of" pos="PREP">of </w><w c5="DT0" hw="these" pos="ADJ">these </w><w c5="AJ0" hw="fast-flowing" pos="ADJ">fast-flowing </w><w c5="AJ0" hw="rocky" pos="ADJ">rocky </w><w c5="NN2" hw="stream" pos="SUBST">streams </w><w c5="CJC" hw="and" pos="CONJ">and </w><w c5="VVB" hw="close" pos="VERB">close </w><w c5="DPS" hw="you" pos="PRON">your </w><w c5="NN2" hw="eye" pos="SUBST">eyes</w><c c5="PUN">.</c></s>
<s n="3"><w c5="AT0" hw="the" pos="ART">The </w><w c5="NN1" hw="smell" pos="SUBST">smell </w><w c5="PRF" hw="of" pos="PREP">of </w><w c5="AT0" hw="the" pos="ART">the </w><w c5="NN1" hw="peat" pos="SUBST">peat</w><c c5="PUN">, </c><w c5="NN1-VVB" hw="gurgle" pos="SUBST">gurgle </w><w c5="PRF" hw="of" pos="PREP">of </w><w c5="NN1" hw="water" pos="SUBST">water </w><w c5="VVG" hw="race" pos="VERB">racing </w><w c5="AVP-PRP" hw="over" pos="ADV">over </w><w c5="NN2" hw="boulder" pos="SUBST">boulders </w><w c5="CJC" hw="and" pos="CONJ">and </w><w c5="NN1" hw="chuckle" pos="SUBST">chuckle </w><w c5="PRF" hw="of" pos="PREP">of </w><w c5="NN2" hw="flock" pos="SUBST">flocks </w><w c5="PRF" hw="of" pos="PREP">of </w><w c5="NN2" hw="fieldfare" pos="SUBST">fieldfares </w><w c5="VVG" hw="search" pos="VERB">searching </w><w c5="PRP" hw="for" pos="PREP">for </w><w c5="NN1" hw="mountain" pos="SUBST">mountain </w><w c5="NN1" hw="ash" pos="SUBST">ash </w><w c5="NN2" hw="berry" pos="SUBST">berries </w><w c5="VBB" hw="be" pos="VERB">are </w><w c5="AV0" hw="as" pos="ADV">as </w><w c5="AJ0" hw="characteristic" pos="ADJ">characteristic </w><w c5="CJS" hw="as" pos="CONJ">as </w><w c5="AT0" hw="the" pos="ART">the </w><w c5="NN1" hw="scenery" pos="SUBST">scenery </w><w c5="PNX" hw="itself" pos="PRON">itself</w><c c5="PUN">.</c></s>
<s n="4"><w c5="DT0" hw="this" pos="ADJ">This </w><w c5="VBD" hw="be" pos="VERB">was </w><w c5="AT0" hw="the" pos="ART">the </w><w c5="ORD" hw="first" pos="ADJ">first </w><w c5="NN1" hw="time" pos="SUBST">time </w><w c5="PNP" hw="we" pos="PRON">we </w><w c5="VHD" hw="have" pos="VERB">had </w><w c5="VVN" hw="return" pos="VERB">returned </w><w c5="PRP" hw="to" pos="PREP">to </w><w c5="NP0" hw="eggleston" pos="SUBST">Eggleston </w><w c5="NN1-VVB" hw="burn" pos="SUBST">Burn </w><w c5="PRP" hw="since" pos="PREP">since </w><w c5="AT0" hw="a" pos="ART">a </w><w c5="NN1" hw="summer" pos="SUBST">summer </w><w c5="NN1-VVB" hw="visit" pos="SUBST">visit </w><mw c5="PRP"><w c5="PRP" hw="in" pos="PREP">in </w><w c5="NN1" hw="search" pos="SUBST">search </w><w c5="PRF" hw="of" pos="PREP">of </w></mw><w c5="AT0" hw="the" pos="ART">the </w><w c5="NN1" hw="grass" pos="SUBST">Grass </w><w c5="PRF" hw="of" pos="PREP">of </w><w c5="NP0-NN1" hw="parnassus" pos="SUBST">Parnassus </w><w c5="CJC" hw="and" pos="CONJ">and </w><w c5="VVB-NN1" hw="butterwort" pos="VERB">butterwort </w><w c5="CJT" hw="that" pos="CONJ">that </w><w c5="VVB" hw="grow" pos="VERB">grow </w><w c5="PRP-AVP" hw="in" pos="PREP">in </w><w c5="DPS" hw="it" pos="PRON">its </w><w c5="AJ0" hw="boggy" pos="ADJ">boggy </w><w c5="NN2" hw="flush" pos="SUBST">flushes</w><c c5="PUN">.</c></s>
<s n="5"><w c5="AV0" hw="today" pos="ADV">Today </w><w c5="PNP" hw="we" pos="PRON">we </w><w c5="VVD" hw="approach" pos="VERB">approached </w><w c5="PRP" hw="from" pos="PREP">from </w><w c5="AT0" hw="the" pos="ART">the </w><w c5="AV0" hw="most" pos="ADV">most </w><w c5="AJ0" hw="picturesque" pos="ADJ">picturesque </w><w c5="NN1" hw="direction" pos="SUBST">direction</w><c c5="PUN">, </c><w c5="PRP" hw="through" pos="PREP">through </w><w c5="AT0" hw="a" pos="ART">a </w><w c5="NN1" hw="stile" pos="SUBST">stile </w><w c5="VVN-VVD" hw="set" pos="VERB">set </w><w c5="PRP" hw="in" pos="PREP">in </w><w c5="AT0" hw="the" pos="ART">the </w><w c5="NN1" hw="wall" pos="SUBST">wall </w><w c5="PRF" hw="of" pos="PREP">of </w><w c5="AT0" hw="the" pos="ART">the </w><w c5="AJ0" hw="narrow" pos="ADJ">narrow </w><w c5="NN1" hw="stone" pos="SUBST">stone </w><w c5="NN1" hw="bridge" pos="SUBST">bridge </w><w c5="DTQ" hw="whose" pos="PRON">whose </w><w c5="AJ0" hw="elegant" pos="ADJ">elegant </w><w c5="NN2" hw="arch" pos="SUBST">arches </w><w c5="VVB" hw="span" pos="VERB">span </w><w c5="AT0" hw="the" pos="ART">the </w><w c5="NN1" hw="burn" pos="SUBST">burn</w><w c5="POS" hw="'s" pos="UNC">'s </w><w c5="AJ0" hw="deep-cut" pos="ADJ">deep-cut </w><w c5="NN1" hw="ravine" pos="SUBST">ravine</w><c c5="PUN">.</c></s>
<s n="6"><w c5="AT0" hw="the" pos="ART">The </w><w c5="AJ0" hw="muddy" pos="ADJ">muddy </w><w c5="NN1" hw="track" pos="SUBST">track </w><w c5="VVD" hw="skirt" pos="VERB">skirted </w><w c5="AT0" hw="the" pos="ART">the </w><w c5="AJ0" hw="precipitous" pos="ADJ">precipitous </w><w c5="NN1" hw="drop" pos="SUBST">drop </w><w c5="PRP" hw="to" pos="PREP">to </w><w c5="AT0" hw="the" pos="ART">the </w><w c5="NN1" hw="water" pos="SUBST">water </w><w c5="CRD" hw="one" pos="ADJ">one </w><w c5="CRD" hw="hundred" pos="ADJ">hundred </w><w c5="NN2" hw="foot" pos="SUBST">feet </w><w c5="AV0" hw="below" pos="ADV">below</w><c c5="PUN">, </c><w c5="AV0" hw="then" pos="ADV">then </w><w c5="VVN-VVD" hw="descend" pos="VERB">descended </w><w c5="PRP" hw="to" pos="PREP">to </w><w c5="AT0" hw="the" pos="ART">the </w><w c5="NN1" hw="stream" pos="SUBST">stream </w><w c5="NN1" hw="edge" pos="SUBST">edge </w><w c5="CJC" hw="and" pos="CONJ">and </w><w c5="VVD" hw="meander" pos="VERB">meandered </w><w c5="PRP-AVP" hw="through" pos="PREP">through </w><w c5="AJ0" hw="ancient" pos="ADJ">ancient </w><w c5="NN2" hw="alder" pos="SUBST">alders </w><w c5="PRP" hw="with" pos="PREP">with </w><w c5="AJ0" hw="red-tinted" pos="ADJ">red-tinted </w><w c5="NN2" hw="catkin" pos="SUBST">catkins</w><c c5="PUN">, </c><w c5="PRP" hw="through" pos="PREP">through </w><w c5="AJ0" hw="poor" pos="ADJ">poor </w><w c5="NN2" hw="pasture" pos="SUBST">pastures</w><c c5="PUN">, </c><w c5="VVD" hw="pass" pos="VERB">passed </w><w c5="NN1" hw="blackthorn" pos="SUBST">blackthorn </w><w c5="VVN-VVD" hw="cover" pos="VERB">covered </w><w c5="PRP" hw="in" pos="PREP">in </w><w c5="AJ0" hw="deep" pos="ADJ">deep </w><w c5="AJ0" hw="purple" pos="ADJ">purple </w><w c5="NN2" hw="sloe" pos="SUBST">sloes </w><w c5="VVG" hw="wither" pos="VERB">withering </w><w c5="PRP-AVP" hw="on" pos="PREP">on </w><w c5="AJ0" hw="spiny" pos="ADJ">spiny </w><w c5="NN2" hw="twig" pos="SUBST">twigs </w><w c5="CJC" hw="and" pos="CONJ">and </w><w c5="VVD-VVN" hw="wind" pos="VERB">wound </w><w c5="AV0" hw="upstream" pos="ADV">upstream </w><w c5="PRP" hw="into" pos="PREP">into </w><w c5="AJ0" hw="open" pos="ADJ">open </w><w c5="NN1" hw="moorland" pos="SUBST">moorland</w><c c5="PUN">.</c></s>
<s n="7"><w c5="PNP" hw="it" pos="PRON">It</w><w c5="VBZ" hw="be" pos="VERB">'s </w><w c5="AV0" hw="here" pos="ADV">here </w><w c5="CJT" hw="that" pos="CONJ">that </w><w c5="DT0" hw="this" pos="ADJ">this </w><w c5="AJ0" hw="particular" pos="ADJ">particular </w><w c5="NN1" hw="burn" pos="SUBST">burn </w><w c5="VVZ" hw="spring" pos="VERB">springs </w><w c5="AT0" hw="a" pos="ART">a </w><w c5="NN1" hw="surprise" pos="SUBST">surprise</w><c c5="PUN">, </c><w c5="VVG" hw="cut" pos="VERB">cutting </w><w c5="AT0" hw="a" pos="ART">a </w><w c5="AJ0" hw="deep" pos="ADJ">deep </w><w c5="CJC" hw="and" pos="CONJ">and </w><w c5="AJ0" hw="narrow" pos="ADJ">narrow</w><c c5="PUN">, </c><w c5="AJ0" hw="zig-zag" pos="ADJ">zig-zag </w><w c5="NN1" hw="ravine" pos="SUBST">ravine </w><w c5="PRP" hw="through" pos="PREP">through </w><w c5="NN1" hw="rock" pos="SUBST">rock</w><c c5="PUN">, </c><w c5="VVG" hw="beckon" pos="VERB">beckoning </w><w c5="PNP" hw="you" pos="PRON">you </w><w c5="TO0" hw="to" pos="PREP">to </w><w c5="VVI" hw="explore" pos="VERB">explore </w><w c5="PRP-AVP" hw="around" pos="PREP">around </w><w c5="AT0" hw="the" pos="ART">the </w><w c5="ORD" hw="next" pos="ADJ">next </w><w c5="NN1" hw="corner" pos="SUBST">corner</w><c c5="PUN">.</c></s>
<s n="8"><w c5="CJS" hw="when" pos="CONJ">When </w><w c5="PNP" hw="we" pos="PRON">we </w><w c5="VVD" hw="enter" pos="VERB">entered </w><w c5="AT0" hw="the" pos="ART">the </w><w c5="NN1" hw="chasm" pos="SUBST">chasm </w><w c5="AT0" hw="the" pos="ART">the </w><w c5="AJ0" hw="steep" pos="ADJ">steep </w><w c5="NN1" hw="rock" pos="SUBST">rock </w><w c5="NN2" hw="side" pos="SUBST">sides</w><c c5="PUN">, </c><w c5="VVN-VVD" hw="fringe" pos="VERB">fringed </w><w c5="PRP" hw="on" pos="PREP">on </w><w c5="AT0" hw="the" pos="ART">the </w><w c5="NN1" hw="skyline" pos="SUBST">skyline </w><w c5="PRP" hw="with" pos="PREP">with </w><w c5="AJ0" hw="twisted" pos="ADJ">twisted </w><w c5="NN2" hw="birch" pos="SUBST">birches</w><c c5="PUN">, </c><w c5="VHD" hw="have" pos="VERB">had </w><w c5="AT0" hw="a" pos="ART">a </w><w c5="AV0" hw="vaguely" pos="ADV">vaguely </w><w c5="VVG-AJ0" hw="threaten" pos="VERB">threatening </w><w c5="NN1" hw="air" pos="SUBST">air</w><c c5="PUN">.</c></s>
<s n="9"><w c5="AJ0" hw="jagged" pos="ADJ">Jagged </w><w c5="NN2" hw="boulder" pos="SUBST">boulders </w><w c5="PRP" hw="from" pos="PREP">from </w><w c5="NN2" hw="rockfall" pos="SUBST">rockfalls </w><w c5="VVD" hw="trigger" pos="VERB">triggered </w><w c5="PRP" hw="by" pos="PREP">by </w><w c5="NN1" hw="ice" pos="SUBST">ice </w><w c5="CJC" hw="and" pos="CONJ">and </w><w c5="VVG-AJ0" hw="rush" pos="VERB">rushing </w><w c5="NN1" hw="water" pos="SUBST">water </w><w c5="VVD-VVN" hw="make" pos="VERB">made </w><w c5="NN1-VVB" hw="progress" pos="SUBST">progress </w><w c5="AJ0" hw="difficult" pos="ADJ">difficult</w><c c5="PUN">.</c></s>
<s n="10"><w c5="VVG" hw="concentrate" pos="VERB">Concentrating </w><w c5="PRP-AVP" hw="on" pos="PREP">on </w><w c5="VVG" hw="maintain" pos="VERB">maintaining </w><w c5="AT0" hw="a" pos="ART">a </w><w c5="NN1" hw="foothold" pos="SUBST">foothold </w><w c5="PRP" hw="on" pos="PREP">on </w><w c5="NN2" hw="rock" pos="SUBST">rocks </w><w c5="VVN" hw="wear" pos="VERB">worn </w><w c5="AJ0" hw="smooth" pos="ADJ">smooth </w><w c5="PRP" hw="by" pos="PREP">by </w><w c5="NN1" hw="winter" pos="SUBST">winter </w><w c5="NN2" hw="torrent" pos="SUBST">torrents</w><c c5="PUN">, </c><w c5="PNP" hw="i" pos="PRON">I </w><w c5="VVB" hw="put" pos="VERB">put </w><w c5="AVP" hw="up" pos="ADV">up </w><w c5="AT0" hw="a" pos="ART">a </w><w c5="AJ0" hw="startled" pos="ADJ">startled </w><w c5="NN0" hw="grouse" pos="SUBST">grouse </w><w c5="CJT" hw="that" pos="CONJ">that </w><w c5="VVD" hw="explode" pos="VERB">exploded </w><w c5="PRP" hw="into" pos="PREP">into </w><w c5="NN1" hw="flight" pos="SUBST">flight</w><c c5="PUN">.</c></s>
<s n="11"><w c5="AT0" hw="the" pos="ART">The </w><w c5="AJ0" hw="sudden" pos="ADJ">sudden </w><w c5="NN1" hw="shock" pos="SUBST">shock </w><w c5="CJC" hw="and" pos="CONJ">and </w><w c5="NN1" hw="noise" pos="SUBST">noise </w><w c5="PRF" hw="of" pos="PREP">of </w><w c5="VVG-AJ0" hw="whir" pos="VERB">whirring </w><w c5="NN2" hw="wing" pos="SUBST">wings </w><w c5="VVD" hw="break" pos="VERB">broke </w><w c5="AT0" hw="the" pos="ART">the </w><w c5="NN1" hw="stillness" pos="SUBST">stillness </w><w c5="CJC" hw="and" pos="CONJ">and </w><w c5="VVD" hw="leave" pos="VERB">left </w><w c5="DPS" hw="we" pos="PRON">our </w><w c5="NN2" hw="pulse" pos="SUBST">pulses </w><w c5="VVG" hw="race" pos="VERB">racing</w><c c5="PUN">.</c></s>
<s n="12"><w c5="PRP" hw="from" pos="PREP">From </w><w c5="PRP" hw="around" pos="PREP">around </w><w c5="AT0" hw="the" pos="ART">the </w><w c5="ORD" hw="next" pos="ADJ">next </w><w c5="NN1-VVB" hw="bend" pos="SUBST">bend </w><w c5="PRP" hw="in" pos="PREP">in </w><w c5="AT0" hw="the" pos="ART">the </w><w c5="NN1" hw="stream" pos="SUBST">stream </w><w c5="DPS" hw="it" pos="PRON">its </w><c c5="PUQ">‘</c><w c5="NN1" hw="go-back" pos="SUBST">go-back</w><c c5="PUN">, </c><w c5="NN1" hw="go-back" pos="SUBST">go-back</w><c c5="PUN">, </c><w c5="NN1-AJ0" hw="go-back" pos="SUBST">go-back</w><c c5="PUQ">’ </c><w c5="NN1" hw="call" pos="SUBST">call </w><w c5="VVN-VVD" hw="echo" pos="VERB">echoed </w><w c5="PRP-AVP" hw="off" pos="PREP">off </w><w c5="AT0" hw="the" pos="ART">the </w><w c5="NN1" hw="rock" pos="SUBST">rock </w><w c5="NN2" hw="wall" pos="SUBST">walls</w><c c5="PUN">.</c></s>
<s n="13"><w c5="PRP" hw="in" pos="PREP">In </w><w c5="VVG-AJ0" hw="fade" pos="VERB">fading </w><w c5="NN1" hw="winter" pos="SUBST">winter </w><w c5="NN1-VVB" hw="light" pos="SUBST">light </w><w c5="CJT" hw="that" pos="CONJ">that </w><w c5="VVD" hw="seem" pos="VERB">seemed </w><w c5="AJ0" hw="wise" pos="ADJ">wise </w><w c5="NN1" hw="advice" pos="SUBST">advice </w><w c5="CJC" hw="and" pos="CONJ">and </w><w c5="PNP" hw="we" pos="PRON">we </w><w c5="VVD" hw="retrace" pos="VERB">retraced </w><w c5="DPS" hw="we" pos="PRON">our </w><w c5="NN2" hw="step" pos="SUBST">steps </w><w c5="PRP" hw="to" pos="PREP">to </w><w c5="AT0" hw="the" pos="ART">the </w><w c5="AJC" hw="gentl" pos="ADJ">gentler </w><w c5="NN1" hw="landscape" pos="SUBST">landscape </w><w c5="PRF" hw="of" pos="PREP">of </w><w c5="NP0" hw="teesdale" pos="SUBST">Teesdale </w><w c5="PNX" hw="itself" pos="PRON">itself</w><c c5="PUN">.</c></s></head><p>
<s n="14"><w c5="NP0" hw="phil" pos="SUBST">PHIL </w><w c5="NN2" hw="gate" pos="SUBST">GATES</w></s></p></div><div level="1" n="21-DEC-89 edition, page "><head>
<s n="15"><w c5="VVG" hw="pockete" pos="VERB">Pocketing </w><w c5="AT0" hw="a" pos="ART">a </w><w c5="AJ0" hw="new" pos="ADJ">new </w><w c5="NN1" hw="generation" pos="SUBST">generation </w><w c5="PRF" hw="of" pos="PREP">of </w><w c5="AJ0" hw="little" pos="ADJ">little </w><w c5="AJ0" hw="big" pos="ADJ">big </w><w c5="NN2" hw="game" pos="SUBST">games</w><c c5="PUN">.</c></s></head><p>
<s n="16"><w c5="VVB" hw="jez" pos="VERB">Jez </w><w c5="NP0" hw="san" pos="SUBST">San </w><w c5="VVZ" hw="find" pos="VERB">finds </w><w c5="CJT" hw="that" pos="CONJ">that </w><w c5="NN2" hw="game" pos="SUBST">games </w><w c5="NN2-VVZ" hw="console" pos="SUBST">consoles </w><w c5="VBB" hw="be" pos="VERB">are </w><w c5="VVG" hw="shrink" pos="VERB">shrinking </w><w c5="PRP" hw="in" pos="PREP">in </w><w c5="NN1" hw="size" pos="SUBST">size </w><w c5="CJC" hw="but" pos="CONJ">but </w><w c5="VVG-AJ0" hw="expand" pos="VERB">expanding </w><w c5="PRP" hw="in" pos="PREP">in </w><w c5="NN1" hw="range" pos="SUBST">range </w><w c5="CJC" hw="and" pos="CONJ">and </w><w c5="NN1" hw="addictiveness" pos="SUBST">addictiveness </w><w c5="NN1" hw="potential" pos="SUBST">potential</w><c c5="PUN">..</c></s></p><p>
<s n="17"><w c5="NN1" hw="computer" pos="SUBST">COMPUTER </w><w c5="NN2" hw="game" pos="SUBST">games </w><w c5="NN2-VVZ" hw="console" pos="SUBST">consoles </w><w c5="VBB" hw="be" pos="VERB">are </w><w c5="VVG" hw="get" pos="VERB">getting </w><w c5="AJC" hw="good" pos="ADJ">better</w><c c5="PUN">, </c><w c5="AJC" hw="cheap" pos="ADJ">cheaper </w><w c5="CJC" hw="and" pos="CONJ">and </w><w c5="AJC" hw="small" pos="ADJ">smaller </w><w c5="CJS" hw="than" pos="CONJ">than </w><w c5="AV0" hw="ever" pos="ADV">ever </w><w c5="AV0" hw="before" pos="ADV">before</w><c c5="PUN">.</c></s>
<s n="18"><w c5="CJC" hw="and" pos="CONJ">And </w><w c5="AT0" hw="the" pos="ART">the </w><w c5="AJS" hw="late" pos="ADJ">latest </w><w c5="NN1" hw="clash" pos="SUBST">clash </w><w c5="PRF" hw="of" pos="PREP">of </w><w c5="AJ0" hw="pocket-sized" pos="ADJ">pocket-sized </w><w c5="NN2" hw="titan" pos="SUBST">titans </w><w c5="VBZ" hw="be" pos="VERB">is </w><w c5="NP0" hw="nintendo" pos="SUBST">Nintendo</w><w c5="POS" hw="'s" pos="UNC">'s </w><w c5="NN1" hw="gameboy" pos="SUBST">GameBoy </w><w c5="PRP" hw="versus" pos="PREP">versus </w><w c5="NP0" hw="atari" pos="SUBST">Atari</w><w c5="POS" hw="'s" pos="UNC">'s </w><w c5="NP0-NN1" hw="lynx" pos="SUBST">Lynx</w><c c5="PUN">.</c></s></p><p>
<s n="19"><w c5="DT0" hw="both" pos="ADJ">Both </w><w c5="VHB" hw="have" pos="VERB">have </w><w c5="NN1" hw="dinky" pos="SUBST">dinky </w><w c5="NN1" hw="lcd" pos="SUBST">LCD </w><c c5="PUL">(</c><w c5="AJ0-NN1" hw="liquid" pos="ADJ">liquid </w><w c5="NN1" hw="crystal" pos="SUBST">crystal </w><w c5="NN1-VVB" hw="display" pos="SUBST">display</w><c c5="PUR">) </c><w c5="NN2" hw="screen" pos="SUBST">screens</w><c c5="PUN">, </c><w c5="AJ0" hw="tiny" pos="ADJ">tiny </w><w c5="AJ0-NN1" hw="flat" pos="ADJ">flat </w><w c5="NN1" hw="joystick" pos="SUBST">joystick </w><w c5="NN2" hw="pad" pos="SUBST">pads</w><c c5="PUN">, </c><w c5="CJC" hw="and" pos="CONJ">and </w><w c5="AJ0" hw="plug-in" pos="ADJ">plug-in </w><w c5="NN2" hw="game" pos="SUBST">games </w><w c5="PRP-AVP" hw="on" pos="PREP">on </w><w c5="AV0" hw="equally" pos="ADV">equally </w><w c5="NN1" hw="dinky" pos="SUBST">dinky </w><w c5="NN2" hw="cartridge" pos="SUBST">cartridges</w><c c5="PUN">.</c></s>
<s n="20"><w c5="DT0" hw="both" pos="ADJ">Both </w><w c5="VBB" hw="be" pos="VERB">are </w><w c5="VVN" hw="build" pos="VERB">built </w><w c5="PRP" hw="in" pos="PREP">in </w><w c5="NP0" hw="japan" pos="SUBST">Japan</w><c c5="PUN">, </c><w c5="CJS" hw="though" pos="CONJ">though </w><w c5="AT0" hw="the" pos="ART">the </w><w c5="NP0-NN1" hw="lynx" pos="SUBST">Lynx </w><w c5="VBD" hw="be" pos="VERB">was </w><w c5="VVN" hw="design" pos="VERB">designed </w><w c5="PRP" hw="in" pos="PREP">in </w><w c5="NP0" hw="california" pos="SUBST">California </w><w c5="PRP" hw="by" pos="PREP">by </w><w c5="NP0-NN1" hw="epyx" pos="SUBST">Epyx</w><c c5="PUN">, </c><w c5="AT0" hw="a" pos="ART">a </w><w c5="NN1" hw="software" pos="SUBST">software </w><w c5="NN1" hw="house" pos="SUBST">house </w><w c5="DTQ" hw="which" pos="PRON">which </w><w c5="VVD" hw="run" pos="VERB">ran </w><mw c5="PRP"><w c5="AVP" hw="out" pos="ADV">out </w><w c5="PRF" hw="of" pos="PREP">of </w></mw><w c5="NN1" hw="development" pos="SUBST">development </w><w c5="NN2" hw="fund" pos="SUBST">funds </w><w c5="CJC" hw="and" pos="CONJ">and </w><w c5="VVD" hw="sell" pos="VERB">sold </w><w c5="AT0" hw="the" pos="ART">the </w><w c5="NN1" hw="product" pos="SUBST">product </w><w c5="PRP" hw="to" pos="PREP">to </w><w c5="NP0" hw="atari" pos="SUBST">Atari</w><c c5="PUN">.</c></s></p><p>
<s n="21"><w c5="NP0" hw="nintendo" pos="SUBST">Nintendo</w><w c5="POS" hw="'s" pos="UNC">'s </w><w c5="VBZ" hw="be" pos="VERB">is </w><w c5="AT0" hw="a" pos="ART">a </w><w c5="NN1" hw="pocket" pos="SUBST">pocket </w><w c5="NN1" hw="version" pos="SUBST">version </w><w c5="PRF" hw="of" pos="PREP">of </w><w c5="DPS" hw="it" pos="PRON">its </w><w c5="NN1" hw="entertainment" pos="SUBST">Entertainment </w><w c5="NN1" hw="system" pos="SUBST">System </w><w c5="AV0" hw="currently" pos="ADV">currently </w><w c5="VVG" hw="grace" pos="VERB">gracing </w><w c5="AV0" hw="over" pos="ADV">over </w><w c5="CRD" hw="15" pos="ADJ">15 </w><w c5="CRD" hw="million" pos="ADJ">million </w><w c5="AJ0" hw="american" pos="ADJ">American </w><w c5="NN1" hw="tv" pos="SUBST">TV </w><w c5="NN2-VVZ" hw="set" pos="SUBST">sets</w><c c5="PUN">, </c><w c5="CJS" hw="though" pos="CONJ">though </w><w c5="PNP" hw="it" pos="PRON">it </w><w c5="VBZ" hw="be" pos="VERB">is </w><w c5="AV0" hw="actually" pos="ADV">actually </w><w c5="AJ0" hw="incompatible" pos="ADJ">incompatible </w><w c5="PRP" hw="with" pos="PREP">with </w><w c5="PNP" hw="it" pos="PRON">it</w><c c5="PUN">.</c></s>
<s n="22"><w c5="AT0" hw="the" pos="ART">The </w><w c5="AJ0" hw="walkman-sized" pos="ADJ">Walkman-sized </w><w c5="NN1" hw="gameboy" pos="SUBST">GameBoy </w><w c5="VVZ" hw="fit" pos="VERB">fits </w><w c5="AV0" hw="comfortably" pos="ADV">comfortably </w><w c5="PRP" hw="in" pos="PREP">in </w><w c5="CRD" hw="one" pos="ADJ">one </w><w c5="NN1" hw="hand" pos="SUBST">hand</w><c c5="PUN">, </c><w c5="CJC" hw="and" pos="CONJ">and </w><w c5="VHZ" hw="have" pos="VERB">has </w><w c5="AT0" hw="a" pos="ART">a </w><w c5="NN1" hw="two-inch" pos="SUBST">two-inch </w><w c5="AJ0" hw="yellow" pos="ADJ">yellow </w><w c5="AJ0-NN1" hw="monochrome" pos="ADJ">monochrome </w><w c5="NN1" hw="screen" pos="SUBST">screen </w><w c5="PRP" hw="on" pos="PREP">on </w><w c5="DTQ" hw="which" pos="PRON">which </w><w c5="PNP" hw="it" pos="PRON">it </w><w c5="VBZ" hw="be" pos="VERB">is </w><w c5="AV0" hw="often" pos="ADV">often </w><w c5="AJ0" hw="hard" pos="ADJ">hard </w><w c5="TO0" hw="to" pos="PREP">to </w><w c5="VVI" hw="get" pos="VERB">get </w><w c5="AT0" hw="the" pos="ART">the </w><w c5="NN1" hw="viewing" pos="SUBST">viewing </w><w c5="NN1" hw="angle" pos="SUBST">angle </w><w c5="NN1" hw="right" pos="SUBST">right</w><c c5="PUN">.</c></s>
<s n="23"><w c5="PNP" hw="it" pos="PRON">It </w><w c5="VVZ" hw="come" pos="VERB">comes </w><w c5="PRP" hw="with" pos="PREP">with </w><w c5="NP0" hw="tetris" pos="SUBST">Tetris</w><c c5="PUN">, </c><w c5="AT0" hw="a" pos="ART">a </w><w c5="AJ0" hw="simple" pos="ADJ">simple </w><w c5="CJC" hw="but" pos="CONJ">but </w><w c5="AJ0" hw="addictive" pos="ADJ">addictive </w><w c5="AJ0" hw="russian" pos="ADJ">Russian </w><w c5="NN1" hw="game" pos="SUBST">game</w><c c5="PUN">, </c><w c5="PRP" hw="for" pos="PREP">for </w><w c5="NN0" hw="$89" pos="SUBST">$89 </w><w c5="PRP" hw="in" pos="PREP">in </w><w c5="AT0" hw="the" pos="ART">the </w><w c5="NP0" hw="us" pos="SUBST">US</w><c c5="PUN">, </c><w c5="CJC" hw="or" pos="CONJ">or </w><w c5="NN0" hw="£99" pos="UNC">£99 </w><w c5="AV0" hw="here" pos="ADV">here </w><w c5="PRP" hw="as" pos="PREP">as </w><w c5="AT0" hw="an" pos="ART">an </w><w c5="AJ0" hw="overpriced" pos="ADJ">overpriced </w><w c5="NN1" hw="import" pos="SUBST">import </w><w c5="PRP" hw="from" pos="PREP">from </w><w c5="NN2" hw="toy" pos="SUBST">Toys </w><w c5="NP0" hw="r" pos="SUBST">R </w><w c5="NP0" hw="us" pos="SUBST">Us</w><c c5="PUN">.</c></s></p><p>
<s n="24"><w c5="PNP" hw="it" pos="PRON">It</w><w c5="VBZ" hw="be" pos="VERB">'s </w><w c5="AT0" hw="an" pos="ART">an </w><w c5="AJ0" hw="expensive" pos="ADJ">expensive </w><w c5="NN1" hw="christmas" pos="SUBST">Christmas </w><w c5="NN1" hw="present" pos="SUBST">present</w><c c5="PUN">, </c><w c5="CJC" hw="but" pos="CONJ">but </w><w c5="PRP" hw="worth" pos="PREP">worth </w><w c5="PNP" hw="it" pos="PRON">it </w><w c5="TO0" hw="to" pos="PREP">to </w><w c5="VVI" hw="keep" pos="VERB">keep </w><w c5="AT0" hw="the" pos="ART">the </w><w c5="NN2" hw="kid" pos="SUBST">kids </w><w c5="AJ0" hw="quiet" pos="ADJ">quiet </w><w c5="PRP" hw="on" pos="PREP">on </w><w c5="AJ0" hw="long" pos="ADJ">long </w><w c5="NN1" hw="plane" pos="SUBST">plane</w><c c5="PUN">, </c><w c5="NN1-VVB" hw="train" pos="SUBST">train </w><w c5="CJC" hw="and" pos="CONJ">and </w><w c5="NN1" hw="car" pos="SUBST">car </w><w c5="NN2" hw="journey" pos="SUBST">journeys</w><c c5="PUN">.</c></s></p><p>
<s n="25"><w c5="AV0" hw="only" pos="ADV">Only </w><w c5="AT0" hw="a" pos="ART">a </w><w c5="DT0" hw="few" pos="ADJ">few </w><w c5="AJ0" hw="simple" pos="ADJ">simple </w><w c5="NN2" hw="cartridge" pos="SUBST">cartridges </w><w c5="VBB" hw="be" pos="VERB">are </w><w c5="AJ0" hw="available" pos="ADJ">available</w><c c5="PUN">, </c><w c5="PRP" hw="including" pos="PREP">including </w><w c5="NN1-NP0" hw="tennis" pos="SUBST">Tennis</w><c c5="PUN">, </c><w c5="NN1" hw="baseball" pos="SUBST">Baseball </w><w c5="CJC" hw="and" pos="CONJ">and </w><w c5="AJ0" hw="super" pos="ADJ">Super </w><w c5="NP0" hw="mario" pos="SUBST">Mario </w><w c5="NP0-NN1" hw="land" pos="SUBST">Land</w><c c5="PUN">.</c></s>
<s n="26"><w c5="DT0" hw="most" pos="ADJ">Most </w><w c5="VVB" hw="remind" pos="VERB">remind </w><w c5="PNP" hw="i" pos="PRON">me </w><w c5="PRF" hw="of" pos="PREP">of </w><w c5="AT0" hw="the" pos="ART">the </w><w c5="NP0" hw="sinclair" pos="SUBST">Sinclair </w><w c5="NN1" hw="spectrum" pos="SUBST">Spectrum </w><w c5="NN2" hw="game" pos="SUBST">games </w><w c5="PRF" hw="of" pos="PREP">of </w><w c5="AT0" hw="a" pos="ART">a </w><w c5="DT0" hw="few" pos="ADJ">few </w><w c5="NN2" hw="year" pos="SUBST">years </w><w c5="AV0" hw="ago" pos="ADV">ago</w><c c5="PUN">, </c><w c5="CJC" hw="but" pos="CONJ">but </w><w c5="DT0" hw="that" pos="ADJ">that </w><w c5="ORD" hw="last" pos="ADJ">last </w><w c5="PNI" hw="one" pos="PRON">one </w><w c5="VBZ" hw="be" pos="VERB">is </w><w c5="AT0" hw="a" pos="ART">a </w><w c5="AJ0" hw="typical" pos="ADJ">typical </w><w c5="AJ0-NN1" hw="japanese" pos="ADJ">Japanese </w><c c5="PUQ">‘</c><w c5="AJ0" hw="happy" pos="ADJ">happy </w><w c5="AJ0" hw="jumpy" pos="ADJ">jumpy </w><w c5="AJ0" hw="scrolly" pos="ADJ">scrolly</w><c c5="PUQ">’ </c><w c5="NN1" hw="game" pos="SUBST">game </w><c c5="PUN">— </c><w c5="AJ0" hw="weird" pos="ADJ">weird</w><c c5="PUN">, </c><w c5="CJC" hw="but" pos="CONJ">but </w><w c5="AJ0" hw="compulsive" pos="ADJ">compulsive</w><c c5="PUN">.</c></s>
<s n="27"><w c5="CJS" hw="if" pos="CONJ">If </w><w c5="PNP" hw="you" pos="PRON">you </w><w c5="VHB" hw="have" pos="VERB">have </w><w c5="CRD" hw="five" pos="ADJ">five </w><w c5="NN2" hw="minute" pos="SUBST">minutes </w><w c5="TO0" hw="to" pos="PREP">to </w><w c5="VVI" hw="spare" pos="VERB">spare</w><c c5="PUN">, </c><w c5="VVB-NN1" hw="plug" pos="VERB">plug </w><w c5="PRP-AVP" hw="in" pos="PREP">in </w><w c5="AJ0" hw="super" pos="ADJ">Super </w><w c5="NP0" hw="mario" pos="SUBST">Mario </w><w c5="CJC" hw="and" pos="CONJ">and </w><w c5="VVB" hw="spend" pos="VERB">spend </w><w c5="DT0" hw="half" pos="ADJ">half </w><w c5="AT0" hw="an" pos="ART">an </w><w c5="NN1" hw="hour" pos="SUBST">hour </w><w c5="VVG" hw="try" pos="VERB">trying </w><w c5="TO0" hw="to" pos="PREP">to </w><w c5="VVI" hw="rescue" pos="VERB">rescue </w><w c5="AT0" hw="the" pos="ART">the </w><w c5="NN1" hw="princess" pos="SUBST">princess</w><c c5="PUN">!</c></s>
<s n="28"><w c5="NP0" hw="atari" pos="SUBST">Atari </w><w c5="VBZ" hw="be" pos="VERB">is </w><w c5="AV0" hw="now" pos="ADV">now </w><w c5="NP0" hw="nintendo" pos="SUBST">Nintendo</w><w c5="POS" hw="'s" pos="UNC">'s </w><w c5="NN1" hw="arch-rival" pos="SUBST">arch-rival</w><c c5="PUN">, </c><w c5="CJC" hw="but" pos="CONJ">but </w><w c5="CRD" hw="10" pos="ADJ">10 </w><w c5="NN2" hw="year" pos="SUBST">years </w><w c5="AV0" hw="ago" pos="ADV">ago</w><c c5="PUN">, </c><w c5="PNP" hw="it" pos="PRON">it </w><w c5="VVD" hw="own" pos="VERB">owned </w><w c5="AT0" hw="the" pos="ART">the </w><w c5="NN1" hw="video" pos="SUBST">video </w><w c5="NN2" hw="game" pos="SUBST">games </w><w c5="NN1-VVB" hw="market" pos="SUBST">market</w><c c5="PUN">.</c></s>
<s n="29"><w c5="DPS" hw="it" pos="PRON">Its </w><w c5="NN2" hw="vc" pos="SUBST">VCS </w><c c5="PUL">(</c><w c5="NN1" hw="video" pos="SUBST">Video </w><w c5="NN1" hw="computer" pos="SUBST">Computer </w><w c5="NN1" hw="system" pos="SUBST">System</w><c c5="PUR">) </c><w c5="VBD" hw="be" pos="VERB">was </w><w c5="AT0" hw="the" pos="ART">the </w><w c5="ORD" hw="first" pos="ADJ">first </w><w c5="NN1" hw="colour" pos="SUBST">colour </w><w c5="NN1" hw="home" pos="SUBST">home </w><w c5="NN1" hw="game" pos="SUBST">game </w><w c5="NN1" hw="system" pos="SUBST">system</w><c c5="PUN">, </c><w c5="CJC" hw="and" pos="CONJ">and </w><w c5="VVN-VVD" hw="sell" pos="VERB">sold </w><w c5="AV0" hw="over" pos="ADV">over </w><w c5="CRD" hw="20" pos="ADJ">20 </w><w c5="CRD" hw="million" pos="ADJ">million</w><c c5="PUN">.</c></s>
<s n="30"><w c5="CJC" hw="but" pos="CONJ">But </w><w c5="AT0" hw="the" pos="ART">the </w><w c5="NN1" hw="market" pos="SUBST">market </w><w c5="VVN" hw="saturate" pos="VERB">saturated</w><c c5="PUN">, </c><w c5="AT0" hw="the" pos="ART">the </w><w c5="NN1" hw="bubble" pos="SUBST">bubble </w><w c5="NN1" hw="burst" pos="SUBST">burst</w><c c5="PUN">, </c><w c5="CJC" hw="and" pos="CONJ">and </w><w c5="PNI" hw="everyone" pos="PRON">everyone </w><w c5="VVD" hw="think" pos="VERB">thought </w><w c5="AT0" hw="the" pos="ART">the </w><w c5="NN1" hw="console" pos="SUBST">console </w><w c5="NN1" hw="business" pos="SUBST">business </w><w c5="VBD" hw="be" pos="VERB">was </w><w c5="VVN" hw="finish" pos="VERB">finished</w><c c5="PUN">.</c></s></p><p>
<s n="31"><w c5="AV0" hw="however" pos="ADV">However</w><c c5="PUN">, </c><w c5="AJ0" hw="strange" pos="ADJ">strange </w><w c5="TO0" hw="to" pos="PREP">to </w><w c5="VVI" hw="say" pos="VERB">say</w><c c5="PUN">, </c><w c5="AT0" hw="the" pos="ART">the </w><w c5="NP0" hw="atari" pos="SUBST">Atari </w><w c5="NN2" hw="vc" pos="SUBST">VCS </w><w c5="AV0" hw="never" pos="ADV">never </w><w c5="VVD" hw="penetrate" pos="VERB">penetrated </w><w c5="NP0" hw="japan" pos="SUBST">Japan</w><c c5="PUN">, </c><w c5="CJC" hw="and" pos="CONJ">and </w><w c5="DT0" hw="this" pos="ADJ">this </w><w c5="VVD" hw="allow" pos="VERB">allowed </w><w c5="NP0" hw="nintendo" pos="SUBST">Nintendo </w><c c5="PUN">— </c><w c5="AV0" hw="previously" pos="ADV">previously </w><w c5="VVN" hw="know" pos="VERB">known </w><w c5="AV0" hw="mainly" pos="ADV">mainly </w><w c5="PRP" hw="for" pos="PREP">for </w><w c5="NN1" hw="board" pos="SUBST">board </w><w c5="NN2" hw="game" pos="SUBST">games </w><w c5="CJC" hw="and" pos="CONJ">and </w><w c5="NN2" hw="pack" pos="SUBST">packs </w><w c5="PRF" hw="of" pos="PREP">of </w><w c5="NN2" hw="card" pos="SUBST">cards </w><c c5="PUN">— </c><w c5="TO0" hw="to" pos="PREP">to </w><w c5="VVI" hw="dominate" pos="VERB">dominate </w><w c5="AT0" hw="the" pos="ART">the </w><w c5="NN1" hw="market" pos="SUBST">market </w><w c5="AV0" hw="there" pos="ADV">there</w><c c5="PUN">.</c></s>
<s n="32"><w c5="AT0" hw="a" pos="ART">A </w><w c5="DT0" hw="few" pos="ADJ">few </w><w c5="NN2" hw="year" pos="SUBST">years </w><w c5="AV0" hw="later" pos="ADV">later</w><c c5="PUN">, </c><w c5="PRP" hw="with" pos="PREP">with </w><w c5="NP0" hw="atari" pos="SUBST">Atari </w><w c5="PRP" hw="in" pos="PREP">in </w><w c5="AJ0-AV0" hw="deep" pos="ADJ">deep </w><w c5="AJ0" hw="financial" pos="ADJ">financial </w><w c5="NN1" hw="trouble" pos="SUBST">trouble</w><c c5="PUN">, </c><w c5="NP0" hw="nintendo" pos="SUBST">Nintendo </w><w c5="VBD" hw="be" pos="VERB">was </w><w c5="AJ0" hw="able" pos="ADJ">able </w><w c5="TO0" hw="to" pos="PREP">to </w><w c5="VVI" hw="take" pos="VERB">take </w><w c5="AVP" hw="over" pos="ADV">over </w><w c5="AT0" hw="the" pos="ART">the </w><w c5="NP0" hw="us" pos="SUBST">US </w><w c5="NN1-VVB" hw="market" pos="SUBST">market </w><w c5="AV0" hw="too" pos="ADV">too</w><c c5="PUN">.</c></s></p><p>
<s n="33"><w c5="NP0" hw="nintendo" pos="SUBST">Nintendo </w><w c5="VVZ" hw="exert" pos="VERB">exerts </w><w c5="AJ0" hw="strict" pos="ADJ">strict </w><w c5="NN1" hw="control" pos="SUBST">control </w><w c5="PRP" hw="over" pos="PREP">over </w><w c5="AT0" hw="the" pos="ART">the </w><w c5="NN1" hw="market" pos="SUBST">market </w><w c5="PRP" hw="by" pos="PREP">by </w><w c5="XX0" hw="not" pos="ADV">not </w><w c5="VVG" hw="allow" pos="VERB">allowing </w><w c5="PNI" hw="anyone" pos="PRON">anyone </w><w c5="AV0" hw="else" pos="ADV">else </w><w c5="TO0" hw="to" pos="PREP">to </w><w c5="VVI" hw="put" pos="VERB">put </w><w c5="NN2" hw="game" pos="SUBST">games </w><w c5="PRP" hw="on" pos="PREP">on </w><w c5="DPS" hw="it" pos="PRON">its </w><w c5="NN1" hw="machine" pos="SUBST">machine </w><c c5="PUL">(</c><w c5="DTQ" hw="which" pos="PRON">which </w><w c5="NP0" hw="atari" pos="SUBST">Atari </w><w c5="NN2" hw="game" pos="SUBST">Games </w><w c5="NN2-VVZ" hw="claim" pos="SUBST">claims </w><w c5="VVZ" hw="violate" pos="VERB">violates </w><w c5="PNP" hw="we" pos="PRON">US </w><w c5="AJ0-NN1" hw="anti-trust" pos="ADJ">anti-trust </w><w c5="NN2" hw="law" pos="SUBST">laws</w><c c5="PUR">) </c><w c5="CJC" hw="and" pos="CONJ">and </w><w c5="PRP" hw="by" pos="PREP">by </w><w c5="DPS" hw="it" pos="PRON">its </w><w c5="AJ0" hw="powerful" pos="ADJ">powerful </w><w c5="NN1" hw="marketing" pos="SUBST">marketing</w><c c5="PUN">.</c></s>
<s n="34"><w c5="AV0" hw="now" pos="ADV">Now </w><w c5="AV0" hw="over" pos="ADV">over </w><w c5="CRD" hw="20" pos="ADJ">20 </w><mw c5="NN0"><w c5="UNC" hw="per" pos="UNC">per </w><w c5="UNC" hw="cent" pos="UNC">cent </w></mw><w c5="PRF" hw="of" pos="PREP">of </w><w c5="AJ0" hw="american" pos="ADJ">American </w><w c5="NN2" hw="household" pos="SUBST">households </w><w c5="VHB" hw="have" pos="VERB">have </w><w c5="AT0" hw="a" pos="ART">a </w><w c5="NP0" hw="nintendo" pos="SUBST">Nintendo</w><c c5="PUN">, </c><w c5="CJC" hw="and" pos="CONJ">and </w><w c5="AT0" hw="the" pos="ART">the </w><w c5="NP0" hw="atari" pos="SUBST">Atari </w><w c5="NN2" hw="vc" pos="SUBST">VCS </w><w c5="VBZ" hw="be" pos="VERB">is </w><w c5="AV0" hw="just" pos="ADV">just </w><w c5="AT0" hw="a" pos="ART">a </w><w c5="AJ0" hw="fond" pos="ADJ">fond </w><w c5="NN1" hw="memory" pos="SUBST">memory</w><c c5="PUN">.</c></s></p><p>
<s n="35"><w c5="NP0" hw="atari" pos="SUBST">Atari </w><w c5="VVZ" hw="need" pos="VERB">needs </w><w c5="AT0" hw="a" pos="ART">a </w><w c5="NN1-AJ0" hw="vcs-successor" pos="SUBST">VCS-successor</w><c c5="PUN">, </c><w c5="CJC" hw="and" pos="CONJ">and </w><w c5="AT0" hw="the" pos="ART">the </w><w c5="NP0-NN1" hw="lynx" pos="SUBST">Lynx </w><w c5="VM0" hw="may" pos="VERB">may </w><w c5="VBI" hw="be" pos="VERB">be </w><w c5="PNP" hw="it" pos="PRON">it</w><c c5="PUN">.</c></s>
<s n="36"><w c5="PNP" hw="it" pos="PRON">It </w><w c5="VHZ" hw="have" pos="VERB">has </w><w c5="AT0" hw="a" pos="ART">a </w><w c5="AJ0" hw="full-colour" pos="ADJ">full-colour </w><w c5="NN1" hw="3.5-inch" pos="SUBST">3.5-inch </w><w c5="AJ0" hw="backlit" pos="ADJ">backlit </w><w c5="NN1" hw="screen" pos="SUBST">screen</w><c c5="PUN">, </c><w c5="DTQ" hw="which" pos="PRON">which </w><w c5="VVZ" hw="compare" pos="VERB">compares </w><w c5="AV0" hw="favourably" pos="ADV">favourably </w><w c5="PRP" hw="with" pos="PREP">with </w><w c5="AT0" hw="the" pos="ART">the </w><w c5="NP0-NN1" hw="gameboy" pos="SUBST">GameBoy</w><w c5="POS" hw="'s" pos="UNC">'s </w><w c5="AJ0" hw="small" pos="ADJ">small</w><c c5="PUN">, </c><w c5="AJ0" hw="blurry" pos="ADJ">blurry </w><w c5="AJ0-NN1" hw="black" pos="ADJ">black </w><w c5="CJC" hw="and" pos="CONJ">and </w><w c5="AJ0" hw="white" pos="ADJ">white </w><w c5="NN1" hw="lcd" pos="SUBST">LCD</w><c c5="PUN">.</c></s>
<s n="37"><w c5="NP0" hw="atari" pos="SUBST">Atari </w><w c5="VBZ" hw="be" pos="VERB">is </w><w c5="AJ0" hw="sure" pos="ADJ">sure </w><w c5="CJT" hw="that" pos="CONJ">that </w><w c5="NN0" hw="people" pos="SUBST">people </w><w c5="VBB" hw="be" pos="VERB">are </w><w c5="VVN" hw="use" pos="VERB">used </w><w c5="TO0" hw="to" pos="PREP">to </w><w c5="VVI" hw="colour" pos="VERB">colour</w><c c5="PUN">, </c><w c5="CJC" hw="and" pos="CONJ">and </w><w c5="VM0" hw="will" pos="VERB">will </w><w c5="XX0" hw="not" pos="ADV">not </w><w c5="VVI" hw="go" pos="VERB">go </w><w c5="AVP" hw="back" pos="ADV">back </w><w c5="PRP" hw="to" pos="PREP">to </w><w c5="NN1" hw="black" pos="SUBST">black </w><w c5="CJC" hw="and" pos="CONJ">and </w><w c5="NN1" hw="white" pos="SUBST">white</w><c c5="PUN">, </c><mw c5="CJS"><w c5="AV0" hw="even" pos="ADV">even </w><w c5="CJS" hw="if" pos="CONJ">if </w></mw><w c5="AT0" hw="the" pos="ART">the </w><w c5="NN1" hw="machine" pos="SUBST">machine </w><w c5="VBZ" hw="be" pos="VERB">is </w><w c5="AJ0" hw="pocket-sized" pos="ADJ">pocket-sized</w><c c5="PUN">.</c></s></p><p>
<s n="38"><w c5="AT0" hw="the" pos="ART">The </w><w c5="NP0-NN1" hw="lynx" pos="SUBST">Lynx </w><w c5="VBZ" hw="be" pos="VERB">is </w><w c5="AJC" hw="large" pos="ADJ">larger </w><w c5="CJS" hw="than" pos="CONJ">than </w><w c5="AT0" hw="the" pos="ART">the </w><w c5="NN1-NP0" hw="gameboy" pos="SUBST">GameBoy </w><w c5="CJC" hw="and" pos="CONJ">and </w><w c5="PNP" hw="you" pos="PRON">you </w><w c5="VVB" hw="need" pos="VERB">need </w><w c5="CRD" hw="two" pos="ADJ">two </w><w c5="NN2" hw="hand" pos="SUBST">hands </w><w c5="TO0" hw="to" pos="PREP">to </w><w c5="VVI" hw="hold" pos="VERB">hold </w><w c5="PNP" hw="it" pos="PRON">it</w><c c5="PUN">.</c></s>
<s n="39"><w c5="PNP" hw="you" pos="PRON">You </w><w c5="VVB" hw="need" pos="VERB">need </w><w c5="AT0" hw="a" pos="ART">a </w><w c5="AJ0" hw="big" pos="ADJ">big </w><w c5="NN1" hw="pocket" pos="SUBST">pocket</w><c c5="PUN">, </c><w c5="AV0" hw="too" pos="ADV">too</w><c c5="PUN">: </c><w c5="PNP" hw="it" pos="PRON">it </w><w c5="VBZ" hw="be" pos="VERB">is </w><w c5="AJ0-NN1" hw="video-cassette" pos="ADJ">video-cassette </w><w c5="AJ0-VVN" hw="sized" pos="ADJ">sized</w><c c5="PUN">, </c><w c5="CJC" hw="and" pos="CONJ">and </w><w c5="AV0" hw="nearly" pos="ADV">nearly </w><w c5="AV0" hw="twice" pos="ADV">twice </w><w c5="AT0" hw="the" pos="ART">the </w><w c5="NN1" hw="price" pos="SUBST">price </w><c c5="PUL">(</c><w c5="NN0" hw="$170" pos="SUBST">$170 </w><w c5="NP0" hw="us" pos="SUBST">US</w><c c5="PUN">, </c><w c5="AV0" hw="probably" pos="ADV">probably </w><w c5="NN0" hw="£130" pos="UNC">£130 </w><w c5="AV0" hw="here" pos="ADV">here </w><w c5="PRP" hw="in" pos="PREP">in </w><w c5="AT0" hw="a" pos="ART">a </w><w c5="DT0" hw="few" pos="ADJ">few </w><w c5="NN2" hw="month" pos="SUBST">months</w><c c5="PUR">) </c><w c5="PRP" hw="with" pos="PREP">with </w><w c5="CRD" hw="one" pos="ADJ">one </w><w c5="NN1" hw="cartridge" pos="SUBST">cartridge</w><c c5="PUN">, </c><w c5="NP0" hw="california" pos="SUBST">California </w><w c5="NN2" hw="game" pos="SUBST">Games</w><c c5="PUN">.</c></s></p><p>
<s n="40"><mw c5="PRP"><w c5="CJS" hw="as" pos="CONJ">As </w><w c5="AV0" hw="well" pos="ADV">well </w><w c5="CJS" hw="as" pos="CONJ">as </w></mw><w c5="AT0" hw="an" pos="ART">an </w><w c5="AJ0" hw="excellent" pos="ADJ">excellent </w><w c5="NN1" hw="display" pos="SUBST">display</w><c c5="PUN">, </c><w c5="AT0" hw="the" pos="ART">the </w><w c5="NP0-NN1" hw="lynx" pos="SUBST">Lynx </w><w c5="VHZ" hw="have" pos="VERB">has </w><w c5="AT0" hw="a" pos="ART">a </w><w c5="AV0" hw="much" pos="ADV">much </w><w c5="AJC" hw="loud" pos="ADJ">louder </w><w c5="NN1" hw="speaker" pos="SUBST">speaker </w><w c5="CJC" hw="and" pos="CONJ">and </w><c c5="PUN">— </c><w c5="PRP" hw="in" pos="PREP">in </w><w c5="AT0" hw="the" pos="ART">the </w><w c5="NN1" hw="tradition" pos="SUBST">tradition </w><w c5="PRF" hw="of" pos="PREP">of </w><w c5="AT0" hw="the" pos="ART">the </w><w c5="NP0" hw="atari" pos="SUBST">Atari </w><w c5="NN2" hw="8-bit" pos="SUBST">8-bits </w><w c5="CJC" hw="and" pos="CONJ">and </w><w c5="NN1" hw="commodore" pos="SUBST">Commodore </w><w c5="NP0" hw="amiga" pos="SUBST">Amiga </w><c c5="PUN">— </c><w c5="AT0" hw="a" pos="ART">a </w><w c5="AJ0" hw="powerful" pos="ADJ">powerful </w><w c5="NN1" hw="set" pos="SUBST">set </w><w c5="PRF" hw="of" pos="PREP">of </w><w c5="NN2" hw="chip" pos="SUBST">chips </w><w c5="TO0" hw="to" pos="PREP">to </w><w c5="VVI" hw="help" pos="VERB">help </w><w c5="PNP" hw="it" pos="PRON">it </w><w c5="PRP" hw="with" pos="PREP">with </w><w c5="AT0" hw="the" pos="ART">the </w><w c5="NN1" hw="animation" pos="SUBST">animation </w><w c5="VVN-VVD" hw="need" pos="VERB">needed </w><w c5="PRP" hw="for" pos="PREP">for </w><w c5="AJ0" hw="superior" pos="ADJ">superior </w><w c5="AJ0" hw="three-dimensional" pos="ADJ">three-dimensional </w><w c5="NN2" hw="game" pos="SUBST">games</w><c c5="PUN">.</c></s>
<s n="41"><w c5="PRP" hw="with" pos="PREP">With </w><w c5="UNC" hw="64k" pos="UNC">64K</w><c c5="PUN">, </c><w c5="PNP" hw="it" pos="PRON">it </w><w c5="AV0" hw="also" pos="ADV">also </w><w c5="VHZ" hw="have" pos="VERB">has </w><w c5="CRD" hw="four" pos="ADJ">four </w><w c5="NN2" hw="time" pos="SUBST">times </w><w c5="AT0" hw="the" pos="ART">the </w><w c5="NN1" hw="memory" pos="SUBST">memory </w><w c5="PRF" hw="of" pos="PREP">of </w><w c5="AT0" hw="the" pos="ART">the </w><w c5="NP0" hw="nintendo" pos="SUBST">Nintendo</w><c c5="PUN">.</c></s></p><p>
<s n="42"><w c5="NP0-NN1" hw="lynx" pos="SUBST">Lynx </w><w c5="NN2" hw="game" pos="SUBST">games </w><w c5="VM0" hw="will" pos="VERB">will </w><w c5="VVI" hw="appeal" pos="VERB">appeal </w><w c5="PRP" hw="to" pos="PREP">to </w><w c5="NN2" hw="kid" pos="SUBST">kids </w><w c5="PRF" hw="of" pos="PREP">of </w><w c5="AV0" hw="slightly" pos="ADV">slightly </w><w c5="AJC" hw="old" pos="ADJ">older </w><w c5="NN2" hw="age" pos="SUBST">ages</w><c c5="PUN">.</c></s>
<s n="43"><w c5="AT0" hw="the" pos="ART">The </w><w c5="ORD" hw="first" pos="ADJ">first </w><w c5="NN1" hw="batch" pos="SUBST">batch </w><w c5="VVZ" hw="include" pos="VERB">includes </w><w c5="NP0" hw="california" pos="SUBST">California </w><w c5="NN2" hw="game" pos="SUBST">Games </w><c c5="PUL">(</c><w c5="AT0" hw="a" pos="ART">a </w><w c5="NN1" hw="set" pos="SUBST">set </w><w c5="PRF" hw="of" pos="PREP">of </w><w c5="CRD" hw="four" pos="ADJ">four </w><w c5="NN2" hw="sport" pos="SUBST">sports </w><w c5="NN2" hw="game" pos="SUBST">games</w><c c5="PUR">)</c><c c5="PUN">, </c><w c5="NP0" hw="electro" pos="SUBST">Electro </w><w c5="NN1-VVB" hw="cop" pos="SUBST">Cop </w><c c5="PUL">(</c><w c5="AT0" hw="a" pos="ART">a </w><w c5="AJ0" hw="robocop-style" pos="ADJ">Robocop-style </w><w c5="NN1" hw="adventure" pos="SUBST">adventure</w><c c5="PUR">)</c><c c5="PUN">, </c><w c5="NN2" hw="gate" pos="SUBST">Gates </w><w c5="PRF" hw="of" pos="PREP">of </w><w c5="NP0-NN1" hw="zendocon" pos="SUBST">Zendocon </w><c c5="PUL">(</c><w c5="AT0" hw="a" pos="ART">a </w><w c5="AJ0" hw="scrolling" pos="ADJ">scrolling </w><w c5="NN1" hw="shoot-'em-up" pos="SUBST">shoot-'em-up</w><c c5="PUR">) </c><w c5="CJC" hw="and" pos="CONJ">and </w><w c5="AJ0" hw="blue" pos="ADJ">Blue </w><w c5="NN1" hw="lightning" pos="SUBST">Lightning </w><c c5="PUL">(</c><w c5="AT0" hw="an" pos="ART">an </w><w c5="AJ0" hw="afterburner-style" pos="ADJ">Afterburner-style </w><w c5="NN1" hw="game" pos="SUBST">game</w><c c5="PUR">)</c><c c5="PUN">.</c></s>
<s n="44"><w c5="PNP" hw="they" pos="PRON">They </w><w c5="VBB" hw="be" pos="VERB">are </w><w c5="AJ0" hw="fast-moving" pos="ADJ">fast-moving</w><c c5="PUN">, </c><w c5="AJ0" hw="colourful" pos="ADJ">colourful</w><c c5="PUN">, </c><w c5="AJ0" hw="noisy" pos="ADJ">noisy</w><c c5="PUN">, </c><w c5="CJC" hw="and" pos="CONJ">and </w><w c5="AV0" hw="as" pos="ADV">as </w><w c5="AJ0" hw="good" pos="ADJ">good </w><w c5="CJS" hw="if" pos="CONJ">if </w><w c5="XX0" hw="not" pos="ADV">not </w><w c5="AV0" hw="well" pos="ADV">better </w><w c5="CJS" hw="than" pos="CONJ">than </w><w c5="PNI" hw="anything" pos="PRON">anything </w><w c5="PNP" hw="you" pos="PRON">you </w><w c5="VM0" hw="can" pos="VERB">can </w><w c5="VVI" hw="buy" pos="VERB">buy </w><w c5="PRP" hw="for" pos="PREP">for </w><w c5="NN1" hw="home" pos="SUBST">home </w><w c5="NN2" hw="computer" pos="SUBST">computers</w><c c5="PUN">.</c></s></p><p>
<s n="45"><w c5="CJS" hw="where" pos="CONJ">Where </w><w c5="DT0" hw="many" pos="ADJ">many </w><w c5="NN1-NP0" hw="gameboy" pos="SUBST">GameBoy </w><w c5="NN2" hw="cartridge" pos="SUBST">cartridges </w><w c5="VBB" hw="be" pos="VERB">are </w><w c5="AJ0" hw="puzzle-orientated" pos="ADJ">puzzle-orientated</w><c c5="PUN">, </c><w c5="AJ0" hw="due" pos="ADJ">due </w><mw c5="AV0"><w c5="PRP" hw="in" pos="PREP">in </w><w c5="NN1" hw="part" pos="SUBST">part </w></mw><w c5="PRP" hw="to" pos="PREP">to </w><w c5="AT0" hw="the" pos="ART">the </w><w c5="AJ0" hw="blurry" pos="ADJ">blurry </w><w c5="NN1-VVB" hw="display" pos="SUBST">display </w><w c5="XX0" hw="not" pos="ADV">not </w><w c5="VBG" hw="be" pos="VERB">being </w><w c5="AJ0" hw="ideal" pos="ADJ">ideal </w><w c5="PRP" hw="for" pos="PREP">for </w><w c5="AJ0" hw="fast" pos="ADJ">fast </w><w c5="NN1" hw="movement" pos="SUBST">movement</w><c c5="PUN">, </c><w c5="AT0" hw="the" pos="ART">the </w><w c5="NP0" hw="lynx" pos="SUBST">Lynx</w><w c5="POS" hw="'s" pos="UNC">'s </w><w c5="NN1" hw="offer" pos="SUBST">offer </w><w c5="NN1" hw="arcade" pos="SUBST">arcade </w><w c5="NN1" hw="excitement" pos="SUBST">excitement</w><c c5="PUN">.</c></s>
<s n="46"><w c5="AT0" hw="the" pos="ART">The </w><w c5="NN2" hw="image" pos="SUBST">images </w><w c5="VBB" hw="be" pos="VERB">are </w><w c5="AJ0" hw="fast" pos="ADJ">fast </w><w c5="CJC" hw="and" pos="CONJ">and </w><w c5="AJ0-AV0" hw="sharp" pos="ADJ">sharp</w><c c5="PUN">, </c><w c5="CJS" hw="so" pos="CONJ">so </w><w c5="PNP" hw="it" pos="PRON">it</w><w c5="VBZ" hw="be" pos="VERB">'s </w><w c5="AV0" hw="much" pos="ADV">much </w><w c5="AJC" hw="easy" pos="ADJ">easier </w><w c5="TO0" hw="to" pos="PREP">to </w><w c5="VVI" hw="see" pos="VERB">see </w><w c5="DTQ" hw="what" pos="PRON">what</w><w c5="VBZ" hw="be" pos="VERB">'s </w><w c5="VVG" hw="go" pos="VERB">going </w><w c5="AVP" hw="on" pos="ADV">on</w><c c5="PUN">.</c></s></p><p>
<s n="47"><w c5="AT0" hw="the" pos="ART">The </w><w c5="NP0-NN1" hw="lynx" pos="SUBST">Lynx </w><w c5="VHZ" hw="have" pos="VERB">has </w><w c5="DT0" hw="some" pos="ADJ">some </w><w c5="AJ0" hw="other" pos="ADJ">other </w><w c5="AJ0-NN1" hw="novel" pos="ADJ">novel </w><w c5="NN2" hw="feature" pos="SUBST">features</w><c c5="PUN">, </c><w c5="PRP" hw="including" pos="PREP">including </w><w c5="AT0" hw="a" pos="ART">a </w><c c5="PUQ">‘</c><w c5="NN1" hw="flip" pos="SUBST">flip</w><c c5="PUQ">’ </c><w c5="NN1-VVB" hw="button" pos="SUBST">button </w><w c5="CJT" hw="that" pos="CONJ">that </w><w c5="VVZ" hw="turn" pos="VERB">turns </w><w c5="AT0" hw="the" pos="ART">the </w><w c5="NN1" hw="display" pos="SUBST">display </w><mw c5="AV0"><w c5="NN1" hw="upside" pos="SUBST">upside </w><w c5="AVP" hw="down" pos="ADV">down</w></mw><c c5="PUN">.</c></s>
<s n="48"><w c5="PNP" hw="you" pos="PRON">You </w><w c5="VM0" hw="can" pos="VERB">can </w><w c5="AV0" hw="then" pos="ADV">then </w><w c5="VVI" hw="turn" pos="VERB">turn </w><w c5="AT0" hw="the" pos="ART">the </w><w c5="NN1-VVB" hw="machine" pos="SUBST">machine </w><w c5="AVP" hw="around" pos="ADV">around </w><w c5="TO0" hw="to" pos="PREP">to </w><w c5="VVI" hw="play" pos="VERB">play </w><w c5="AJ0" hw="left-" pos="ADJ">left- </w><w c5="CJC" hw="or" pos="CONJ">or </w><w c5="AV0-AJ0" hw="right-handed" pos="ADV">right-handed</w><c c5="PUN">.</c></s>
<s n="49"><w c5="CJS" hw="if" pos="CONJ">If </w><w c5="DPS" hw="you" pos="PRON">your </w><w c5="NN2" hw="finger" pos="SUBST">fingers </w><w c5="VVB" hw="get" pos="VERB">get </w><w c5="AJ0" hw="tired" pos="ADJ">tired</w><c c5="PUN">, </c><w c5="PNP" hw="you" pos="PRON">you </w><w c5="VM0" hw="can" pos="VERB">can </w><w c5="AV0" hw="even" pos="ADV">even </w><w c5="VVI" hw="swap" pos="VERB">swap </w><w c5="AVP" hw="round" pos="ADV">round </w><w c5="PRP" hw="in" pos="PREP">in </w><w c5="AT0" hw="the" pos="ART">the </w><w c5="NN1" hw="middle" pos="SUBST">middle </w><w c5="PRF" hw="of" pos="PREP">of </w><w c5="AT0" hw="a" pos="ART">a </w><w c5="NN1" hw="game" pos="SUBST">game</w><c c5="PUN">.</c></s>
<s n="50"><w c5="PNP" hw="it" pos="PRON">It </w><w c5="VVZ" hw="turn" pos="VERB">turns </w><w c5="PNX" hw="itself" pos="PRON">itself </w><w c5="AVP" hw="off" pos="ADV">off </w><w c5="CJS" hw="if" pos="CONJ">if </w><w c5="PNP" hw="you" pos="PRON">you </w><w c5="VVB" hw="leave" pos="VERB">leave </w><w c5="PNP" hw="it" pos="PRON">it </w><w c5="AJ0" hw="untouched" pos="ADJ">untouched </w><w c5="PRP" hw="for" pos="PREP">for </w><w c5="CRD" hw="five" pos="ADJ">five </w><w c5="NN2" hw="minute" pos="SUBST">minutes</w><c c5="PUN">, </c><w c5="AT0" hw="a" pos="ART">a </w><w c5="NN1" hw="feature" pos="SUBST">feature </w><w c5="AV0" hw="sadly" pos="ADV">sadly </w><w c5="VVG" hw="lack" pos="VERB">lacking </w><w c5="PRP" hw="on" pos="PREP">on </w><w c5="AT0" hw="the" pos="ART">the </w><w c5="NN1-NP0" hw="gameboy" pos="SUBST">GameBoy</w><c c5="PUN">.</c></s>
<s n="51"><w c5="DT0" hw="both" pos="ADJ">Both </w><w c5="NN2" hw="machine" pos="SUBST">machines </w><w c5="VHB" hw="have" pos="VERB">have </w><w c5="AT0" hw="a" pos="ART">a </w><w c5="NN1" hw="pause" pos="SUBST">pause </w><w c5="NN1" hw="button" pos="SUBST">button </w><w c5="PRP" hw="for" pos="PREP">for </w><w c5="NN2" hw="interruption" pos="SUBST">interruptions</w><c c5="PUN">.</c></s></p><p>
<s n="52"><w c5="NN1" hw="battery" pos="SUBST">Battery </w><w c5="NN1" hw="life" pos="SUBST">life </w><w c5="PRP" hw="on" pos="PREP">on </w><w c5="AT0" hw="the" pos="ART">the </w><w c5="NP0-NN1" hw="lynx" pos="SUBST">Lynx </w><w c5="VBZ" hw="be" pos="VERB">is </w><w c5="AV0" hw="about" pos="ADV">about </w><w c5="CRD" hw="four" pos="ADJ">four </w><w c5="NN2" hw="hour" pos="SUBST">hours </w><w c5="PRP" hw="with" pos="PREP">with </w><w c5="CRD" hw="six" pos="ADJ">six </w><w c5="NP0" hw="aa" pos="SUBST">AA </w><w c5="NN2" hw="battery" pos="SUBST">batteries</w><c c5="PUN">, </c><w c5="CJC" hw="but" pos="CONJ">but </w><w c5="AT0" hw="a" pos="ART">a </w><w c5="NN1" hw="mains" pos="SUBST">mains </w><w c5="NN1" hw="adapter" pos="SUBST">adapter </w><w c5="VBZ" hw="be" pos="VERB">is </w><w c5="VVN" hw="include" pos="VERB">included </w><w c5="PRP" hw="in" pos="PREP">in </w><w c5="AT0" hw="the" pos="ART">the </w><w c5="NN1" hw="package" pos="SUBST">package </w><c c5="PUL">(</c><w c5="AT0" hw="the" pos="ART">the </w><w c5="NN1-NP0" hw="gameboy" pos="SUBST">GameBoy </w><w c5="NN1" hw="adapter" pos="SUBST">adapter </w><w c5="VBZ" hw="be" pos="VERB">is </w><w c5="AJ0-AV0" hw="extra" pos="ADJ">extra</w><c c5="PUR">)</c><c c5="PUN">.</c></s>
<s n="53"><w c5="AT0" hw="the" pos="ART">The </w><w c5="NN1-NP0" hw="gameboy" pos="SUBST">GameBoy </w><w c5="VVZ-NN2" hw="run" pos="VERB">runs </w><w c5="PRP" hw="for" pos="PREP">for </w><w c5="AV0" hw="about" pos="ADV">about </w><w c5="CRD" hw="15" pos="ADJ">15 </w><w c5="NN2" hw="hour" pos="SUBST">hours </w><w c5="PRP" hw="on" pos="PREP">on </w><w c5="CRD" hw="four" pos="ADJ">four </w><w c5="NP0" hw="aa" pos="SUBST">AA </w><w c5="NN2" hw="cell" pos="SUBST">cells</w><c c5="PUN">.</c></s></p><p>
<s n="54"><w c5="AT0" hw="the" pos="ART">The </w><w c5="AJS" hw="hot" pos="ADJ">hottest </w><w c5="AJ0" hw="new" pos="ADJ">new </w><w c5="NN1" hw="concept" pos="SUBST">concept </w><w c5="PRP" hw="in" pos="PREP">in </w><w c5="NN1" hw="pocket" pos="SUBST">pocket </w><w c5="NN1" hw="gaming" pos="SUBST">gaming </w><w c5="VBZ" hw="be" pos="VERB">is </w><w c5="AJ0" hw="multi-player" pos="ADJ">multi-player </w><w c5="NN2" hw="game" pos="SUBST">games</w><c c5="PUN">.</c></s>
<s n="55"><w c5="CJS" hw="if" pos="CONJ">If </w><w c5="PNP" hw="you" pos="PRON">you </w><w c5="CJC" hw="and" pos="CONJ">and </w><w c5="AT0" hw="a" pos="ART">a </w><w c5="NN1" hw="friend" pos="SUBST">friend </w><w c5="VVB" hw="own" pos="VERB">own </w><w c5="AT0" hw="the" pos="ART">the </w><w c5="DT0" hw="same" pos="ADJ">same </w><w c5="NN1" hw="game" pos="SUBST">game</w><c c5="PUN">, </c><w c5="PNP" hw="you" pos="PRON">you </w><w c5="VM0" hw="can" pos="VERB">can </w><w c5="AV0" hw="often" pos="ADV">often </w><w c5="VVI" hw="plug" pos="VERB">plug </w><w c5="PNP" hw="they" pos="PRON">them </w><w c5="AV0" hw="together" pos="ADV">together </w><c c5="PUL">(</c><w c5="PRP" hw="with" pos="PREP">with </w><w c5="AT0" hw="the" pos="ART">the </w><w c5="AJ0" hw="supplied" pos="ADJ">supplied </w><w c5="NN1" hw="cable" pos="SUBST">cable</w><c c5="PUR">) </c><w c5="CJC" hw="and" pos="CONJ">and </w><w c5="VVB-NN1" hw="play" pos="VERB">play </w><w c5="PRP" hw="against" pos="PREP">against </w><mw c5="PNX"><w c5="DT0" hw="each" pos="ADJ">each </w><w c5="NN1" hw="other" pos="SUBST">other</w></mw><c c5="PUN">.</c></s>
<s n="56"><w c5="VVG" hw="add" pos="VERB">Adding </w><w c5="AT0" hw="a" pos="ART">a </w><w c5="AJ0" hw="human" pos="ADJ">human </w><w c5="NN1" hw="opponent" pos="SUBST">opponent </w><w c5="VVZ" hw="give" pos="VERB">gives </w><w c5="AT0" hw="a" pos="ART">a </w><w c5="NN1" hw="game" pos="SUBST">game </w><w c5="AT0" hw="an" pos="ART">an </w><w c5="AJ0" hw="extra" pos="ADJ">extra</w><c c5="PUN">, </c><w c5="AJ0" hw="unpredictable" pos="ADJ">unpredictable </w><w c5="NN1" hw="excitement" pos="SUBST">excitement </w><w c5="CJT" hw="that" pos="CONJ">that </w><w c5="AT0" hw="a" pos="ART">a </w><w c5="NN1" hw="computer" pos="SUBST">computer </w><w c5="NN1" hw="opponent" pos="SUBST">opponent </w><w c5="VVZ" hw="lack" pos="VERB">lacks</w><c c5="PUN">.</c></s></p><p>
<s n="57"><w c5="AT0" hw="the" pos="ART">The </w><w c5="NP0-NN1" hw="lynx" pos="SUBST">Lynx </w><w c5="VVZ" hw="go" pos="VERB">goes </w><w c5="AV0" hw="further/far" pos="ADV">further </w><w c5="CJC" hw="and" pos="CONJ">and </w><w c5="VVZ" hw="allow" pos="VERB">allows </w><mw c5="AV0"><w c5="AVP" hw="up" pos="ADV">up </w><w c5="PRP" hw="to" pos="PREP">to </w></mw><w c5="CRD" hw="eight" pos="ADJ">eight </w><w c5="NN2" hw="player" pos="SUBST">players </w><w c5="TO0" hw="to" pos="PREP">to </w><w c5="VVI" hw="link" pos="VERB">link </w><w c5="AV0" hw="together" pos="ADV">together</w><c c5="PUN">.</c></s>
<s n="58"><w c5="CJC" hw="and" pos="CONJ">And </w><w c5="AJ0" hw="multi-player" pos="ADJ">multi-player </w><w c5="NN2" hw="game" pos="SUBST">games </w><w c5="VBB" hw="be" pos="VERB">are </w><w c5="AJ0" hw="good" pos="ADJ">good </w><w c5="PRP" hw="for" pos="PREP">for </w><w c5="NN1" hw="business" pos="SUBST">business</w><c c5="PUN">: </c><w c5="NN2" hw="group" pos="SUBST">groups </w><w c5="PRF" hw="of" pos="PREP">of </w><w c5="NN2" hw="friend" pos="SUBST">friends </w><w c5="VM0" hw="will" pos="VERB">will </w><w c5="VHI" hw="have" pos="VERB">have </w><w c5="TO0" hw="to" pos="PREP">to </w><w c5="VVI" hw="buy" pos="VERB">buy </w><mw c5="AV0"><w c5="AV0" hw="more" pos="ADV">more </w><w c5="CJS" hw="than" pos="CONJ">than </w></mw><w c5="CRD" hw="one" pos="ADJ">one </w><w c5="NN1" hw="copy" pos="SUBST">copy </w><w c5="PRF" hw="of" pos="PREP">of </w><w c5="DT0" hw="each" pos="ADJ">each </w><w c5="NN1" hw="game" pos="SUBST">game</w><c c5="PUN">, </c><mw c5="PRP"><w c5="AV0" hw="rather" pos="ADV">rather </w><w c5="CJS" hw="than" pos="CONJ">than </w></mw><w c5="VVG" hw="share" pos="VERB">sharing </w><w c5="AT0" hw="a" pos="ART">a </w><w c5="NN1" hw="set" pos="SUBST">set </w><w c5="PRF" hw="of" pos="PREP">of </w><w c5="AJ0" hw="different" pos="ADJ">different </w><w c5="NN2" hw="game" pos="SUBST">games</w><c c5="PUN">.</c></s></p><p>
<s n="59"><w c5="DTQ" hw="which" pos="PRON">Which </w><w c5="PNI-CRD" hw="one" pos="PRON">one </w><w c5="VDB" hw="do" pos="VERB">do </w><w c5="PNP" hw="you" pos="PRON">you </w><w c5="VVI" hw="buy" pos="VERB">buy </w><w c5="DT0" hw="this" pos="ADJ">this </w><w c5="NN1" hw="christmas" pos="SUBST">Christmas</w><c c5="PUN">?</c></s>
<s n="60"><w c5="DT0" hw="that" pos="ADJ">That</w><w c5="VBZ" hw="be" pos="VERB">'s </w><w c5="AJ0" hw="easy" pos="ADJ">easy</w><c c5="PUN">.</c></s>
<s n="61"><w c5="AV0" hw="only" pos="ADV">Only </w><w c5="AT0" hw="the" pos="ART">the </w><w c5="NN1-NP0" hw="gameboy" pos="SUBST">GameBoy </w><w c5="VBZ" hw="be" pos="VERB">is </w><w c5="AJ0" hw="available" pos="ADJ">available</w><c c5="PUN">.</c></s>
<s n="62"><w c5="VVG-NN1" hw="track" pos="VERB">Tracking </w><w c5="AVP-PRP" hw="down" pos="ADV">down </w><w c5="AT0" hw="a" pos="ART">a </w><w c5="NN1-NP0" hw="lynx" pos="SUBST">Lynx </w><w c5="VBZ" hw="be" pos="VERB">is </w><w c5="AV0" hw="hard" pos="ADV">hard </w><w c5="AV0" hw="enough" pos="ADV">enough </w><w c5="PRP" hw="in" pos="PREP">in </w><w c5="NP0" hw="new" pos="SUBST">New </w><w c5="NP0" hw="york" pos="SUBST">York</w><c c5="PUN">, </c><w c5="CJC" hw="but" pos="CONJ">but </w><w c5="AJ0" hw="impossible" pos="ADJ">impossible </w><w c5="PRP" hw="in" pos="PREP">in </w><w c5="AT0" hw="the" pos="ART">the </w><w c5="NP0" hw="uk" pos="SUBST">UK</w><c c5="PUN">.</c></s>
<s n="63"><w c5="PRP" hw="in" pos="PREP">In </w><w c5="AT0" hw="a" pos="ART">a </w><w c5="DT0" hw="few" pos="ADJ">few </w><w c5="NN2" hw="month" pos="SUBST">months</w><c c5="PUN">, </c><w c5="AV0" hw="however" pos="ADV">however</w><c c5="PUN">, </c><w c5="AT0" hw="the" pos="ART">the </w><w c5="NP0-NN1" hw="lynx" pos="SUBST">Lynx </w><w c5="VM0" hw="should" pos="VERB">should </w><w c5="VBI" hw="be" pos="VERB">be </w><w c5="PRP" hw="on" pos="PREP">on </w><w c5="NN1" hw="sale" pos="SUBST">sale </w><w c5="AV0" hw="here" pos="ADV">here</w><c c5="PUN">, </c><w c5="CJC" hw="and" pos="CONJ">and </w><w c5="AT0" hw="the" pos="ART">the </w><w c5="NN2" hw="table" pos="SUBST">tables </w><w c5="VM0" hw="will" pos="VERB">will </w><w c5="VVI" hw="turn" pos="VERB">turn</w><c c5="PUN">.</c></s>
<s n="64"><w c5="AT0" hw="the" pos="ART">The </w><w c5="NP0-NN1" hw="lynx" pos="SUBST">Lynx </w><w c5="VBZ" hw="be" pos="VERB">is </w><w c5="AT0" hw="the" pos="ART">the </w><w c5="AJ0" hw="superior" pos="ADJ">superior </w><w c5="NN1" hw="machine" pos="SUBST">machine</w><c c5="PUN">.</c></s></p><p>
<s n="65"><w c5="PNP" hw="i" pos="PRON">I </w><w c5="VHB" hw="have" pos="VERB">have </w><w c5="VVN" hw="own" pos="VERB">owned </w><w c5="AT0" hw="a" pos="ART">a </w><w c5="NN1" hw="gameboy" pos="SUBST">GameBoy </w><w c5="PRP" hw="for" pos="PREP">for </w><w c5="AT0" hw="a" pos="ART">a </w><w c5="DT0" hw="few" pos="ADJ">few </w><w c5="NN2" hw="month" pos="SUBST">months </w><w c5="AV0" hw="now" pos="ADV">now</w><c c5="PUN">, </c><w c5="CJC" hw="and" pos="CONJ">and </w><w c5="AV0" hw="still" pos="ADV">still </w><w c5="VVB" hw="use" pos="VERB">use </w><w c5="PNP" hw="it" pos="PRON">it</w><c c5="PUN">.</c></s>
<s n="66"><w c5="AT0" hw="the" pos="ART">The </w><w c5="NN2" hw="game" pos="SUBST">games </w><w c5="VBB" hw="be" pos="VERB">are </w><w c5="AJ0" hw="addictive" pos="ADJ">addictive</w><c c5="PUN">, </c><w c5="CJC" hw="and" pos="CONJ">and </w><w c5="PNP" hw="i" pos="PRON">I </w><w c5="VVB" hw="carry" pos="VERB">carry </w><w c5="PNP" hw="it" pos="PRON">it </w><w c5="AVQ" hw="whenever" pos="ADV">whenever </w><w c5="PNP" hw="i" pos="PRON">I</w><w c5="VBB" hw="be" pos="VERB">'m </w><w c5="AJ0" hw="likely" pos="ADJ">likely </w><w c5="TO0" hw="to" pos="PREP">to </w><w c5="VBI" hw="be" pos="VERB">be </w><w c5="AJ0" hw="bored" pos="ADJ">bored </w><w c5="AV0" hw="somewhere" pos="ADV">somewhere</w><c c5="PUN">.</c></s>
<s n="67"><w c5="PNP" hw="i" pos="PRON">I</w><w c5="VHB" hw="have" pos="VERB">'ve </w><w c5="AV0" hw="just" pos="ADV">just </w><w c5="VVN" hw="get" pos="VERB">got </w><w c5="AT0" hw="a" pos="ART">a </w><w c5="NP0-NN1" hw="lynx" pos="SUBST">Lynx</w><c c5="PUN">, </c><w c5="CJC" hw="and" pos="CONJ">and </w><w c5="PNP" hw="it" pos="PRON">it</w><w c5="VBZ" hw="be" pos="VERB">'s </w><w c5="VVG" hw="go" pos="VERB">going </w><w c5="TO0" hw="to" pos="PREP">to </w><w c5="VBI" hw="be" pos="VERB">be </w><w c5="AV0" hw="much" pos="ADV">much </w><w c5="AJC" hw="hard" pos="ADJ">harder </w><w c5="TO0" hw="to" pos="PREP">to </w><w c5="VVI" hw="smuggle" pos="VERB">smuggle </w><w c5="PNP" hw="it" pos="PRON">it </w><w c5="AVP" hw="around" pos="ADV">around</w><c c5="PUN">.</c></s>
<s n="68"><w c5="CJC" hw="but" pos="CONJ">But </w><w c5="PNP" hw="i" pos="PRON">I</w><w c5="VM0" hw="will" pos="VERB">'ll </w><w c5="VVI" hw="try" pos="VERB">try</w><c c5="PUN">.</c></s></p><p>
<s n="69"><w c5="VVB" hw="jez" pos="VERB">Jez </w><w c5="NP0" hw="san" pos="SUBST">San </w><w c5="VBZ" hw="be" pos="VERB">is </w><w c5="AJ0" hw="managing" pos="ADJ">managing </w><w c5="NN1" hw="director" pos="SUBST">director </w><w c5="PRF" hw="of" pos="PREP">of </w><w c5="NP0-NN1" hw="argonaut" pos="SUBST">Argonaut </w><w c5="NN1" hw="software" pos="SUBST">Software</w><c c5="PUN">, </c><w c5="DTQ" hw="which" pos="PRON">which </w><w c5="VVZ" hw="specialise" pos="VERB">specialises </w><w c5="PRP-AVP" hw="in" pos="PREP">in </w><w c5="NN2" hw="game" pos="SUBST">games </w><c c5="PUL">(</c><w c5="AV0" hw="eg" pos="ADV">eg </w><w c5="NP0-NN1" hw="starglider" pos="SUBST">StarGlider</w><c c5="PUR">) </c><w c5="CJC" hw="and" pos="CONJ">and </w><w c5="NN1" hw="flight" pos="SUBST">flight </w><w c5="NN2" hw="simulator" pos="SUBST">simulators</w><c c5="PUN">.</c></s></p><p>
<s n="70"><w c5="AJ0" hw="overnight" pos="ADJ">OVERNIGHT </w><w c5="NN1-VVB" hw="file" pos="SUBST">FILE </w><w c5="NN1" hw="page" pos="SUBST">PAGE </w><w c5="UNC" hw="mc1" pos="UNC">mc1</w></s></p></div></wtext></bncDoc>
