<bncDoc xml:id="A34"><teiHeader><fileDesc><titleStmt><title>  Independent, electronic edition of 1989-10-06: Frontpages. Sample containing about 1914 words from a periodical (domain: world affairs) </title><respStmt><resp> Data capture and transcription </resp><name> Oxford University Press </name> </respStmt></titleStmt><editionStmt><edition>BNC XML Edition, December 2006</edition></editionStmt><extent> 1914 tokens; 1932 w-units; 85 s-units </extent><publicationStmt><distributor>Distributed under licence by Oxford University Computing Services on behalf of the BNC Consortium.</distributor><availability> This material is protected by international copyright laws and may not be copied or redistributed in any way. Consult the BNC Web Site at http://www.natcorp.ox.ac.uk for full licencing and distribution conditions.</availability><idno type="bnc">A34</idno><idno type="old"> IeTitl </idno></publicationStmt><sourceDesc><bibl><title>Independent, electronic edition of 1989-10-06: Frontpages.</title> <imprint n="NEWSPA2"><publisher>Newspaper Publishing plc</publisher> <pubPlace>London</pubPlace> <date value="1989">1989</date> </imprint> </bibl></sourceDesc></fileDesc><encodingDesc><tagsDecl><namespace name=""><tagUsage gi="c" occurs="231"/><tagUsage gi="div" occurs="4"/><tagUsage gi="head" occurs="8"/><tagUsage gi="mw" occurs="19"/><tagUsage gi="p" occurs="37"/><tagUsage gi="s" occurs="85"/><tagUsage gi="w" occurs="1932"/></namespace></tagsDecl></encodingDesc><profileDesc><creation date="1989"> </creation><textClass><catRef targets="WRI ALLTIM3 ALLAVA2 ALLTYP3 WRIAAG0 WRIAD0 WRIASE0 WRIATY2 WRIAUD3 WRIDOM5 WRILEV2 WRIMED2 WRIPP5 WRISAM0 WRISTA3 WRITAS3"/><classCode scheme="DLEE">W newsp brdsht nat: misc</classCode><keywords><term> (none) </term></keywords></textClass></profileDesc><revisionDesc><change date="2006-10-21" who="#OUCS">Tag usage updated for BNC-XML</change><change date="2000-12-13" who="#OUCS">Last check for BNC World first release</change><change date="2000-09-06" who="#OUCS">Redo tagusage tables</change><change date="2000-09-01" who="#OUCS">Check all tagcounts</change><change date="2000-06-23" who="#OUCS">Resequenced s-units and added headers</change><change date="2000-01-21" who="#OUCS">Added date info</change><change date="2000-01-09" who="#OUCS">Updated all catrefs</change><change date="2000-01-08" who="#OUCS">Updated source title</change><change date="2000-01-08" who="#OUCS">Updated titles</change><change date="1999-12-25" who="#OUCS">corrected tagUsage</change><change date="1999-09-13" who="#UCREL">POS codes revised for BNC-2; header updated</change><change date="1994-11-24" who="#dominic">Initial accession to corpus</change></revisionDesc></teiHeader>
<wtext type="NEWS"><div level="1" n="891006 edition -- Title Page 1"><head type="MAIN">
<s n="1"><w c5="VVB" hw="tense" pos="VERB">Tense </w><w c5="NN1" hw="east" pos="SUBST">East </w><w c5="NP0" hw="germany" pos="SUBST">Germany </w><w c5="VVZ" hw="await" pos="VERB">awaits </w><w c5="NP0" hw="gorbachev" pos="SUBST">Gorbachev</w></s></head><head type="BYLINE">
<s n="2"><w c5="PRP" hw="from" pos="PREP">From </w><w c5="NP0" hw="steve" pos="SUBST">STEVE </w><w c5="NP0" hw="crawshaw" pos="SUBST">CRAWSHAW </w><w c5="PRP" hw="in" pos="PREP">in </w><w c5="NP0" hw="east" pos="SUBST">East </w><w c5="NP0" hw="berlin" pos="SUBST">Berlin</w></s></head><p>
<s n="3"><w c5="NP0" hw="east" pos="SUBST">EAST </w><w c5="NP0" hw="germany" pos="SUBST">GERMANY </w><w c5="VVD" hw="batten" pos="VERB">battened </w><w c5="AVP" hw="down" pos="ADV">down </w><w c5="AT0" hw="the" pos="ART">the </w><w c5="NN2" hw="hatch" pos="SUBST">hatches </w><w c5="AV0" hw="yesterday" pos="ADV">yesterday </w><w c5="PRP" hw="on" pos="PREP">on </w><w c5="AT0" hw="the" pos="ART">the </w><w c5="NN1" hw="eve" pos="SUBST">eve </w><w c5="PRF" hw="of" pos="PREP">of </w><w c5="NP0" hw="mikhail" pos="SUBST">Mikhail </w><w c5="NP0" hw="gorbachev" pos="SUBST">Gorbachev</w><w c5="POS" hw="'s" pos="UNC">'s </w><w c5="NN1" hw="arrival" pos="SUBST">arrival </w><w c5="PRP" hw="in" pos="PREP">in </w><w c5="DPS" hw="it" pos="PRON">its </w><w c5="NN1" hw="capital" pos="SUBST">capital</w><c c5="PUN">, </c><w c5="NP0" hw="berlin" pos="SUBST">Berlin</w><c c5="PUN">, </c><w c5="PRP" hw="for" pos="PREP">for </w><w c5="AT0" hw="the" pos="ART">the </w><w c5="ORD" hw="fortieth" pos="ADJ">fortieth </w><w c5="NN1" hw="anniversary" pos="SUBST">anniversary </w><w c5="PRF" hw="of" pos="PREP">of </w><w c5="AT0" hw="the" pos="ART">the </w><w c5="NN1" hw="country" pos="SUBST">country</w><w c5="POS" hw="'s" pos="UNC">'s </w><w c5="NN1" hw="creation" pos="SUBST">creation</w><c c5="PUN">.</c></s>
<s n="4"><w c5="AT0" hw="the" pos="ART">The </w><w c5="NN1" hw="border" pos="SUBST">border </w><w c5="PRP" hw="from" pos="PREP">from </w><w c5="NN1" hw="west" pos="SUBST">West </w><w c5="PRP" hw="into" pos="PREP">into </w><w c5="NP0" hw="east" pos="SUBST">East </w><w c5="NP0" hw="berlin" pos="SUBST">Berlin </w><w c5="VBD" hw="be" pos="VERB">was </w><w c5="VVN" hw="close" pos="VERB">closed </w><w c5="PRP" hw="for" pos="PREP">for </w><w c5="NN1" hw="part" pos="SUBST">part </w><w c5="PRF" hw="of" pos="PREP">of </w><w c5="AT0" hw="the" pos="ART">the </w><w c5="NN1" hw="day" pos="SUBST">day</w><c c5="PUN">.</c></s>
<s n="5"><w c5="AT0" hw="no" pos="ART">No </w><w c5="NN1" hw="explanation" pos="SUBST">explanation </w><w c5="VBD" hw="be" pos="VERB">was </w><w c5="VVN" hw="give" pos="VERB">given </w><w c5="PRP" hw="to" pos="PREP">to </w><w c5="DT0" hw="those" pos="ADJ">those </w><w c5="PNQ" hw="who" pos="PRON">who </w><w c5="VBD" hw="be" pos="VERB">were </w><w c5="VVN" hw="turn" pos="VERB">turned </w><w c5="AVP" hw="back" pos="ADV">back</w><c c5="PUN">, </c><mw c5="PRP"><w c5="AJ0" hw="other" pos="ADJ">other </w><w c5="CJS" hw="than" pos="CONJ">than </w></mw><w c5="AT0" hw="the" pos="ART">the </w><w c5="AJ0" hw="foreign" pos="ADJ">Foreign </w><w c5="NN1" hw="ministry" pos="SUBST">Ministry</w><w c5="POS" hw="'s" pos="UNC">'s </w><w c5="NN1" hw="declaration" pos="SUBST">declaration </w><w c5="CJT" hw="that" pos="CONJ">that </w><w c5="DT0" hw="this" pos="ADJ">this </w><w c5="VBD" hw="be" pos="VERB">was </w><w c5="AT0" hw="a" pos="ART">a </w><c c5="PUQ">‘</c><w c5="AJ0" hw="sovereign" pos="ADJ">sovereign </w><w c5="NN1" hw="decision" pos="SUBST">decision</w><c c5="PUQ">’</c><c c5="PUN">.</c></s></p><p>
<s n="6"><w c5="PRP" hw="in" pos="PREP">In </w><w c5="NP0" hw="dresden" pos="SUBST">Dresden</w><c c5="PUN">, </c><w c5="NN2" hw="witness" pos="SUBST">witnesses </w><w c5="VVD-VVN" hw="report" pos="VERB">reported </w><w c5="AJ0" hw="violent" pos="ADJ">violent </w><w c5="NN2" hw="clash" pos="SUBST">clashes </w><w c5="PRP" hw="between" pos="PREP">between </w><w c5="NN2" hw="police" pos="SUBST">police </w><w c5="CJC" hw="and" pos="CONJ">and </w><w c5="AJ0" hw="would-be" pos="ADJ">would-be </w><w c5="NN2" hw="emigrant" pos="SUBST">emigrants </w><w c5="AJ0" hw="desperate" pos="ADJ">desperate </w><w c5="TO0" hw="to" pos="PREP">to </w><w c5="VVI" hw="board" pos="VERB">board </w><w c5="NN2" hw="train" pos="SUBST">trains </w><w c5="PRP" hw="to" pos="PREP">to </w><w c5="AT0" hw="the" pos="ART">the </w><w c5="NN1" hw="west" pos="SUBST">West</w><c c5="PUN">.</c></s>
<s n="7"><w c5="NN2" hw="police" pos="SUBST">Police </w><w c5="VVD-AJ0" hw="use" pos="VERB">used </w><w c5="NN0" hw="water-cannon" pos="SUBST">water-cannon </w><w c5="CJC" hw="and" pos="CONJ">and </w><w c5="NN2" hw="truncheon" pos="SUBST">truncheons </w><w c5="PRP" hw="against" pos="PREP">against </w><w c5="AT0" hw="the" pos="ART">the </w><w c5="NN2" hw="crowd" pos="SUBST">crowds</w><c c5="PUN">.</c></s>
<s n="8"><w c5="NP0" hw="east" pos="SUBST">East </w><w c5="AJ0" hw="german" pos="ADJ">German </w><w c5="NN1" hw="television" pos="SUBST">television</w><c c5="PUN">, </c><w c5="PRP" hw="by" pos="PREP">by </w><w c5="NN1" hw="contrast" pos="SUBST">contrast</w><c c5="PUN">, </c><w c5="VVN-VVD" hw="focus" pos="VERB">focused </w><w c5="PRP" hw="on" pos="PREP">on </w><w c5="AJ0" hw="ponderous" pos="ADJ">ponderous </w><w c5="NN2" hw="wreath-laying" pos="SUBST">wreath-layings </w><w c5="CJC" hw="and" pos="CONJ">and </w><w c5="AJ0" hw="other" pos="ADJ">other </w><w c5="AJ0-NN1" hw="ceremonial" pos="ADJ">ceremonial </w><w c5="NN2" hw="event" pos="SUBST">events </w><w c5="PRP" hw="in" pos="PREP">in </w><w c5="NN1" hw="advance" pos="SUBST">advance </w><w c5="PRF" hw="of" pos="PREP">of </w><w c5="AT0" hw="the" pos="ART">the </w><w c5="AJ0" hw="official" pos="ADJ">official </w><w c5="NN1" hw="birthday" pos="SUBST">birthday</w><c c5="PUN">, </c><w c5="DTQ" hw="which" pos="PRON">which </w><w c5="VVZ" hw="fall" pos="VERB">falls </w><w c5="AV0" hw="tomorrow" pos="ADV">tomorrow</w><c c5="PUN">.</c></s>
<s n="9"><w c5="AT0" hw="the" pos="ART">The </w><w c5="AJ0" hw="front" pos="ADJ">front </w><w c5="NN2" hw="page" pos="SUBST">pages </w><w c5="PRF" hw="of" pos="PREP">of </w><w c5="AJ0" hw="official" pos="ADJ">official </w><w c5="NN2" hw="newspaper" pos="SUBST">newspapers </w><w c5="VHB" hw="have" pos="VERB">have </w><w c5="VBN" hw="be" pos="VERB">been </w><w c5="VVN" hw="fill" pos="VERB">filled </w><w c5="PRP" hw="with" pos="PREP">with </w><w c5="NN2" hw="tale" pos="SUBST">tales </w><w c5="PRF" hw="of" pos="PREP">of </w><w c5="AJ0" hw="glorious" pos="ADJ">glorious </w><w c5="AJ0" hw="national" pos="ADJ">national </w><w c5="NN2" hw="triumph" pos="SUBST">triumphs</w><c c5="PUN">, </c><w c5="VVN" hw="offset" pos="VERB">offset </w><w c5="AVP" hw="by" pos="ADV">by </w><w c5="PRP" hw="with" pos="PREP">with </w><w c5="AT0" hw="a" pos="ART">a </w><w c5="NN1" hw="smattering" pos="SUBST">smattering </w><w c5="PRF" hw="of" pos="PREP">of </w><w c5="NN1" hw="gloom" pos="SUBST">gloom </w><w c5="PRP" hw="from" pos="PREP">from </w><w c5="AT0" hw="the" pos="ART">the </w><w c5="NN1" hw="west" pos="SUBST">West </w><c c5="PUN">— </c><w c5="NN1" hw="unemployment" pos="SUBST">unemployment </w><w c5="PRP" hw="in" pos="PREP">in </w><w c5="AT0" hw="the" pos="ART">the </w><w c5="NP0" hw="us" pos="SUBST">US</w><c c5="PUN">, </c><w c5="NN2" hw="drug" pos="SUBST">drugs </w><w c5="PRP" hw="in" pos="PREP">in </w><w c5="NP0" hw="britain" pos="SUBST">Britain</w><c c5="PUN">, </c><mw c5="AV0"><w c5="CJC" hw="and" pos="CONJ">and </w><w c5="AV0" hw="so" pos="ADV">so </w><w c5="AV0" hw="on" pos="ADV">on</w></mw><c c5="PUN">.</c></s></p><p>
<s n="10"><w c5="CJC" hw="but" pos="CONJ">But </w><w c5="PRP" hw="despite" pos="PREP">despite </w><w c5="DT0" hw="all" pos="ADJ">all </w><w c5="AT0" hw="the" pos="ART">the </w><w c5="NN2" hw="authority" pos="SUBST">authorities</w><w c5="POS" hw="'" pos="UNC">' </w><w c5="NN2" hw="attempt" pos="SUBST">attempts </w><w c5="TO0" hw="to" pos="PREP">to </w><w c5="VVI" hw="pretend" pos="VERB">pretend </w><w c5="CJT" hw="that" pos="CONJ">that </w><w c5="DT0" hw="all" pos="ADJ">all </w><w c5="VVZ" hw="go" pos="VERB">goes </w><w c5="AV0" hw="well" pos="ADV">well</w><c c5="PUN">, </c><w c5="AT0" hw="the" pos="ART">the </w><w c5="NN1" hw="birthday" pos="SUBST">birthday </w><w c5="NN2" hw="celebration" pos="SUBST">celebrations </w><w c5="VBB" hw="be" pos="VERB">are </w><w c5="VVG" hw="move" pos="VERB">moving </w><w c5="AV0" hw="forward" pos="ADV">forward </w><w c5="PRP" hw="in" pos="PREP">in </w><w c5="AT0" hw="the" pos="ART">the </w><w c5="NN1" hw="shadow" pos="SUBST">shadow </w><w c5="PRF" hw="of" pos="PREP">of </w><w c5="AT0" hw="a" pos="ART">a </w><w c5="AJ0" hw="public" pos="ADJ">public </w><w c5="NN1" hw="mood" pos="SUBST">mood </w><w c5="PRF" hw="of" pos="PREP">of </w><w c5="AJ0" hw="national" pos="ADJ">national </w><w c5="NN1" hw="crisis" pos="SUBST">crisis</w><c c5="PUN">, </c><w c5="VVN" hw="dramatise" pos="VERB">dramatised </w><w c5="PRP" hw="by" pos="PREP">by </w><w c5="AT0" hw="the" pos="ART">the </w><w c5="CRD" hw="tens" pos="ADJ">tens </w><w c5="PRF" hw="of" pos="PREP">of </w><w c5="CRD" hw="thousands" pos="ADJ">thousands </w><w c5="PRF" hw="of" pos="PREP">of </w><w c5="NP0" hw="east" pos="SUBST">East </w><w c5="NN2" hw="german" pos="SUBST">Germans </w><w c5="VVG" hw="struggle" pos="VERB">struggling </w><w c5="TO0" hw="to" pos="PREP">to </w><w c5="VVI" hw="flee" pos="VERB">flee </w><w c5="PRP" hw="to" pos="PREP">to </w><w c5="AT0" hw="the" pos="ART">the </w><w c5="NN1" hw="west" pos="SUBST">West </w><w c5="PRP" hw="in" pos="PREP">in </w><w c5="AJ0" hw="recent" pos="ADJ">recent </w><w c5="NN2" hw="week" pos="SUBST">weeks</w><c c5="PUN">.</c></s>
<s n="11"><w c5="DPS" hw="they" pos="PRON">Their </w><w c5="CRD" hw="millions" pos="ADJ">millions </w><w c5="PRF" hw="of" pos="PREP">of </w><w c5="NN2" hw="compatriot" pos="SUBST">compatriots </w><w c5="VVB" hw="follow" pos="VERB">follow </w><w c5="AT0" hw="the" pos="ART">the </w><w c5="NN2" hw="detail" pos="SUBST">details </w><w c5="PRP" hw="on" pos="PREP">on </w><w c5="NP0" hw="west" pos="SUBST">West </w><w c5="AJ0" hw="german" pos="ADJ">German </w><w c5="NN1" hw="television" pos="SUBST">television</w><c c5="PUN">, </c><w c5="NN1" hw="day" pos="SUBST">day </w><w c5="PRP" hw="by" pos="PREP">by </w><w c5="NN1" hw="day" pos="SUBST">day</w><c c5="PUN">, </c><w c5="CJS" hw="while" pos="CONJ">while </w><w c5="AT0" hw="the" pos="ART">the </w><w c5="AJ0" hw="domestic" pos="ADJ">domestic </w><w c5="NN0" hw="media" pos="SUBST">media </w><w c5="VHB" hw="have" pos="VERB">have </w><w c5="VVN" hw="confine" pos="VERB">confined </w><w c5="DPS" hw="they" pos="PRON">their </w><w c5="NN2" hw="report" pos="SUBST">reports </w><w c5="TO0" hw="to" pos="PREP">to </w><w c5="VVI" hw="abuse" pos="VERB">abuse </w><w c5="PRP" hw="against" pos="PREP">against </w><w c5="AT0" hw="the" pos="ART">the </w><w c5="NN2" hw="authority" pos="SUBST">authorities </w><w c5="PRP" hw="in" pos="PREP">in </w><w c5="NP0" hw="bonn" pos="SUBST">Bonn</w><c c5="PUN">, </c><w c5="CJC" hw="and" pos="CONJ">and </w><w c5="AV0" hw="sometimes" pos="ADV">sometimes </w><w c5="PRP" hw="against" pos="PREP">against </w><w c5="DT0" hw="those" pos="ADJ">those </w><w c5="PNQ" hw="who" pos="PRON">who </w><w c5="VHB" hw="have" pos="VERB">have </w><w c5="VVN" hw="leave" pos="VERB">left</w><c c5="PUN">.</c></s>
<s n="12"><c c5="PUQ">‘</c><w c5="PNP" hw="we" pos="PRON">We </w><w c5="VM0" hw="should" pos="VERB">should </w><w c5="VVI" hw="weep" pos="VERB">weep </w><w c5="AT0" hw="no" pos="ART">no </w><w c5="NN2" hw="tear" pos="SUBST">tears </w><w c5="PRP" hw="for" pos="PREP">for </w><w c5="PNP" hw="they" pos="PRON">them</w><c c5="PUN">,</c><c c5="PUQ">’ </c><w c5="CRD" hw="one" pos="ADJ">one </w><w c5="NN1" hw="commentator" pos="SUBST">commentator </w><w c5="VVD" hw="say" pos="VERB">said</w><c c5="PUN">.</c></s></p><p>
<s n="13"><w c5="AJ0" hw="ordinary" pos="ADJ">Ordinary </w><w c5="NN0" hw="people" pos="SUBST">people </w><w c5="VVB" hw="talk" pos="VERB">talk </w><w c5="AV0" hw="constantly" pos="ADV">constantly </w><w c5="PRF" hw="of" pos="PREP">of </w><w c5="AT0" hw="the" pos="ART">the </w><w c5="AJ0" hw="continuing" pos="ADJ">continuing </w><w c5="NN1" hw="exodus" pos="SUBST">exodus</w><c c5="PUN">.</c></s>
<s n="14"><w c5="NN1" hw="opposition" pos="SUBST">Opposition </w><w c5="NN2" hw="group" pos="SUBST">groups </w><w c5="VVB" hw="grow" pos="VERB">grow </w><w c5="AJC" hw="bold" pos="ADJ">bolder</w><c c5="PUN">.</c></s>
<s n="15"><w c5="NN2" hw="crowd" pos="SUBST">Crowds </w><w c5="VHB" hw="have" pos="VERB">have </w><w c5="VVN" hw="demonstrate" pos="VERB">demonstrated </w><w c5="PRP" hw="in" pos="PREP">in </w><w c5="AJ0-VVG" hw="growing" pos="ADJ">growing </w><w c5="NN2" hw="number" pos="SUBST">numbers </w><w c5="PRP" hw="in" pos="PREP">in </w><w c5="AJ0" hw="recent" pos="ADJ">recent </w><w c5="NN2" hw="week" pos="SUBST">weeks </w><c c5="PUN">-</c><mw c5="AV0"><w c5="AVP" hw="up" pos="ADV">up </w><w c5="PRP" hw="to" pos="PREP">to </w></mw><w c5="CRD" hw="20,000" pos="ADJ">20,000 </w><w c5="PRP" hw="in" pos="PREP">in </w><w c5="NP0" hw="leipzig" pos="SUBST">Leipzig </w><w c5="PRP" hw="on" pos="PREP">on </w><w c5="NP0" hw="monday" pos="SUBST">Monday </w><w c5="NN1" hw="night" pos="SUBST">night</w><c c5="PUN">, </c><w c5="VVG" hw="chant" pos="VERB">chanting </w><c c5="PUQ">‘</c><w c5="NP0" hw="gorby" pos="SUBST">Gorby</w><c c5="PUN">!</c></s>
<s n="16"><w c5="NP0" hw="gorby" pos="SUBST">Gorby</w><c c5="PUN">!</c><c c5="PUQ">’ </c><w c5="PRP" hw="in" pos="PREP">in </w><w c5="AT0" hw="the" pos="ART">the </w><w c5="AJS" hw="large" pos="ADJ">largest </w><w c5="NN1" hw="protest" pos="SUBST">protest </w><w c5="PRP" hw="since" pos="PREP">since </w><w c5="AT0" hw="the" pos="ART">the </w><w c5="AJ0" hw="suppressed" pos="ADJ">suppressed </w><w c5="NN2" hw="worker" pos="SUBST">workers</w><w c5="POS" hw="'" pos="UNC">' </w><w c5="NN1" hw="uprising" pos="SUBST">uprising </w><w c5="PRF" hw="of" pos="PREP">of </w><w c5="CRD" hw="1953" pos="ADJ">1953</w><c c5="PUN">.</c></s></p><p>
<s n="17"><w c5="DT0" hw="many" pos="ADJ">Many </w><w c5="NP0" hw="east" pos="SUBST">East </w><w c5="NN2" hw="german" pos="SUBST">Germans </w><w c5="VVB" hw="say" pos="VERB">say </w><w c5="CJT" hw="that" pos="CONJ">that</w><c c5="PUN">, </c><w c5="CJS" hw="though" pos="CONJ">though </w><w c5="PNP" hw="they" pos="PRON">they </w><w c5="PNX" hw="themselves" pos="PRON">themselves </w><w c5="VDB" hw="do" pos="VERB">do </w><w c5="XX0" hw="not" pos="ADV">not </w><w c5="VVI" hw="want" pos="VERB">want </w><w c5="TO0" hw="to" pos="PREP">to </w><w c5="VVI" hw="leave" pos="VERB">leave</w><c c5="PUN">, </c><w c5="EX0" hw="there" pos="PRON">there </w><w c5="VBZ" hw="be" pos="VERB">is </w><w c5="AV0" hw="almost" pos="ADV">almost </w><w c5="AJ0" hw="universal" pos="ADJ">universal </w><w c5="NN1" hw="resentment" pos="SUBST">resentment </w><w c5="PRP" hw="at" pos="PREP">at </w><w c5="AT0" hw="the" pos="ART">the </w><w c5="AJ0-NN1" hw="official" pos="ADJ">official </w><w c5="NN2" hw="lie" pos="SUBST">lies </w><w c5="CJC" hw="and" pos="CONJ">and </w><w c5="AT0" hw="the" pos="ART">the </w><w c5="AJ0-NN1" hw="unbending" pos="ADJ">unbending </w><w c5="NN2" hw="attitude" pos="SUBST">attitudes </w><w c5="PRF" hw="of" pos="PREP">of </w><w c5="AT0" hw="the" pos="ART">the </w><w c5="NN2" hw="authority" pos="SUBST">authorities</w><c c5="PUN">, </c><w c5="PNQ" hw="who" pos="PRON">who</w><c c5="PUN">, </c><w c5="PRP" hw="by" pos="PREP">by </w><w c5="VVG" hw="cancel" pos="VERB">cancelling </w><w c5="AJ0" hw="visa-free" pos="ADJ">visa-free </w><w c5="NN1-VVB" hw="travel" pos="SUBST">travel </w><w c5="PRP" hw="to" pos="PREP">to </w><w c5="NP0" hw="czechoslovakia" pos="SUBST">Czechoslovakia </w><w c5="DT0" hw="this" pos="ADJ">this </w><w c5="NN1" hw="week" pos="SUBST">week</w><c c5="PUN">, </c><w c5="VVD" hw="make" pos="VERB">made </w><w c5="PNP" hw="it" pos="PRON">it </w><w c5="AV0" hw="even" pos="ADV">even </w><w c5="AV0" hw="more" pos="ADV">more </w><w c5="AJ0" hw="difficult" pos="ADJ">difficult </w><w c5="TO0" hw="to" pos="PREP">to </w><w c5="VVI" hw="escape" pos="VERB">escape </w><w c5="DTQ" hw="what" pos="PRON">what </w><w c5="CRD" hw="one" pos="ADJ">one </w><w c5="NN1" hw="person" pos="SUBST">person </w><w c5="VVN-VVD" hw="call" pos="VERB">called </w><c c5="PUQ">‘</c><w c5="DPS" hw="we" pos="PRON">our </w><w c5="NN1" hw="cage" pos="SUBST">cage</w><c c5="PUQ">’</c><c c5="PUN">.</c></s></p><p>
<s n="18"><w c5="NP0" hw="east" pos="SUBST">East </w><w c5="NP0" hw="germany" pos="SUBST">Germany</w><w c5="POS" hw="'s" pos="UNC">'s </w><w c5="ORD" hw="first" pos="ADJ">first </w><w c5="AJ0" hw="organised" pos="ADJ">organised </w><w c5="NN1" hw="opposition" pos="SUBST">opposition </w><w c5="NN1" hw="group" pos="SUBST">group</w><c c5="PUN">, </c><w c5="AJ0" hw="new" pos="ADJ">New </w><w c5="NN1" hw="forum" pos="SUBST">Forum</w><c c5="PUN">, </c><w c5="DPS" hw="it" pos="PRON">its </w><w c5="NN2" hw="aim" pos="SUBST">aims </w><w c5="AV0" hw="far" pos="ADV">far </w><w c5="PRP" hw="from" pos="PREP">from </w><w c5="NN1-AJ0" hw="radical" pos="SUBST">radical </w><w c5="PRP" hw="by" pos="PREP">by </w><w c5="NN1" hw="comparison" pos="SUBST">comparison </w><w c5="PRP" hw="with" pos="PREP">with </w><w c5="DT0" hw="those" pos="ADJ">those </w><w c5="AV0" hw="now" pos="ADV">now </w><w c5="VBG" hw="be" pos="VERB">being </w><w c5="VVN" hw="voice" pos="VERB">voiced </w><w c5="PRP" hw="in" pos="PREP">in </w><w c5="NP0" hw="poland" pos="SUBST">Poland </w><w c5="CJC" hw="and" pos="CONJ">and </w><w c5="NP0" hw="hungary" pos="SUBST">Hungary</w><c c5="PUN">, </c><w c5="VBD" hw="be" pos="VERB">was </w><w c5="VVN" hw="establish" pos="VERB">established </w><w c5="ORD" hw="last" pos="ADJ">last </w><w c5="NN1" hw="month" pos="SUBST">month </w><w c5="AV0" hw="even" pos="ADV">even </w><w c5="CJS-PRP" hw="as" pos="CONJ">as </w><w c5="AT0" hw="the" pos="ART">the </w><w c5="AJ0-NN1" hw="mass" pos="ADJ">mass </w><w c5="NN1" hw="exodus" pos="SUBST">exodus </w><w c5="VVD" hw="begin" pos="VERB">began</w><c c5="PUN">.</c></s></p><p>
<s n="19"><w c5="NP0" hw="jens" pos="SUBST">Jens </w><w c5="NP0" hw="reich" pos="SUBST">Reich</w><c c5="PUN">, </c><w c5="CRD" hw="one" pos="ADJ">one </w><w c5="PRF" hw="of" pos="PREP">of </w><w c5="DPS" hw="it" pos="PRON">its </w><w c5="NN2" hw="founder" pos="SUBST">founders</w><c c5="PUN">, </c><w c5="VVD" hw="say" pos="VERB">said </w><w c5="AV0" hw="yesterday" pos="ADV">yesterday</w><c c5="PUN">: </c><c c5="PUQ">‘</c><w c5="EX0" hw="there" pos="PRON">There </w><w c5="VBZ" hw="be" pos="VERB">is </w><w c5="DT0" hw="much" pos="ADJ">much </w><w c5="NN1" hw="anger" pos="SUBST">anger </w><w c5="CJT" hw="that" pos="CONJ">that </w><w c5="AT0" hw="the" pos="ART">the </w><w c5="NN1" hw="reality" pos="SUBST">reality </w><w c5="CJC" hw="and" pos="CONJ">and </w><w c5="AT0" hw="the" pos="ART">the </w><w c5="AJ0" hw="portrayed" pos="ADJ">portrayed </w><w c5="NN1" hw="image" pos="SUBST">image </w><w c5="VBB" hw="be" pos="VERB">are </w><w c5="AV0" hw="so" pos="ADV">so </w><w c5="AJ0" hw="different" pos="ADJ">different</w><c c5="PUN">…</c></s>
<s n="20"><c c5="PUN">. </c><w c5="PNP" hw="i" pos="PRON">I </w><w c5="VVB" hw="think" pos="VERB">think </w><w c5="PNP" hw="we" pos="PRON">we </w><w c5="VHB" hw="have" pos="VERB">have </w><w c5="VBN" hw="be" pos="VERB">been </w><w c5="AJ0" hw="silent" pos="ADJ">silent </w><w c5="AV0" hw="too" pos="ADV">too </w><w c5="AV0-AJ0" hw="long" pos="ADV">long</w><c c5="PUN">, </c><w c5="PNP" hw="we" pos="PRON">we</w><w c5="VHB" hw="have" pos="VERB">'ve </w><w c5="VVN" hw="tolerate" pos="VERB">tolerated </w><w c5="AV0" hw="too" pos="ADV">too </w><w c5="DT0" hw="much" pos="ADJ">much </w><w c5="PRP" hw="for" pos="PREP">for </w><w c5="AV0" hw="too" pos="ADV">too </w><w c5="AV0-AJ0" hw="long" pos="ADV">long</w><c c5="PUN">.</c><c c5="PUQ">’</c></s>
<s n="21"><w c5="PNP" hw="he" pos="PRON">He </w><w c5="VVD" hw="say" pos="VERB">said </w><w c5="CJT-DT0" hw="that" pos="CONJ">that </w><w c5="VVB-NN1" hw="support" pos="VERB">support </w><w c5="PRP" hw="for" pos="PREP">for </w><w c5="AT0" hw="the" pos="ART">the </w><w c5="NN1" hw="opposition" pos="SUBST">opposition </w><w c5="VBD" hw="be" pos="VERB">was </w><w c5="VVG-AJ0" hw="grow" pos="VERB">growing</w><c c5="PUN">, </c><w c5="CJC" hw="but" pos="CONJ">but </w><w c5="DT0" hw="many" pos="ADJ">many </w><w c5="VBD" hw="be" pos="VERB">were </w><w c5="AV0" hw="still" pos="ADV">still </w><w c5="AJ0" hw="afraid" pos="ADJ">afraid </w><c c5="PUN">— </c><w c5="XX0" hw="not" pos="ADV">not </w><w c5="AV0" hw="surprisingly" pos="ADV">surprisingly</w><c c5="PUN">, </c><w c5="CJS" hw="as" pos="CONJ">as </w><w c5="NN1" hw="opposition" pos="SUBST">opposition </w><w c5="NN2" hw="leader" pos="SUBST">leaders </w><w c5="VHB" hw="have" pos="VERB">have </w><w c5="AV0" hw="already" pos="ADV">already </w><w c5="VHN" hw="have" pos="VERB">had </w><w c5="AJ0" hw="officially-inspired" pos="ADJ">officially-inspired </w><w c5="NN2" hw="warning" pos="SUBST">warnings </w><w c5="CJT" hw="that" pos="CONJ">that</w><c c5="PUN">, </c><w c5="CJS-AVQ" hw="when" pos="CONJ">when </w><w c5="AT0" hw="the" pos="ART">the </w><w c5="NN1" hw="weekend" pos="SUBST">weekend</w><w c5="POS" hw="'s" pos="UNC">'s </w><w c5="AJ0" hw="official" pos="ADJ">official </w><w c5="NN1" hw="jubilation" pos="SUBST">jubilation </w><w c5="VBZ" hw="be" pos="VERB">is </w><w c5="AVP" hw="over" pos="ADV">over</w><c c5="PUN">, </c><w c5="EX0" hw="there" pos="PRON">there </w><w c5="VM0" hw="could" pos="VERB">could </w><w c5="VBI" hw="be" pos="VERB">be </w><w c5="AT0" hw="a" pos="ART">a </w><w c5="AJ0" hw="new" pos="ADJ">new </w><w c5="NN1" hw="clampdown" pos="SUBST">clampdown</w><c c5="PUN">.</c></s></p><p>
<s n="22"><w c5="AT0" hw="the" pos="ART">The </w><w c5="NN2" hw="hope" pos="SUBST">hopes </w><w c5="PRF" hw="of" pos="PREP">of </w><w c5="DT0" hw="many" pos="ADJ">many </w><w c5="NP0" hw="east" pos="SUBST">East </w><w c5="NN2" hw="german" pos="SUBST">Germans </w><w c5="AV0" hw="now" pos="ADV">now </w><w c5="VVB-NN1" hw="rest" pos="VERB">rest </w><w c5="PRP" hw="with" pos="PREP">with </w><w c5="NP0" hw="mr" pos="SUBST">Mr </w><w c5="NP0" hw="gorbachev" pos="SUBST">Gorbachev</w><c c5="PUN">.</c></s>
<s n="23"><w c5="CJC" hw="and" pos="CONJ">And </w><w c5="AV0" hw="yet" pos="ADV">yet </w><w c5="PNP" hw="he" pos="PRON">he </w><w c5="VVZ" hw="seem" pos="VERB">seems </w><w c5="AJ0" hw="unlikely" pos="ADJ">unlikely </w><w c5="TO0" hw="to" pos="PREP">to </w><w c5="VVI" hw="bring" pos="VERB">bring </w><w c5="PNP" hw="they" pos="PRON">them </w><w c5="AV0" hw="much" pos="ADV">much </w><w c5="VVB-NN1" hw="comfort" pos="VERB">comfort</w><c c5="PUN">.</c></s>
<s n="24"><w c5="NP0" hw="pravda" pos="SUBST">Pravda</w><c c5="PUN">, </c><w c5="AT0" hw="the" pos="ART">the </w><w c5="AJ0" hw="official" pos="ADJ">official </w><w c5="AJ0" hw="soviet" pos="ADJ">Soviet </w><w c5="NN1" hw="newspaper" pos="SUBST">newspaper</w><c c5="PUN">, </c><w c5="VHZ" hw="have" pos="VERB">has </w><w c5="VVN" hw="position" pos="VERB">positioned </w><w c5="PNX" hw="itself" pos="PRON">itself </w><w c5="AV0" hw="unambiguously" pos="ADV">unambiguously </w><w c5="PRP" hw="on" pos="PREP">on </w><w c5="AT0" hw="the" pos="ART">the </w><w c5="NN1" hw="side" pos="SUBST">side </w><w c5="PRF" hw="of" pos="PREP">of </w><w c5="AT0" hw="the" pos="ART">the </w><w c5="NP0" hw="east" pos="SUBST">East </w><w c5="AJ0" hw="german" pos="ADJ">German </w><w c5="NN1" hw="government" pos="SUBST">government</w><w c5="POS" hw="'s" pos="UNC">'s </w><w c5="NN1" hw="authority" pos="SUBST">authority</w><c c5="PUN">.</c></s>
<s n="25"><w c5="CJC" hw="and" pos="CONJ">And </w><w c5="CJS" hw="if" pos="CONJ">if </w><w c5="AT0" hw="the" pos="ART">the </w><w c5="AJ0" hw="soviet" pos="ADJ">Soviet </w><w c5="NN1" hw="leader" pos="SUBST">leader </w><w c5="VVD" hw="keep" pos="VERB">kept </w><w c5="AJ0" hw="silent" pos="ADJ">silent </w><w c5="PRP" hw="in" pos="PREP">in </w><w c5="NP0" hw="peking" pos="SUBST">Peking </w><w c5="PRP" hw="in" pos="PREP">in </w><w c5="NP0" hw="may" pos="SUBST">May</w><c c5="PUN">, </c><w c5="CJS" hw="as" pos="CONJ">as </w><w c5="CRD" hw="hundreds" pos="ADJ">hundreds </w><w c5="PRF" hw="of" pos="PREP">of </w><w c5="CRD" hw="thousands" pos="ADJ">thousands </w><w c5="VVD" hw="shout" pos="VERB">shouted </w><w c5="DPS" hw="he" pos="PRON">his </w><w c5="NN1" hw="name" pos="SUBST">name </w><w c5="PRP" hw="during" pos="PREP">during </w><w c5="AT0" hw="the" pos="ART">the </w><w c5="NN2" hw="demonstration" pos="SUBST">demonstrations </w><w c5="PRP" hw="at" pos="PREP">at </w><w c5="NP0" hw="tiananmen" pos="SUBST">Tiananmen</w><c c5="PUN">, </c><w c5="PNP" hw="he" pos="PRON">he </w><w c5="VVZ" hw="seem" pos="VERB">seems </w><w c5="AT0" hw="the" pos="ART">the </w><w c5="AV0" hw="more" pos="ADV">more </w><w c5="AJ0" hw="likely" pos="ADJ">likely </w><w c5="TO0" hw="to" pos="PREP">to </w><w c5="VVI" hw="say" pos="VERB">say </w><w c5="PNI" hw="nothing" pos="PRON">nothing </w><w c5="DTQ" hw="which" pos="PRON">which </w><w c5="VM0" hw="might" pos="VERB">might </w><w c5="VVI" hw="inflame" pos="VERB">inflame </w><w c5="NN2" hw="passion" pos="SUBST">passions </w><w c5="AV0" hw="so" pos="ADV">so </w><w c5="AV0" hw="comparatively" pos="ADV">comparatively </w><w c5="AV0-AJ0" hw="close" pos="ADV">close </w><w c5="PRP" hw="to" pos="PREP">to </w><w c5="NN1" hw="home" pos="SUBST">home</w><c c5="PUN">.</c></s></p><p>
<s n="26"><w c5="NP0" hw="winfried" pos="SUBST">Winfried </w><w c5="NP0-NN1" hw="wolk" pos="SUBST">Wolk</w><c c5="PUN">, </c><w c5="NN1" hw="leader" pos="SUBST">leader </w><w c5="PRF" hw="of" pos="PREP">of </w><w c5="AT0" hw="the" pos="ART">the </w><w c5="NP0" hw="east" pos="SUBST">East </w><w c5="AJ0" hw="german" pos="ADJ">German </w><w c5="AJ0" hw="christian" pos="ADJ">Christian </w><w c5="NN1" hw="democrat" pos="SUBST">Democrat </w><w c5="NN1" hw="party" pos="SUBST">party</w><c c5="PUN">, </c><w c5="AT0" hw="an" pos="ART">an </w><w c5="NN1" hw="ally" pos="SUBST">ally </w><w c5="PRF" hw="of" pos="PREP">of </w><w c5="AT0" hw="the" pos="ART">the </w><w c5="NN1" hw="government" pos="SUBST">government </w><w c5="CJC" hw="but" pos="CONJ">but </w><w c5="AT0" hw="a" pos="ART">a </w><w c5="NN1" hw="critic" pos="SUBST">critic </w><w c5="PRF" hw="of" pos="PREP">of </w><w c5="AT0" hw="the" pos="ART">the </w><w c5="NN1" hw="anniversary" pos="SUBST">anniversary </w><w c5="NN1" hw="celebration" pos="SUBST">celebration</w><c c5="PUN">, </c><w c5="VVN-VVD" hw="warn" pos="VERB">warned </w><w c5="PRP" hw="against" pos="PREP">against </w><w c5="NN1" hw="confrontation" pos="SUBST">confrontation</w><c c5="PUN">.</c></s>
<s n="27"><w c5="VDB" hw="do" pos="VERB">Do </w><w c5="XX0" hw="not" pos="ADV">not </w><w c5="VVI" hw="go" pos="VERB">go </w><w c5="AVP" hw="out" pos="ADV">out </w><w c5="PRP" hw="on" pos="PREP">on </w><w c5="AT0" hw="the" pos="ART">the </w><w c5="NN2" hw="street" pos="SUBST">streets</w><c c5="PUN">, </c><w c5="PNP" hw="he" pos="PRON">he </w><w c5="VVD" hw="beg" pos="VERB">begged </w><w c5="DPS" hw="he" pos="PRON">his </w><w c5="NN2" hw="compatriot" pos="SUBST">compatriots </w><c c5="PUN">— </c><w c5="AV0" hw="instead" pos="ADV">instead</w><c c5="PUN">, </c><w c5="VVD" hw="put" pos="VERB">put </w><w c5="AT0" hw="a" pos="ART">a </w><w c5="AJ0" hw="lighted" pos="ADJ">lighted </w><w c5="NN1" hw="candle" pos="SUBST">candle </w><w c5="PRP" hw="in" pos="PREP">in </w><w c5="AT0" hw="the" pos="ART">the </w><w c5="NN1" hw="window" pos="SUBST">window </w><w c5="PRP" hw="for" pos="PREP">for </w><w c5="NN1" hw="reform" pos="SUBST">reform</w><c c5="PUN">.</c></s></p></div><div level="1" n="891006 edition -- Title Page 1"><head type="MAIN">
<s n="28"><w c5="NN1" hw="game" pos="SUBST">Game </w><w c5="NN1" hw="warden" pos="SUBST">warden </w><c c5="PUQ">‘</c><w c5="AV0" hw="most" pos="ADV">most </w><w c5="AJ0" hw="likely" pos="ADJ">likely </w><w c5="NN1" hw="murderer" pos="SUBST">murderer </w><w c5="PRF" hw="of" pos="PREP">of </w><w c5="NP0" hw="julie" pos="SUBST">Julie </w><w c5="NP0" hw="ward" pos="SUBST">Ward</w><c c5="PUQ">’</c></s></head><head type="BYLINE">
<s n="29"><w c5="PRP" hw="from" pos="PREP">From </w><w c5="NP0" hw="steve" pos="SUBST">STEVE </w><w c5="NP0" hw="crawshaw" pos="SUBST">CRAWSHAW </w><w c5="PRP" hw="in" pos="PREP">in </w><w c5="NP0" hw="east" pos="SUBST">East </w><w c5="NP0" hw="berlin" pos="SUBST">Berlin</w></s></head><p>
<s n="30"><w c5="NP0" hw="simon" pos="SUBST">SIMON </w><w c5="NP0" hw="makalla" pos="SUBST">MAKALLA</w><c c5="PUN">, </c><w c5="AJ0" hw="chief" pos="ADJ">chief </w><w c5="NN1" hw="game" pos="SUBST">game </w><w c5="NN1" hw="warden" pos="SUBST">warden </w><w c5="PRF" hw="of" pos="PREP">of </w><w c5="AT0" hw="the" pos="ART">the </w><w c5="NP0" hw="masai" pos="SUBST">Masai </w><w c5="NP0" hw="mara" pos="SUBST">Mara </w><w c5="NN1" hw="game" pos="SUBST">game </w><w c5="NN1-VVB" hw="reserve" pos="SUBST">reserve </w><w c5="PRP" hw="in" pos="PREP">in </w><w c5="NP0" hw="kenya" pos="SUBST">Kenya</w><c c5="PUN">, </c><w c5="VBD" hw="be" pos="VERB">was </w><w c5="VVN" hw="name" pos="VERB">named </w><w c5="PRP" hw="in" pos="PREP">in </w><w c5="NN1" hw="court" pos="SUBST">court </w><w c5="AV0" hw="yesterday" pos="ADV">yesterday </w><w c5="PRP-CJS" hw="as" pos="PREP">as </w><w c5="AT0" hw="the" pos="ART">the </w><w c5="NN1" hw="man" pos="SUBST">man </w><w c5="AV0" hw="most" pos="ADV">most </w><w c5="AJ0" hw="likely" pos="ADJ">likely </w><w c5="TO0" hw="to" pos="PREP">to </w><w c5="VHI" hw="have" pos="VERB">have </w><w c5="VVN" hw="murder" pos="VERB">murdered </w><w c5="NP0" hw="julie" pos="SUBST">Julie </w><w c5="NP0" hw="ward" pos="SUBST">Ward</w><c c5="PUN">.</c></s></p><p>
<s n="31"><w c5="NP0" hw="byron" pos="SUBST">Byron </w><w c5="NP0" hw="georgiadis" pos="SUBST">Georgiadis</w><c c5="PUN">, </c><w c5="VVB-NN1" hw="counsel" pos="VERB">counsel </w><w c5="PRP" hw="for" pos="PREP">for </w><w c5="AT0" hw="the" pos="ART">the </w><w c5="AJ0" hw="dead" pos="ADJ">dead </w><w c5="NN1" hw="englishwoman" pos="SUBST">Englishwoman</w><w c5="POS" hw="'s" pos="UNC">'s </w><w c5="NN1" hw="family" pos="SUBST">family</w><c c5="PUN">, </c><w c5="VVG" hw="make" pos="VERB">making </w><w c5="DPS" hw="he" pos="PRON">his </w><w c5="AJ0-NN1" hw="closing" pos="ADJ">closing </w><w c5="NN2" hw="submission" pos="SUBST">submissions </w><w c5="PRP" hw="to" pos="PREP">to </w><w c5="AT0" hw="the" pos="ART">the </w><w c5="NN1" hw="inquest" pos="SUBST">inquest </w><w c5="PRP" hw="in" pos="PREP">in </w><w c5="NP0" hw="nairobi" pos="SUBST">Nairobi</w><c c5="PUN">, </c><w c5="VVD" hw="say" pos="VERB">said</w><c c5="PUN">: </c><c c5="PUQ">‘</c><w c5="PNP" hw="he" pos="PRON">He </w><w c5="VHD" hw="have" pos="VERB">had </w><w c5="AT0" hw="the" pos="ART">the </w><w c5="NN1" hw="mobility" pos="SUBST">mobility </w><w c5="CJC" hw="and" pos="CONJ">and </w><w c5="NN1" hw="authority" pos="SUBST">authority </w><w c5="TO0" hw="to" pos="PREP">to </w><w c5="VVI" hw="drive" pos="VERB">drive </w><w c5="PRP-AVP" hw="around" pos="PREP">around </w><w c5="AT0" hw="the" pos="ART">the </w><w c5="NN1" hw="reserve" pos="SUBST">reserve </w><w c5="PRP" hw="after" pos="PREP">after </w><w c5="NN1" hw="dark" pos="SUBST">dark </w><w c5="CJC" hw="and" pos="CONJ">and </w><w c5="AT0" hw="an" pos="ART">an </w><w c5="AJ0" hw="intimate" pos="ADJ">intimate </w><w c5="NN1" hw="knowledge" pos="SUBST">knowledge </w><w c5="PRF" hw="of" pos="PREP">of </w><w c5="AT0" hw="the" pos="ART">the </w><w c5="NN1" hw="area" pos="SUBST">area </w><c c5="PUN">— </c><w c5="DPS" hw="he" pos="PRON">his </w><w c5="NN1" hw="kingdom" pos="SUBST">kingdom</w><c c5="PUN">.</c><c c5="PUQ">’</c></s>
<s n="32"><w c5="DT0" hw="that" pos="ADJ">That </w><w c5="VM0" hw="should" pos="VERB">should </w><w c5="VHI" hw="have" pos="VERB">have </w><w c5="VVN" hw="prompt" pos="VERB">prompted </w><w c5="AT0" hw="the" pos="ART">the </w><w c5="NN2" hw="police" pos="SUBST">police </w><w c5="TO0" hw="to" pos="PREP">to </w><w c5="VVI" hw="question" pos="VERB">question </w><w c5="PNP" hw="he" pos="PRON">him </w><w c5="AV0" hw="closely" pos="ADV">closely</w><c c5="PUN">, </c><w c5="CJC" hw="but" pos="CONJ">but </w><w c5="PNP" hw="they" pos="PRON">they </w><w c5="AV0" hw="never" pos="ADV">never </w><w c5="VDD" hw="do" pos="VERB">did</w><c c5="PUN">.</c></s>
<s n="33"><c c5="PUQ">‘</c><w c5="NP0" hw="mr" pos="SUBST">Mr </w><w c5="NP0" hw="makallah" pos="SUBST">Makallah </w><w c5="VHD" hw="have" pos="VERB">had </w><w c5="AT0" hw="a" pos="ART">a </w><w c5="AJ0" hw="charmed" pos="ADJ">charmed </w><w c5="NN1" hw="life" pos="SUBST">life</w><c c5="PUN">.</c></s>
<s n="34"><w c5="PNP" hw="he" pos="PRON">He </w><w c5="VM0" hw="should" pos="VERB">should </w><w c5="VHI" hw="have" pos="VERB">have </w><w c5="VBN" hw="be" pos="VERB">been </w><w c5="AT0" hw="the" pos="ART">the </w><w c5="AJ0-NN1" hw="principal" pos="ADJ">principal </w><w c5="NN1" hw="suspect" pos="SUBST">suspect</w><c c5="PUN">.</c><c c5="PUQ">’</c></s></p><p>
<s n="35"><w c5="NP0" hw="miss" pos="SUBST">Miss </w><w c5="NP0" hw="ward" pos="SUBST">Ward</w><w c5="POS" hw="'s" pos="UNC">'s </w><w c5="AJ0-VVN" hw="charred" pos="ADJ">charred </w><w c5="CJC" hw="and" pos="CONJ">and </w><w c5="AJ0" hw="severed" pos="ADJ">severed </w><w c5="NN2" hw="remains" pos="SUBST">remains </w><w c5="VBD" hw="be" pos="VERB">were </w><w c5="VVN" hw="find" pos="VERB">found </w><w c5="PRP" hw="in" pos="PREP">in </w><w c5="AT0" hw="a" pos="ART">a </w><w c5="AJ0" hw="remote" pos="ADJ">remote </w><w c5="NN1" hw="part" pos="SUBST">part </w><w c5="PRF" hw="of" pos="PREP">of </w><w c5="AT0" hw="the" pos="ART">the </w><w c5="NN1" hw="game" pos="SUBST">game </w><w c5="NN1" hw="park" pos="SUBST">park </w><w c5="ORD" hw="last" pos="ADJ">last </w><w c5="NP0" hw="september" pos="SUBST">September </w><w c5="CRD" hw="six" pos="ADJ">six </w><w c5="NN2" hw="mile" pos="SUBST">miles </w><w c5="PRP" hw="from" pos="PREP">from </w><w c5="PNP" hw="she" pos="PRON">her </w><w c5="VVD" hw="abandon" pos="VERB">abandoned </w><w c5="NP0" hw="suzuki" pos="SUBST">Suzuki </w><w c5="NN1" hw="vehicle" pos="SUBST">vehicle</w><c c5="PUN">.</c></s></p><p>
<s n="36"><w c5="NP0" hw="mr" pos="SUBST">Mr </w><w c5="NP0" hw="georgiadis" pos="SUBST">Georgiadis </w><w c5="VVD" hw="say" pos="VERB">said </w><w c5="DT0" hw="much" pos="ADJ">much </w><w c5="PRF" hw="of" pos="PREP">of </w><w c5="NP0" hw="mr" pos="SUBST">Mr </w><w c5="NP0" hw="makallah" pos="SUBST">Makallah</w><w c5="POS" hw="'s" pos="UNC">'s </w><w c5="NN1" hw="evidence" pos="SUBST">evidence </w><w c5="PRP" hw="to" pos="PREP">to </w><w c5="AT0" hw="the" pos="ART">the </w><w c5="NN1" hw="inquest" pos="SUBST">inquest </w><w c5="VHD" hw="have" pos="VERB">had </w><w c5="VBN" hw="be" pos="VERB">been </w><w c5="NN2" hw="lie" pos="SUBST">lies </w><c c5="PUN">— </c><w c5="AV0" hw="particularly" pos="ADV">particularly </w><w c5="NN2-VVZ" hw="detail" pos="SUBST">details </w><w c5="PRP" hw="on" pos="PREP">on </w><w c5="CRD" hw="three" pos="ADJ">three </w><w c5="AJ0" hw="important" pos="ADJ">important </w><w c5="NN2" hw="issue" pos="SUBST">issues</w><c c5="PUN">: </c><w c5="NP0" hw="mr" pos="SUBST">Mr </w><w c5="NP0" hw="makallah" pos="SUBST">Makallah </w><w c5="VVD" hw="claim" pos="VERB">claimed </w><w c5="PNP" hw="he" pos="PRON">he </w><w c5="VM0" hw="could" pos="VERB">could </w><w c5="XX0" hw="not" pos="ADV">not </w><w c5="VVI" hw="drive" pos="VERB">drive</w><c c5="PUN">, </c><w c5="AV0" hw="yet" pos="ADV">yet </w><w c5="AJ0" hw="other" pos="ADJ">other </w><w c5="NN2" hw="witness" pos="SUBST">witnesses </w><w c5="VVD-VVN" hw="claim" pos="VERB">claimed </w><w c5="TO0" hw="to" pos="PREP">to </w><w c5="VHI" hw="have" pos="VERB">have </w><w c5="VBN" hw="be" pos="VERB">been </w><w c5="VVN" hw="drive" pos="VERB">driven </w><w c5="PRP" hw="by" pos="PREP">by </w><w c5="PNP" hw="he" pos="PRON">him</w><c c5="PUN">; </c><w c5="PNP" hw="he" pos="PRON">he </w><w c5="VVD" hw="deny" pos="VERB">denied </w><w c5="VVG" hw="tell" pos="VERB">telling </w><w c5="AT0" hw="a" pos="ART">a </w><w c5="NN1" hw="camp" pos="SUBST">camp </w><w c5="NN1" hw="site" pos="SUBST">site </w><w c5="NN1" hw="proprietor" pos="SUBST">proprietor </w><w c5="CJT" hw="that" pos="CONJ">that </w><w c5="NP0" hw="miss" pos="SUBST">Miss </w><w c5="NP0" hw="ward" pos="SUBST">Ward </w><w c5="VBD" hw="be" pos="VERB">was </w><w c5="AV0" hw="definitely" pos="ADV">definitely </w><w c5="XX0" hw="not" pos="ADV">not </w><w c5="VVN" hw="kill" pos="VERB">killed </w><w c5="PRP" hw="by" pos="PREP">by </w><w c5="AJ0" hw="wild" pos="ADJ">wild </w><w c5="NN2" hw="animal" pos="SUBST">animals</w><c c5="PUN">; </c><w c5="CJC" hw="and" pos="CONJ">and </w><w c5="PNP" hw="he" pos="PRON">he </w><w c5="VVD" hw="cover" pos="VERB">covered </w><w c5="AVP" hw="up" pos="ADV">up </w><w c5="AVQ" hw="how" pos="ADV">how </w><w c5="PNP" hw="he" pos="PRON">he </w><w c5="VVD" hw="know" pos="VERB">knew </w><w c5="DPS" hw="she" pos="PRON">her </w><w c5="NN1" hw="jeep" pos="SUBST">jeep </w><w c5="VDD" hw="do" pos="VERB">did </w><w c5="XX0" hw="not" pos="ADV">not </w><w c5="VHI" hw="have" pos="VERB">have </w><w c5="AJ0" hw="four-wheel" pos="ADJ">four-wheel </w><w c5="NN1" hw="drive" pos="SUBST">drive</w><c c5="PUN">.</c></s></p><p>
<s n="37"><w c5="NP0" hw="mr" pos="SUBST">Mr </w><w c5="NP0" hw="georgiadis" pos="SUBST">Georgiadis </w><w c5="VVD" hw="say" pos="VERB">said</w><c c5="PUN">: </c><c c5="PUQ">‘</c><w c5="DT0" hw="this" pos="ADJ">This </w><w c5="NN1" hw="murder" pos="SUBST">murder </w><w c5="VHZ" hw="have" pos="VERB">has </w><w c5="PNI" hw="nothing" pos="PRON">nothing </w><w c5="TO0" hw="to" pos="PREP">to </w><w c5="VDI" hw="do" pos="VERB">do </w><w c5="PRP" hw="with" pos="PREP">with </w><w c5="NN2" hw="poacher" pos="SUBST">poachers</w><c c5="PUN">, </c><w c5="NN2" hw="ugandan" pos="SUBST">Ugandans</w><c c5="PUN">, </c><w c5="NN2" hw="somalian" pos="SUBST">Somalians</w><c c5="PUN">, </c><w c5="NN2" hw="tanzanian" pos="SUBST">Tanzanians </w><w c5="CJC" hw="or" pos="CONJ">or </w><w c5="AV0-AJ0" hw="little" pos="ADV">little </w><w c5="AJ0" hw="green" pos="ADJ">green </w><w c5="NN2" hw="man" pos="SUBST">men </w><w c5="PRP" hw="from" pos="PREP">from </w><w c5="NP0" hw="mars" pos="SUBST">Mars</w><c c5="PUN">…</c></s>
<s n="38"><w c5="AT0" hw="the" pos="ART">The </w><w c5="NN1-AJ0" hw="key" pos="SUBST">key </w><w c5="PRP" hw="to" pos="PREP">to </w><w c5="PNP" hw="it" pos="PRON">it </w><w c5="VBZ" hw="be" pos="VERB">is </w><w c5="PRP" hw="with" pos="PREP">with </w><w c5="NP0" hw="simon" pos="SUBST">Simon </w><w c5="NP0" hw="makallah" pos="SUBST">Makallah</w><c c5="PUN">, </c><w c5="PNQ" hw="who" pos="PRON">who </w><w c5="VVD" hw="lie" pos="VERB">lied </w><w c5="PRP" hw="to" pos="PREP">to </w><w c5="PNP" hw="we" pos="PRON">us </w><w c5="PRP" hw="on" pos="PREP">on </w><w c5="CRD" hw="three" pos="ADJ">three </w><w c5="NN2" hw="occasion" pos="SUBST">occasions</w><c c5="PUN">.</c><c c5="PUQ">’</c></s></p><p>
<s n="39"><w c5="AT0" hw="the" pos="ART">The </w><w c5="NN1" hw="evidence" pos="SUBST">evidence </w><w c5="PRP" hw="at" pos="PREP">at </w><w c5="AT0" hw="the" pos="ART">the </w><w c5="NN1" hw="inquest" pos="SUBST">inquest </w><w c5="VHD" hw="have" pos="VERB">had </w><w c5="VVN" hw="vindicate" pos="VERB">vindicated </w><w c5="AT0" hw="the" pos="ART">the </w><w c5="NN1" hw="struggle" pos="SUBST">struggle </w><w c5="PRP" hw="by" pos="PREP">by </w><w c5="AT0" hw="the" pos="ART">the </w><w c5="AJ0" hw="dead" pos="ADJ">dead </w><w c5="NN1" hw="woman" pos="SUBST">woman</w><w c5="POS" hw="'s" pos="UNC">'s </w><w c5="NN1" hw="father" pos="SUBST">father</w><c c5="PUN">, </c><w c5="NP0" hw="john" pos="SUBST">John </w><w c5="NP0" hw="ward" pos="SUBST">Ward</w><c c5="PUN">, </c><w c5="TO0" hw="to" pos="PREP">to </w><w c5="VVI" hw="make" pos="VERB">make </w><w c5="AT0" hw="the" pos="ART">the </w><w c5="NN2" hw="authority" pos="SUBST">authorities </w><w c5="VVI" hw="accept" pos="VERB">accept </w><w c5="PNP" hw="she" pos="PRON">she </w><w c5="VHD" hw="have" pos="VERB">had </w><w c5="VBN" hw="be" pos="VERB">been </w><w c5="VVN" hw="murder" pos="VERB">murdered</w><c c5="PUN">.</c></s>
<s n="40"><w c5="DT0" hw="any" pos="ADJ">Any </w><w c5="AJ0" hw="other" pos="ADJ">other </w><w c5="NN2" hw="explanation" pos="SUBST">explanations </w><w c5="VBD" hw="be" pos="VERB">were </w><w c5="AJ0" hw="bizarre" pos="ADJ">bizarre</w><c c5="PUN">, </c><w c5="NP0" hw="mr" pos="SUBST">Mr </w><w c5="NP0" hw="georgiadis" pos="SUBST">Georgiadis </w><w c5="VVD" hw="say" pos="VERB">said</w><c c5="PUN">.</c></s>
<s n="41"><c c5="PUQ">‘</c><w c5="AT0" hw="the" pos="ART">The </w><w c5="NN2" hw="police" pos="SUBST">police </w><w c5="VM0" hw="will" pos="VERB">will </w><w c5="VHI" hw="have" pos="VERB">have </w><w c5="PNP" hw="you" pos="PRON">you </w><w c5="VVB" hw="believe" pos="VERB">believe </w><w c5="CJT-DT0" hw="that" pos="CONJ">that </w><w c5="PRP" hw="on" pos="PREP">on </w><w c5="AT0" hw="the" pos="ART">the </w><w c5="NN1" hw="night" pos="SUBST">night </w><w c5="PRF" hw="of" pos="PREP">of </w><w c5="CRD" hw="12" pos="ADJ">12 </w><w c5="NP0" hw="september" pos="SUBST">September</w><c c5="PUN">, </c><w c5="PRP" hw="after" pos="PREP">after </w><w c5="VVG" hw="consume" pos="VERB">consuming </w><w c5="DT0" hw="half" pos="ADJ">half </w><w c5="AT0" hw="a" pos="ART">a </w><w c5="NN1" hw="tin" pos="SUBST">tin </w><w c5="PRF" hw="of" pos="PREP">of </w><w c5="NN2" hw="pilchard" pos="SUBST">pilchards</w><c c5="PUN">, </c><w c5="PNP" hw="she" pos="PRON">she </w><w c5="VVD" hw="decide" pos="VERB">decided </w><w c5="NN1" hw="life" pos="SUBST">life </w><w c5="VBD" hw="be" pos="VERB">was </w><w c5="XX0" hw="not" pos="ADV">not </w><w c5="PRP" hw="worth" pos="PREP">worth </w><w c5="VVG-NN1" hw="live" pos="VERB">living </w><w c5="CJC" hw="and" pos="CONJ">and </w><w c5="VVD-VVN" hw="hack" pos="VERB">hacked </w><w c5="AVP-PRP" hw="off" pos="ADV">off </w><w c5="DPS" hw="she" pos="PRON">her </w><w c5="AJ0" hw="left" pos="ADJ">left </w><w c5="NN1" hw="leg" pos="SUBST">leg </w><w c5="PRP" hw="with" pos="PREP">with </w><w c5="AT0" hw="a" pos="ART">a </w><w c5="AJ0" hw="non-existent" pos="ADJ">non-existent </w><w c5="AJ0" hw="sharp" pos="ADJ">sharp </w><w c5="NN1" hw="instrument" pos="SUBST">instrument</w><c c5="PUN">.</c></s>
<s n="42"><w c5="AV0" hw="then" pos="ADV">Then </w><w c5="PNP" hw="she" pos="PRON">she </w><w c5="VVD" hw="lop" pos="VERB">lopped </w><w c5="AVP-PRP" hw="off" pos="ADV">off </w><w c5="DPS" hw="she" pos="PRON">her </w><w c5="NN1" hw="head" pos="SUBST">head </w><w c5="CJC" hw="and" pos="CONJ">and </w><w c5="AV0" hw="finally" pos="ADV">finally </w><w c5="VVN" hw="decide" pos="VERB">decided </w><w c5="TO0" hw="to" pos="PREP">to </w><w c5="VVI" hw="douse" pos="VERB">douse </w><w c5="DPS" hw="she" pos="PRON">her </w><w c5="NN1" hw="mortal" pos="SUBST">mortal </w><w c5="VVZ" hw="remain" pos="VERB">remains </w><w c5="PRP" hw="with" pos="PREP">with </w><w c5="NN1" hw="petrol" pos="SUBST">petrol </w><w c5="CJC" hw="and" pos="CONJ">and </w><w c5="VVB-NN1" hw="set" pos="VERB">set </w><w c5="NN1" hw="fire" pos="SUBST">fire </w><w c5="PRP" hw="to" pos="PREP">to </w><w c5="PNX" hw="herself" pos="PRON">herself</w><c c5="PUN">.</c><c c5="PUQ">’</c></s></p></div><div level="1" n="891006 edition -- Title Page 1"><head type="MAIN">
<s n="43"><w c5="NN1" hw="labour" pos="SUBST">Labour </w><w c5="VVZ" hw="turn" pos="VERB">turns </w><w c5="AVP-PRP" hw="down" pos="ADV">down </w><w c5="NN1-VVB" hw="move" pos="SUBST">move </w><w c5="PRP" hw="towards" pos="PREP">towards </w><w c5="AJ0" hw="electoral" pos="ADJ">electoral </w><w c5="NN1" hw="reform" pos="SUBST">reform</w></s></head><head type="BYLINE">
<s n="44"><w c5="PRP" hw="by" pos="PREP">By </w><w c5="NP0" hw="colin" pos="SUBST">COLIN </w><w c5="NP0" hw="hughes" pos="SUBST">HUGHES</w><c c5="PUN">, </c><w c5="AJ0" hw="political" pos="ADJ">Political </w><w c5="NN1" hw="correspondent" pos="SUBST">Correspondent</w></s></head><p>
<s n="45"><w c5="AT0" hw="the" pos="ART">THE </w><w c5="AJ0-NN1" hw="labour" pos="ADJ">LABOUR </w><w c5="NN1" hw="conference" pos="SUBST">conference </w><w c5="VVN" hw="vote" pos="VERB">voted </w><w c5="PRP" hw="by" pos="PREP">by </w><w c5="AT0" hw="a" pos="ART">a </w><w c5="CRD" hw="3-1" pos="ADJ">3-1 </w><w c5="NN1" hw="majority" pos="SUBST">majority </w><w c5="AV0" hw="yesterday" pos="ADV">yesterday </w><w c5="TO0" hw="to" pos="PREP">to </w><w c5="VVI" hw="reject" pos="VERB">reject </w><w c5="NN2" hw="move" pos="SUBST">moves </w><w c5="TO0" hw="to" pos="PREP">to </w><w c5="VVI" hw="commit" pos="VERB">commit </w><w c5="AT0" hw="the" pos="ART">the </w><w c5="NN1" hw="party" pos="SUBST">party </w><w c5="PRP" hw="to" pos="PREP">to </w><w c5="VVG" hw="change" pos="VERB">changing </w><w c5="AT0" hw="the" pos="ART">the </w><w c5="NN1" hw="voting" pos="SUBST">voting </w><w c5="NN1" hw="system" pos="SUBST">system </w><w c5="PRP" hw="at" pos="PREP">at </w><w c5="AJ0" hw="parliamentary" pos="ADJ">parliamentary </w><w c5="NN2" hw="election" pos="SUBST">elections</w><c c5="PUN">.</c></s></p><p>
<s n="46"><w c5="AT0" hw="the" pos="ART">The </w><w c5="NN1" hw="strength" pos="SUBST">strength </w><w c5="PRF" hw="of" pos="PREP">of </w><w c5="NN1" hw="opposition" pos="SUBST">opposition </w><w c5="PRP" hw="to" pos="PREP">to </w><w c5="NN2" hw="call" pos="SUBST">calls </w><w c5="PRP" hw="for" pos="PREP">for </w><w c5="AT0" hw="a" pos="ART">a </w><w c5="AJ0" hw="working" pos="ADJ">working </w><w c5="NN1" hw="party" pos="SUBST">party </w><w c5="TO0" hw="to" pos="PREP">to </w><w c5="VVI" hw="consider" pos="VERB">consider </w><w c5="AT0" hw="the" pos="ART">the </w><w c5="NN2" hw="option" pos="SUBST">options </w><w c5="PRP" hw="for" pos="PREP">for </w><w c5="AJ0" hw="electoral" pos="ADJ">electoral </w><w c5="NN1" hw="reform" pos="SUBST">reform </w><w c5="VVD" hw="delight" pos="VERB">delighted </w><w c5="AT0" hw="the" pos="ART">the </w><w c5="NN1" hw="party" pos="SUBST">party </w><w c5="NN1" hw="leadership" pos="SUBST">leadership</w><c c5="PUN">.</c></s>
<s n="47"><w c5="PRP" hw="during" pos="PREP">During </w><w c5="AT0" hw="the" pos="ART">the </w><w c5="NN1" hw="debate" pos="SUBST">debate </w><w c5="NP0" hw="roy" pos="SUBST">Roy </w><w c5="NP0" hw="hattersley" pos="SUBST">Hattersley</w><c c5="PUN">, </c><w c5="AT0" hw="the" pos="ART">the </w><w c5="NN1" hw="deputy" pos="SUBST">deputy </w><w c5="NN1" hw="leader" pos="SUBST">leader</w><c c5="PUN">, </c><w c5="VVD" hw="argue" pos="VERB">argued </w><w c5="CJT" hw="that" pos="CONJ">that </w><w c5="PNP" hw="it" pos="PRON">it </w><w c5="VM0" hw="would" pos="VERB">would </w><w c5="VBI" hw="be" pos="VERB">be </w><c c5="PUQ">‘</c><w c5="AJ0" hw="historic" pos="ADJ">historic </w><w c5="NN1" hw="folly" pos="SUBST">folly</w><c c5="PUQ">’ </c><w c5="PRP" hw="for" pos="PREP">for </w><w c5="AJ0-NN1" hw="labour" pos="ADJ">Labour </w><w c5="PRP" hw="to" pos="PREP">to </w><w c5="AJ0-NN1" hw="back" pos="ADJ">back </w><w c5="AJ0" hw="proportional" pos="ADJ">proportional </w><w c5="NN1" hw="representation" pos="SUBST">representation</w><c c5="PUN">; </c><w c5="AJ0" hw="inevitable" pos="ADJ">inevitable </w><w c5="NN2" hw="coalition" pos="SUBST">coalitions </w><w c5="VM0" hw="would" pos="VERB">would </w><w c5="VVI" hw="mean" pos="VERB">mean </w><w c5="CJT" hw="that" pos="CONJ">that </w><c c5="PUQ">‘</c><w c5="PNP" hw="we" pos="PRON">we </w><w c5="VM0" hw="would" pos="VERB">would </w><w c5="AV0" hw="never" pos="ADV">never </w><w c5="AV0" hw="again" pos="ADV">again </w><w c5="VHI" hw="have" pos="VERB">have </w><w c5="AT0" hw="a" pos="ART">a </w><w c5="AJ0" hw="labour" pos="ADJ">Labour </w><w c5="NN1" hw="government" pos="SUBST">government </w><w c5="CJT-DT0" hw="that" pos="CONJ">that </w><w c5="VBD" hw="be" pos="VERB">was </w><w c5="AJ0" hw="able" pos="ADJ">able </w><w c5="TO0" hw="to" pos="PREP">to </w><w c5="VVI" hw="carry" pos="VERB">carry </w><w c5="AVP" hw="out" pos="ADV">out </w><w c5="AT0" hw="a" pos="ART">a </w><w c5="AJ0" hw="labour" pos="ADJ">Labour </w><w c5="NN1" hw="programme" pos="SUBST">programme</w><c c5="PUQ">’</c><c c5="PUN">.</c></s></p><p>
<s n="48"><w c5="CJC" hw="but" pos="CONJ">But </w><w c5="NN2-VVZ" hw="advocate" pos="SUBST">advocates </w><w c5="PRF" hw="of" pos="PREP">of </w><w c5="NP0" hw="pr" pos="SUBST">PR </w><w c5="VVD" hw="say" pos="VERB">said </w><w c5="AV0" hw="afterwards" pos="ADV">afterwards </w><w c5="CJT" hw="that" pos="CONJ">that </w><w c5="AT0" hw="the" pos="ART">the </w><w c5="NN1" hw="issue" pos="SUBST">issue </w><w c5="VM0" hw="would" pos="VERB">would </w><w c5="XX0" hw="not" pos="ADV">not </w><w c5="VVI" hw="go" pos="VERB">go </w><w c5="AV0" hw="away" pos="ADV">away</w><c c5="PUN">: </c><w c5="AJ0-NN1" hw="labour" pos="ADJ">Labour </w><w c5="VHZ" hw="have" pos="VERB">has </w><w c5="AV0" hw="yet" pos="ADV">yet </w><w c5="TO0" hw="to" pos="PREP">to </w><w c5="VVI" hw="decide" pos="VERB">decide </w><w c5="DPS" hw="it" pos="PRON">its </w><w c5="AJ0" hw="preferred" pos="ADJ">preferred </w><w c5="NN1" hw="method" pos="SUBST">method </w><w c5="PRF" hw="of" pos="PREP">of </w><w c5="VVG" hw="elect" pos="VERB">electing </w><w c5="DPS" hw="it" pos="PRON">its </w><w c5="AJ0" hw="proposed" pos="ADJ">proposed </w><w c5="AJ0" hw="regional" pos="ADJ">regional </w><w c5="NN2" hw="assembly" pos="SUBST">assemblies </w><w c5="CJC" hw="and" pos="CONJ">and </w><w c5="DPS" hw="it" pos="PRON">its </w><w c5="NN1" hw="replacement" pos="SUBST">replacement </w><w c5="PRP" hw="for" pos="PREP">for </w><w c5="AT0" hw="the" pos="ART">the </w><w c5="NN1" hw="house" pos="SUBST">House </w><w c5="PRF" hw="of" pos="PREP">of </w><w c5="NP0" hw="lords" pos="SUBST">Lords</w><c c5="PUN">.</c></s></p><p>
<s n="49"><w c5="NP0" hw="jeff" pos="SUBST">Jeff </w><w c5="NP0" hw="rooker" pos="SUBST">Rooker</w><c c5="PUN">, </c><w c5="AT0" hw="the" pos="ART">the </w><w c5="NN1" hw="mp" pos="SUBST">MP </w><w c5="PRP" hw="for" pos="PREP">for </w><w c5="NP0" hw="birmingham" pos="SUBST">Birmingham </w><w c5="NP0" hw="perry" pos="SUBST">Perry </w><w c5="NP0" hw="barr" pos="SUBST">Barr</w><c c5="PUN">, </c><w c5="PNQ" hw="who" pos="PRON">who </w><w c5="VVD" hw="retire" pos="VERB">retired </w><w c5="PRP" hw="from" pos="PREP">from </w><w c5="NN1" hw="labour" pos="SUBST">Labour</w><w c5="POS" hw="'s" pos="UNC">'s </w><w c5="AJ0" hw="front" pos="ADJ">front </w><w c5="NN1" hw="bench" pos="SUBST">bench </w><w c5="ORD" hw="last" pos="ADJ">last </w><w c5="NN1" hw="year" pos="SUBST">year </w><w c5="AV0" hw="partly" pos="ADV">partly </w><w c5="TO0" hw="to" pos="PREP">to </w><w c5="VVI" hw="campaign" pos="VERB">campaign </w><w c5="PRP" hw="for" pos="PREP">for </w><w c5="NP0" hw="pr" pos="SUBST">PR</w><c c5="PUN">, </c><w c5="VVD" hw="say" pos="VERB">said</w><c c5="PUN">: </c><c c5="PUQ">‘</c><mw c5="AV0"><w c5="AT0" hw="a" pos="ART">A </w><w c5="NN1" hw="lot" pos="SUBST">lot </w></mw><w c5="DT0" hw="more" pos="ADJ">more </w><w c5="NN0" hw="people" pos="SUBST">people </w><w c5="VVD" hw="go" pos="VERB">went </w><mw c5="PRP"><w c5="AV0" hw="away" pos="ADV">away </w><w c5="PRP" hw="from" pos="PREP">from </w></mw><w c5="DT0" hw="this" pos="ADJ">this </w><w c5="NN1" hw="conference" pos="SUBST">conference </w><w c5="AJ0-VVN" hw="convinced" pos="ADJ">convinced </w><w c5="PRF" hw="of" pos="PREP">of </w><w c5="AT0" hw="the" pos="ART">the </w><w c5="NN2" hw="merit" pos="SUBST">merits </w><w c5="PRF" hw="of" pos="PREP">of </w><w c5="AT0" hw="the" pos="ART">the </w><w c5="NN1" hw="argument" pos="SUBST">argument </w><w c5="CJS" hw="than" pos="CONJ">than </w><w c5="VBZ" hw="be" pos="VERB">is </w><w c5="VVN" hw="show" pos="VERB">shown </w><w c5="PRP" hw="in" pos="PREP">in </w><w c5="AT0" hw="the" pos="ART">the </w><w c5="NN1" hw="vote" pos="SUBST">vote</w><c c5="PUN">.</c><c c5="PUQ">’</c></s>
<s n="50"><w c5="NP0" hw="gavin" pos="SUBST">Gavin </w><w c5="NP0" hw="laird" pos="SUBST">Laird</w><c c5="PUN">, </c><w c5="AT0" hw="the" pos="ART">the </w><w c5="AJ0-NN1" hw="general" pos="ADJ">general </w><w c5="NN1" hw="secretary" pos="SUBST">secretary </w><w c5="PRF" hw="of" pos="PREP">of </w><w c5="AT0" hw="the" pos="ART">the </w><w c5="AJ0" hw="amalgamated" pos="ADJ">Amalgamated </w><w c5="NN1" hw="engineering" pos="SUBST">Engineering </w><w c5="NN1-NP0" hw="union" pos="SUBST">Union</w><c c5="PUN">, </c><w c5="VVD" hw="say" pos="VERB">said </w><w c5="CJT" hw="that" pos="CONJ">that </w><w c5="PNP" hw="it" pos="PRON">it </w><w c5="VBD" hw="be" pos="VERB">was </w><w c5="AT0" hw="the" pos="ART">the </w><w c5="ORD" hw="last" pos="ADJ">last </w><c c5="PUQ">‘</c><w c5="AJ0" hw="burning" pos="ADJ">burning </w><w c5="NN1" hw="issue" pos="SUBST">issue</w><c c5="PUQ">’ </c><w c5="NN1" hw="labour" pos="SUBST">Labour </w><w c5="VVD-VVN" hw="need" pos="VERB">needed </w><w c5="TO0" hw="to" pos="PREP">to </w><w c5="VVI" hw="resolve" pos="VERB">resolve </w><w c5="PRP" hw="before" pos="PREP">before </w><w c5="AT0" hw="the" pos="ART">the </w><w c5="ORD" hw="next" pos="ADJ">next </w><w c5="NN1" hw="election" pos="SUBST">election</w><c c5="PUN">.</c></s></p><p>
<s n="51"><w c5="NP0" hw="mr" pos="SUBST">Mr </w><w c5="NP0" hw="hattersley" pos="SUBST">Hattersley </w><w c5="VVD" hw="say" pos="VERB">said </w><w c5="PRP" hw="during" pos="PREP">during </w><w c5="AT0" hw="the" pos="ART">the </w><w c5="NN1" hw="debate" pos="SUBST">debate </w><w c5="CJT" hw="that" pos="CONJ">that </w><w c5="PNP" hw="he" pos="PRON">he </w><w c5="CJC" hw="and" pos="CONJ">and </w><w c5="NP0" hw="neil" pos="SUBST">Neil </w><w c5="NP0" hw="kinnock" pos="SUBST">Kinnock </w><w c5="VBD" hw="be" pos="VERB">were </w><w c5="AV0" hw="more" pos="ADV">more </w><w c5="AJ0" hw="determined" pos="ADJ">determined </w><w c5="CJS" hw="than" pos="CONJ">than </w><w c5="AV0" hw="ever" pos="ADV">ever </w><w c5="TO0" hw="to" pos="PREP">to </w><w c5="VVI" hw="resist" pos="VERB">resist </w><w c5="NN1" hw="pressure" pos="SUBST">pressure </w><w c5="PRP" hw="for" pos="PREP">for </w><w c5="AJ0-NN1" hw="labour" pos="ADJ">Labour </w><w c5="PRP" hw="to" pos="PREP">to </w><w c5="NN1" hw="back" pos="SUBST">back </w><w c5="NP0-NN1" hw="pr" pos="SUBST">PR</w><c c5="PUN">, </c><w c5="CJS" hw="because" pos="CONJ">because </w><w c5="NN2" hw="voter" pos="SUBST">voters </w><w c5="VM0" hw="would" pos="VERB">would </w><w c5="VVI" hw="suspect" pos="VERB">suspect </w><w c5="CJT" hw="that" pos="CONJ">that </w><w c5="AT0" hw="the" pos="ART">the </w><w c5="NN1" hw="party" pos="SUBST">party </w><w c5="VVD" hw="lack" pos="VERB">lacked </w><w c5="NN1" hw="confidence" pos="SUBST">confidence </w><w c5="PRP" hw="in" pos="PREP">in </w><w c5="DPS" hw="it" pos="PRON">its </w><w c5="NN1" hw="ability" pos="SUBST">ability </w><w c5="TO0" hw="to" pos="PREP">to </w><w c5="VVI" hw="win" pos="VERB">win </w><w c5="PRP" hw="under" pos="PREP">under </w><w c5="AT0" hw="the" pos="ART">the </w><w c5="AJ0-NN1" hw="present" pos="ADJ">present </w><w c5="NN1" hw="system" pos="SUBST">system</w><c c5="PUN">.</c></s></p><p>
<s n="52"><w c5="NP0" hw="mr" pos="SUBST">Mr </w><w c5="NP0" hw="hattersley" pos="SUBST">Hattersley</w><c c5="PUN">, </c><w c5="AV0" hw="however" pos="ADV">however</w><c c5="PUN">, </c><w c5="VVZ" hw="look" pos="VERB">looks </w><w c5="NN1" hw="set" pos="SUBST">set </w><w c5="PRP" hw="for" pos="PREP">for </w><w c5="NN1" hw="defeat" pos="SUBST">defeat </w><w c5="PRP" hw="in" pos="PREP">in </w><w c5="AT0" hw="a" pos="ART">a </w><w c5="NN1" hw="vote" pos="SUBST">vote </w><w c5="PRP-AVP" hw="over" pos="PREP">over </w><w c5="VVG" hw="reduce" pos="VERB">reducing </w><w c5="AT0" hw="the" pos="ART">the </w><w c5="NN1" hw="age" pos="SUBST">age </w><w c5="PRF" hw="of" pos="PREP">of </w><w c5="AJ0" hw="homosexual" pos="ADJ">homosexual </w><w c5="NN1" hw="consent" pos="SUBST">consent </w><w c5="PRP" hw="from" pos="PREP">from </w><w c5="CRD" hw="21" pos="ADJ">21 </w><w c5="PRP" hw="to" pos="PREP">to </w><w c5="CRD" hw="16" pos="ADJ">16</w><c c5="PUN">.</c></s>
<s n="53"><w c5="NN1" hw="voting" pos="SUBST">Voting </w><w c5="VM0" hw="will" pos="VERB">will </w><w c5="XX0" hw="not" pos="ADV">not </w><w c5="VBI" hw="be" pos="VERB">be </w><w c5="VVN" hw="announce" pos="VERB">announced </w><w c5="PRP" hw="until" pos="PREP">until </w><w c5="DT0" hw="this" pos="ADJ">this </w><w c5="NN1" hw="morning" pos="SUBST">morning </w><c c5="PUN">— </c><w c5="CJC" hw="but" pos="CONJ">but </w><w c5="AJ0" hw="gay" pos="ADJ">gay </w><w c5="NN2" hw="campaigner" pos="SUBST">campaigners </w><w c5="VBD" hw="be" pos="VERB">were </w><w c5="VVN" hw="cheer" pos="VERB">cheered </w><w c5="PRP" hw="by" pos="PREP">by </w><w c5="NN2" hw="delegate" pos="SUBST">delegates </w><w c5="CJS-AVQ" hw="when" pos="CONJ">when </w><w c5="PNP" hw="they" pos="PRON">they </w><w c5="VVD" hw="protest" pos="VERB">protested </w><w c5="CJT" hw="that" pos="CONJ">that </w><w c5="AT0" hw="the" pos="ART">the </w><w c5="NN1" hw="party" pos="SUBST">party</w><w c5="POS" hw="'s" pos="UNC">'s </w><w c5="NN1" hw="policy" pos="SUBST">policy </w><w c5="NN1" hw="review" pos="SUBST">review </w><w c5="VHD" hw="have" pos="VERB">had </w><w c5="VVN" hw="replace" pos="VERB">replaced </w><w c5="AT0" hw="a" pos="ART">a </w><w c5="NN1" hw="commitment" pos="SUBST">commitment </w><w c5="PRP" hw="to" pos="PREP">to </w><c c5="PUQ">‘</c><w c5="AJ0" hw="full" pos="ADJ">full </w><w c5="NN1" hw="equality" pos="SUBST">equality</w><c c5="PUQ">’ </c><w c5="PRP" hw="for" pos="PREP">for </w><w c5="NN2" hw="gay" pos="SUBST">gays </w><w c5="PRP" hw="with" pos="PREP">with </w><c c5="PUQ">‘</c><w c5="AJC" hw="great" pos="ADJ">greater </w><w c5="NN1" hw="equality" pos="SUBST">equality</w><c c5="PUQ">’</c><c c5="PUN">.</c></s></p></div><div level="1" n="891006 edition -- Title Page 1"><head type="MAIN">
<s n="54"><w c5="NN1" hw="base" pos="SUBST">Base </w><w c5="NN2" hw="rate" pos="SUBST">rates </w><w c5="VVD-VVN" hw="hit" pos="VERB">hit </w><w c5="AJ0" hw="eight-year" pos="ADJ">eight-year </w><w c5="AJ0" hw="high" pos="ADJ">high</w><c c5="PUN">: </c><w c5="VVB-NN1" hw="rise" pos="VERB">Rise </w><w c5="PRP" hw="to" pos="PREP">to </w><w c5="NN0" hw="15%" pos="SUBST">15% </w><w c5="VM0" hw="will" pos="VERB">will </w><w c5="VVI" hw="lead" pos="VERB">lead </w><w c5="TO0" hw="to" pos="PREP">to </w><w c5="VVI" hw="increase" pos="VERB">increase </w><w c5="PRP" hw="in" pos="PREP">in </w><w c5="NN1" hw="mortgage" pos="SUBST">mortgage </w><w c5="NN2" hw="payment" pos="SUBST">payments</w><c c5="PUN">, </c><w c5="NN2" hw="lender" pos="SUBST">lenders </w><w c5="VVB" hw="say" pos="VERB">say</w></s></head><head type="BYLINE">
<s n="55"><w c5="PRP" hw="by" pos="PREP">By </w><w c5="NP0" hw="peter" pos="SUBST">PETER </w><w c5="NP0-NN1" hw="torday" pos="SUBST">TORDAY </w><w c5="CJC" hw="and" pos="CONJ">and </w><w c5="NP0" hw="patrick" pos="SUBST">PATRICK </w><w c5="NP0" hw="hosking" pos="SUBST">HOSKING</w></s></head><p>
<s n="56"><w c5="NN1" hw="mortgage" pos="SUBST">MORTGAGE </w><w c5="NN2" hw="borrower" pos="SUBST">borrowers </w><w c5="VVB" hw="face" pos="VERB">face </w><w c5="AT0" hw="an" pos="ART">an </w><w c5="NN1" hw="increase" pos="SUBST">increase </w><w c5="PRF" hw="of" pos="PREP">of </w><mw c5="AV0"><w c5="PRP" hw="at" pos="PREP">at </w><w c5="AV0" hw="least" pos="ADV">least </w></mw><w c5="CRD" hw="7" pos="ADJ">7 </w><mw c5="NN0"><w c5="UNC" hw="per" pos="UNC">per </w><w c5="UNC" hw="cent" pos="UNC">cent </w></mw><w c5="PRP" hw="in" pos="PREP">in </w><w c5="DPS" hw="they" pos="PRON">their </w><w c5="AJ0" hw="monthly" pos="ADJ">monthly </w><w c5="NN2" hw="bill" pos="SUBST">bills </w><w c5="PRP" hw="after" pos="PREP">after </w><w c5="AT0" hw="a" pos="ART">a </w><w c5="AJ0" hw="widely-feared" pos="ADJ">widely-feared </w><w c5="AJ0-NN1" hw="1-point" pos="ADJ">1-point </w><w c5="NN1-VVB" hw="rise" pos="SUBST">rise </w><w c5="PRP" hw="in" pos="PREP">in </w><w c5="NN1" hw="base" pos="SUBST">base </w><w c5="NN1-VVG" hw="lending" pos="SUBST">lending </w><w c5="NN2" hw="rate" pos="SUBST">rates </w><w c5="AV0" hw="yesterday" pos="ADV">yesterday</w><c c5="PUN">.</c></s></p><p>
<s n="57"><w c5="AT0" hw="the" pos="ART">The </w><w c5="NN1" hw="bank" pos="SUBST">Bank </w><w c5="PRF" hw="of" pos="PREP">of </w><w c5="NP0" hw="england" pos="SUBST">England </w><w c5="VBD" hw="be" pos="VERB">was </w><w c5="VVN" hw="force" pos="VERB">forced </w><w c5="TO0" hw="to" pos="PREP">to </w><w c5="VVI" hw="signal" pos="VERB">signal </w><w c5="AT0" hw="an" pos="ART">an </w><w c5="NN1" hw="increase" pos="SUBST">increase </w><w c5="PRP" hw="in" pos="PREP">in </w><w c5="NN1" hw="base" pos="SUBST">base </w><w c5="NN2" hw="rate" pos="SUBST">rates </w><w c5="PRP" hw="to" pos="PREP">to </w><w c5="CRD" hw="15" pos="ADJ">15 </w><mw c5="NN0"><w c5="UNC" hw="per" pos="UNC">per </w><w c5="UNC" hw="cent" pos="UNC">cent</w></mw><c c5="PUN">— </c><w c5="AT0" hw="the" pos="ART">the </w><w c5="AJS" hw="high" pos="ADJ">highest </w><w c5="PRP" hw="for" pos="PREP">for </w><w c5="CRD" hw="eight" pos="ADJ">eight </w><w c5="NN2" hw="year" pos="SUBST">years </w><c c5="PUN">— </c><w c5="CJS-PRP" hw="after" pos="CONJ">after </w><w c5="AT0" hw="the" pos="ART">the </w><w c5="NP0-NN1" hw="bundesbank" pos="SUBST">Bundesbank </w><w c5="VVD" hw="lift" pos="VERB">lifted </w><w c5="DPS" hw="it" pos="PRON">its </w><w c5="DT0" hw="own" pos="ADJ">own </w><w c5="AJ0" hw="key" pos="ADJ">key </w><w c5="NN2" hw="rate" pos="SUBST">rates </w><w c5="PRP" hw="by" pos="PREP">by </w><w c5="AT0" hw="a" pos="ART">a </w><w c5="AJ0" hw="full" pos="ADJ">full </w><w c5="NN1" hw="point" pos="SUBST">point </w><w c5="TO0" hw="to" pos="PREP">to </w><w c5="VVI" hw="clamp" pos="VERB">clamp </w><w c5="AVP" hw="down" pos="ADV">down </w><w c5="PRP" hw="on" pos="PREP">on </w><w c5="NP0" hw="west" pos="SUBST">West </w><w c5="AJ0" hw="german" pos="ADJ">German </w><w c5="NN1" hw="inflation" pos="SUBST">inflation</w><c c5="PUN">.</c></s></p><p>
<s n="58"><w c5="AT0" hw="the" pos="ART">The </w><w c5="NN1" hw="bank" pos="SUBST">Bank </w><w c5="VBD" hw="be" pos="VERB">was </w><w c5="VVN" hw="tip" pos="VERB">tipped </w><w c5="AVP" hw="off" pos="ADV">off </w><w c5="PRP" hw="by" pos="PREP">by </w><w c5="AT0" hw="the" pos="ART">the </w><w c5="NP0" hw="west" pos="SUBST">West </w><w c5="NN2" hw="german" pos="SUBST">Germans </w><w c5="AV0" hw="shortly" pos="ADV">shortly </w><w c5="CJS" hw="before" pos="CONJ">before </w><w c5="AT0" hw="the" pos="ART">the </w><w c5="NN1" hw="decision" pos="SUBST">decision </w><w c5="VBD" hw="be" pos="VERB">was </w><w c5="VVN" hw="announce" pos="VERB">announced</w><c c5="PUN">, </c><w c5="CJC" hw="and" pos="CONJ">and </w><w c5="AV0" hw="evidently" pos="ADV">evidently </w><w c5="VVD-VVN" hw="decide" pos="VERB">decided </w><w c5="PNP" hw="it" pos="PRON">it </w><w c5="VM0" hw="would" pos="VERB">would </w><w c5="VHI" hw="have" pos="VERB">have </w><w c5="TO0" hw="to" pos="PREP">to </w><w c5="VVI" hw="follow" pos="VERB">follow </w><w c5="NN1" hw="suit" pos="SUBST">suit </w><w c5="CJC" hw="or" pos="CONJ">or </w><w c5="VVB" hw="risk" pos="VERB">risk </w><w c5="AT0" hw="a" pos="ART">a </w><w c5="AJ0" hw="damaging" pos="ADJ">damaging </w><w c5="NN1" hw="run" pos="SUBST">run </w><w c5="PRP" hw="on" pos="PREP">on </w><w c5="AT0" hw="the" pos="ART">the </w><w c5="NN1" hw="pound" pos="SUBST">pound</w><c c5="PUN">.</c></s>
<s n="59"><mw c5="PRP"><w c5="CJS" hw="because" pos="CONJ">Because </w><w c5="PRF" hw="of" pos="PREP">of </w></mw><w c5="NP0" hw="west" pos="SUBST">West </w><w c5="NP0" hw="germany" pos="SUBST">Germany</w><w c5="POS" hw="'s" pos="UNC">'s </w><w c5="AJ0" hw="dominant" pos="ADJ">dominant </w><w c5="AJ0" hw="economic" pos="ADJ">economic </w><w c5="NN1" hw="position" pos="SUBST">position </w><w c5="PRP" hw="in" pos="PREP">in </w><w c5="NP0" hw="europe" pos="SUBST">Europe</w><c c5="PUN">, </c><w c5="CRD" hw="nine" pos="ADJ">nine </w><w c5="AJ0" hw="european" pos="ADJ">European </w><w c5="NN2" hw="country" pos="SUBST">countries</w><c c5="PUN">, </c><w c5="PRP" hw="including" pos="PREP">including </w><w c5="NP0" hw="britain" pos="SUBST">Britain</w><c c5="PUN">, </c><w c5="VVD" hw="feel" pos="VERB">felt </w><w c5="AJ0" hw="obliged" pos="ADJ">obliged </w><w c5="TO0" hw="to" pos="PREP">to </w><w c5="VVI" hw="lift" pos="VERB">lift </w><w c5="DPS" hw="they" pos="PRON">their </w><w c5="NN2" hw="rate" pos="SUBST">rates</w><c c5="PUN">.</c></s></p><p>
<s n="60"><w c5="PRP" hw="after" pos="PREP">After </w><w c5="AT0" hw="the" pos="ART">the </w><w c5="NN1" hw="bank" pos="SUBST">Bank</w><w c5="POS" hw="'s" pos="UNC">'s </w><w c5="NN1" hw="signal" pos="SUBST">signal </w><w c5="PRP" hw="to" pos="PREP">to </w><w c5="AT0" hw="the" pos="ART">the </w><w c5="NN1" hw="money" pos="SUBST">money </w><w c5="NN2" hw="market" pos="SUBST">markets </w><w c5="PRP" hw="at" pos="PREP">at </w><w c5="AV0" hw="about" pos="ADV">about </w><w c5="AV0" hw="2pm" pos="ADV">2pm </w><w c5="AV0" hw="yesterday" pos="ADV">yesterday</w><c c5="PUN">, </c><w c5="NP0" hw="barclays" pos="SUBST">Barclays </w><w c5="NP0-NN1" hw="bank" pos="SUBST">Bank </w><w c5="VVD" hw="announce" pos="VERB">announced </w><w c5="AT0" hw="an" pos="ART">an </w><w c5="NN1" hw="increase" pos="SUBST">increase </w><w c5="PRP" hw="in" pos="PREP">in </w><w c5="DPS" hw="it" pos="PRON">its </w><w c5="NN1" hw="base" pos="SUBST">base </w><w c5="NN1" hw="rate" pos="SUBST">rate</w><c c5="PUN">, </c><w c5="CJC" hw="and" pos="CONJ">and </w><w c5="VBD" hw="be" pos="VERB">was </w><w c5="AV0" hw="quickly" pos="ADV">quickly </w><w c5="VVN" hw="follow" pos="VERB">followed </w><w c5="PRP" hw="by" pos="PREP">by </w><w c5="AT0" hw="the" pos="ART">the </w><w c5="AJ0" hw="other" pos="ADJ">other </w><w c5="AJ0-NN1" hw="clearing" pos="ADJ">clearing </w><w c5="NN2" hw="bank" pos="SUBST">banks</w><c c5="PUN">.</c></s></p><p>
<s n="61"><w c5="PRP" hw="as" pos="PREP">As </w><w c5="AT0" hw="a" pos="ART">a </w><w c5="NN1" hw="result" pos="SUBST">result </w><w c5="PRF" hw="of" pos="PREP">of </w><w c5="AT0" hw="the" pos="ART">the </w><w c5="NN1" hw="increase" pos="SUBST">increase</w><c c5="PUN">, </c><w c5="DT0" hw="some" pos="ADJ">some </w><w c5="NN2" hw="bank" pos="SUBST">banks </w><w c5="CJC" hw="and" pos="CONJ">and </w><w c5="NN1" hw="building" pos="SUBST">building </w><w c5="NN2" hw="society" pos="SUBST">societies </w><w c5="VVD" hw="say" pos="VERB">said </w><w c5="PNP" hw="they" pos="PRON">they </w><w c5="VVD" hw="expect" pos="VERB">expected </w><w c5="TO0" hw="to" pos="PREP">to </w><w c5="VVI" hw="raise" pos="VERB">raise </w><w c5="NN1" hw="mortgage" pos="SUBST">mortgage </w><w c5="NN2-VVZ" hw="rate" pos="SUBST">rates </w><w c5="PRP-AVP" hw="by" pos="PREP">by </w><w c5="PRP" hw="between" pos="PREP">between </w><w c5="CRD" hw="1" pos="ADJ">1 </w><w c5="CJC" hw="and" pos="CONJ">and </w><w c5="CRD" hw="1.5" pos="ADJ">1.5 </w><mw c5="NN0"><w c5="UNC" hw="per" pos="UNC">per </w><w c5="UNC" hw="cent" pos="UNC">cent</w></mw><c c5="PUN">, </c><w c5="AV0" hw="probably" pos="ADV">probably </w><w c5="PRP" hw="from" pos="PREP">from </w><w c5="CRD" hw="1" pos="ADJ">1 </w><w c5="NP0" hw="november" pos="SUBST">November</w><c c5="PUN">.</c></s>
<s n="62"><w c5="CJC" hw="but" pos="CONJ">But </w><w c5="PNP" hw="they" pos="PRON">they </w><w c5="VBB" hw="be" pos="VERB">are </w><w c5="AJ0" hw="likely" pos="ADJ">likely </w><w c5="TO0" hw="to" pos="PREP">to </w><w c5="VVI" hw="delay" pos="VERB">delay </w><w c5="AJ0" hw="formal" pos="ADJ">formal </w><w c5="NN2" hw="announcement" pos="SUBST">announcements </w><w c5="PRP" hw="until" pos="PREP">until </w><w c5="NP0" hw="mid-october" pos="SUBST">mid-October</w><c c5="PUN">.</c></s></p><p>
<s n="63"><w c5="AT0" hw="the" pos="ART">The </w><w c5="NN1" hw="increase" pos="SUBST">increase </w><w c5="VBZ" hw="be" pos="VERB">is </w><w c5="AV0" hw="almost" pos="ADV">almost </w><w c5="VVN" hw="bind" pos="VERB">bound </w><w c5="TO0" hw="to" pos="PREP">to </w><w c5="VHI" hw="have" pos="VERB">have </w><w c5="AT0" hw="a" pos="ART">a </w><w c5="AJC" hw="far" pos="ADJ">further </w><w c5="AJ0" hw="depressing" pos="ADJ">depressing </w><w c5="NN1" hw="effect" pos="SUBST">effect </w><w c5="PRP" hw="on" pos="PREP">on </w><w c5="AT0" hw="the" pos="ART">the </w><w c5="NN1" hw="housing" pos="SUBST">housing </w><w c5="NN1" hw="market" pos="SUBST">market</w><c c5="PUN">.</c></s>
<s n="64"><w c5="CJS" hw="although" pos="CONJ">Although </w><w c5="AJ0" hw="average" pos="ADJ">average </w><w c5="NN2" hw="price" pos="SUBST">prices </w><w c5="PRP" hw="across" pos="PREP">across </w><w c5="AT0" hw="the" pos="ART">the </w><w c5="NN1" hw="country" pos="SUBST">country </w><w c5="VBB" hw="be" pos="VERB">are </w><w c5="VVG" hw="rise" pos="VERB">rising </w><w c5="AV0" hw="moderately" pos="ADV">moderately </w><w c5="PRP" hw="from" pos="PREP">from </w><w c5="DPS" hw="they" pos="PRON">their </w><w c5="NN2" hw="level" pos="SUBST">levels </w><w c5="PRF" hw="of" pos="PREP">of </w><w c5="AT0" hw="a" pos="ART">a </w><w c5="NN1" hw="year" pos="SUBST">year </w><w c5="AV0" hw="ago" pos="ADV">ago</w><c c5="PUN">, </c><w c5="PRP" hw="in" pos="PREP">in </w><w c5="AT0" hw="the" pos="ART">the </w><w c5="NN1" hw="south-east" pos="SUBST">South-east </w><w c5="PNP" hw="they" pos="PRON">they </w><w c5="VHB" hw="have" pos="VERB">have </w><w c5="VVN" hw="slide" pos="VERB">slid </w><w c5="PRP" hw="by" pos="PREP">by </w><w c5="CRD" hw="10" pos="ADJ">10 </w><w c5="PRP" hw="to" pos="PREP">to </w><w c5="CRD" hw="15" pos="ADJ">15 </w><mw c5="NN0"><w c5="UNC" hw="per" pos="UNC">per </w><w c5="UNC" hw="cent" pos="UNC">cent </w></mw><w c5="PRP" hw="in" pos="PREP">in </w><w c5="AT0" hw="the" pos="ART">the </w><w c5="AJ0" hw="past" pos="ADJ">past </w><w c5="CRD" hw="12" pos="ADJ">12 </w><w c5="NN2" hw="month" pos="SUBST">months</w><c c5="PUN">.</c></s></p><p>
<s n="65"><w c5="AT0" hw="the" pos="ART">The </w><w c5="NN1" hw="increase" pos="SUBST">increase </w><w c5="PRP" hw="in" pos="PREP">in </w><w c5="NN2" hw="rate" pos="SUBST">rates </w><w c5="AV0" hw="initially" pos="ADV">initially </w><w c5="VVD-VVN" hw="send" pos="VERB">sent </w><w c5="NP0" hw="london" pos="SUBST">London </w><w c5="NN1-VVB" hw="share" pos="SUBST">share </w><w c5="NN2" hw="price" pos="SUBST">prices </w><w c5="VVG-AJ0" hw="tumble" pos="VERB">tumbling</w><c c5="PUN">.</c></s>
<s n="66"><w c5="AT0" hw="the" pos="ART">The </w><w c5="NN1" hw="ft-se" pos="SUBST">FT-SE </w><w c5="CRD" hw="100" pos="ADJ">100 </w><w c5="NN1" hw="index" pos="SUBST">index </w><w c5="PRF" hw="of" pos="PREP">of </w><w c5="AJ0-VVG" hw="leading" pos="ADJ">leading </w><w c5="NN2" hw="share" pos="SUBST">shares </w><w c5="VVD" hw="lose" pos="VERB">lost </w><w c5="CRD" hw="42.0" pos="ADJ">42.0 </w><w c5="NN2" hw="point" pos="SUBST">points </w><w c5="PRP" hw="within" pos="PREP">within </w><w c5="AT0" hw="an" pos="ART">an </w><w c5="NN1" hw="hour" pos="SUBST">hour </w><w c5="PRF" hw="of" pos="PREP">of </w><w c5="AT0" hw="the" pos="ART">the </w><w c5="NN1" hw="announcement" pos="SUBST">announcement</w><c c5="PUN">.</c></s>
<s n="67"><w c5="CJC" hw="but" pos="CONJ">But </w><w c5="PRP" hw="by" pos="PREP">by </w><w c5="AT0" hw="the" pos="ART">the </w><w c5="NN1" hw="close" pos="SUBST">close</w><c c5="PUN">, </c><w c5="PNP" hw="it" pos="PRON">it </w><w c5="VHD" hw="have" pos="VERB">had </w><w c5="VVN" hw="recover" pos="VERB">recovered </w><w c5="AV0" hw="slightly" pos="ADV">slightly </w><w c5="TO0" hw="to" pos="PREP">to </w><w c5="VVI" hw="finish" pos="VERB">finish </w><w c5="CRD" hw="30.5" pos="ADJ">30.5 </w><w c5="NN2-VVZ" hw="point" pos="SUBST">points </w><w c5="AJC" hw="low" pos="ADJ">lower </w><w c5="PRP" hw="at" pos="PREP">at </w><w c5="CRD" hw="2281.6" pos="ADJ">2281.6</w><c c5="PUN">.</c></s></p><p>
<s n="68"><w c5="AT0" hw="the" pos="ART">The </w><w c5="NN1" hw="pound" pos="SUBST">pound</w><c c5="PUN">, </c><w c5="DTQ" hw="which" pos="PRON">which </w><w c5="VHZ" hw="have" pos="VERB">has </w><w c5="VBN" hw="be" pos="VERB">been </w><w c5="AV0" hw="under" pos="ADV">under </w><w c5="AJ0" hw="intense" pos="ADJ">intense </w><w c5="NN1" hw="selling" pos="SUBST">selling </w><w c5="NN1" hw="pressure" pos="SUBST">pressure </w><w c5="PRP" hw="for" pos="PREP">for </w><w c5="DT0" hw="most" pos="ADJ">most </w><w c5="PRF" hw="of" pos="PREP">of </w><w c5="AT0" hw="the" pos="ART">the </w><w c5="AJ0" hw="past" pos="ADJ">past </w><w c5="CRD" hw="seven" pos="ADJ">seven </w><w c5="NN1" hw="trading" pos="SUBST">trading </w><w c5="NN2" hw="day" pos="SUBST">days</w><c c5="PUN">, </c><w c5="VVD" hw="rally" pos="VERB">rallied </w><w c5="CRD" hw="2.4" pos="ADJ">2.4 </w><w c5="NN2" hw="pfennig" pos="SUBST">pfennigs </w><w c5="TO0" hw="to" pos="PREP">to </w><w c5="VVI" hw="close" pos="VERB">close </w><w c5="PRP" hw="in" pos="PREP">in </w><w c5="NP0" hw="london" pos="SUBST">London </w><w c5="PRP" hw="at" pos="PREP">at </w><w c5="UNC" hw="dm3.0342" pos="UNC">DM3.0342</w><c c5="PUN">.</c></s>
<s n="69"><w c5="PNP" hw="it" pos="PRON">It </w><w c5="AV0" hw="also" pos="ADV">also </w><w c5="VVD" hw="finish" pos="VERB">finished </w><w c5="AJC" hw="firm" pos="ADJ">firmer </w><w c5="PRP" hw="against" pos="PREP">against </w><w c5="AT0" hw="the" pos="ART">the </w><w c5="NN1" hw="dollar" pos="SUBST">dollar</w><c c5="PUN">, </c><w c5="VVG" hw="rise" pos="VERB">rising </w><w c5="CRD" hw="0.57" pos="ADJ">0.57 </w><w c5="NN2" hw="cent" pos="SUBST">cents </w><w c5="PRP" hw="to" pos="PREP">to </w><w c5="NN0" hw="$1.6102" pos="SUBST">$1.6102</w><c c5="PUN">.</c></s></p><p>
<s n="70"><w c5="AT0" hw="the" pos="ART">The </w><w c5="NN1" hw="bank" pos="SUBST">Bank </w><w c5="PRF" hw="of" pos="PREP">of </w><w c5="NP0" hw="england" pos="SUBST">England </w><w c5="VBZ" hw="be" pos="VERB">is </w><w c5="VVN" hw="think" pos="VERB">thought </w><w c5="TO0" hw="to" pos="PREP">to </w><w c5="VHI" hw="have" pos="VERB">have </w><w c5="VVN" hw="spend" pos="VERB">spent </w><w c5="PRP" hw="between" pos="PREP">between </w><w c5="NN0" hw="$2bn" pos="SUBST">$2bn </w><w c5="CJC" hw="and" pos="CONJ">and </w><w c5="NN0" hw="$3bn" pos="SUBST">$3bn </w><w c5="NN1" hw="defending" pos="SUBST">defending </w><w c5="NN1" hw="sterling" pos="SUBST">sterling </w><w c5="PRP" hw="against" pos="PREP">against </w><w c5="AT0" hw="the" pos="ART">the </w><w c5="AJ0" hw="heavy" pos="ADJ">heavy </w><w c5="NN1" hw="selling" pos="SUBST">selling </w><w c5="DTQ" hw="which" pos="PRON">which </w><w c5="VVD" hw="develop" pos="VERB">developed </w><w c5="CRD" hw="10" pos="ADJ">10 </w><w c5="NN2" hw="day" pos="SUBST">days </w><w c5="AV0" hw="ago" pos="ADV">ago </w><w c5="PRP" hw="after" pos="PREP">after </w><w c5="AT0" hw="the" pos="ART">the </w><w c5="NP0" hw="august" pos="SUBST">August </w><w c5="NN1-VVB" hw="trade" pos="SUBST">trade </w><w c5="NN2" hw="figure" pos="SUBST">figures </w><w c5="VBD" hw="be" pos="VERB">were </w><w c5="VVN" hw="release" pos="VERB">released</w><c c5="PUN">.</c></s>
<s n="71"><w c5="DT0" hw="these" pos="ADJ">These </w><w c5="VVD" hw="reveal" pos="VERB">revealed </w><w c5="AT0" hw="a" pos="ART">a </w><w c5="NN1" hw="deficit" pos="SUBST">deficit </w><w c5="PRF" hw="of" pos="PREP">of </w><w c5="NN0" hw="£2bn" pos="UNC">£2bn </w><w c5="PRP" hw="in" pos="PREP">in </w><w c5="NN1" hw="trade" pos="SUBST">trade </w><w c5="PRP" hw="in" pos="PREP">in </w><w c5="NN2" hw="goods" pos="SUBST">goods </w><w c5="CJC" hw="and" pos="CONJ">and </w><w c5="NN2" hw="service" pos="SUBST">services </w><c c5="PUN">— </c><w c5="AT0" hw="the" pos="ART">the </w><w c5="ORD" hw="third" pos="ADJ">third </w><w c5="AJS" hw="bad" pos="ADJ">worst </w><w c5="PRP" hw="on" pos="PREP">on </w><w c5="NN1" hw="record" pos="SUBST">record</w><c c5="PUN">.</c></s></p><p>
<s n="72"><w c5="NN1" hw="city" pos="SUBST">City </w><w c5="NN2" hw="economist" pos="SUBST">economists </w><w c5="VVD" hw="welcome" pos="VERB">welcomed </w><w c5="AT0" hw="the" pos="ART">the </w><w c5="NN1" hw="decision" pos="SUBST">decision </w><w c5="TO0" hw="to" pos="PREP">to </w><w c5="VVI" hw="raise" pos="VERB">raise </w><w c5="NN2" hw="rate" pos="SUBST">rates </w><w c5="CJC" hw="and" pos="CONJ">and </w><w c5="VVB" hw="defend" pos="VERB">defend </w><w c5="AT0" hw="the" pos="ART">the </w><w c5="NN1" hw="pound" pos="SUBST">pound</w><w c5="POS" hw="'s" pos="UNC">'s </w><w c5="NN1" hw="value" pos="SUBST">value</w><c c5="PUN">, </c><w c5="DTQ" hw="which" pos="PRON">which </w><w c5="PNP" hw="they" pos="PRON">they </w><w c5="VVB" hw="expect" pos="VERB">expect </w><w c5="TO0" hw="to" pos="PREP">to </w><w c5="VVI" hw="subdue" pos="VERB">subdue </w><w c5="NN1" hw="inflation" pos="SUBST">inflation </w><w c5="AV0" hw="more" pos="ADV">more </w><w c5="AV0" hw="effectively" pos="ADV">effectively</w><c c5="PUN">.</c></s>
<s n="73"><w c5="CJC" hw="but" pos="CONJ">But </w><w c5="CJS" hw="before" pos="CONJ">before </w><w c5="DT0" hw="that" pos="ADJ">that </w><w c5="VVZ" hw="happen" pos="VERB">happens</w><c c5="PUN">, </c><w c5="NN1" hw="inflation" pos="SUBST">inflation </w><w c5="VBZ" hw="be" pos="VERB">is </w><w c5="VVN-AJ0" hw="expect" pos="VERB">expected </w><w c5="TO0" hw="to" pos="PREP">to </w><w c5="VVI" hw="accelerate" pos="VERB">accelerate </w><w c5="PRP" hw="towards" pos="PREP">towards </w><w c5="CRD" hw="7.5" pos="ADJ">7.5 </w><mw c5="NN0"><w c5="UNC" hw="per" pos="UNC">per </w><w c5="UNC" hw="cent" pos="UNC">cent </w></mw><w c5="AV0-AJ0" hw="late" pos="ADV">late </w><w c5="DT0" hw="this" pos="ADJ">this </w><w c5="NN1" hw="year" pos="SUBST">year </w><mw c5="PRP"><w c5="CJS" hw="because" pos="CONJ">because </w><w c5="PRF" hw="of" pos="PREP">of </w></mw><w c5="AT0" hw="the" pos="ART">the </w><w c5="NN1" hw="impact" pos="SUBST">impact </w><w c5="PRF" hw="of" pos="PREP">of </w><w c5="AJC" hw="high" pos="ADJ">higher </w><w c5="NN1" hw="mortgage" pos="SUBST">mortgage </w><w c5="NN2" hw="rate" pos="SUBST">rates </w><w c5="PRP" hw="on" pos="PREP">on </w><w c5="AT0" hw="the" pos="ART">the </w><w c5="AJ0" hw="retail" pos="ADJ">retail </w><w c5="NN1" hw="price" pos="SUBST">price </w><w c5="NN1" hw="index" pos="SUBST">index</w><c c5="PUN">.</c></s></p><p>
<s n="74"><w c5="EX0" hw="there" pos="PRON">There </w><w c5="VBD" hw="be" pos="VERB">was </w><w c5="AV0" hw="also" pos="ADV">also </w><w c5="NN1" hw="concern" pos="SUBST">concern </w><w c5="CJT" hw="that" pos="CONJ">that </w><w c5="AT0" hw="a" pos="ART">a </w><w c5="AJ0" hw="renewed" pos="ADJ">renewed </w><w c5="NN1" hw="upturn" pos="SUBST">upturn </w><w c5="PRP" hw="in" pos="PREP">in </w><w c5="NN1" hw="inflation" pos="SUBST">inflation </w><w c5="VM0" hw="could" pos="VERB">could </w><w c5="VVI" hw="inflame" pos="VERB">inflame </w><w c5="NN1" hw="wage" pos="SUBST">wage </w><w c5="VVZ-NN2" hw="claim" pos="VERB">claims </w><w c5="PRP" hw="in" pos="PREP">in </w><w c5="AT0" hw="the" pos="ART">the </w><w c5="AJ0" hw="forthcoming" pos="ADJ">forthcoming </w><w c5="NN1-VVB" hw="pay" pos="SUBST">pay </w><w c5="AVP" hw="round" pos="ADV">round</w><c c5="PUN">.</c></s></p><p>
<s n="75"><w c5="NN1" hw="abbey" pos="SUBST">Abbey </w><w c5="AJ0" hw="national" pos="ADJ">National </w><w c5="VVD" hw="say" pos="VERB">said </w><w c5="AT0" hw="a" pos="ART">a </w><w c5="NN1" hw="rise" pos="SUBST">rise </w><w c5="PRF" hw="of" pos="PREP">of </w><w c5="PRP" hw="between" pos="PREP">between </w><w c5="CRD" hw="1" pos="ADJ">1 </w><w c5="CJC" hw="and" pos="CONJ">and </w><w c5="CRD" hw="1.5" pos="ADJ">1.5 </w><mw c5="NN0"><w c5="UNC" hw="per" pos="UNC">per </w><w c5="UNC" hw="cent" pos="UNC">cent </w></mw><w c5="PRP" hw="in" pos="PREP">in </w><w c5="AJ0" hw="early" pos="ADJ">early </w><w c5="NP0" hw="november" pos="SUBST">November </w><w c5="VBD" hw="be" pos="VERB">was </w><w c5="AJ0" hw="inevitable" pos="ADJ">inevitable</w><c c5="PUN">.</c></s>
<s n="76"><w c5="AT0" hw="the" pos="ART">The </w><w c5="NP0" hw="leeds" pos="SUBST">Leeds </w><w c5="AJ0" hw="permanent" pos="ADJ">Permanent </w><w c5="NN1" hw="building" pos="SUBST">building </w><w c5="NN1" hw="society" pos="SUBST">society </w><w c5="VVD-VVN" hw="expect" pos="VERB">expected </w><w c5="TO0" hw="to" pos="PREP">to </w><w c5="VVI" hw="increase" pos="VERB">increase </w><w c5="NN2" hw="rate" pos="SUBST">rates </w><w c5="PRP" hw="by" pos="PREP">by </w><mw c5="AV0"><w c5="PRP" hw="at" pos="PREP">at </w><w c5="AV0" hw="least" pos="ADV">least </w></mw><w c5="CRD" hw="1.25" pos="ADJ">1.25 </w><mw c5="NN0"><w c5="UNC" hw="per" pos="UNC">per </w><w c5="UNC" hw="cent" pos="UNC">cent</w></mw><c c5="PUN">.</c></s></p><p>
<s n="77"><w c5="PRP" hw="by" pos="PREP">By </w><w c5="AV0" hw="yesterday" pos="ADV">yesterday </w><w c5="NN1" hw="evening" pos="SUBST">evening </w><w c5="AT0" hw="the" pos="ART">the </w><w c5="AJS" hw="large" pos="ADJ">largest </w><w c5="NN1" hw="lender" pos="SUBST">lender</w><c c5="PUN">, </c><w c5="AT0" hw="the" pos="ART">the </w><w c5="NP0" hw="halifax" pos="SUBST">Halifax</w><c c5="PUN">, </c><w c5="DTQ" hw="which" pos="PRON">which </w><w c5="VVD" hw="hold" pos="VERB">held </w><w c5="AVP" hw="out" pos="ADV">out </w><w c5="AT0" hw="a" pos="ART">a </w><w c5="NN1" hw="glimmer" pos="SUBST">glimmer </w><w c5="PRF" hw="of" pos="PREP">of </w><w c5="NN1-VVB" hw="hope" pos="SUBST">hope </w><w c5="AV0" hw="early" pos="ADV">earlier </w><w c5="PRP" hw="in" pos="PREP">in </w><w c5="AT0" hw="the" pos="ART">the </w><w c5="NN1" hw="day" pos="SUBST">day </w><w c5="CJT" hw="that" pos="CONJ">that </w><w c5="PNP" hw="it" pos="PRON">it </w><w c5="VM0" hw="could" pos="VERB">could </w><w c5="VVI" hw="stick" pos="VERB">stick </w><w c5="PRP" hw="with" pos="PREP">with </w><w c5="DPS" hw="it" pos="PRON">its </w><w c5="CRD" hw="13.5" pos="ADJ">13.5 </w><mw c5="NN0"><w c5="UNC" hw="per" pos="UNC">per </w><w c5="UNC" hw="cent" pos="UNC">cent </w></mw><w c5="NN1" hw="rate" pos="SUBST">rate</w><c c5="PUN">, </c><w c5="VVD" hw="acknowlege" pos="VERB">acknowleged </w><w c5="AT0" hw="a" pos="ART">a </w><w c5="NN1" hw="rise" pos="SUBST">rise </w><w c5="VBD" hw="be" pos="VERB">was </w><w c5="AJ0" hw="inevitable" pos="ADJ">inevitable</w><c c5="PUN">.</c></s></p><p>
<s n="78"><w c5="AT0" hw="the" pos="ART">The </w><w c5="NN1" hw="impact" pos="SUBST">impact </w><w c5="VM0" hw="will" pos="VERB">will </w><w c5="XX0" hw="not" pos="ADV">not </w><w c5="AV0" hw="immediately" pos="ADV">immediately </w><w c5="VBI" hw="be" pos="VERB">be </w><w c5="VVN" hw="feel" pos="VERB">felt </w><w c5="PRP" hw="by" pos="PREP">by </w><w c5="AT0" hw="the" pos="ART">the </w><w c5="CRD" hw="millions" pos="ADJ">millions </w><w c5="PRF" hw="of" pos="PREP">of </w><w c5="NN2" hw="borrower" pos="SUBST">borrowers </w><w c5="PRP" hw="on" pos="PREP">on </w><w c5="AJ0" hw="semi-fixed" pos="ADJ">semi-fixed </w><w c5="NN2" hw="mortgage" pos="SUBST">mortgages</w><c c5="PUN">, </c><w c5="DTQ" hw="whose" pos="PRON">whose </w><w c5="NN2" hw="rate" pos="SUBST">rates </w><w c5="VBB" hw="be" pos="VERB">are </w><w c5="VVN" hw="change" pos="VERB">changed </w><w c5="AV0" hw="only" pos="ADV">only </w><w c5="AV0" hw="once" pos="ADV">once </w><w c5="AT0" hw="a" pos="ART">a </w><w c5="NN1" hw="year" pos="SUBST">year</w><c c5="PUN">.</c></s>
<s n="79"><w c5="CRD" hw="eighty" pos="ADJ">Eighty </w><mw c5="NN0"><w c5="UNC" hw="per" pos="UNC">per </w><w c5="UNC" hw="cent" pos="UNC">cent </w></mw><w c5="PRF" hw="of" pos="PREP">of </w><w c5="NP0" hw="halifax" pos="SUBST">Halifax </w><w c5="NN2" hw="borrower" pos="SUBST">borrowers </w><w c5="VBB" hw="be" pos="VERB">are </w><w c5="PRP" hw="on" pos="PREP">on </w><w c5="DT0" hw="such" pos="ADJ">such </w><c c5="PUQ">‘</c><w c5="NN1" hw="budget" pos="SUBST">budget</w><c c5="PUQ">’ </c><w c5="NN2" hw="scheme" pos="SUBST">schemes</w><c c5="PUN">.</c></s></p><p>
<s n="80"><w c5="CJS" hw="although" pos="CONJ">Although </w><w c5="AV0" hw="yesterday" pos="ADV">yesterday</w><w c5="POS" hw="'s" pos="UNC">'s </w><w c5="NN1" hw="increase" pos="SUBST">increase </w><w c5="PRP" hw="in" pos="PREP">in </w><w c5="NN2" hw="rate" pos="SUBST">rates </w><w c5="AJ0-VVD" hw="intensified" pos="ADJ">intensified </w><w c5="NN2-VVZ" hw="fear" pos="SUBST">fears </w><w c5="CJT" hw="that" pos="CONJ">that </w><w c5="AT0" hw="the" pos="ART">the </w><w c5="NN1" hw="economy" pos="SUBST">economy </w><w c5="VM0" hw="could" pos="VERB">could </w><w c5="VVI" hw="come" pos="VERB">come </w><w c5="AV0" hw="perilously" pos="ADV">perilously </w><w c5="AV0-AJ0" hw="close" pos="ADV">close </w><w c5="PRP" hw="to" pos="PREP">to </w><w c5="NN1" hw="recession" pos="SUBST">recession </w><w c5="ORD" hw="next" pos="ADJ">next </w><w c5="NN1" hw="year" pos="SUBST">year</w><c c5="PUN">, </c><w c5="AT0" hw="the" pos="ART">the </w><w c5="AJ0" hw="instant" pos="ADJ">instant </w><w c5="NN1" hw="judgement" pos="SUBST">judgement </w><w c5="PRF" hw="of" pos="PREP">of </w><w c5="DT0" hw="most" pos="ADJ">most </w><w c5="NN2" hw="economist" pos="SUBST">economists </w><w c5="VBD" hw="be" pos="VERB">was </w><w c5="CJT" hw="that" pos="CONJ">that </w><w c5="AT0" hw="the" pos="ART">the </w><w c5="AJS" hw="bad" pos="ADJ">worst </w><w c5="VM0" hw="would" pos="VERB">would </w><w c5="VBI" hw="be" pos="VERB">be </w><w c5="VVN" hw="avoid" pos="VERB">avoided</w><c c5="PUN">.</c></s>
<s n="81"><w c5="NP0" hw="ian" pos="SUBST">Ian </w><w c5="NP0" hw="harwood" pos="SUBST">Harwood</w><c c5="PUN">, </c><w c5="AJ0-NN1" hw="chief" pos="ADJ">chief </w><w c5="NP0" hw="uk" pos="SUBST">UK </w><w c5="NN1" hw="economist" pos="SUBST">economist </w><w c5="PRF" hw="of" pos="PREP">of </w><w c5="NP0" hw="warburg" pos="SUBST">Warburg </w><w c5="NN2" hw="security" pos="SUBST">Securities</w><c c5="PUN">, </c><w c5="VVD" hw="say" pos="VERB">said</w><c c5="PUN">: </c><c c5="PUQ">‘</c><w c5="PNP" hw="i" pos="PRON">I</w><w c5="VBB" hw="be" pos="VERB">'m </w><w c5="XX0" hw="not" pos="ADV">not </w><w c5="AJ0" hw="convinced" pos="ADJ">convinced </w><w c5="DT0-CJT" hw="that" pos="ADJ">that </w><w c5="NN1" hw="consumer" pos="SUBST">consumer </w><w c5="NN1" hw="confidence" pos="SUBST">confidence </w><w c5="CJC" hw="or" pos="CONJ">or </w><w c5="NN1" hw="business" pos="SUBST">business </w><w c5="NN1" hw="confidence" pos="SUBST">confidence </w><w c5="VBZ" hw="be" pos="VERB">is </w><w c5="VVG" hw="go" pos="VERB">going </w><w c5="TO0" hw="to" pos="PREP">to </w><w c5="VVI" hw="take" pos="VERB">take </w><w c5="AT0" hw="a" pos="ART">a </w><w c5="AJ0" hw="dramatic" pos="ADJ">dramatic </w><w c5="NN1" hw="knock" pos="SUBST">knock</w><c c5="PUN">.</c></s>
<s n="82"><w c5="AT0" hw="the" pos="ART">The </w><w c5="NN1" hw="economy" pos="SUBST">economy </w><w c5="VHZ" hw="have" pos="VERB">has </w><w c5="VBN" hw="be" pos="VERB">been </w><w c5="AV0" hw="so" pos="ADV">so </w><w c5="AJ0" hw="strong" pos="ADJ">strong </w><w c5="PRP" hw="in" pos="PREP">in </w><w c5="AT0" hw="the" pos="ART">the </w><w c5="ORD" hw="last" pos="ADJ">last </w><w c5="DT0" hw="few" pos="ADJ">few </w><w c5="NN2" hw="year" pos="SUBST">years </w><w c5="PNP" hw="it" pos="PRON">it</w><w c5="VBZ" hw="be" pos="VERB">'s </w><w c5="VVG" hw="go" pos="VERB">going </w><w c5="TO0" hw="to" pos="PREP">to </w><w c5="VVI" hw="take" pos="VERB">take </w><w c5="AT0" hw="a" pos="ART">a </w><w c5="NN1" hw="lot" pos="SUBST">lot </w><w c5="TO0" hw="to" pos="PREP">to </w><w c5="VVI" hw="bring" pos="VERB">bring </w><w c5="PNP" hw="it" pos="PRON">it </w><w c5="AVP" hw="down" pos="ADV">down</w><c c5="PUN">.</c><c c5="PUQ">’</c></s></p><p>
<s n="83"><w c5="DT0" hw="this" pos="ADJ">This </w><w c5="NN1" hw="week" pos="SUBST">week</w><c c5="PUN">, </c><w c5="NN2" hw="reduction" pos="SUBST">reductions </w><w c5="PRP" hw="in" pos="PREP">in </w><w c5="AJ0" hw="national" pos="ADJ">National </w><w c5="NN1" hw="insurance" pos="SUBST">Insurance </w><w c5="NN2" hw="contribution" pos="SUBST">contributions </w><w c5="PRP" hw="worth" pos="PREP">worth </w><w c5="NN0" hw="£2.8bn" pos="UNC">£2.8bn </w><w c5="PRP" hw="over" pos="PREP">over </w><w c5="AT0" hw="the" pos="ART">the </w><w c5="ORD" hw="next" pos="ADJ">next </w><w c5="CRD" hw="12" pos="ADJ">12 </w><w c5="NN2" hw="month" pos="SUBST">months </w><w c5="VVB" hw="go" pos="VERB">go </w><w c5="PRP" hw="into" pos="PREP">into </w><w c5="NN1" hw="effect" pos="SUBST">effect</w><c c5="PUN">.</c></s>
<s n="84"><w c5="AT0" hw="the" pos="ART">The </w><w c5="NN2" hw="cut" pos="SUBST">cuts</w><c c5="PUN">, </c><w c5="AJ0" hw="equivalent" pos="ADJ">equivalent </w><w c5="PRP" hw="to" pos="PREP">to </w><w c5="AT0" hw="a" pos="ART">a </w><w c5="NN0" hw="2p" pos="SUBST">2p </w><w c5="NN1" hw="reduction" pos="SUBST">reduction </w><w c5="PRP" hw="in" pos="PREP">in </w><w c5="AT0" hw="the" pos="ART">the </w><w c5="AJ0" hw="basic" pos="ADJ">basic </w><w c5="NN1" hw="rate" pos="SUBST">rate </w><w c5="PRF" hw="of" pos="PREP">of </w><w c5="NN1" hw="income" pos="SUBST">income </w><w c5="NN1" hw="tax" pos="SUBST">tax</w><c c5="PUN">, </c><w c5="VBB" hw="be" pos="VERB">are </w><w c5="VVN-AJ0" hw="expect" pos="VERB">expected </w><w c5="TO0" hw="to" pos="PREP">to </w><w c5="VVI" hw="replenish" pos="VERB">replenish </w><w c5="DT0" hw="some" pos="ADJ">some </w><w c5="PRF" hw="of" pos="PREP">of </w><w c5="AT0" hw="the" pos="ART">the </w><w c5="NN2" hw="consumer" pos="SUBST">consumers</w><w c5="POS" hw="'" pos="UNC">' </w><w c5="AJ0" hw="depleted" pos="ADJ">depleted </w><w c5="NN1" hw="ammunition" pos="SUBST">ammunition</w><c c5="PUN">.</c></s>
<s n="85"><w c5="AV0" hw="however" pos="ADV">However</w><c c5="PUN">, </c><w c5="EX0" hw="there" pos="PRON">there </w><w c5="VBD" hw="be" pos="VERB">were </w><w c5="AJ0" hw="lingering" pos="ADJ">lingering </w><w c5="NN2" hw="fear" pos="SUBST">fears </w><w c5="AV0" hw="yesterday" pos="ADV">yesterday </w><w c5="CJT" hw="that" pos="CONJ">that </w><w c5="NP0" hw="nigel" pos="SUBST">Nigel </w><w c5="NP0" hw="lawson" pos="SUBST">Lawson </w><w c5="VM0" hw="might" pos="VERB">might </w><w c5="AV0" hw="yet" pos="ADV">yet </w><w c5="VBI" hw="be" pos="VERB">be </w><w c5="VVN" hw="force" pos="VERB">forced </w><w c5="TO0" hw="to" pos="PREP">to </w><w c5="VVI" hw="raise" pos="VERB">raise </w><w c5="NN2" hw="rate" pos="SUBST">rates </w><w c5="AV0" hw="even" pos="ADV">even </w><w c5="AJC" hw="high" pos="ADJ">higher </w><w c5="CJS" hw="if" pos="CONJ">if </w><w c5="DT0" hw="another" pos="ADJ">another </w><w c5="NN1" hw="run" pos="SUBST">run </w><w c5="PRP" hw="on" pos="PREP">on </w><w c5="AT0" hw="the" pos="ART">the </w><w c5="NN1" hw="pound" pos="SUBST">pound </w><w c5="VVZ" hw="develop" pos="VERB">develops </w><mw c5="PRP"><w c5="CJS" hw="because" pos="CONJ">because </w><w c5="PRF" hw="of" pos="PREP">of </w></mw><w c5="AJ0" hw="poor" pos="ADJ">poor </w><w c5="NN1" hw="trade" pos="SUBST">trade </w><w c5="NN2" hw="figure" pos="SUBST">figures</w><c c5="PUN">.</c></s></p></div></wtext></bncDoc>
