<bncDoc xml:id="A3B"><teiHeader><fileDesc><titleStmt><title>  Independent, electronic edition of 1989-10-07: Focus section. Sample containing about 1918 words from a periodical (domain: world affairs) </title><respStmt><resp> Data capture and transcription </resp><name> Oxford University Press </name> </respStmt></titleStmt><editionStmt><edition>BNC XML Edition, December 2006</edition></editionStmt><extent> 1918 tokens; 1922 w-units; 86 s-units </extent><publicationStmt><distributor>Distributed under licence by Oxford University Computing Services on behalf of the BNC Consortium.</distributor><availability> This material is protected by international copyright laws and may not be copied or redistributed in any way. Consult the BNC Web Site at http://www.natcorp.ox.ac.uk for full licencing and distribution conditions.</availability><idno type="bnc">A3B</idno><idno type="old"> IfFeat </idno></publicationStmt><sourceDesc><bibl><title>Independent, electronic edition of 1989-10-07: Focus section.</title> <imprint n="NEWSPA2"><publisher>Newspaper Publishing plc</publisher> <pubPlace>London</pubPlace> <date value="1989">1989</date> </imprint> </bibl></sourceDesc></fileDesc><encodingDesc><tagsDecl><namespace name=""><tagUsage gi="c" occurs="231"/><tagUsage gi="div" occurs="3"/><tagUsage gi="head" occurs="6"/><tagUsage gi="mw" occurs="16"/><tagUsage gi="p" occurs="31"/><tagUsage gi="s" occurs="86"/><tagUsage gi="w" occurs="1922"/></namespace></tagsDecl></encodingDesc><profileDesc><creation date="1989"> </creation><textClass><catRef targets="WRI ALLTIM3 ALLAVA2 ALLTYP3 WRIAAG0 WRIAD0 WRIASE0 WRIATY2 WRIAUD3 WRIDOM5 WRILEV2 WRIMED2 WRIPP5 WRISAM0 WRISTA3 WRITAS3"/><classCode scheme="DLEE">W newsp brdsht nat: misc</classCode><keywords><term> (none) </term></keywords></textClass></profileDesc><revisionDesc><change date="2006-10-21" who="#OUCS">Tag usage updated for BNC-XML</change><change date="2000-12-13" who="#OUCS">Last check for BNC World first release</change><change date="2000-09-06" who="#OUCS">Redo tagusage tables</change><change date="2000-09-01" who="#OUCS">Check all tagcounts</change><change date="2000-06-23" who="#OUCS">Resequenced s-units and added headers</change><change date="2000-01-21" who="#OUCS">Added date info</change><change date="2000-01-09" who="#OUCS">Updated all catrefs</change><change date="2000-01-08" who="#OUCS">Updated source title</change><change date="2000-01-08" who="#OUCS">Updated titles</change><change date="1999-12-25" who="#OUCS">corrected tagUsage</change><change date="1999-09-13" who="#UCREL">POS codes revised for BNC-2; header updated</change><change date="1994-11-24" who="#dominic">Initial accession to corpus</change></revisionDesc></teiHeader>
<wtext type="NEWS"><div level="1" n="891007 edition -- Feature Page 14"><head type="MAIN">
<s n="1"><w c5="AJ0" hw="free" pos="ADJ">Free </w><w c5="NN1" hw="speech" pos="SUBST">Speech </w><w c5="CRD" hw="3" pos="ADJ">3</w><c c5="PUN">: </c><w c5="ITJ" hw="no" pos="INTERJ">No </w><w c5="VVB-NN1" hw="cause" pos="VERB">cause </w><w c5="PRP" hw="for" pos="PREP">for </w><w c5="NN1" hw="panic" pos="SUBST">panic </w><w c5="PRP" hw="over" pos="PREP">over </w><w c5="NN2" hw="risk" pos="SUBST">risks </w><w c5="PRP" hw="on" pos="PREP">on </w><w c5="NN1" hw="site" pos="SUBST">site</w></s></head><head type="BYLINE">
<s n="2"><w c5="PRP" hw="by" pos="PREP">By </w><w c5="NP0" hw="john" pos="SUBST">JOHN </w><w c5="NP0-NN1" hw="rimington" pos="SUBST">RIMINGTON</w></s></head><p>
<s n="3"><w c5="NN1" hw="director" pos="SUBST">Director </w><w c5="AJ0" hw="general" pos="ADJ">General </w><w c5="PRP" hw="since" pos="PREP">since </w><w c5="CRD" hw="1984" pos="ADJ">1984 </w><w c5="PRF" hw="of" pos="PREP">of </w><w c5="AT0" hw="the" pos="ART">the </w><w c5="AJ0-NN1" hw="government-funded" pos="ADJ">government-funded </w><w c5="NN1" hw="health" pos="SUBST">Health </w><w c5="CJC" hw="&amp;" pos="CONJ">&amp; </w><w c5="NN1" hw="safety" pos="SUBST">Safety </w><w c5="NN1" hw="executive" pos="SUBST">Executive </w><w c5="AJ0" hw="responsible" pos="ADJ">responsible </w><w c5="PRP" hw="for" pos="PREP">for </w><w c5="AJ0" hw="industrial" pos="ADJ">industrial </w><w c5="NN1" hw="safety" pos="SUBST">safety </w><w c5="CJC" hw="and" pos="CONJ">and </w><w c5="NN2" hw="inspectorate" pos="SUBST">inspectorates</w><c c5="PUN">.</c></s></p><p>
<s n="4"><w c5="PNI" hw="nobody" pos="PRON">Nobody </w><w c5="PRP" hw="with" pos="PREP">with </w><w c5="AT0" hw="the" pos="ART">the </w><w c5="NN1" hw="job" pos="SUBST">job </w><w c5="PRF" hw="of" pos="PREP">of </w><w c5="VVG" hw="manage" pos="VERB">managing </w><w c5="AT0" hw="the" pos="ART">the </w><w c5="NN1" hw="nation" pos="SUBST">nation</w><w c5="POS" hw="'s" pos="UNC">'s </w><w c5="AJ0" hw="principal" pos="ADJ">principal </w><w c5="NN1" hw="safety" pos="SUBST">safety </w><w c5="NN1" hw="agency" pos="SUBST">agency </w><w c5="VM0" hw="could" pos="VERB">could </w><w c5="VBI" hw="be" pos="VERB">be </w><w c5="AJ0" hw="complacent" pos="ADJ">complacent</w><c c5="PUN">.</c></s>
<s n="5"><w c5="CJS" hw="as" pos="CONJ">As </w><w c5="AJ0" hw="industrial" pos="ADJ">industrial </w><w c5="NN2" hw="process" pos="SUBST">processes </w><w c5="VVB" hw="become" pos="VERB">become </w><w c5="DT0" hw="more" pos="ADJ">more </w><w c5="NN1-AJ0" hw="complex" pos="SUBST">complex</w><c c5="PUN">, </c><w c5="AT0" hw="the" pos="ART">the </w><w c5="NN1" hw="energy" pos="SUBST">energy </w><w c5="VVN-VVD" hw="apply" pos="VERB">applied </w><w c5="PRP" hw="to" pos="PREP">to </w><w c5="PNP" hw="they" pos="PRON">them </w><w c5="AJC" hw="great" pos="ADJ">greater</w><c c5="PUN">, </c><w c5="NN2" hw="substance" pos="SUBST">substances </w><w c5="CJC" hw="and" pos="CONJ">and </w><w c5="VVZ" hw="compound" pos="VERB">compounds </w><w c5="AV0" hw="more" pos="ADV">more </w><w c5="AJ0" hw="subtle" pos="ADJ">subtle </w><w c5="CJC" hw="and" pos="CONJ">and </w><w c5="NN1-VVB" hw="control" pos="SUBST">control </w><w c5="NN2-VVZ" hw="process" pos="SUBST">processes </w><w c5="AV0" hw="more" pos="ADV">more </w><w c5="AJ0" hw="remote" pos="ADJ">remote</w><c c5="PUN">, </c><w c5="AT0" hw="the" pos="ART">the </w><w c5="NN1-AJ0" hw="potential" pos="SUBST">potential </w><w c5="PRP" hw="for" pos="PREP">for </w><w c5="AJ0" hw="serious" pos="ADJ">serious </w><w c5="NN2" hw="accident" pos="SUBST">accidents </w><w c5="VVZ-NN2" hw="increase" pos="VERB">increases</w><c c5="PUN">.</c></s>
<s n="6"><w c5="AV0" hw="so" pos="ADV">So </w><w c5="VDZ" hw="do" pos="VERB">does </w><w c5="AT0" hw="the" pos="ART">the </w><w c5="NN1" hw="vulnerability" pos="SUBST">vulnerability </w><w c5="PRF" hw="of" pos="PREP">of </w><w c5="NN0" hw="people" pos="SUBST">people </w><w c5="PRP" hw="at" pos="PREP">at </w><w c5="NN1" hw="work" pos="SUBST">work</w><c c5="PUN">, </c><w c5="CJC" hw="or" pos="CONJ">or </w><w c5="VVG" hw="move" pos="VERB">moving </w><w c5="PRP" hw="through" pos="PREP">through </w><w c5="AT0" hw="the" pos="ART">the </w><w c5="NN1" hw="transport" pos="SUBST">transport </w><w c5="NN2" hw="network" pos="SUBST">networks</w><c c5="PUN">, </c><w c5="CJC" hw="or" pos="CONJ">or </w><w c5="VVG-NN1" hw="live" pos="VERB">living </w><w c5="PRP" hw="near" pos="PREP">near </w><w c5="AJ0" hw="large" pos="ADJ">large </w><w c5="AJ0" hw="industrial" pos="ADJ">industrial </w><w c5="NN2" hw="plant" pos="SUBST">plants</w><c c5="PUN">.</c></s></p><p>
<s n="7"><w c5="CJC" hw="but" pos="CONJ">But </w><w c5="VBB" hw="be" pos="VERB">are </w><w c5="PNP" hw="we" pos="PRON">we </w><w c5="VVG" hw="become" pos="VERB">becoming </w><w c5="AV0" hw="too" pos="ADV">too </w><w c5="AJ0" hw="worried" pos="ADJ">worried</w><c c5="PUN">?</c></s>
<s n="8"><w c5="VDZ" hw="do" pos="VERB">Does </w><w c5="AT0" hw="the" pos="ART">the </w><w c5="AJ0" hw="recent" pos="ADJ">recent </w><w c5="NN1" hw="rash" pos="SUBST">rash </w><w c5="PRF" hw="of" pos="PREP">of </w><w c5="AJ0" hw="serious" pos="ADJ">serious </w><w c5="NN2" hw="accident" pos="SUBST">accidents </w><w c5="VVG" hw="affect" pos="VERB">affecting </w><w c5="NN0" hw="people" pos="SUBST">people </w><w c5="VVN" hw="jam" pos="VERB">jammed </w><w c5="AV0" hw="together" pos="ADV">together </w><w c5="PRP" hw="in" pos="PREP">in </w><w c5="AJ0" hw="small" pos="ADJ">small </w><w c5="NN2" hw="space" pos="SUBST">spaces </w><w c5="VVB" hw="mean" pos="VERB">mean </w><w c5="CJT" hw="that" pos="CONJ">that </w><w c5="NP0" hw="britain" pos="SUBST">Britain </w><w c5="VHZ" hw="have" pos="VERB">has </w><w c5="VVN" hw="become" pos="VERB">become </w><w c5="AT0" hw="the" pos="ART">the </w><w c5="NN1" hw="glass" pos="SUBST">glass </w><w c5="NN1" hw="jaw" pos="SUBST">jaw</w><c c5="PUN">, </c><mw c5="PRP"><w c5="CJS" hw="as" pos="CONJ">as </w><w c5="AV0" hw="well" pos="ADV">well </w><w c5="CJS" hw="as" pos="CONJ">as</w></mw><c c5="PUN">, </c><w c5="AV0" hw="allegedly" pos="ADV">allegedly</w><c c5="PUN">, </c><w c5="AT0" hw="the" pos="ART">the </w><w c5="AJ0" hw="dirty" pos="ADJ">dirty </w><w c5="NN1" hw="man" pos="SUBST">man </w><w c5="PRF" hw="of" pos="PREP">of </w><w c5="NP0" hw="europe" pos="SUBST">Europe</w><c c5="PUN">?</c></s></p><p>
<s n="9"><w c5="VVB" hw="let" pos="VERB">Let </w><w c5="PNP" hw="we" pos="PRON">us </w><w c5="VVI" hw="put" pos="VERB">put </w><w c5="AT0" hw="the" pos="ART">the </w><w c5="NN1" hw="record" pos="SUBST">record </w><w c5="PRP" hw="into" pos="PREP">into </w><w c5="NN1" hw="perspective" pos="SUBST">perspective</w><c c5="PUN">.</c></s>
<s n="10"><w c5="AT0" hw="every" pos="ART">Every </w><w c5="NN1" hw="year" pos="SUBST">year </w><w c5="PRP" hw="in" pos="PREP">in </w><w c5="NP0" hw="britain" pos="SUBST">Britain </w><w c5="AV0" hw="about" pos="ADV">about </w><w c5="CRD" hw="5,000" pos="ADJ">5,000 </w><w c5="NN0" hw="people" pos="SUBST">people </w><w c5="VVB" hw="die" pos="VERB">die </w><w c5="PRP-AVP" hw="on" pos="PREP">on </w><w c5="AT0" hw="the" pos="ART">the </w><w c5="NN2" hw="road" pos="SUBST">roads</w><c c5="PUN">.</c></s>
<s n="11"><w c5="PRP" hw="about" pos="PREP">About </w><w c5="AT0" hw="the" pos="ART">the </w><w c5="DT0" hw="same" pos="ADJ">same </w><w c5="NN1" hw="number" pos="SUBST">number </w><w c5="VBB" hw="be" pos="VERB">are </w><w c5="VVN" hw="kill" pos="VERB">killed </w><w c5="PRP" hw="at" pos="PREP">at </w><w c5="NN1" hw="home" pos="SUBST">home</w><c c5="PUN">.</c></s>
<s n="12"><mw c5="AV0"><w c5="AV0" hw="more" pos="ADV">More </w><w c5="CJS" hw="than" pos="CONJ">than </w></mw><w c5="CRD" hw="600" pos="ADJ">600 </w><w c5="NN0" hw="people" pos="SUBST">people </w><w c5="VBB" hw="be" pos="VERB">are </w><w c5="VVN-AJ0" hw="murder" pos="VERB">murdered</w><c c5="PUN">.</c></s>
<s n="13"><w c5="AV0" hw="rather" pos="ADV">Rather </w><w c5="DT0" hw="fewer" pos="ADJ">fewer </w><w c5="VBB" hw="be" pos="VERB">are </w><w c5="VVN" hw="kill" pos="VERB">killed </w><w c5="PRP" hw="at" pos="PREP">at </w><w c5="NN1" hw="work" pos="SUBST">work</w><c c5="PUN">, </c><w c5="AT0" hw="a" pos="ART">a </w><w c5="AJ0" hw="low" pos="ADJ">low </w><w c5="NN1" hw="figure" pos="SUBST">figure </w><w c5="PRP" hw="by" pos="PREP">by </w><w c5="AJ0" hw="international" pos="ADJ">international </w><w c5="NN2" hw="comparison" pos="SUBST">comparisons</w><c c5="PUN">, </c><w c5="CJS" hw="though" pos="CONJ">though </w><w c5="AT0" hw="the" pos="ART">the </w><w c5="NN1" hw="number" pos="SUBST">number </w><w c5="PRF" hw="of" pos="PREP">of </w><w c5="DT0" hw="those" pos="ADJ">those </w><w c5="DTQ" hw="whose" pos="PRON">whose </w><w c5="NN2" hw="life" pos="SUBST">lives </w><w c5="VBB" hw="be" pos="VERB">are </w><w c5="VVN" hw="abridge" pos="VERB">abridged </w><w c5="PRP" hw="by" pos="PREP">by </w><w c5="AV0" hw="industrially" pos="ADV">industrially </w><w c5="VVN-AJ0" hw="contract" pos="VERB">contracted </w><w c5="NN1" hw="ill-health" pos="SUBST">ill-health </w><w c5="VBZ" hw="be" pos="VERB">is </w><w c5="XX0" hw="not" pos="ADV">not </w><w c5="VVN" hw="know" pos="VERB">known </w><w c5="CJC" hw="or" pos="CONJ">or </w><w c5="VVD" hw="include" pos="VERB">included</w><c c5="PUN">.</c></s></p><p>
<s n="14"><w c5="AV0" hw="yet" pos="ADV">Yet </w><w c5="AT0" hw="the" pos="ART">the </w><w c5="AJ0" hw="applied" pos="ADJ">applied </w><w c5="NN1" hw="energy" pos="SUBST">energy</w><c c5="PUN">, </c><w c5="AJ0" hw="constant" pos="ADJ">constant </w><w c5="NN1" hw="movement" pos="SUBST">movement </w><w c5="PRF" hw="of" pos="PREP">of </w><w c5="NN0" hw="people" pos="SUBST">people</w><c c5="PUN">, </c><w c5="AJ0" hw="heavy" pos="ADJ">heavy </w><w c5="NN2" hw="load" pos="SUBST">loads </w><w c5="CJC" hw="and" pos="CONJ">and </w><w c5="NN1" hw="handling" pos="SUBST">handling </w><w c5="PRF" hw="of" pos="PREP">of </w><w c5="DTQ" hw="what" pos="PRON">what </w><w c5="VBB" hw="be" pos="VERB">are </w><w c5="AV0" hw="sometimes" pos="ADV">sometimes </w><w c5="AT0" hw="the" pos="ART">the </w><w c5="AV0" hw="most" pos="ADV">most </w><w c5="AJ0" hw="dangerous" pos="ADJ">dangerous </w><w c5="NN2" hw="substance" pos="SUBST">substances </w><w c5="AJ0" hw="imaginable" pos="ADJ">imaginable </w><w c5="VVB-NN1" hw="make" pos="VERB">make </w><w c5="DT0" hw="many" pos="ADJ">many </w><w c5="AJ0" hw="industrial" pos="ADJ">industrial </w><w c5="NN2" hw="environment" pos="SUBST">environments </w><w c5="AV0" hw="intrinsically" pos="ADV">intrinsically </w><w c5="AJ0" hw="dangerous" pos="ADJ">dangerous</w><c c5="PUN">.</c></s>
<s n="15"><w c5="AT0" hw="a" pos="ART">A </w><w c5="AJ0" hw="reasonable" pos="ADJ">reasonable </w><w c5="NN1" hw="question" pos="SUBST">question </w><w c5="VM0" hw="might" pos="VERB">might </w><w c5="VBI" hw="be" pos="VERB">be</w><c c5="PUN">, </c><w c5="AVQ" hw="why" pos="ADV">why </w><w c5="VBZ" hw="be" pos="VERB">is </w><w c5="AT0" hw="the" pos="ART">the </w><w c5="NN1" hw="safety" pos="SUBST">safety </w><w c5="NN1-VVB" hw="record" pos="SUBST">record </w><w c5="AV0" hw="so" pos="ADV">so </w><w c5="AV0" hw="comparatively" pos="ADV">comparatively </w><w c5="AJ0" hw="good" pos="ADJ">good</w><c c5="PUN">?</c></s></p><p>
<s n="16"><w c5="VDB" hw="do" pos="VERB">Do </w><w c5="XX0" hw="not" pos="ADV">not </w><w c5="VVI" hw="mistake" pos="VERB">mistake </w><w c5="PNP" hw="i" pos="PRON">me</w><c c5="PUN">.</c></s>
<s n="17"><w c5="AT0" hw="the" pos="ART">The </w><w c5="AJ0-NN1" hw="general" pos="ADJ">general </w><w c5="NN1" hw="record" pos="SUBST">record </w><w c5="PRP" hw="on" pos="PREP">on </w><w c5="NN2" hw="accident" pos="SUBST">accidents </w><w c5="PRP" hw="at" pos="PREP">at </w><w c5="NN1" hw="work" pos="SUBST">work </w><w c5="VVD" hw="deteriorate" pos="VERB">deteriorated </w><w c5="PRP" hw="between" pos="PREP">between </w><w c5="CRD" hw="1981" pos="ADJ">1981 </w><w c5="CJC" hw="and" pos="CONJ">and </w><w c5="CRD" hw="1986" pos="ADJ">1986</w><c c5="PUN">; </c><w c5="AT0" hw="the" pos="ART">the </w><w c5="NN1" hw="improvement" pos="SUBST">improvement </w><w c5="PRP" hw="since" pos="PREP">since </w><w c5="AV0" hw="then" pos="ADV">then </w><w c5="VBZ" hw="be" pos="VERB">is </w><w c5="XX0" hw="not" pos="ADV">not </w><w c5="AV0" hw="enough" pos="ADV">enough</w><c c5="PUN">.</c></s>
<s n="18"><mw c5="PNI"><w c5="AT0" hw="no" pos="ART">No </w><w c5="PNI" hw="one" pos="PRON">one </w></mw><w c5="VM0" hw="could" pos="VERB">could </w><w c5="VVI" hw="think" pos="VERB">think </w><w c5="CJT" hw="that" pos="CONJ">that </w><w c5="NN1" hw="improvement" pos="SUBST">improvement </w><w c5="VBZ" hw="be" pos="VERB">is </w><w c5="XX0" hw="not" pos="ADV">not </w><w c5="AJ0" hw="necessary" pos="ADJ">necessary </w><w c5="PRP" hw="to" pos="PREP">to </w><w c5="NN1" hw="safety" pos="SUBST">safety</w><c c5="PUN">, </c><w c5="AV0" hw="especially" pos="ADV">especially </w><w c5="PRP" hw="in" pos="PREP">in </w><w c5="VVG" hw="quarry" pos="VERB">quarrying</w><c c5="PUN">, </c><w c5="NN1" hw="construction" pos="SUBST">construction</w><c c5="PUN">, </c><w c5="VVG-AJ0" hw="dive" pos="VERB">diving </w><w c5="CJC" hw="or" pos="CONJ">or </w><w c5="VVZ" hw="work" pos="VERB">works </w><w c5="NN1-VVB" hw="transport" pos="SUBST">transport</w><c c5="PUN">.</c></s>
<s n="19"><w c5="CJC" hw="but" pos="CONJ">But </w><w c5="NN2" hw="thing" pos="SUBST">things </w><w c5="VM0" hw="could" pos="VERB">could </w><w c5="VBI" hw="be" pos="VERB">be </w><mw c5="AV0"><w c5="AT0" hw="a" pos="ART">a </w><w c5="AJ0" hw="great" pos="ADJ">great </w><w c5="NN1" hw="deal" pos="SUBST">deal </w></mw><w c5="AJC" hw="bad" pos="ADJ">worse</w><c c5="PUN">.</c></s>
<s n="20"><w c5="DTQ" hw="what" pos="PRON">What </w><w c5="VHZ" hw="have" pos="VERB">has </w><w c5="VVN" hw="happen" pos="VERB">happened </w><w c5="PRP" hw="in" pos="PREP">in </w><w c5="AT0" hw="the" pos="ART">the </w><w c5="NN1-AJ0" hw="past" pos="SUBST">past </w><w c5="DT0" hw="half" pos="ADJ">half </w><w c5="NN1" hw="century" pos="SUBST">century</w><c c5="PUN">, </c><mw c5="PRP"><w c5="AV0" hw="apart" pos="ADV">apart </w><w c5="PRP" hw="from" pos="PREP">from </w></mw><w c5="AT0" hw="the" pos="ART">the </w><w c5="NN1" hw="advance" pos="SUBST">advance </w><w c5="PRF" hw="of" pos="PREP">of </w><w c5="NN1" hw="technology" pos="SUBST">technology</w><c c5="PUN">, </c><w c5="VHZ" hw="have" pos="VERB">has </w><w c5="VBN" hw="be" pos="VERB">been </w><w c5="AT0" hw="the" pos="ART">the </w><w c5="NN1" hw="erection" pos="SUBST">erection </w><w c5="PRF" hw="of" pos="PREP">of </w><w c5="AT0" hw="a" pos="ART">a </w><w c5="AJ0" hw="firm" pos="ADJ">firm </w><w c5="NN1" hw="framework" pos="SUBST">framework </w><w c5="PRF" hw="of" pos="PREP">of </w><w c5="NN1" hw="regulation" pos="SUBST">regulation</w><c c5="PUN">, </c><w c5="AT0" hw="the" pos="ART">the </w><w c5="NN1" hw="appearance" pos="SUBST">appearance </w><w c5="PRF" hw="of" pos="PREP">of </w><w c5="AJ0" hw="specific" pos="ADJ">specific </w><w c5="NN1" hw="safety" pos="SUBST">safety </w><w c5="NN2" hw="technology" pos="SUBST">technologies</w><c c5="PUN">, </c><mw c5="PRP"><w c5="DT0" hw="such" pos="ADJ">such </w><w c5="PRP" hw="as" pos="PREP">as </w></mw><w c5="AJ0" hw="industrial" pos="ADJ">industrial </w><w c5="NN1" hw="hygiene" pos="SUBST">hygiene</w><c c5="PUN">, </c><w c5="CJC" hw="and" pos="CONJ">and </w><w c5="AT0" hw="the" pos="ART">the </w><w c5="NN1" hw="advance" pos="SUBST">advance </w><w c5="PRF" hw="of" pos="PREP">of </w><w c5="AT0" hw="the" pos="ART">the </w><w c5="NN1" hw="idea" pos="SUBST">idea </w><w c5="CJT-DT0" hw="that" pos="CONJ">that </w><w c5="NN1" hw="safety" pos="SUBST">safety </w><w c5="VM0" hw="can" pos="VERB">can </w><w c5="CJC" hw="and" pos="CONJ">and </w><w c5="VM0" hw="must" pos="VERB">must </w><w c5="VBI" hw="be" pos="VERB">be </w><w c5="VVN" hw="manage" pos="VERB">managed</w><c c5="PUN">.</c></s></p><p>
<s n="21"><w c5="AV0" hw="about" pos="ADV">About </w><w c5="CRD" hw="800" pos="ADJ">800 </w><w c5="NN2" hw="plant" pos="SUBST">plants </w><w c5="VBB" hw="be" pos="VERB">are </w><w c5="VVN" hw="schedule" pos="VERB">scheduled </w><w c5="PRP" hw="in" pos="PREP">in </w><w c5="AT0" hw="the" pos="ART">the </w><w c5="NP0" hw="uk" pos="SUBST">UK </w><w c5="CJS-PRP" hw="as" pos="CONJ">as </w><w c5="VVG" hw="present" pos="VERB">presenting </w><w c5="AJ0" hw="serious" pos="ADJ">serious </w><w c5="NN2" hw="hazard" pos="SUBST">hazards</w><c c5="PUN">.</c></s>
<s n="22"><w c5="EX0" hw="there" pos="PRON">There </w><w c5="VBB" hw="be" pos="VERB">are </w><mw c5="AV0"><w c5="AV0" hw="more" pos="ADV">more </w><w c5="CJS" hw="than" pos="CONJ">than </w></mw><w c5="CRD" hw="40" pos="ADJ">40 </w><w c5="AJ0" hw="nuclear" pos="ADJ">nuclear </w><w c5="NN2" hw="reactor" pos="SUBST">reactors </w><w c5="CJC" hw="and" pos="CONJ">and </w><w c5="NN0" hw="22,000km" pos="SUBST">22,000km </w><w c5="PRF" hw="of" pos="PREP">of </w><w c5="NN1" hw="gas" pos="SUBST">gas </w><w c5="NN1" hw="pipeline" pos="SUBST">pipeline </w><w c5="VVG-NN1" hw="pass" pos="VERB">passing </w><w c5="PRP" hw="through" pos="PREP">through </w><w c5="AJ0" hw="built-up" pos="ADJ">built-up </w><w c5="NN2" hw="area" pos="SUBST">areas</w><c c5="PUN">.</c></s>
<s n="23"><w c5="AT0" hw="the" pos="ART">The </w><w c5="AJ0" hw="siberian" pos="ADJ">Siberian </w><w c5="NN1" hw="pipeline" pos="SUBST">pipeline </w><w c5="NN1" hw="disaster" pos="SUBST">disaster</w><c c5="PUN">, </c><w c5="NP0" hw="chernobyl" pos="SUBST">Chernobyl </w><w c5="CJC" hw="and" pos="CONJ">and </w><w c5="NP0" hw="bhopal" pos="SUBST">Bhopal </w><w c5="VVB" hw="illustrate" pos="VERB">illustrate </w><w c5="AT0" hw="the" pos="ART">the </w><w c5="AJ0-NN1" hw="potential" pos="ADJ">potential </w><w c5="NN2" hw="risk" pos="SUBST">risks</w><c c5="PUN">.</c></s></p><p>
<s n="24"><w c5="CJC" hw="but" pos="CONJ">But </w><w c5="AT0" hw="the" pos="ART">the </w><w c5="AJ0" hw="continuous" pos="ADJ">continuous </w><w c5="NN1" hw="scrutiny" pos="SUBST">scrutiny </w><w c5="VVN-VVD" hw="demand" pos="VERB">demanded </w><w c5="CJC" hw="and" pos="CONJ">and </w><w c5="VVN" hw="enforce" pos="VERB">enforced </w><w c5="PRP" hw="by" pos="PREP">by </w><w c5="NN1" hw="regulation" pos="SUBST">regulation </w><w c5="PRF" hw="of" pos="PREP">of </w><w c5="AT0" hw="the" pos="ART">the </w><w c5="AJ0" hw="high-risk" pos="ADJ">high-risk </w><w c5="NN2" hw="case" pos="SUBST">cases </w><w c5="CJC" hw="and" pos="CONJ">and </w><c c5="PUL">(</c><w c5="PRP" hw="for" pos="PREP">for </w><w c5="AJ0" hw="nuclear" pos="ADJ">nuclear </w><w c5="NN2" hw="reactor" pos="SUBST">reactors</w><c c5="PUR">) </c><w c5="AT0" hw="the" pos="ART">the </w><w c5="NN2" hw="design" pos="SUBST">designs </w><w c5="PRF" hw="of" pos="PREP">of </w><w c5="DT0" hw="these" pos="ADJ">these </w><w c5="NN2" hw="installation" pos="SUBST">installations </w><w c5="VBB" hw="be" pos="VERB">are </w><w c5="AJ0" hw="considerable" pos="ADJ">considerable </w><w c5="NN2" hw="force" pos="SUBST">forces </w><w c5="PRP" hw="on" pos="PREP">on </w><w c5="AT0" hw="the" pos="ART">the </w><w c5="NN1" hw="side" pos="SUBST">side </w><w c5="PRF" hw="of" pos="PREP">of </w><w c5="NN1" hw="safety" pos="SUBST">safety</w><c c5="PUN">.</c></s>
<s n="25"><w c5="CRD" hw="one" pos="ADJ">One </w><w c5="NN1" hw="day" pos="SUBST">day </w><w c5="EX0" hw="there" pos="PRON">there </w><w c5="VM0" hw="will" pos="VERB">will </w><w c5="VBI" hw="be" pos="VERB">be </w><w c5="AT0" hw="a" pos="ART">a </w><w c5="AJ0" hw="serious" pos="ADJ">serious </w><w c5="AJ0" hw="industrial" pos="ADJ">industrial </w><w c5="NN1" hw="accident" pos="SUBST">accident</w><c c5="PUN">; </c><w c5="EX0" hw="there" pos="PRON">there </w><w c5="VBB" hw="be" pos="VERB">are </w><w c5="AJ0" hw="occasional" pos="ADJ">occasional </w><w c5="AJ0" hw="near" pos="ADJ">near </w><w c5="NN2" hw="miss" pos="SUBST">misses </w><w c5="CJC" hw="and" pos="CONJ">and </w><w c5="AJC" hw="bad" pos="ADJ">worse</w><c c5="PUN">; </c><w c5="CJC" hw="but" pos="CONJ">but </w><w c5="PNP" hw="it" pos="PRON">it </w><w c5="AV0" hw="usually" pos="ADV">usually </w><w c5="VVZ" hw="take" pos="VERB">takes </w><w c5="AT0" hw="a" pos="ART">a </w><w c5="AJ0" hw="good" pos="ADJ">good </w><w c5="NN1" hw="measure" pos="SUBST">measure </w><w c5="PRF" hw="of" pos="PREP">of </w><w c5="NN1" hw="folly" pos="SUBST">folly</w><c c5="PUN">, </c><w c5="NN1" hw="inattention" pos="SUBST">inattention </w><w c5="CJC" hw="and" pos="CONJ">and </w><w c5="NN1" hw="misfortune" pos="SUBST">misfortune </w><w c5="TO0" hw="to" pos="PREP">to </w><w c5="VVI" hw="overwhelm" pos="VERB">overwhelm </w><w c5="AJ0" hw="good" pos="ADJ">good </w><w c5="NN1" hw="plant" pos="SUBST">plant </w><w c5="CJC" hw="and" pos="CONJ">and </w><w c5="AT0" hw="a" pos="ART">a </w><w c5="AJ0" hw="safe" pos="ADJ">safe </w><w c5="NN1" hw="system" pos="SUBST">system</w><c c5="PUN">.</c></s>
<s n="26"><w c5="AV0" hw="relatively" pos="ADV">Relatively </w><w c5="DT0" hw="few" pos="ADJ">few </w><w c5="NN2" hw="member" pos="SUBST">members </w><w c5="PRF" hw="of" pos="PREP">of </w><w c5="AT0" hw="the" pos="ART">the </w><w c5="NN1" hw="public" pos="SUBST">public </w><w c5="VHB" hw="have" pos="VERB">have </w><w c5="VBN" hw="be" pos="VERB">been </w><w c5="VVN" hw="kill" pos="VERB">killed </w><w c5="PRP" hw="in" pos="PREP">in </w><w c5="NP0" hw="britain" pos="SUBST">Britain </w><w c5="PRP" hw="by" pos="PREP">by </w><w c5="AJ0" hw="industrial" pos="ADJ">industrial </w><w c5="NN2" hw="accident" pos="SUBST">accidents </w><w c5="PRP" hw="in" pos="PREP">in </w><w c5="AJ0" hw="recent" pos="ADJ">recent </w><w c5="NN2" hw="year" pos="SUBST">years</w><c c5="PUN">.</c></s></p><p>
<s n="27"><w c5="NN0" hw="people" pos="SUBST">People </w><w c5="VVB" hw="expect" pos="VERB">expect </w><w c5="NN2" hw="risk" pos="SUBST">risks </w><w c5="PNP" hw="they" pos="PRON">they </w><w c5="VDD" hw="do" pos="VERB">did </w><w c5="XX0" hw="not" pos="ADV">not </w><w c5="VVI" hw="ask" pos="VERB">ask </w><w c5="PRP" hw="for" pos="PREP">for </w><w c5="CJC" hw="and" pos="CONJ">and </w><w c5="VM0" hw="can" pos="VERB">can</w><w c5="XX0" hw="not" pos="ADV">not </w><w c5="VVI" hw="control" pos="VERB">control </w><w c5="TO0" hw="to" pos="PREP">to </w><w c5="VBI" hw="be" pos="VERB">be </w><w c5="AV0" hw="much" pos="ADV">much </w><w c5="AJC" hw="low" pos="ADJ">lower </w><w c5="NN1" hw="-by" pos="SUBST">-by </w><w c5="CRD" hw="10" pos="ADJ">10 </w><w c5="CJC" hw="or" pos="CONJ">or </w><w c5="CRD" hw="100" pos="ADJ">100 </w><w c5="NN2" hw="time" pos="SUBST">times </w><c c5="PUN">— </c><w c5="CJS" hw="than" pos="CONJ">than </w><w c5="DT0" hw="those" pos="ADJ">those </w><w c5="DTQ" hw="which" pos="PRON">which </w><w c5="PNP" hw="they" pos="PRON">they </w><w c5="VVB" hw="run" pos="VERB">run </w><w c5="AV0" hw="willingly" pos="ADV">willingly</w><c c5="PUN">.</c></s>
<s n="28"><w c5="NN0" hw="people" pos="SUBST">People </w><w c5="VM0" hw="may" pos="VERB">may </w><w c5="VVI" hw="smoke" pos="VERB">smoke</w><c c5="PUN">, </c><w c5="VVB-NN1" hw="drive" pos="VERB">drive </w><w c5="PRP" hw="at" pos="PREP">at </w><w c5="CRD" hw="80" pos="ADJ">80 </w><w c5="NN2" hw="mile" pos="SUBST">miles </w><w c5="AT0" hw="an" pos="ART">an </w><w c5="NN1" hw="hour" pos="SUBST">hour </w><w c5="PRP" hw="through" pos="PREP">through </w><w c5="NN1" hw="fog" pos="SUBST">fog </w><w c5="PRP" hw="on" pos="PREP">on </w><w c5="AT0" hw="a" pos="ART">a </w><w c5="NN1" hw="motorway" pos="SUBST">motorway</w><c c5="PUN">, </c><w c5="VVB" hw="go" pos="VERB">go </w><w c5="AVP" hw="in" pos="ADV">in </w><w c5="PRP" hw="for" pos="PREP">for </w><w c5="NN1-AJ0" hw="hang-gliding" pos="SUBST">hang-gliding </w><w c5="CJC" hw="or" pos="CONJ">or </w><w c5="NN1" hw="rock" pos="SUBST">rock </w><w c5="NN1" hw="climbing" pos="SUBST">climbing </w><w c5="PRP" hw="at" pos="PREP">at </w><w c5="AT0" hw="the" pos="ART">the </w><w c5="NN2" hw="weekend" pos="SUBST">weekends</w><c c5="PUN">.</c></s></p><p>
<s n="29"><w c5="AV0" hw="yet" pos="ADV">Yet </w><w c5="PNP" hw="they" pos="PRON">they </w><w c5="VVB" hw="see" pos="VERB">see </w><w c5="PNI" hw="nothing" pos="PRON">nothing </w><w c5="AJ0" hw="inconsistent" pos="ADJ">inconsistent </w><w c5="PRP" hw="with" pos="PREP">with </w><w c5="VVG" hw="object" pos="VERB">objecting </w><w c5="PRP" hw="to" pos="PREP">to </w><w c5="AT0" hw="a" pos="ART">a </w><w c5="AJ0" hw="well-engineered" pos="ADJ">well-engineered </w><w c5="AJ0" hw="nuclear" pos="ADJ">nuclear </w><w c5="NN1" hw="waste" pos="SUBST">waste </w><w c5="NN1" hw="disposal" pos="SUBST">disposal </w><w c5="NN1" hw="plant" pos="SUBST">plant </w><w c5="DTQ" hw="which" pos="PRON">which </w><w c5="VBZ" hw="be" pos="VERB">is </w><w c5="AV0" hw="clearly" pos="ADV">clearly </w><w c5="AJ0" hw="necessary" pos="ADJ">necessary </w><w c5="TO0" hw="to" pos="PREP">to </w><w c5="VVI" hw="dispose" pos="VERB">dispose </w><w c5="AV0" hw="safely" pos="ADV">safely </w><w c5="PRF" hw="of" pos="PREP">of </w><w c5="AJ0" hw="irradiated" pos="ADJ">irradiated </w><w c5="NN1" hw="material" pos="SUBST">material </w><w c5="AV0" hw="already" pos="ADV">already </w><w c5="VVN" hw="create" pos="VERB">created</w><c c5="PUN">; </c><w c5="CJC" hw="or" pos="CONJ">or </w><w c5="PRP" hw="to" pos="PREP">to </w><w c5="AV0" hw="properly" pos="ADV">properly </w><w c5="VVN-VVD" hw="regulate" pos="VERB">regulated </w><w c5="AJ0" hw="high-combustion" pos="ADJ">high-combustion </w><w c5="AJ0-NN1" hw="chemical" pos="ADJ">chemical </w><w c5="NN1" hw="waste" pos="SUBST">waste </w><w c5="NN1" hw="disposal" pos="SUBST">disposal </w><w c5="NN2" hw="plant" pos="SUBST">plants </w><w c5="CJT" hw="that" pos="CONJ">that </w><w c5="VBB" hw="be" pos="VERB">are </w><w c5="AT0" hw="the" pos="ART">the </w><w c5="AJ0" hw="only" pos="ADJ">only </w><w c5="NN1" hw="alternative" pos="SUBST">alternative </w><c c5="PUL">(</c><w c5="CJS" hw="unless" pos="CONJ">unless </w><w c5="PNP" hw="we" pos="PRON">we </w><w c5="VVB" hw="get" pos="VERB">get </w><w c5="VVN" hw="rid" pos="VERB">rid </w><w c5="PRF" hw="of" pos="PREP">of </w><w c5="AT0" hw="the" pos="ART">the </w><w c5="AJ0-NN1" hw="chemical" pos="ADJ">chemical </w><w c5="NN1" hw="industry" pos="SUBST">industry</w><c c5="PUR">) </c><w c5="PRP" hw="to" pos="PREP">to </w><w c5="AJ0" hw="toxic" pos="ADJ">toxic </w><w c5="NN2" hw="waste" pos="SUBST">wastes </w><w c5="VBG" hw="be" pos="VERB">being </w><w c5="VVN" hw="dump" pos="VERB">dumped </w><w c5="AV0" hw="surreptitiously" pos="ADV">surreptitiously </w><w c5="PRP" hw="in" pos="PREP">in </w><w c5="DT0" hw="some" pos="ADJ">some </w><w c5="NN1" hw="field" pos="SUBST">field </w><w c5="CJC" hw="or" pos="CONJ">or </w><w c5="PRP" hw="on" pos="PREP">on </w><w c5="DT0" hw="some" pos="ADJ">some </w><w c5="NN1" hw="beach" pos="SUBST">beach</w><c c5="PUN">.</c></s></p><p>
<s n="30"><w c5="PRP" hw="in" pos="PREP">In </w><w c5="AT0" hw="a" pos="ART">a </w><w c5="NN1" hw="democracy" pos="SUBST">democracy </w><w c5="PNP" hw="we" pos="PRON">we </w><w c5="VBB" hw="be" pos="VERB">are </w><w c5="AJ0" hw="entitled" pos="ADJ">entitled </w><w c5="TO0" hw="to" pos="PREP">to </w><w c5="VVI" hw="choose" pos="VERB">choose </w><w c5="XX0" hw="not" pos="ADV">not </w><w c5="TO0" hw="to" pos="PREP">to </w><w c5="VVI" hw="die" pos="VERB">die </w><w c5="PRP" hw="for" pos="PREP">for </w><w c5="PNI" hw="someone" pos="PRON">someone </w><w c5="AV0" hw="else" pos="ADV">else</w><w c5="POS" hw="'s" pos="UNC">'s </w><w c5="NN1" hw="benefit" pos="SUBST">benefit </w><w c5="CJC" hw="or" pos="CONJ">or </w><w c5="NN1-VVB" hw="profit" pos="SUBST">profit</w><c c5="PUN">.</c></s>
<s n="31"><w c5="AT0" hw="the" pos="ART">The </w><w c5="AJ0" hw="high" pos="ADJ">high </w><w c5="AJ0-NN1" hw="general" pos="ADJ">general </w><w c5="NN2" hw="standard" pos="SUBST">standards </w><w c5="VVN-VVD" hw="apply" pos="VERB">applied </w><w c5="PRP" hw="to" pos="PREP">to </w><w c5="AJ0" hw="industrial" pos="ADJ">industrial </w><w c5="NN1" hw="safety" pos="SUBST">safety </w><w c5="NN1-VVB" hw="affect" pos="SUBST">affect </w><w c5="NN2" hw="expectation" pos="SUBST">expectations</w><c c5="PUN">.</c></s>
<s n="32"><w c5="CJC" hw="but" pos="CONJ">But </w><w c5="PNP" hw="we" pos="PRON">we </w><w c5="VDB" hw="do" pos="VERB">do </w><w c5="VVI" hw="need" pos="VERB">need </w><w c5="TO0" hw="to" pos="PREP">to </w><w c5="VVI" hw="remember" pos="VERB">remember </w><w c5="AT0" hw="the" pos="ART">the </w><w c5="AJ0" hw="great" pos="ADJ">great </w><w c5="NN1" hw="cost" pos="SUBST">cost </w><w c5="PRF" hw="of" pos="PREP">of </w><w c5="VVG" hw="exercise" pos="VERB">exercising </w><w c5="DPS" hw="we" pos="PRON">our </w><w c5="NN1" hw="right" pos="SUBST">right </w><w c5="TO0" hw="to" pos="PREP">to </w><w c5="VHI" hw="have" pos="VERB">have </w><w c5="AJ0" hw="double" pos="ADJ">double </w><w c5="NN2" hw="standard" pos="SUBST">standards </w><w c5="CJC" hw="and" pos="CONJ">and </w><w c5="AV0" hw="also" pos="ADV">also </w><w c5="TO0" hw="to" pos="PREP">to </w><w c5="VVI" hw="ask" pos="VERB">ask </w><w c5="PNX" hw="ourselves" pos="PRON">ourselves </w><w c5="CJS" hw="whether" pos="CONJ">whether </w><w c5="NN1" hw="expenditure" pos="SUBST">expenditure </w><w c5="TO0" hw="to" pos="PREP">to </w><w c5="VVI" hw="make" pos="VERB">make </w><w c5="PNP" hw="we" pos="PRON">us </w><w c5="AV0" hw="extremely" pos="ADV">extremely </w><w c5="AJ0" hw="safe" pos="ADJ">safe </w><w c5="PRP" hw="from" pos="PREP">from </w><w c5="CRD" hw="one" pos="ADJ">one </w><w c5="NN1" hw="form" pos="SUBST">form </w><w c5="PRF" hw="of" pos="PREP">of </w><w c5="NN1" hw="risk" pos="SUBST">risk </w><w c5="VM0" hw="may" pos="VERB">may </w><w c5="XX0" hw="not" pos="ADV">not </w><w c5="AV0" hw="sometimes" pos="ADV">sometimes </w><w c5="VVI" hw="make" pos="VERB">make </w><w c5="PNP" hw="we" pos="PRON">us </w><w c5="DT0" hw="more" pos="ADJ">more </w><w c5="AJ0" hw="vulnerable" pos="ADJ">vulnerable </w><w c5="PRP" hw="to" pos="PREP">to </w><w c5="NN2" hw="other" pos="SUBST">others</w><c c5="PUN">.</c></s></p><p>
<s n="33"><w c5="PRP" hw="after" pos="PREP">After </w><w c5="AT0" hw="the" pos="ART">the </w><w c5="NP0" hw="midlands" pos="SUBST">Midlands </w><w c5="NN1" hw="air" pos="SUBST">air </w><w c5="NN1-VVB" hw="crash" pos="SUBST">crash</w><c c5="PUN">, </c><w c5="PNP" hw="i" pos="PRON">I </w><w c5="VVD" hw="ask" pos="VERB">asked </w><w c5="NP0" hw="eddy" pos="SUBST">Eddy </w><w c5="NP0" hw="ryder" pos="SUBST">Ryder</w><c c5="PUN">, </c><w c5="AT0" hw="the" pos="ART">the </w><w c5="AJ0" hw="chief" pos="ADJ">Chief </w><w c5="AJ0" hw="nuclear" pos="ADJ">Nuclear </w><w c5="NN1" hw="inspector" pos="SUBST">Inspector</w><c c5="PUN">, </c><w c5="DTQ" hw="what" pos="PRON">what </w><w c5="NN1" hw="safety" pos="SUBST">safety </w><w c5="NN2" hw="lesson" pos="SUBST">lessons </w><w c5="PNP" hw="he" pos="PRON">he </w><w c5="VVD" hw="draw" pos="VERB">drew</w><c c5="PUN">.</c></s>
<s n="34"><w c5="PNP" hw="he" pos="PRON">He </w><w c5="VVD" hw="say" pos="VERB">said</w><c c5="PUN">: </c><c c5="PUQ">‘</c><w c5="CJS" hw="if" pos="CONJ">If </w><w c5="PNP" hw="it" pos="PRON">it </w><w c5="VHD" hw="have" pos="VERB">had </w><w c5="VBN" hw="be" pos="VERB">been </w><w c5="PNP" hw="we" pos="PRON">us</w><c c5="PUN">, </c><w c5="PNP" hw="we" pos="PRON">we</w><w c5="VM0" hw="would" pos="VERB">'d </w><w c5="VHI" hw="have" pos="VERB">have </w><w c5="VVN" hw="demand" pos="VERB">demanded </w><w c5="CRD" hw="10" pos="ADJ">10 </w><w c5="NN2" hw="engine" pos="SUBST">engines</w><c c5="PUN">.</c><c c5="PUQ">’</c></s>
<s n="35"><w c5="PRP" hw="after" pos="PREP">After </w><w c5="AT0" hw="a" pos="ART">a </w><w c5="NN1" hw="pause" pos="SUBST">pause </w><w c5="PRP" hw="for" pos="PREP">for </w><w c5="NN1" hw="calculation" pos="SUBST">calculation</w><c c5="PUN">, </c><w c5="PNP" hw="he" pos="PRON">he </w><w c5="VVD" hw="add" pos="VERB">added</w><c c5="PUN">: </c><c c5="PUQ">‘</c><w c5="CJC" hw="and" pos="CONJ">And </w><w c5="AV0" hw="then" pos="ADV">then </w><w c5="PNP" hw="i" pos="PRON">I</w><w c5="VM0" hw="would" pos="VERB">'d </w><w c5="VHI" hw="have" pos="VERB">have </w><w c5="VVN" hw="tether" pos="VERB">tethered </w><w c5="PNP" hw="it" pos="PRON">it </w><w c5="PRP" hw="to" pos="PREP">to </w><w c5="AT0" hw="the" pos="ART">the </w><w c5="NN1" hw="ground" pos="SUBST">ground</w><c c5="PUN">.</c><c c5="PUQ">’</c></s>
<s n="36"><w c5="PRP" hw="in" pos="PREP">In </w><w c5="NN1" hw="fact" pos="SUBST">fact</w><c c5="PUN">, </c><w c5="PNP" hw="we" pos="PRON">we </w><w c5="VVB" hw="know" pos="VERB">know </w><w c5="CJT" hw="that" pos="CONJ">that </w><w c5="CJS" hw="if" pos="CONJ">if </w><w c5="PNP" hw="we" pos="PRON">we </w><w c5="VVB" hw="get" pos="VERB">get </w><w c5="PRP" hw="into" pos="PREP">into </w><w c5="AT0" hw="a" pos="ART">a </w><w c5="AJ0" hw="confined" pos="ADJ">confined </w><w c5="NN1" hw="space" pos="SUBST">space </w><w c5="PRP" hw="with" pos="PREP">with </w><w c5="AT0" hw="the" pos="ART">the </w><w c5="NN1" hw="intention" pos="SUBST">intention </w><w c5="PRF" hw="of" pos="PREP">of </w><w c5="VVG" hw="defy" pos="VERB">defying </w><w c5="NN1" hw="gravity" pos="SUBST">gravity </w><w c5="PNP" hw="we" pos="PRON">we </w><w c5="VBB" hw="be" pos="VERB">are </w><w c5="VVG" hw="run" pos="VERB">running </w><w c5="AT0" hw="a" pos="ART">a </w><w c5="NN1" hw="risk" pos="SUBST">risk </w><w c5="CJC" hw="and" pos="CONJ">and </w><w c5="VHB" hw="have" pos="VERB">have </w><w c5="VVN" hw="decide" pos="VERB">decided </w><w c5="TO0" hw="to" pos="PREP">to </w><w c5="VVI" hw="tolerate" pos="VERB">tolerate </w><w c5="PNP" hw="it" pos="PRON">it</w><c c5="PUN">.</c></s></p><p>
<s n="37"><mw c5="AV0"><w c5="PRP" hw="in" pos="PREP">In </w><w c5="AJ0" hw="short" pos="ADJ">short </w></mw><w c5="DPS" hw="we" pos="PRON">our </w><w c5="AJ0" hw="national" pos="ADJ">national </w><w c5="NN2" hw="standard" pos="SUBST">standards </w><w c5="VBB" hw="be" pos="VERB">are </w><w c5="AJ0" hw="high" pos="ADJ">high </w><w c5="CJC" hw="and" pos="CONJ">and </w><w c5="PNP" hw="we" pos="PRON">we </w><w c5="VM0" hw="can" pos="VERB">can </w><w c5="AV0" hw="largely" pos="ADV">largely </w><w c5="VVI" hw="choose" pos="VERB">choose </w><w c5="DTQ" hw="what" pos="PRON">what </w><w c5="PNP" hw="they" pos="PRON">they </w><w c5="VM0" hw="should" pos="VERB">should </w><w c5="VBI" hw="be" pos="VERB">be</w><c c5="PUN">.</c></s>
<s n="38"><w c5="CJC" hw="but" pos="CONJ">But </w><w c5="PNP" hw="it" pos="PRON">it </w><w c5="VVZ" hw="take" pos="VERB">takes </w><w c5="AJ0" hw="resolute" pos="ADJ">resolute</w><c c5="PUN">, </c><w c5="AV0" hw="technologically" pos="ADV">technologically </w><w c5="AJ0" hw="aware" pos="ADJ">aware </w><w c5="NN1" hw="safety" pos="SUBST">safety </w><w c5="NN1" hw="management" pos="SUBST">management </w><w c5="CJC" hw="and" pos="CONJ">and </w><w c5="NN1" hw="regulation" pos="SUBST">regulation </w><w c5="TO0" hw="to" pos="PREP">to </w><w c5="VVI" hw="maintain" pos="VERB">maintain </w><w c5="PNP" hw="they" pos="PRON">them</w><c c5="PUN">.</c></s>
<s n="39"><w c5="CJS" hw="where" pos="CONJ">Where </w><w c5="NN0" hw="people" pos="SUBST">people </w><w c5="VBB" hw="be" pos="VERB">are </w><w c5="VVN-AJ0" hw="crowd" pos="VERB">crowded </w><w c5="AV0" hw="together" pos="ADV">together</w><c c5="PUN">, </c><w c5="AV0" hw="particularly" pos="ADV">particularly </w><w c5="CJS" hw="when" pos="CONJ">when </w><w c5="AJ0" hw="public" pos="ADJ">public </w><w c5="NN1" hw="order" pos="SUBST">order </w><w c5="VBZ" hw="be" pos="VERB">is </w><w c5="PRP" hw="in" pos="PREP">in </w><w c5="NN1" hw="question" pos="SUBST">question</w><c c5="PUN">; </c><w c5="CJS-AVQ" hw="where" pos="CONJ">where </w><w c5="AJ0" hw="hazardous" pos="ADJ">hazardous </w><w c5="NN2" hw="material" pos="SUBST">materials </w><w c5="VBB" hw="be" pos="VERB">are </w><w c5="VBG" hw="be" pos="VERB">being </w><w c5="VVN" hw="move" pos="VERB">moved</w><c c5="PUN">; </c><w c5="CJS-AVQ" hw="where" pos="CONJ">where </w><w c5="AJ0" hw="traditional" pos="ADJ">traditional </w><w c5="AJ0" hw="industrial" pos="ADJ">industrial </w><w c5="NN2" hw="discipline" pos="SUBST">disciplines </w><w c5="CJC" hw="and" pos="CONJ">and </w><w c5="NN1" hw="organisation" pos="SUBST">organisation </w><w c5="VBB" hw="be" pos="VERB">are </w><w c5="VVG" hw="break" pos="VERB">breaking </w><w c5="AVP" hw="down" pos="ADV">down</w><c c5="PUN">, </c><w c5="CJS" hw="as" pos="CONJ">as </w><w c5="PRP" hw="in" pos="PREP">in </w><w c5="NN2" hw="part" pos="SUBST">parts </w><w c5="PRF" hw="of" pos="PREP">of </w><w c5="AT0" hw="the" pos="ART">the </w><w c5="NN1" hw="construction" pos="SUBST">construction </w><w c5="NN1" hw="industry" pos="SUBST">industry</w><c c5="PUN">, </c><w c5="EX0" hw="there" pos="PRON">there </w><w c5="VBZ" hw="be" pos="VERB">is </w><w c5="AJ0" hw="real" pos="ADJ">real </w><w c5="NN1" hw="reason" pos="SUBST">reason </w><w c5="PRP" hw="for" pos="PREP">for </w><w c5="NN1" hw="anxiety" pos="SUBST">anxiety</w><c c5="PUN">.</c></s>
<s n="40"><w c5="PRP" hw="in" pos="PREP">In </w><w c5="AJ0" hw="serious" pos="ADJ">serious </w><w c5="NN1" hw="hazard" pos="SUBST">hazard </w><w c5="NN1" hw="regulation" pos="SUBST">regulation</w><c c5="PUN">, </c><w c5="AV0" hw="too" pos="ADV">too</w><c c5="PUN">, </c><w c5="AT0" hw="the" pos="ART">the </w><w c5="NN2" hw="stake" pos="SUBST">stakes </w><w c5="VBB" hw="be" pos="VERB">are </w><w c5="AJ0" hw="high" pos="ADJ">high </w><w c5="CJC" hw="and" pos="CONJ">and </w><w c5="AT0" hw="the" pos="ART">the </w><w c5="AJ0" hw="so-called" pos="ADJ">so-called </w><c c5="PUQ">‘</c><w c5="AJ0-NN1" hw="human" pos="ADJ">human </w><w c5="NN1" hw="factor" pos="SUBST">factor</w><c c5="PUQ">’ </c><w c5="PRP" hw="in" pos="PREP">in </w><w c5="NN1" hw="accident" pos="SUBST">accident </w><w c5="NN1" hw="causation" pos="SUBST">causation </w><w c5="VBZ" hw="be" pos="VERB">is </w><w c5="AT0" hw="an" pos="ART">an </w><w c5="NN1" hw="issue" pos="SUBST">issue</w><c c5="PUN">.</c></s></p><p>
<s n="41"><w c5="CJC" hw="but" pos="CONJ">But </w><w c5="EX0" hw="there" pos="PRON">there </w><w c5="VBZ" hw="be" pos="VERB">is </w><w c5="AT0" hw="no" pos="ART">no </w><w c5="NN1" hw="kind" pos="SUBST">kind </w><w c5="PRF" hw="of" pos="PREP">of </w><w c5="NN1" hw="crisis" pos="SUBST">crisis </w><w c5="VVG" hw="go" pos="VERB">going </w><w c5="AVP" hw="on" pos="ADV">on</w><c c5="PUN">, </c><w c5="PRP" hw="except" pos="PREP">except </w><w c5="AV0" hw="perhaps" pos="ADV">perhaps </w><w c5="PRP" hw="in" pos="PREP">in </w><w c5="AT0" hw="the" pos="ART">the </w><w c5="AJ0" hw="environmental" pos="ADJ">environmental </w><w c5="CJC" hw="or" pos="CONJ">or </w><w c5="AJ0" hw="ecological" pos="ADJ">ecological </w><w c5="NN1" hw="area" pos="SUBST">area </w><w c5="CJC" hw="and" pos="CONJ">and </w><w c5="PRP" hw="in" pos="PREP">in </w><w c5="DPS" hw="we" pos="PRON">our </w><w c5="DT0" hw="own" pos="ADJ">own </w><w c5="NN2" hw="mind" pos="SUBST">minds </w><w c5="CJS-AVQ" hw="when" pos="CONJ">when </w><w c5="PNP" hw="we" pos="PRON">we </w><w c5="VVB" hw="try" pos="VERB">try </w><w c5="TO0" hw="to" pos="PREP">to </w><w c5="VVI" hw="secure" pos="VERB">secure </w><w c5="PRP" hw="for" pos="PREP">for </w><w c5="PNX" hw="ourselves" pos="PRON">ourselves </w><w c5="DTQ" hw="what" pos="PRON">what </w><w c5="PNP" hw="we" pos="PRON">we </w><w c5="VM0" hw="can" pos="VERB">can</w><w c5="XX0" hw="not" pos="ADV">not </w><w c5="VHI" hw="have" pos="VERB">have</w><c c5="PUN">: </c><w c5="AV0" hw="namely" pos="ADV">namely </w><w c5="AT0" hw="a" pos="ART">a </w><w c5="NN1" hw="zero" pos="SUBST">zero </w><w c5="NN1" hw="risk" pos="SUBST">risk</w><c c5="PUN">.</c></s></p></div><div level="1" n="891007 edition -- Feature Page 14"><head type="MAIN">
<s n="42"><w c5="AJ0" hw="free" pos="ADJ">Free </w><w c5="NN1" hw="speech" pos="SUBST">Speech </w><w c5="CRD" hw="2" pos="ADJ">2</w><c c5="PUN">: </c><w c5="NN1" hw="safety" pos="SUBST">Safety </w><w c5="VVN-VVD" hw="sacrifice" pos="VERB">sacrificed </w><w c5="PRP" hw="at" pos="PREP">at </w><w c5="AT0" hw="the" pos="ART">the </w><w c5="NN1" hw="altar" pos="SUBST">altar </w><w c5="PRF" hw="of" pos="PREP">of </w><w c5="NN1" hw="profit" pos="SUBST">profit</w></s></head><head type="BYLINE">
<s n="43"><w c5="PRP" hw="by" pos="PREP">By </w><w c5="NP0" hw="james" pos="SUBST">JAMES </w><w c5="NP0" hw="tye" pos="SUBST">TYE</w></s></head><p>
<s n="44"><w c5="NN1" hw="director-general" pos="SUBST">Director-General </w><w c5="PRF" hw="of" pos="PREP">of </w><w c5="AT0" hw="the" pos="ART">the </w><w c5="AJ0" hw="british" pos="ADJ">British </w><w c5="NN1" hw="safety" pos="SUBST">Safety </w><w c5="NN1" hw="council" pos="SUBST">Council </w><w c5="PRP" hw="since" pos="PREP">since </w><w c5="CRD" hw="1968" pos="ADJ">1968 </w><w c5="CJC" hw="and" pos="CONJ">and </w><w c5="NN1" hw="author" pos="SUBST">author </w><w c5="PRF" hw="of" pos="PREP">of </w><w c5="DT0" hw="several" pos="ADJ">several </w><w c5="NN2" hw="book" pos="SUBST">books </w><w c5="PRP" hw="on" pos="PREP">on </w><w c5="NN1" hw="safety" pos="SUBST">safety</w><c c5="PUN">, </c><w c5="PNP" hw="he" pos="PRON">he </w><w c5="VBZ" hw="be" pos="VERB">is </w><w c5="AT0" hw="a" pos="ART">a </w><w c5="AJ0" hw="leading" pos="ADJ">leading </w><w c5="NN1" hw="authority" pos="SUBST">authority </w><w c5="PRP" hw="on" pos="PREP">on </w><w c5="NN1" hw="accident" pos="SUBST">accident </w><w c5="NN1" hw="prevention" pos="SUBST">prevention</w><c c5="PUN">.</c></s></p><p>
<s n="45"><w c5="PRP" hw="during" pos="PREP">During </w><w c5="AT0" hw="the" pos="ART">the </w><w c5="ORD" hw="last" pos="ADJ">last </w><w c5="CRD" hw="23" pos="ADJ">23 </w><w c5="NN2" hw="year" pos="SUBST">years </w><w c5="PNP" hw="i" pos="PRON">I </w><w c5="VHB" hw="have" pos="VERB">have </w><w c5="VVN" hw="look" pos="VERB">looked </w><w c5="PRP" hw="at" pos="PREP">at </w><w c5="CRD" hw="thousands" pos="ADJ">thousands </w><w c5="PRF" hw="of" pos="PREP">of </w><w c5="AJ0" hw="so-called" pos="ADJ">so-called </w><w c5="NN2" hw="accident" pos="SUBST">accidents </w><w c5="PRP" hw="in" pos="PREP">in </w><w c5="DT0" hw="many" pos="ADJ">many </w><w c5="NN2" hw="country" pos="SUBST">countries</w><c c5="PUN">.</c></s>
<s n="46"><w c5="PNP" hw="i" pos="PRON">I </w><w c5="VM0" hw="can" pos="VERB">can</w><w c5="XX0" hw="not" pos="ADV">not </w><w c5="VVI" hw="remember" pos="VERB">remember </w><w c5="AT0" hw="a" pos="ART">a </w><w c5="AJ0" hw="single" pos="ADJ">single </w><w c5="PNI" hw="one" pos="PRON">one </w><w c5="CJS-AVQ" hw="where" pos="CONJ">where </w><w c5="AT0" hw="the" pos="ART">the </w><w c5="NN2" hw="risk" pos="SUBST">risks </w><w c5="DTQ" hw="which" pos="PRON">which </w><w c5="VVD" hw="give" pos="VERB">gave </w><w c5="NN1" hw="rise" pos="SUBST">rise </w><w c5="PRP" hw="to" pos="PREP">to </w><w c5="AT0" hw="the" pos="ART">the </w><w c5="NN1" hw="accident" pos="SUBST">accident </w><w c5="VM0" hw="could" pos="VERB">could </w><w c5="XX0" hw="not" pos="ADV">not </w><w c5="VHI" hw="have" pos="VERB">have </w><w c5="VBN" hw="be" pos="VERB">been </w><w c5="VVN" hw="measure" pos="VERB">measured </w><w c5="CJC" hw="and" pos="CONJ">and </w><w c5="VVN-VVD" hw="prevent" pos="VERB">prevented </w><w c5="PRP" hw="with" pos="PREP">with </w><w c5="AJ0" hw="effective" pos="ADJ">effective </w><w c5="NN1" hw="safety" pos="SUBST">safety </w><w c5="NN1" hw="training" pos="SUBST">training</w><c c5="PUN">, </c><w c5="NN1" hw="management" pos="SUBST">management </w><w c5="NN1" hw="commitment" pos="SUBST">commitment </w><w c5="CJC" hw="and" pos="CONJ">and </w><c c5="PUN">— </c><w c5="PRP" hw="above" pos="PREP">above </w><w c5="DT0" hw="all" pos="ADJ">all </w><c c5="PUN">-</c><w c5="AJ0" hw="sufficient" pos="ADJ">sufficient </w><w c5="NN2" hw="fund" pos="SUBST">funds</w><c c5="PUN">.</c></s></p><p>
<s n="47"><w c5="PNP" hw="it" pos="PRON">It </w><w c5="VVZ" hw="sadden" pos="VERB">saddens </w><w c5="PNP" hw="i" pos="PRON">me </w><w c5="DT0-CJT" hw="that" pos="ADJ">that</w><c c5="PUN">, </c><w c5="CJS" hw="while" pos="CONJ">while </w><w c5="DT0" hw="most" pos="ADJ">most </w><w c5="AJ0" hw="annual" pos="ADJ">annual </w><w c5="NN2" hw="report" pos="SUBST">reports </w><w c5="VVB" hw="say" pos="VERB">say </w><c c5="PUQ">‘</c><c c5="PUN">…</c><w c5="PNP" hw="we" pos="PRON">we </w><w c5="VM0" hw="will" pos="VERB">will </w><w c5="VDI" hw="do" pos="VERB">do </w><w c5="DPS" hw="we" pos="PRON">our </w><w c5="NN1" hw="utmost" pos="SUBST">utmost </w><w c5="TO0" hw="to" pos="PREP">to </w><w c5="VVI" hw="preserve" pos="VERB">preserve </w><w c5="DPS" hw="we" pos="PRON">our </w><w c5="AV0" hw="most" pos="ADV">most </w><w c5="AJ0" hw="important" pos="ADJ">important </w><w c5="NN1" hw="asset" pos="SUBST">asset</w><c c5="PUN">: </c><w c5="AT0" hw="the" pos="ART">the </w><w c5="NN2" hw="skill" pos="SUBST">skills </w><w c5="VVN-VVD" hw="contain" pos="VERB">contained </w><w c5="PRP" hw="in" pos="PREP">in </w><w c5="DPS" hw="we" pos="PRON">our </w><w c5="NN1" hw="workforce" pos="SUBST">workforce</w><c c5="PUQ">’</c><c c5="PUN">, </c><w c5="CJS-AVQ" hw="when" pos="CONJ">when </w><w c5="PNP" hw="i" pos="PRON">I </w><w c5="VVB" hw="visit" pos="VERB">visit </w><w c5="AT0" hw="the" pos="ART">the </w><w c5="NN1" hw="workplace" pos="SUBST">workplace </w><w c5="PNP" hw="i" pos="PRON">I </w><w c5="VVB" hw="see" pos="VERB">see </w><w c5="AT0" hw="the" pos="ART">the </w><w c5="AJ0" hw="tell-tale" pos="ADJ">tell-tale </w><w c5="NN2" hw="sign" pos="SUBST">signs </w><w c5="PRF" hw="of" pos="PREP">of </w><w c5="NN2" hw="accident" pos="SUBST">accidents </w><w c5="PRP" hw="in" pos="PREP">in </w><w c5="AT0" hw="the" pos="ART">the </w><w c5="NN1" hw="making" pos="SUBST">making </w><c c5="PUN">— </c><w c5="AJ0-VVD" hw="blocked" pos="ADJ">blocked </w><w c5="NN2" hw="exit" pos="SUBST">exits</w><c c5="PUN">, </c><w c5="AJ0" hw="unguarded" pos="ADJ">unguarded </w><w c5="NN2" hw="machine" pos="SUBST">machines</w><c c5="PUN">, </c><w c5="AJ0" hw="untrained" pos="ADJ">untrained </w><w c5="NN1" hw="work" pos="SUBST">work </w><w c5="NN0" hw="people" pos="SUBST">people</w><c c5="PUN">.</c></s></p><p>
<s n="48"><w c5="VVB" hw="go" pos="VERB">Go </w><w c5="PRP" hw="to" pos="PREP">to </w><w c5="DT0" hw="any" pos="ADJ">any </w><w c5="NN1-AJ0" hw="firm" pos="SUBST">firm </w><w c5="CJC" hw="and" pos="CONJ">and </w><w c5="VVB" hw="ask" pos="VERB">ask </w><w c5="TO0" hw="to" pos="PREP">to </w><w c5="VVI" hw="see" pos="VERB">see </w><w c5="DPS" hw="they" pos="PRON">their </w><w c5="AJ0" hw="written" pos="ADJ">written </w><w c5="NN1" hw="safety" pos="SUBST">safety </w><w c5="NN1" hw="policy" pos="SUBST">policy </w><c c5="PUN">— </c><w c5="AV0" hw="legally" pos="ADV">legally </w><w c5="VVN" hw="require" pos="VERB">required </w><w c5="PRP" hw="under" pos="PREP">under </w><w c5="NN1" hw="section" pos="SUBST">Section </w><w c5="CRD" hw="2" pos="ADJ">2 </w><c c5="PUL">(</c><w c5="CRD" hw="3" pos="ADJ">3</w><c c5="PUR">) </c><w c5="PRF" hw="of" pos="PREP">of </w><w c5="AT0" hw="the" pos="ART">the </w><w c5="NN1" hw="health" pos="SUBST">Health </w><w c5="CJC" hw="and" pos="CONJ">and </w><w c5="NN1" hw="safety" pos="SUBST">Safety </w><w c5="PRP" hw="at" pos="PREP">at </w><w c5="NN1" hw="work" pos="SUBST">Work </w><w c5="NN1" hw="act" pos="SUBST">Act </w><w c5="CRD" hw="1974" pos="ADJ">1974 </w><c c5="PUN">— </c><w c5="CJC" hw="and" pos="CONJ">and </w><w c5="DT0" hw="those" pos="ADJ">those </w><w c5="PRP" hw="without" pos="PREP">without </w><w c5="AT0" hw="a" pos="ART">a </w><w c5="AJ0" hw="single" pos="ADJ">single </w><w c5="NN1" hw="word" pos="SUBST">word </w><w c5="PRP" hw="on" pos="PREP">on </w><w c5="NN1" hw="paper" pos="SUBST">paper </w><w c5="VM0" hw="will" pos="VERB">will </w><w c5="VVI" hw="make" pos="VERB">make </w><w c5="DPS" hw="they" pos="PRON">their </w><w c5="NN2" hw="excuse" pos="SUBST">excuses </w><c c5="PUL">(</c><w c5="CJC" hw="and" pos="CONJ">and </w><w c5="DT0" hw="this" pos="ADJ">this </w><w c5="VVZ" hw="include" pos="VERB">includes </w><w c5="AV0" hw="nearly" pos="ADV">nearly </w><w c5="AT0" hw="every" pos="ART">every </w><w c5="NP0" hw="uk" pos="SUBST">UK </w><w c5="NN1" hw="football" pos="SUBST">Football </w><w c5="NN1" hw="club" pos="SUBST">Club</w><c c5="PUR">)</c><c c5="PUN">.</c></s></p><p>
<s n="49"><w c5="DT0" hw="this" pos="ADJ">This </w><w c5="NN1" hw="year" pos="SUBST">year</w><c c5="PUN">, </c><w c5="PRP" hw="in" pos="PREP">in </w><w c5="DPS" hw="it" pos="PRON">its </w><w c5="NN1" hw="plan" pos="SUBST">Plan </w><w c5="PRF" hw="of" pos="PREP">of </w><w c5="NN1" hw="work" pos="SUBST">Work </w><w c5="PRP" hw="for" pos="PREP">for </w><w c5="CRD" hw="1989-90" pos="ADJ">1989-90 </w><w c5="CJC" hw="and" pos="CONJ">and </w><w c5="AV0" hw="beyond" pos="ADV">Beyond</w><c c5="PUN">, </c><w c5="AT0" hw="the" pos="ART">the </w><w c5="NN1" hw="government" pos="SUBST">Government</w><w c5="POS" hw="'s" pos="UNC">'s </w><w c5="NN1" hw="health" pos="SUBST">Health </w><w c5="CJC" hw="and" pos="CONJ">and </w><w c5="NN1" hw="safety" pos="SUBST">Safety </w><w c5="NN1" hw="commission" pos="SUBST">Commission </w><w c5="VVN" hw="identify" pos="VERB">identified </w><w c5="NN1" hw="management" pos="SUBST">management </w><w c5="NN1" hw="failure" pos="SUBST">failure </w><w c5="PRP" hw="as" pos="PREP">as </w><w c5="AT0" hw="the" pos="ART">the </w><w c5="AJ0" hw="main" pos="ADJ">main </w><w c5="NN1" hw="cause" pos="SUBST">cause </w><w c5="PRF" hw="of" pos="PREP">of </w><w c5="NN2" hw="accident" pos="SUBST">accidents </w><w c5="PRP" hw="at" pos="PREP">at </w><w c5="NN1" hw="work" pos="SUBST">work</w><c c5="PUN">.</c></s>
<s n="50"><w c5="PNP" hw="it" pos="PRON">It </w><w c5="VBD" hw="be" pos="VERB">was </w><w c5="CRD" hw="four" pos="ADJ">four </w><w c5="NN2" hw="year" pos="SUBST">years </w><w c5="CJS" hw="since" pos="CONJ">since </w><w c5="AT0" hw="the" pos="ART">the </w><w c5="ORD" hw="last" pos="ADJ">last </w><w c5="NN1" hw="plan" pos="SUBST">Plan </w><w c5="PRF" hw="of" pos="PREP">of </w><w c5="NN1" hw="work" pos="SUBST">Work </w><w c5="VBD" hw="be" pos="VERB">was </w><w c5="VVN" hw="publish" pos="VERB">published </w><c c5="PUN">— </c><w c5="AT0" hw="an" pos="ART">an </w><w c5="NN1" hw="indication" pos="SUBST">indication</w><c c5="PUN">, </c><w c5="AV0" hw="surely" pos="ADV">surely</w><c c5="PUN">, </c><w c5="PRF" hw="of" pos="PREP">of </w><w c5="AVQ" hw="how" pos="ADV">how </w><w c5="AJ0-AV0" hw="low" pos="ADJ">low </w><w c5="PRP" hw="on" pos="PREP">on </w><w c5="AT0" hw="the" pos="ART">the </w><w c5="NN1" hw="government" pos="SUBST">Government</w><w c5="POS" hw="'s" pos="UNC">'s </w><w c5="NN1" hw="list" pos="SUBST">list </w><w c5="PRF" hw="of" pos="PREP">of </w><w c5="NN2" hw="priority" pos="SUBST">priorities </w><w c5="VBZ" hw="be" pos="VERB">is </w><w c5="AT0" hw="the" pos="ART">the </w><w c5="NN1" hw="place" pos="SUBST">place </w><w c5="PRF" hw="of" pos="PREP">of </w><w c5="NN1" hw="safety" pos="SUBST">safety </w><w c5="PRP" hw="at" pos="PREP">at </w><w c5="NN1" hw="work" pos="SUBST">work</w><c c5="PUN">.</c></s>
<s n="51"><w c5="AT0" hw="the" pos="ART">The </w><c c5="PUQ">‘</c><w c5="NN1" hw="enterprise" pos="SUBST">enterprise </w><w c5="NN1" hw="culture" pos="SUBST">culture</w><c c5="PUQ">’</c><c c5="PUN">, </c><w c5="AT0" hw="the" pos="ART">the </w><w c5="NN1-VVG" hw="opening" pos="SUBST">opening </w><w c5="AVP" hw="up" pos="ADV">up </w><w c5="PRF" hw="of" pos="PREP">of </w><w c5="NN2" hw="market" pos="SUBST">markets </w><w c5="CJC" hw="and" pos="CONJ">and </w><w c5="AT0" hw="the" pos="ART">the </w><w c5="NN1" hw="need" pos="SUBST">need </w><w c5="TO0" hw="to" pos="PREP">to </w><w c5="VVI" hw="survive" pos="VERB">survive </w><w c5="NN1" hw="competition" pos="SUBST">competition </w><w c5="DT0" hw="all" pos="ADJ">all </w><w c5="VVB-NN1" hw="place" pos="VERB">place </w><w c5="NN2" hw="business" pos="SUBST">businesses </w><w c5="PRP" hw="under" pos="PREP">under </w><w c5="AJ0" hw="great" pos="ADJ">great </w><w c5="NN1" hw="pressure" pos="SUBST">pressure</w><c c5="PUN">.</c></s>
<s n="52"><w c5="AT0" hw="the" pos="ART">The </w><w c5="NN1" hw="scale" pos="SUBST">scale </w><w c5="CJC" hw="and" pos="CONJ">and </w><w c5="NN1" hw="pace" pos="SUBST">pace </w><w c5="PRF" hw="of" pos="PREP">of </w><w c5="AJ0" hw="technological" pos="ADJ">technological </w><w c5="NN1" hw="change" pos="SUBST">change </w><w c5="VVB-NN1" hw="mean" pos="VERB">mean </w><w c5="CJT" hw="that" pos="CONJ">that </w><w c5="AT0" hw="the" pos="ART">the </w><w c5="NN1" hw="public" pos="SUBST">public </w><mw c5="PRP"><w c5="CJS" hw="as" pos="CONJ">as </w><w c5="AV0" hw="well" pos="ADV">well </w><w c5="CJS" hw="as" pos="CONJ">as </w></mw><w c5="NN2" hw="employee" pos="SUBST">employees </w><w c5="VBB" hw="be" pos="VERB">are </w><w c5="AV0" hw="crucially" pos="ADV">crucially </w><w c5="PRP" hw="at" pos="PREP">at </w><w c5="NN1" hw="risk" pos="SUBST">risk</w><c c5="PUN">.</c></s></p><p>
<s n="53"><w c5="PNP" hw="it" pos="PRON">It </w><w c5="VBZ" hw="be" pos="VERB">is </w><mw c5="AV0"><w c5="PRF" hw="of" pos="PREP">of </w><w c5="NN1" hw="course" pos="SUBST">course </w></mw><w c5="AT0" hw="the" pos="ART">the </w><w c5="NN1" hw="string" pos="SUBST">string </w><w c5="PRF" hw="of" pos="PREP">of </w><w c5="AJ0" hw="public" pos="ADJ">public </w><w c5="NN1" hw="transport" pos="SUBST">transport </w><w c5="NN2" hw="disaster" pos="SUBST">disasters </w><w c5="CJT" hw="that" pos="CONJ">that </w><w c5="VHZ" hw="have" pos="VERB">has </w><w c5="VVN" hw="bring" pos="VERB">brought </w><w c5="DT0" hw="such" pos="ADJ">such </w><w c5="AT0" hw="a" pos="ART">a </w><w c5="AJ0" hw="widespread" pos="ADJ">widespread </w><w c5="AJ0-NN1" hw="public" pos="ADJ">public </w><w c5="NN1" hw="reaction" pos="SUBST">reaction </w><c c5="PUN">— </c><w c5="CRD" hw="six" pos="ADJ">six </w><w c5="PRP" hw="in" pos="PREP">in </w><w c5="CRD" hw="three" pos="ADJ">three </w><w c5="NN2" hw="year" pos="SUBST">years</w><c c5="PUN">, </c><w c5="PRP" hw="with" pos="PREP">with </w><w c5="CRD" hw="193" pos="ADJ">193 </w><w c5="NN2" hw="life" pos="SUBST">lives </w><w c5="VVN-VVD" hw="lose" pos="VERB">lost </w><w c5="PRP" hw="on" pos="PREP">on </w><w c5="NN1" hw="herald" pos="SUBST">Herald </w><w c5="PRF" hw="of" pos="PREP">of </w><w c5="AJ0" hw="free" pos="ADJ">Free </w><w c5="NN1" hw="enterprise" pos="SUBST">Enterprise </w><w c5="PRP" hw="at" pos="PREP">at </w><w c5="NP0" hw="zeebrugge" pos="SUBST">Zeebrugge</w><c c5="PUN">; </c><w c5="CRD" hw="31" pos="ADJ">31 </w><w c5="NN2" hw="death" pos="SUBST">deaths </w><w c5="PRP" hw="in" pos="PREP">in </w><w c5="AT0" hw="the" pos="ART">the </w><w c5="NP0" hw="kings" pos="SUBST">Kings </w><w c5="NP0" hw="cross" pos="SUBST">Cross </w><w c5="NN1" hw="underground" pos="SUBST">Underground </w><w c5="NN1" hw="fire" pos="SUBST">fire</w><c c5="PUN">; </c><w c5="CRD" hw="35" pos="ADJ">35 </w><w c5="NN2" hw="death" pos="SUBST">deaths </w><w c5="PRP" hw="at" pos="PREP">at </w><w c5="AT0" hw="the" pos="ART">the </w><w c5="NP0" hw="clapham" pos="SUBST">Clapham </w><w c5="NN1" hw="rail" pos="SUBST">rail </w><w c5="NN1-VVB" hw="crash" pos="SUBST">crash</w><c c5="PUN">; </c><w c5="CRD" hw="270" pos="ADJ">270 </w><w c5="VVD-VVN" hw="lose" pos="VERB">lost </w><w c5="PRP" hw="in" pos="PREP">in </w><w c5="AT0" hw="the" pos="ART">the </w><w c5="NP0" hw="lockerbie" pos="SUBST">Lockerbie </w><w c5="NN1-VVB" hw="bomb" pos="SUBST">bomb </w><w c5="NN1-VVB" hw="blast" pos="SUBST">blast</w><c c5="PUN">; </c><w c5="CRD" hw="47" pos="ADJ">47 </w><w c5="VVD-VVN" hw="claim" pos="VERB">claimed </w><w c5="PRP" hw="in" pos="PREP">in </w><w c5="AT0" hw="the" pos="ART">the </w><w c5="UNC" hw="m1" pos="UNC">M1 </w><w c5="NN1" hw="air" pos="SUBST">air </w><w c5="NN1-VVB" hw="crash" pos="SUBST">crash </w><w c5="CJC" hw="and" pos="CONJ">and </w><w c5="AV0" hw="most" pos="ADV">most </w><w c5="AV0" hw="recently" pos="ADV">recently</w><c c5="PUN">, </c><w c5="CRD" hw="51" pos="ADJ">51 </w><w c5="PRP" hw="in" pos="PREP">in </w><w c5="AT0" hw="the" pos="ART">the </w><w c5="NP0" hw="river" pos="SUBST">River </w><w c5="NP0" hw="thames" pos="SUBST">Thames </w><w c5="PRP" hw="from" pos="PREP">from </w><w c5="AT0" hw="the" pos="ART">the </w><w c5="NN1" hw="marchioness" pos="SUBST">Marchioness</w><c c5="PUN">.</c></s></p><p>
<s n="54"><w c5="CJS" hw="when" pos="CONJ">When </w><w c5="AT0" hw="the" pos="ART">the </w><w c5="NN1" hw="chairman" pos="SUBST">chairman </w><w c5="PRF" hw="of" pos="PREP">of </w><w c5="AT0" hw="the" pos="ART">the </w><w c5="NN1" hw="inquiry" pos="SUBST">inquiry </w><w c5="PRP" hw="into" pos="PREP">into </w><w c5="AT0" hw="the" pos="ART">the </w><w c5="NN1" hw="king" pos="SUBST">King</w><w c5="POS" hw="'s" pos="UNC">'s </w><w c5="NN1-AJ0" hw="cross" pos="SUBST">Cross </w><w c5="NN1" hw="underground" pos="SUBST">Underground </w><w c5="NN1" hw="fire" pos="SUBST">fire </w><w c5="VVD" hw="make" pos="VERB">made </w><w c5="DPS" hw="he" pos="PRON">his </w><w c5="NN1" hw="report" pos="SUBST">report </w><w c5="PNP" hw="he" pos="PRON">he </w><w c5="VBD" hw="be" pos="VERB">was </w><w c5="AV0" hw="strongly" pos="ADV">strongly </w><w c5="AJ0" hw="critical" pos="ADJ">critical </w><w c5="PRF" hw="of" pos="PREP">of </w><w c5="NP0" hw="london" pos="SUBST">London </w><w c5="NN1" hw="underground" pos="SUBST">Underground</w><w c5="POS" hw="'s" pos="UNC">'s </w><w c5="NN1" hw="management" pos="SUBST">management </w><c c5="PUL">(</c><w c5="AT0" hw="the" pos="ART">the </w><w c5="CRD" hw="two" pos="ADJ">two </w><w c5="AJ0" hw="top" pos="ADJ">top </w><w c5="NN2" hw="man" pos="SUBST">men </w><w c5="VVD-VVN" hw="quit" pos="VERB">quit </w><w c5="NN2" hw="hour" pos="SUBST">hours </w><w c5="CJS" hw="before" pos="CONJ">before </w><w c5="AT0" hw="the" pos="ART">the </w><w c5="NN1" hw="report" pos="SUBST">report </w><w c5="VBD" hw="be" pos="VERB">was </w><w c5="VVN" hw="publish" pos="VERB">published</w><c c5="PUR">)</c><c c5="PUN">: </c><c c5="PUQ">‘</c><w c5="AT0" hw="an" pos="ART">An </w><w c5="AJ0" hw="inward" pos="ADJ">inward </w><w c5="AJ0-VVG" hw="looking" pos="ADJ">looking </w><w c5="NN1" hw="approach" pos="SUBST">approach </w><w c5="VVN" hw="foster" pos="VERB">fostered </w><w c5="PRP" hw="by" pos="PREP">by </w><w c5="AT0" hw="the" pos="ART">the </w><w c5="NN1" hw="organisation" pos="SUBST">organisation</w><w c5="POS" hw="'s" pos="UNC">'s </w><w c5="AJ0" hw="narrow" pos="ADJ">narrow </w><w c5="NN2" hw="horizon" pos="SUBST">horizons </w><w c5="AV0" hw="undoubtedly" pos="ADV">undoubtedly </w><w c5="VVD" hw="lead" pos="VERB">led </w><w c5="PRP" hw="to" pos="PREP">to </w><w c5="AT0" hw="a" pos="ART">a </w><w c5="AJ0" hw="dangerous" pos="ADJ">dangerous</w><c c5="PUN">, </c><w c5="VVD-AJ0" hw="blinker" pos="VERB">blinkered </w><w c5="NN1" hw="self-sufficiency" pos="SUBST">self-sufficiency </w><w c5="DTQ" hw="which" pos="PRON">which </w><w c5="VVD" hw="include" pos="VERB">included </w><w c5="AT0" hw="a" pos="ART">a </w><w c5="AJ0" hw="general" pos="ADJ">general </w><w c5="NN1" hw="unwillingness" pos="SUBST">unwillingness </w><w c5="TO0" hw="to" pos="PREP">to </w><w c5="VVI" hw="take" pos="VERB">take </w><w c5="NN1" hw="advice" pos="SUBST">advice </w><w c5="CJC" hw="or" pos="CONJ">or </w><w c5="VVB" hw="accept" pos="VERB">accept </w><w c5="NN1" hw="criticism" pos="SUBST">criticism </w><w c5="PRP" hw="from" pos="PREP">from </w><w c5="AJ0" hw="outside" pos="ADJ">outside </w><w c5="NN2" hw="body" pos="SUBST">bodies</w><c c5="PUN">.</c><c c5="PUQ">’</c></s>
<s n="55"><mw c5="AV0"><w c5="PRP" hw="in" pos="PREP">In </w><w c5="AJ0" hw="short" pos="ADJ">short</w></mw><c c5="PUN">, </c><w c5="NN1" hw="safety" pos="SUBST">safety </w><w c5="NN2" hw="warning" pos="SUBST">warnings </w><w c5="VBD" hw="be" pos="VERB">were </w><w c5="VVN" hw="ignore" pos="VERB">ignored </w><w c5="CJC" hw="and" pos="CONJ">and </w><w c5="VVG-AJ0" hw="cut" pos="VERB">cutting </w><w c5="NN2" hw="cost" pos="SUBST">costs </w><w c5="VVD" hw="come" pos="VERB">came </w><w c5="ORD" hw="first" pos="ADJ">first</w><c c5="PUN">.</c></s></p><p>
<s n="56"><w c5="AT0" hw="the" pos="ART">The </w><w c5="NN1" hw="disaster" pos="SUBST">disaster </w><w c5="PRP" hw="at" pos="PREP">at </w><w c5="NN1" hw="sea" pos="SUBST">sea </w><w c5="DTQ" hw="which" pos="PRON">which </w><w c5="VVD" hw="take" pos="VERB">took </w><w c5="AT0" hw="the" pos="ART">the </w><w c5="NN2" hw="life" pos="SUBST">lives </w><w c5="PRF" hw="of" pos="PREP">of </w><w c5="CRD" hw="165" pos="ADJ">165 </w><w c5="NN2" hw="oilman" pos="SUBST">oilmen </w><w c5="VBZ" hw="be" pos="VERB">is </w><w c5="AV0" hw="still" pos="ADV">still </w><w c5="AT0" hw="the" pos="ART">the </w><w c5="NN1" hw="subject" pos="SUBST">subject </w><w c5="PRF" hw="of" pos="PREP">of </w><w c5="NN1" hw="inquiry" pos="SUBST">inquiry</w><c c5="PUN">.</c></s>
<s n="57"><w c5="AV0" hw="however" pos="ADV">However</w><c c5="PUN">, </c><w c5="AT0" hw="the" pos="ART">the </w><w c5="AJ0" hw="interim" pos="ADJ">Interim </w><w c5="AJ0" hw="technical" pos="ADJ">Technical </w><w c5="NN1" hw="report" pos="SUBST">Report </w><w c5="PRP" hw="on" pos="PREP">on </w><w c5="AT0" hw="the" pos="ART">the </w><w c5="NP0-NN1" hw="piper" pos="SUBST">Piper </w><w c5="NN1" hw="alpha" pos="SUBST">Alpha </w><w c5="NN1" hw="explosion" pos="SUBST">explosion</w><c c5="PUN">, </c><w c5="VVD-VVN" hw="publish" pos="VERB">published </w><w c5="ORD" hw="last" pos="ADJ">last </w><w c5="NP0" hw="october" pos="SUBST">October</w><c c5="PUN">, </c><w c5="VVD" hw="raise" pos="VERB">raised </w><w c5="AT0" hw="the" pos="ART">the </w><w c5="AJ0" hw="strong" pos="ADJ">strong </w><w c5="NN1" hw="possibility" pos="SUBST">possibility </w><w c5="CJT" hw="that" pos="CONJ">that </w><w c5="AT0" hw="the" pos="ART">the </w><w c5="AJ0" hw="incoming" pos="ADJ">incoming </w><w c5="NN1" hw="shift" pos="SUBST">shift </w><w c5="VBD" hw="be" pos="VERB">were </w><w c5="AJ0" hw="unaware" pos="ADJ">unaware </w><w c5="CJT" hw="that" pos="CONJ">that </w><w c5="AT0" hw="a" pos="ART">a </w><w c5="AJ0" hw="vital" pos="ADJ">vital </w><w c5="NN1" hw="valve" pos="SUBST">valve </w><w c5="VHD" hw="have" pos="VERB">had </w><w c5="VBN" hw="be" pos="VERB">been </w><w c5="VVN" hw="remove" pos="VERB">removed</w><c c5="PUN">.</c></s></p><p>
<s n="58"><w c5="AVQ" hw="why" pos="ADV">Why </w><w c5="VBB" hw="be" pos="VERB">are </w><w c5="NN1" hw="safety" pos="SUBST">safety </w><w c5="NN2" hw="standard" pos="SUBST">standards </w><w c5="PRP" hw="in" pos="PREP">in </w><w c5="AT0" hw="the" pos="ART">the </w><w c5="NP0" hw="uk" pos="SUBST">UK </w><w c5="AJ0" hw="inadequate" pos="ADJ">inadequate</w><c c5="PUN">?</c></s>
<s n="59"><w c5="CJS" hw="because" pos="CONJ">Because </w><w c5="PNP" hw="it" pos="PRON">it </w><w c5="VBZ" hw="be" pos="VERB">is </w><w c5="AT0" hw="the" pos="ART">the </w><w c5="NN2" hw="manufacturer" pos="SUBST">manufacturers </w><w c5="PNQ" hw="who" pos="PRON">who </w><w c5="VVB" hw="make" pos="VERB">make </w><w c5="AT0" hw="the" pos="ART">the </w><w c5="NN2" hw="standard" pos="SUBST">standards</w><c c5="PUN">, </c><w c5="PRP" hw="with" pos="PREP">with </w><w c5="DT0" hw="little" pos="ADJ">little </w><w c5="CJC" hw="or" pos="CONJ">or </w><w c5="AT0" hw="no" pos="ART">no </w><w c5="NN1" hw="input" pos="SUBST">input </w><w c5="PRP" hw="from" pos="PREP">from </w><w c5="AT0" hw="the" pos="ART">the </w><w c5="NN2" hw="user" pos="SUBST">users </w><w c5="CJC" hw="or" pos="CONJ">or </w><w c5="NN2" hw="consumer" pos="SUBST">consumers</w><c c5="PUN">.</c></s>
<s n="60"><w c5="DT0" hw="this" pos="ADJ">This </w><w c5="VVZ" hw="mean" pos="VERB">means </w><w c5="CJT" hw="that" pos="CONJ">that </w><w c5="AV0" hw="only" pos="ADV">only </w><w c5="AT0" hw="the" pos="ART">the </w><w c5="CRD" hw="20,000" pos="ADJ">20,000 </w><w c5="NN2" hw="reader" pos="SUBST">readers </w><w c5="PRF" hw="of" pos="PREP">of </w><w c5="AJ0" hw="british" pos="ADJ">British </w><w c5="NN2" hw="standard" pos="SUBST">Standards </w><w c5="NN1" hw="institution" pos="SUBST">Institution </w><w c5="NN2" hw="publication" pos="SUBST">publications </w><w c5="VVB" hw="hear" pos="VERB">hear </w><w c5="PRP" hw="about" pos="PREP">about </w><w c5="PNP" hw="they" pos="PRON">them</w><c c5="PUN">: </c><w c5="AV0" hw="so" pos="ADV">so </w><w c5="DT0" hw="much" pos="ADJ">much </w><w c5="PRP" hw="for" pos="PREP">for </w><w c5="AJ0" hw="public" pos="ADJ">public </w><w c5="NN1" hw="comment" pos="SUBST">comment</w><c c5="PUN">.</c></s>
<s n="61"><w c5="VVB" hw="remember" pos="VERB">Remember </w><c c5="PUN">— </c><w c5="NN1-VVB" hw="profit" pos="SUBST">profit </w><w c5="PRP" hw="before" pos="PREP">before </w><w c5="NN1" hw="safety" pos="SUBST">safety</w><c c5="PUN">.</c></s></p><p>
<s n="62"><w c5="PNP" hw="it" pos="PRON">It </w><w c5="VBD" hw="be" pos="VERB">was </w><w c5="AV0" hw="only" pos="ADV">only </w><w c5="DPS" hw="i" pos="PRON">my </w><w c5="AJ0-NN1" hw="individual" pos="ADJ">individual </w><w c5="NN1" hw="objection" pos="SUBST">objection </w><w c5="DTQ" hw="which" pos="PRON">which </w><w c5="VVD" hw="stop" pos="VERB">stopped </w><w c5="AT0" hw="an" pos="ART">an </w><w c5="AJ0" hw="unsatisfactory" pos="ADJ">unsatisfactory </w><w c5="NN1" hw="standard" pos="SUBST">standard </w><w c5="PRP" hw="for" pos="PREP">for </w><w c5="NN1" hw="smoke" pos="SUBST">smoke </w><w c5="NN2" hw="mask" pos="SUBST">masks </w><w c5="VBG" hw="be" pos="VERB">being </w><w c5="VVN" hw="introduce" pos="VERB">introduced </w><w c5="CRD" hw="10" pos="ADJ">10 </w><w c5="NN2" hw="year" pos="SUBST">years </w><w c5="AV0" hw="ago" pos="ADV">ago</w><c c5="PUN">.</c></s>
<s n="63"><w c5="AV0" hw="now" pos="ADV">Now </w><w c5="AT0" hw="a" pos="ART">a </w><w c5="AV0" hw="perfectly" pos="ADV">perfectly </w><w c5="AJ0" hw="good" pos="ADJ">good </w><w c5="AJ0" hw="internal" pos="ADJ">internal </w><w c5="NN1" hw="sprinkler" pos="SUBST">sprinkler </w><w c5="NN1" hw="system" pos="SUBST">system </w><w c5="VHZ" hw="have" pos="VERB">has </w><w c5="VBN" hw="be" pos="VERB">been </w><w c5="VVN" hw="develop" pos="VERB">developed </w><w c5="DTQ" hw="which" pos="PRON">which </w><w c5="PRP" hw="for" pos="PREP">for </w><w c5="NN0" hw="£500,000" pos="UNC">£500,000 </w><w c5="VM0" hw="could" pos="VERB">could </w><w c5="VBI" hw="be" pos="VERB">be </w><w c5="VVN" hw="fit" pos="VERB">fitted </w><w c5="PRP" hw="to" pos="PREP">to </w><w c5="AT0" hw="an" pos="ART">an </w><w c5="NN0" hw="aircraft" pos="SUBST">aircraft </w><w c5="CJC" hw="and" pos="CONJ">and </w><w c5="VM0" hw="would" pos="VERB">would </w><w c5="VVI" hw="put" pos="VERB">put </w><w c5="NN2" hw="fire" pos="SUBST">fires </w><w c5="AVP" hw="out" pos="ADV">out </w><w c5="PRP" hw="within" pos="PREP">within </w><w c5="CRD" hw="10" pos="ADJ">10 </w><w c5="NN2" hw="second" pos="SUBST">seconds</w><c c5="PUN">.</c></s>
<s n="64"><w c5="PNP" hw="it" pos="PRON">It </w><w c5="VBZ" hw="be" pos="VERB">is </w><w c5="XX0" hw="not" pos="ADV">not </w><w c5="VBG" hw="be" pos="VERB">being </w><w c5="VVN" hw="fit" pos="VERB">fitted </w><mw c5="PRP"><w c5="CJS" hw="because" pos="CONJ">because </w><w c5="PRF" hw="of" pos="PREP">of </w></mw><w c5="AT0" hw="the" pos="ART">the </w><w c5="NN1" hw="cost" pos="SUBST">cost</w><c c5="PUN">: </c><w c5="CJC" hw="but" pos="CONJ">but </w><w c5="PRP" hw="in" pos="PREP">in </w><w c5="AT0" hw="the" pos="ART">the </w><w c5="NN1" hw="meantime" pos="SUBST">meantime </w><w c5="NN2-VVZ" hw="talk" pos="SUBST">talks </w><w c5="PRP" hw="about" pos="PREP">about </w><w c5="AT0" hw="the" pos="ART">the </w><w c5="NN0" hw="£25" pos="UNC">£25 </w><w c5="NN1-VVB" hw="smoke" pos="SUBST">smoke </w><w c5="NN1" hw="mask" pos="SUBST">mask </w><w c5="VBB" hw="be" pos="VERB">are </w><w c5="VVG" hw="proceed" pos="VERB">proceeding</w><c c5="PUN">.</c></s></p><p>
<s n="65"><w c5="DT0" hw="any" pos="ADJ">Any </w><w c5="NN1" hw="debate" pos="SUBST">debate </w><w c5="PRP" hw="on" pos="PREP">on </w><w c5="AT0" hw="the" pos="ART">the </w><w c5="NN1" hw="conflict" pos="SUBST">conflict </w><w c5="PRP" hw="between" pos="PREP">between </w><w c5="NN1" hw="safety" pos="SUBST">safety </w><w c5="CJC" hw="and" pos="CONJ">and </w><w c5="NN1-VVB" hw="cost" pos="SUBST">cost </w><w c5="VM0" hw="can" pos="VERB">can</w><w c5="XX0" hw="not" pos="ADV">not </w><w c5="VVI" hw="overlook" pos="VERB">overlook </w><w c5="AT0" hw="the" pos="ART">the </w><w c5="NN1" hw="government" pos="SUBST">Government</w><w c5="POS" hw="'s" pos="UNC">'s </w><w c5="NN1" hw="unwillingness" pos="SUBST">unwillingness </w><w c5="TO0" hw="to" pos="PREP">to </w><w c5="VVI" hw="provide" pos="VERB">provide </w><w c5="AJ0" hw="adequate" pos="ADJ">adequate </w><w c5="NN2" hw="fund" pos="SUBST">funds </w><w c5="PRP" hw="for" pos="PREP">for </w><w c5="DPS" hw="it" pos="PRON">its </w><w c5="NN1" hw="health" pos="SUBST">health </w><w c5="CJC" hw="and" pos="CONJ">and </w><w c5="NN1" hw="safety" pos="SUBST">safety </w><w c5="PRP" hw="at" pos="PREP">at </w><w c5="NN1" hw="work" pos="SUBST">work </w><w c5="NN2" hw="agency" pos="SUBST">agencies</w><c c5="PUN">.</c></s>
<s n="66"><w c5="AT0" hw="the" pos="ART">The </w><w c5="NN1" hw="fight" pos="SUBST">fight </w><w c5="VVD-VVN" hw="put" pos="VERB">put </w><w c5="AVP" hw="up" pos="ADV">up </w><w c5="PRP" hw="by" pos="PREP">by </w><w c5="AT0" hw="the" pos="ART">the </w><w c5="NN1" hw="health" pos="SUBST">Health </w><w c5="CJC" hw="and" pos="CONJ">and </w><w c5="NN1" hw="safety" pos="SUBST">Safety </w><w c5="NN1" hw="commission" pos="SUBST">Commission </w><w c5="TO0" hw="to" pos="PREP">to </w><w c5="VVI" hw="get" pos="VERB">get </w><w c5="DT0" hw="more" pos="ADJ">more </w><w c5="NN1" hw="money" pos="SUBST">money </w><w c5="VVN" hw="see" pos="VERB">saw </w><w c5="AV0" hw="niggardly" pos="ADV">niggardly </w><w c5="AJ0" hw="extra" pos="ADJ">extra </w><w c5="NN1" hw="funding" pos="SUBST">funding </w><w c5="PRP" hw="at" pos="PREP">at </w><w c5="AT0" hw="the" pos="ART">the </w><w c5="NN1" hw="end" pos="SUBST">end </w><w c5="PRF" hw="of" pos="PREP">of </w><w c5="AT0" hw="the" pos="ART">the </w><w c5="ORD" hw="last" pos="ADJ">last </w><w c5="NN1" hw="year" pos="SUBST">year</w><c c5="PUN">.</c></s>
<s n="67"><mw c5="PRP"><w c5="VVG" hw="accord" pos="VERB">According </w><w c5="PRP" hw="to" pos="PREP">to </w></mw><w c5="AT0" hw="the" pos="ART">the </w><w c5="NN1" hw="commission" pos="SUBST">commission </w><w c5="NN1" hw="chief" pos="SUBST">chief</w><c c5="PUN">: </c><c c5="PUQ">‘</c><w c5="PNP" hw="we" pos="PRON">We </w><w c5="VHB" hw="have" pos="VERB">have </w><w c5="AV0" hw="always" pos="ADV">always </w><w c5="VVN" hw="say" pos="VERB">said </w><w c5="AV0" hw="very" pos="ADV">very </w><w c5="AV0" hw="forcefully" pos="ADV">forcefully </w><w c5="CJT-DT0" hw="that" pos="CONJ">that </w><w c5="DT0" hw="more" pos="ADJ">more </w><w c5="NN2" hw="inspector" pos="SUBST">inspectors </w><w c5="VM0" hw="will" pos="VERB">will </w><w c5="VBI" hw="be" pos="VERB">be </w><w c5="AT0" hw="the" pos="ART">the </w><w c5="AJ0" hw="prime" pos="ADJ">prime </w><w c5="NN1" hw="claim" pos="SUBST">claim</w><c c5="PUN">.</c><c c5="PUQ">’</c></s>
<s n="68"><w c5="AT0" hw="the" pos="ART">The </w><w c5="NN2" hw="inspector" pos="SUBST">inspectors</w><c c5="PUN">, </c><w c5="PRP" hw="through" pos="PREP">through </w><w c5="DPS" hw="they" pos="PRON">their </w><w c5="NN1" hw="union" pos="SUBST">union</w><c c5="PUN">, </c><w c5="VVB" hw="say" pos="VERB">say </w><w c5="PNP" hw="they" pos="PRON">they </w><w c5="VBB" hw="be" pos="VERB">are </w><w c5="AJ0" hw="underfunded" pos="ADJ">underfunded </w><w c5="CJC" hw="and" pos="CONJ">and </w><w c5="AJ0" hw="understaffed" pos="ADJ">understaffed </w><c c5="PUL">(</c><w c5="PRP" hw="to" pos="PREP">to </w><w c5="DTQ" hw="which" pos="PRON">which </w><w c5="PNP" hw="i" pos="PRON">I </w><w c5="VM0" hw="would" pos="VERB">would </w><w c5="VVI" hw="add" pos="VERB">add </w><w c5="AT0" hw="the" pos="ART">the </w><w c5="NN1" hw="problem" pos="SUBST">problem </w><w c5="PRF" hw="of" pos="PREP">of </w><w c5="AV0" hw="incredibly" pos="ADV">incredibly </w><w c5="AJ0" hw="low" pos="ADJ">low </w><w c5="NN1" hw="morale" pos="SUBST">morale</w><c c5="PUR">)</c><c c5="PUN">.</c></s></p><p>
<s n="69"><w c5="AV0" hw="regrettably" pos="ADV">Regrettably</w><c c5="PUN">, </c><w c5="AV0" hw="too" pos="ADV">too </w><w c5="DT0" hw="many" pos="ADJ">many </w><w c5="AV0" hw="inadequately" pos="ADV">inadequately </w><w c5="VVN" hw="train" pos="VERB">trained</w><c c5="PUN">, </c><w c5="AJ0" hw="ignorant" pos="ADJ">ignorant </w><w c5="CJC" hw="and" pos="CONJ">and </w><w c5="AJ0" hw="uncaring" pos="ADJ">uncaring </w><w c5="NN2" hw="manager" pos="SUBST">managers </w><w c5="PRP" hw="in" pos="PREP">in </w><w c5="AV0" hw="too" pos="ADV">too </w><w c5="DT0" hw="many" pos="ADJ">many </w><w c5="NN2" hw="workplace" pos="SUBST">workplaces </w><w c5="VVB" hw="believe" pos="VERB">believe </w><w c5="PNP" hw="they" pos="PRON">they </w><w c5="VM0" hw="can" pos="VERB">can </w><w c5="VVI" hw="beat" pos="VERB">beat </w><w c5="AT0" hw="the" pos="ART">the </w><w c5="NN1" hw="cost" pos="SUBST">cost </w><w c5="PRF" hw="of" pos="PREP">of </w><w c5="AJ0" hw="unsafe" pos="ADJ">unsafe </w><w c5="NN2" hw="practice" pos="SUBST">practices </w><w c5="CJC" hw="and" pos="CONJ">and </w><w c5="NN2" hw="system" pos="SUBST">systems </w><w c5="CJC" hw="and" pos="CONJ">and </w><w c5="VVB" hw="take" pos="VERB">take </w><w c5="AT0" hw="a" pos="ART">a </w><w c5="NN1" hw="chance" pos="SUBST">chance </w><w c5="PRP" hw="on" pos="PREP">on </w><w c5="AT0" hw="the" pos="ART">the </w><w c5="NN2" hw="consequence" pos="SUBST">consequences</w><c c5="PUN">.</c></s>
<s n="70"><w c5="PRP" hw="with" pos="PREP">With </w><w c5="AT0" hw="a" pos="ART">a </w><w c5="NN1" hw="visit" pos="SUBST">visit </w><w c5="PRP" hw="from" pos="PREP">from </w><w c5="AT0" hw="a" pos="ART">a </w><w c5="NN1" hw="government" pos="SUBST">Government </w><w c5="NN1" hw="safety" pos="SUBST">safety </w><w c5="NN1" hw="inspector" pos="SUBST">inspector </w><w c5="AV0-AJ0" hw="likely" pos="ADV">likely </w><w c5="AV0-AJ0" hw="only" pos="ADV">only </w><w c5="AV0" hw="once" pos="ADV">once </w><w c5="PRP" hw="in" pos="PREP">in </w><w c5="CRD" hw="five" pos="ADJ">five </w><w c5="NN2" hw="year" pos="SUBST">years</w><c c5="PUN">, </c><w c5="AT0" hw="the" pos="ART">the </w><w c5="NN1" hw="safety/cost" pos="SUBST">safety/cost </w><w c5="NN1" hw="conflict" pos="SUBST">conflict </w><w c5="VBZ" hw="be" pos="VERB">is </w><w c5="AV0" hw="all" pos="ADV">all </w><w c5="AV0" hw="too" pos="ADV">too </w><w c5="AV0" hw="easily" pos="ADV">easily </w><w c5="VVN" hw="settle" pos="VERB">settled </w><w c5="PRP" hw="by" pos="PREP">by </w><w c5="VVG" hw="sacrifice" pos="VERB">sacrificing </w><w c5="NN1" hw="safety" pos="SUBST">safety </w><w c5="PRP" hw="to" pos="PREP">to </w><w c5="AT0" hw="the" pos="ART">the </w><w c5="NN1" hw="god" pos="SUBST">god </w><w c5="PRF" hw="of" pos="PREP">of </w><w c5="NN1" hw="profit" pos="SUBST">profit</w><c c5="PUN">.</c></s></p><p>
<s n="71"><w c5="AV0" hw="criminally" pos="ADV">Criminally </w><w c5="AJ0" hw="negligent" pos="ADJ">negligent </w><w c5="NN2" hw="director" pos="SUBST">directors </w><w c5="PRP" hw="in" pos="PREP">in </w><w c5="AT0" hw="the" pos="ART">the </w><w c5="NP0" hw="uk" pos="SUBST">UK </w><w c5="VBB" hw="be" pos="VERB">are </w><w c5="XX0" hw="not" pos="ADV">not </w><w c5="VVN" hw="send" pos="VERB">sent </w><w c5="PRP" hw="to" pos="PREP">to </w><w c5="NN1" hw="prison" pos="SUBST">prison </w><w c5="CJS" hw="as" pos="CONJ">as </w><w c5="PRP" hw="in" pos="PREP">in </w><w c5="AJ0" hw="other" pos="ADJ">other </w><w c5="NN2" hw="country" pos="SUBST">countries </w><c c5="PUN">— </c><w c5="AT0" hw="the" pos="ART">the </w><w c5="AJS" hw="bad" pos="ADJ">worst </w><w c5="CJT-DT0" hw="that" pos="CONJ">that </w><w c5="VM0" hw="can" pos="VERB">can </w><w c5="VVI" hw="happen" pos="VERB">happen </w><w c5="VBZ" hw="be" pos="VERB">is </w><w c5="AT0" hw="a" pos="ART">a </w><w c5="AJ0" hw="fine" pos="ADJ">fine </w><c c5="PUN">— </c><w c5="CJC" hw="and" pos="CONJ">and </w><w c5="AV0" hw="even" pos="ADV">even </w><w c5="DT0-CJT" hw="that" pos="ADJ">that </w><w c5="VM0" hw="can" pos="VERB">can </w><w c5="VBI" hw="be" pos="VERB">be </w><w c5="VVN" hw="insure" pos="VERB">insured </w><w c5="PRP" hw="against" pos="PREP">against </w><w c5="CJC" hw="and" pos="CONJ">and </w><w c5="VVN" hw="pay" pos="VERB">paid </w><w c5="PRP" hw="by" pos="PREP">by </w><w c5="AT0" hw="the" pos="ART">the </w><w c5="NN1" hw="company" pos="SUBST">company</w><c c5="PUN">.</c></s>
<s n="72"><mw c5="CJS"><w c5="CJS" hw="as" pos="CONJ">As </w><w c5="AJ0" hw="long" pos="ADJ">long </w><w c5="CJS" hw="as" pos="CONJ">as </w></mw><w c5="NN1" hw="health" pos="SUBST">health </w><w c5="CJC" hw="and" pos="CONJ">and </w><w c5="NN1" hw="safety" pos="SUBST">safety </w><w c5="PRP" hw="at" pos="PREP">at </w><w c5="NN1" hw="work" pos="SUBST">work </w><w c5="VBZ" hw="be" pos="VERB">is </w><w c5="VVN" hw="see" pos="VERB">seen </w><w c5="PRP" hw="as" pos="PREP">as </w><w c5="AT0" hw="an" pos="ART">an </w><w c5="AJ0" hw="optional" pos="ADJ">optional </w><w c5="AV0-AJ0" hw="extra" pos="ADV">extra </w><w c5="AV0" hw="more" pos="ADV">more </w><w c5="AJ0" hw="so-called" pos="ADJ">so-called </w><c c5="PUQ">‘</c><w c5="NN2" hw="act" pos="SUBST">Acts </w><w c5="PRF" hw="of" pos="PREP">of </w><w c5="NP0" hw="god" pos="SUBST">God</w><c c5="PUQ">’ </c><w c5="VBB" hw="be" pos="VERB">are </w><w c5="PRP" hw="in" pos="PREP">in </w><w c5="AT0" hw="the" pos="ART">the </w><w c5="NN1" hw="making" pos="SUBST">making</w><c c5="PUN">, </c><w c5="CJC" hw="and" pos="CONJ">and </w><w c5="DT0" hw="more" pos="ADJ">more </w><w c5="NN2" hw="worker" pos="SUBST">workers </w><w c5="CJC" hw="and" pos="CONJ">and </w><w c5="NN2" hw="member" pos="SUBST">members </w><w c5="PRF" hw="of" pos="PREP">of </w><w c5="AT0" hw="the" pos="ART">the </w><w c5="NN1" hw="public" pos="SUBST">public </w><w c5="VM0" hw="will" pos="VERB">will </w><w c5="VVI" hw="pay" pos="VERB">pay </w><w c5="AT0" hw="the" pos="ART">the </w><w c5="NN1" hw="price" pos="SUBST">price</w><c c5="PUN">.</c></s></p><p>
<s n="73"><w c5="VBZ" hw="be" pos="VERB">Is </w><w c5="NN1" hw="safety" pos="SUBST">safety </w><w c5="VBG" hw="be" pos="VERB">being </w><w c5="VVN" hw="sacrifice" pos="VERB">sacrificed </w><w c5="PRP" hw="for" pos="PREP">for </w><w c5="NN1" hw="profit" pos="SUBST">profit</w><c c5="PUN">?</c></s>
<s n="74"><mw c5="AV0"><w c5="PRF" hw="of" pos="PREP">Of </w><w c5="NN1" hw="course" pos="SUBST">course </w></mw><w c5="PNP" hw="it" pos="PRON">it </w><w c5="VBZ" hw="be" pos="VERB">is </w><c c5="PUN">— </c><w c5="PRP" hw="at" pos="PREP">at </w><w c5="NN1" hw="work" pos="SUBST">work</w><c c5="PUN">, </c><w c5="PRP" hw="on" pos="PREP">on </w><w c5="AT0" hw="the" pos="ART">the </w><w c5="NN1" hw="road" pos="SUBST">road</w><c c5="PUN">, </c><w c5="PRP" hw="in" pos="PREP">in </w><w c5="AT0" hw="the" pos="ART">the </w><w c5="NN1" hw="air" pos="SUBST">air</w><c c5="PUN">, </c><w c5="PRP" hw="at" pos="PREP">at </w><w c5="NN1" hw="recreation" pos="SUBST">recreation</w><c c5="PUN">, </c><w c5="PRP" hw="in" pos="PREP">in </w><w c5="AT0" hw="the" pos="ART">the </w><w c5="NN1" hw="home" pos="SUBST">home</w><c c5="PUN">.</c></s>
<s n="75"><w c5="PRP" hw="in" pos="PREP">In </w><w c5="AT0" hw="the" pos="ART">the </w><w c5="NP0" hw="uk" pos="SUBST">UK </w><w c5="PRP" hw="in" pos="PREP">in </w><w c5="AT0" hw="the" pos="ART">the </w><w c5="NN1" hw="year" pos="SUBST">year </w><w c5="TO0" hw="to" pos="PREP">to </w><w c5="VVI" hw="come" pos="VERB">come</w><c c5="PUN">, </c><w c5="NP0" hw="joe" pos="SUBST">Joe </w><w c5="NN1" hw="public" pos="SUBST">Public </w><w c5="VM0" hw="will" pos="VERB">will </w><w c5="VVI" hw="continue" pos="VERB">continue </w><w c5="TO0" hw="to" pos="PREP">to </w><w c5="VVI" hw="pay" pos="VERB">pay </w><w c5="AT0" hw="the" pos="ART">the </w><w c5="NN1" hw="price" pos="SUBST">price </w><c c5="PUL">(</c><w c5="AV0" hw="perhaps" pos="ADV">perhaps </w><w c5="PRP" hw="with" pos="PREP">with </w><w c5="DPS" hw="he" pos="PRON">his </w><w c5="NN1" hw="life" pos="SUBST">life</w><c c5="PUR">) </c><w c5="CJS" hw="until" pos="CONJ">until </w><w c5="PNP" hw="he" pos="PRON">he </w><w c5="VBZ" hw="be" pos="VERB">is </w><w c5="AT0" hw="a" pos="ART">a </w><w c5="AJC" hw="good" pos="ADJ">better </w><w c5="NN1" hw="citizen" pos="SUBST">citizen </w><w c5="CJC" hw="and" pos="CONJ">and </w><w c5="VVZ" hw="stand" pos="VERB">stands </w><w c5="AVP" hw="up" pos="ADV">up </w><w c5="CJC" hw="and" pos="CONJ">and </w><w c5="NN2-VVZ" hw="protest" pos="SUBST">protests </w><w c5="AV0" hw="enough" pos="ADV">enough </w><w c5="PRP" hw="about" pos="PREP">about </w><w c5="PNP" hw="it" pos="PRON">it</w><c c5="PUN">.</c></s></p></div><div level="1" n="891007 edition -- Feature Page 14"><head type="MAIN">
<s n="76"><w c5="AJ0" hw="free" pos="ADJ">Free </w><w c5="NN1" hw="speech" pos="SUBST">Speech </w><w c5="CRD" hw="1" pos="ADJ">1</w><c c5="PUN">: </c><w c5="NN1" hw="danger" pos="SUBST">Danger</w><c c5="PUN">: </c><w c5="NN2" hw="man" pos="SUBST">men </w><w c5="PRP" hw="at" pos="PREP">at </w><w c5="NN1" hw="work" pos="SUBST">work</w><c c5="PUN">: </c><w c5="DT0" hw="this" pos="ADJ">This </w><w c5="NN1" hw="week" pos="SUBST">week</w><c c5="PUN">: </c><w c5="VBB" hw="be" pos="VERB">Are </w><w c5="NP0" hw="britain" pos="SUBST">Britain</w><w c5="POS" hw="'s" pos="UNC">'s </w><w c5="NN1" hw="safety" pos="SUBST">safety </w><w c5="NN2" hw="standard" pos="SUBST">standards </w><w c5="AJ0-AV0" hw="good" pos="ADJ">good </w><w c5="AV0" hw="enough" pos="ADV">enough</w><c c5="PUN">?</c></s></head><head type="BYLINE">
<s n="77"><w c5="PRP" hw="by" pos="PREP">By </w><w c5="NP0" hw="angela" pos="SUBST">ANGELA </w><w c5="NP0" hw="lambert" pos="SUBST">LAMBERT</w></s></head><p>
<s n="78"><w c5="PNP" hw="we" pos="PRON">WE </w><w c5="DT0" hw="all" pos="ADJ">ALL </w><w c5="VHB" hw="have" pos="VERB">have </w><w c5="AT0" hw="a" pos="ART">a </w><w c5="AJ0" hw="schizophrenic" pos="ADJ">schizophrenic </w><w c5="NN1" hw="attitude" pos="SUBST">attitude </w><w c5="PRP" hw="towards" pos="PREP">towards </w><w c5="NN1" hw="safety" pos="SUBST">safety</w><c c5="PUN">.</c></s>
<s n="79"><w c5="PRP" hw="on" pos="PREP">On </w><w c5="AT0" hw="the" pos="ART">the </w><w c5="CRD" hw="one" pos="ADJ">one </w><w c5="NN1" hw="hand" pos="SUBST">hand </w><w c5="PNP" hw="we" pos="PRON">we </w><w c5="VVB" hw="know" pos="VERB">know </w><w c5="DT0-CJT" hw="that" pos="ADJ">that </w><w c5="NN1" hw="drinking" pos="SUBST">drinking</w><c c5="PUN">, </c><w c5="VVG-NN1" hw="smoke" pos="VERB">smoking</w><c c5="PUN">, </c><w c5="VVG-AJ0" hw="drive" pos="VERB">driving </w><w c5="CJC" hw="and" pos="CONJ">and </w><w c5="VVB-NN1" hw="overwork" pos="VERB">overwork </w><w c5="VVB" hw="involve" pos="VERB">involve </w><w c5="NN2" hw="risk" pos="SUBST">risks </w><w c5="PRP" hw="to" pos="PREP">to </w><w c5="DPS" hw="we" pos="PRON">our </w><w c5="NN1" hw="health" pos="SUBST">health</w><c c5="PUN">, </c><w c5="CJC" hw="and" pos="CONJ">and </w><w c5="PNP" hw="we" pos="PRON">we </w><w c5="AV0" hw="apparently" pos="ADV">apparently </w><w c5="VVB" hw="accept" pos="VERB">accept </w><w c5="PNP" hw="they" pos="PRON">them</w><c c5="PUN">.</c></s>
<s n="80"><w c5="AV0" hw="yet" pos="ADV">Yet </w><w c5="PNP" hw="we" pos="PRON">we </w><w c5="VVB" hw="expect" pos="VERB">expect </w><w c5="AT0" hw="the" pos="ART">the </w><w c5="AV0" hw="much" pos="ADV">much </w><w c5="AJC" hw="small" pos="ADJ">smaller </w><w c5="NN2" hw="risk" pos="SUBST">risks </w><w c5="VVN" hw="incur" pos="VERB">incurred </w><w c5="CJS" hw="when" pos="CONJ">when </w><w c5="VVG" hw="travel" pos="VERB">travelling </w><w c5="PRP" hw="by" pos="PREP">by </w><w c5="NN1" hw="train" pos="SUBST">train </w><w c5="CJC" hw="or" pos="CONJ">or </w><w c5="NN1" hw="air" pos="SUBST">air </w><w c5="CJC" hw="or" pos="CONJ">or </w><w c5="NN1" hw="sea" pos="SUBST">sea </w><w c5="TO0" hw="to" pos="PREP">to </w><w c5="VBI" hw="be" pos="VERB">be </w><w c5="AJ0" hw="non-existent" pos="ADJ">non-existent</w><c c5="PUN">, </c><w c5="CJC" hw="and" pos="CONJ">and </w><w c5="VVB" hw="express" pos="VERB">express </w><w c5="NN1" hw="outrage" pos="SUBST">outrage </w><w c5="CJC" hw="and" pos="CONJ">and </w><w c5="NN1" hw="condemnation" pos="SUBST">condemnation </w><w c5="AVQ-CJS" hw="when" pos="ADV">when </w><w c5="NN2" hw="accident" pos="SUBST">accidents </w><w c5="VVB" hw="happen" pos="VERB">happen</w><c c5="PUN">, </c><w c5="NP0" hw="angela" pos="SUBST">Angela </w><w c5="NP0" hw="lambert" pos="SUBST">Lambert </w><w c5="VVZ" hw="write" pos="VERB">writes</w><c c5="PUN">.</c></s></p><p>
<s n="81"><w c5="PNP" hw="it" pos="PRON">It </w><w c5="VBZ" hw="be" pos="VERB">is </w><w c5="AV0" hw="largely" pos="ADV">largely </w><w c5="AT0" hw="a" pos="ART">a </w><w c5="NN1" hw="matter" pos="SUBST">matter </w><w c5="PRF" hw="of" pos="PREP">of </w><w c5="NN1" hw="cost" pos="SUBST">cost</w><c c5="PUN">.</c></s>
<s n="82"><w c5="PNP" hw="we" pos="PRON">We </w><w c5="VM0" hw="could" pos="VERB">could </w><w c5="DT0" hw="all" pos="ADJ">all </w><w c5="VVI" hw="fly" pos="VERB">fly </w><w c5="PRP" hw="to" pos="PREP">to </w><w c5="NP0" hw="paris" pos="SUBST">Paris </w><w c5="PRP" hw="in" pos="PREP">in </w><w c5="AJ0" hw="perfect" pos="ADJ">perfect </w><w c5="NN1" hw="safety" pos="SUBST">safety </w><w c5="CJS" hw="if" pos="CONJ">if </w><w c5="PNP" hw="we" pos="PRON">we </w><w c5="VBD" hw="be" pos="VERB">were </w><w c5="AJ0" hw="prepared" pos="ADJ">prepared </w><w c5="TO0" hw="to" pos="PREP">to </w><w c5="VVI" hw="pay" pos="VERB">pay </w><w c5="NN0" hw="£1,000" pos="UNC">£1,000 </w><w c5="PRP" hw="for" pos="PREP">for </w><w c5="AT0" hw="a" pos="ART">a </w><w c5="NN1" hw="ticket" pos="SUBST">ticket</w><c c5="PUN">, </c><w c5="CJS" hw="since" pos="CONJ">since </w><w c5="PNP" hw="we" pos="PRON">we </w><w c5="VM0" hw="would" pos="VERB">would </w><w c5="AV0" hw="then" pos="ADV">then </w><w c5="VVI" hw="travel" pos="VERB">travel </w><w c5="PRP" hw="with" pos="PREP">with </w><w c5="AT0" hw="the" pos="ART">the </w><w c5="DT0" hw="same" pos="ADJ">same </w><w c5="AJ0-NN1" hw="cast-iron" pos="ADJ">cast-iron </w><w c5="NN1" hw="safety" pos="SUBST">safety </w><w c5="NN2" hw="precaution" pos="SUBST">precautions </w><w c5="CJS" hw="as" pos="CONJ">as </w><w c5="VDB" hw="do" pos="VERB">do </w><w c5="NN2" hw="head" pos="SUBST">heads </w><w c5="PRF" hw="of" pos="PREP">of </w><w c5="NN1" hw="state" pos="SUBST">state</w><c c5="PUN">.</c></s>
<s n="83"><w c5="CJC" hw="but" pos="CONJ">But </w><w c5="PRP" hw="in" pos="PREP">in </w><w c5="VVG-AJ0" hw="pay" pos="VERB">paying </w><w c5="NN2" hw="fare" pos="SUBST">fares </w><w c5="VVG" hw="amount" pos="VERB">amounting </w><w c5="PRP" hw="to" pos="PREP">to </w><w c5="AT0" hw="a" pos="ART">a </w><w c5="ORD" hw="tenth" pos="ADJ">tenth </w><w c5="PRF" hw="of" pos="PREP">of </w><w c5="DT0" hw="that" pos="ADJ">that</w><c c5="PUN">, </c><w c5="PNP" hw="we" pos="PRON">we </w><w c5="VVB" hw="incur" pos="VERB">incur </w><c c5="PUN">— </c><w c5="CJC" hw="and" pos="CONJ">and </w><w c5="VDB" hw="do" pos="VERB">do </w><w c5="AV0" hw="implicitly" pos="ADV">implicitly </w><w c5="VVI" hw="accept" pos="VERB">accept </w><c c5="PUN">— </c><w c5="AT0" hw="a" pos="ART">a </w><w c5="AJ0" hw="low" pos="ADJ">low </w><w c5="NN1" hw="level" pos="SUBST">level </w><w c5="PRF" hw="of" pos="PREP">of </w><w c5="NN1" hw="risk" pos="SUBST">risk</w><c c5="PUN">.</c></s></p><p>
<s n="84"><w c5="AT0" hw="the" pos="ART">The </w><w c5="AJ0" hw="recent" pos="ADJ">recent </w><w c5="NN0" hw="series" pos="SUBST">series </w><w c5="PRF" hw="of" pos="PREP">of </w><w c5="NN2" hw="disaster" pos="SUBST">disasters </w><w c5="PRP" hw="from" pos="PREP">from </w><w c5="AT0" hw="the" pos="ART">The </w><w c5="NN1" hw="herald" pos="SUBST">Herald </w><w c5="PRF" hw="of" pos="PREP">of </w><w c5="AJ0" hw="free" pos="ADJ">Free </w><w c5="NN1" hw="enterprise" pos="SUBST">Enterprise </w><w c5="AV0" hw="onwards" pos="ADV">onwards</w><c c5="PUN">, </c><w c5="VHZ" hw="have" pos="VERB">has </w><w c5="VVN" hw="lead" pos="VERB">led </w><w c5="PNP" hw="we" pos="PRON">us </w><w c5="TO0" hw="to" pos="PREP">to </w><w c5="VVI" hw="believe" pos="VERB">believe </w><w c5="CJT" hw="that" pos="CONJ">that </w><w c5="NP0" hw="britain" pos="SUBST">Britain </w><w c5="VBZ" hw="be" pos="VERB">is </w><w c5="AV0" hw="particularly" pos="ADV">particularly </w><w c5="AJ0" hw="unsafe" pos="ADJ">unsafe</w><c c5="PUN">.</c></s>
<s n="85"><w c5="AV0" hw="certainly" pos="ADV">Certainly </w><w c5="DPS" hw="we" pos="PRON">our </w><w c5="AJ0" hw="industrial" pos="ADJ">industrial </w><w c5="NN1" hw="safety" pos="SUBST">safety </w><w c5="NN1" hw="inspectorate" pos="SUBST">inspectorate </w><w c5="VBZ" hw="be" pos="VERB">is </w><w c5="AV0" hw="nowhere" pos="ADV">nowhere </w><w c5="PRP" hw="near" pos="PREP">near </w><w c5="AJ0" hw="large" pos="ADJ">large </w><w c5="AV0" hw="enough" pos="ADV">enough</w><c c5="PUN">, </c><w c5="CJC" hw="and" pos="CONJ">and </w><w c5="EX0" hw="there" pos="PRON">there </w><w c5="VBB" hw="be" pos="VERB">are </w><w c5="NN2" hw="blackspot" pos="SUBST">blackspots </w><c c5="PUN">— </c><mw c5="PRP"><w c5="DT0" hw="such" pos="ADJ">such </w><w c5="PRP" hw="as" pos="PREP">as </w></mw><w c5="NN1" hw="construction" pos="SUBST">construction </w><c c5="PUN">— </c><w c5="CJS" hw="where" pos="CONJ">where </w><w c5="AT0" hw="the" pos="ART">the </w><w c5="NN1" hw="casualty" pos="SUBST">casualty </w><w c5="NN1" hw="rate" pos="SUBST">rate </w><w c5="VBZ" hw="be" pos="VERB">is </w><w c5="AV0" hw="far" pos="ADV">far </w><w c5="AV0" hw="too" pos="ADV">too </w><w c5="AJ0" hw="high" pos="ADJ">high</w><c c5="PUN">.</c></s>
<s n="86"><w c5="AV0" hw="nevertheless" pos="ADV">Nevertheless</w><c c5="PUN">, </c><w c5="CJS" hw="as" pos="CONJ">as </w><w c5="AT0" hw="the" pos="ART">the </w><w c5="NN1" hw="table" pos="SUBST">table </w><w c5="VVZ" hw="show" pos="VERB">shows</w><c c5="PUN">, </c><w c5="PNP" hw="we" pos="PRON">we </w><w c5="VVB" hw="rank" pos="VERB">rank </w><w c5="PRP" hw="among" pos="PREP">among </w><w c5="AT0" hw="the" pos="ART">the </w><w c5="AJS" hw="safe" pos="ADJ">safest </w><w c5="NN2" hw="country" pos="SUBST">countries </w><w c5="PRP" hw="in" pos="PREP">in </w><w c5="AT0" hw="the" pos="ART">the </w><w c5="NN1" hw="world" pos="SUBST">world</w><c c5="PUN">.</c></s></p></div></wtext></bncDoc>
