<bncDoc xml:id="A3E"><teiHeader><fileDesc><titleStmt><title>  Independent, electronic edition of 1989-10-07: Gardening pages. Sample containing about 1831 words from a periodical (domain: leisure) </title><respStmt><resp> Data capture and transcription </resp><name> Oxford University Press </name> </respStmt></titleStmt><editionStmt><edition>BNC XML Edition, December 2006</edition></editionStmt><extent> 1831 tokens; 1846 w-units; 92 s-units </extent><publicationStmt><distributor>Distributed under licence by Oxford University Computing Services on behalf of the BNC Consortium.</distributor><availability> This material is protected by international copyright laws and may not be copied or redistributed in any way. Consult the BNC Web Site at http://www.natcorp.ox.ac.uk for full licencing and distribution conditions.</availability><idno type="bnc">A3E</idno><idno type="old"> IfGard </idno></publicationStmt><sourceDesc><bibl><title>Independent, electronic edition of 1989-10-07: Gardening pages.</title> <imprint n="NEWSPA2"><publisher>Newspaper Publishing plc</publisher> <pubPlace>London</pubPlace> <date value="1989">1989</date> </imprint> </bibl></sourceDesc></fileDesc><encodingDesc><tagsDecl><namespace name=""><tagUsage gi="c" occurs="209"/><tagUsage gi="div" occurs="4"/><tagUsage gi="head" occurs="10"/><tagUsage gi="mw" occurs="12"/><tagUsage gi="p" occurs="22"/><tagUsage gi="s" occurs="92"/><tagUsage gi="w" occurs="1846"/></namespace></tagsDecl></encodingDesc><profileDesc><creation date="1989"> </creation><textClass><catRef targets="WRI ALLTIM3 ALLAVA2 ALLTYP3 WRIAAG0 WRIAD0 WRIASE0 WRIATY2 WRIAUD3 WRIDOM9 WRILEV2 WRIMED2 WRIPP5 WRISAM0 WRISTA3 WRITAS3"/><classCode scheme="DLEE">W newsp brdsht nat: misc</classCode><keywords><term> (none) </term></keywords></textClass></profileDesc><revisionDesc><change date="2006-10-21" who="#OUCS">Tag usage updated for BNC-XML</change><change date="2000-12-13" who="#OUCS">Last check for BNC World first release</change><change date="2000-09-06" who="#OUCS">Redo tagusage tables</change><change date="2000-09-01" who="#OUCS">Check all tagcounts</change><change date="2000-06-23" who="#OUCS">Resequenced s-units and added headers</change><change date="2000-01-21" who="#OUCS">Added date info</change><change date="2000-01-09" who="#OUCS">Updated all catrefs</change><change date="2000-01-08" who="#OUCS">Updated source title</change><change date="2000-01-08" who="#OUCS">Updated titles</change><change date="1999-12-25" who="#OUCS">corrected tagUsage</change><change date="1999-09-13" who="#UCREL">POS codes revised for BNC-2; header updated</change><change date="1994-11-24" who="#dominic">Initial accession to corpus</change></revisionDesc></teiHeader>
<wtext type="NEWS"><div level="1" n="891007 edition -- Weekend Garden Page 43"><head type="MAIN">
<s n="1"><w c5="PRP" hw="in" pos="PREP">In </w><w c5="AT0" hw="the" pos="ART">the </w><w c5="NN1" hw="garden" pos="SUBST">Garden </w><w c5="NN1-VVB" hw="update" pos="SUBST">Update</w><c c5="PUN">: </c><w c5="NN1" hw="prize" pos="SUBST">Prize </w><w c5="NN0" hw="fruit" pos="SUBST">fruit </w><w c5="CJC" hw="and" pos="CONJ">and </w><w c5="NN1" hw="veg" pos="SUBST">veg</w></s></head><head type="BYLINE">
<s n="2"><w c5="PRP" hw="from" pos="PREP">From </w><w c5="NP0" hw="marc" pos="SUBST">MARC </w><w c5="NN1-VVB" hw="champion" pos="SUBST">CHAMPION </w><w c5="PRP" hw="in" pos="PREP">in </w><w c5="NP0" hw="washington" pos="SUBST">Washington</w></s></head><p>
<s n="3"><w c5="NN2" hw="prize" pos="SUBST">PRIZES </w><w c5="VM0" hw="will" pos="VERB">will </w><w c5="VBI" hw="be" pos="VERB">be </w><w c5="VVN" hw="award" pos="VERB">awarded </w><w c5="PRP" hw="for" pos="PREP">for </w><w c5="AT0" hw="the" pos="ART">the </w><w c5="AJS" hw="good" pos="ADJ">best </w><w c5="NN2" hw="carnation" pos="SUBST">carnations </w><w c5="CJC" hw="and" pos="CONJ">and </w><w c5="NN1" hw="bonsai" pos="SUBST">bonsai </w><w c5="PRP" hw="at" pos="PREP">at </w><w c5="AT0" hw="the" pos="ART">the </w><w c5="AJ0" hw="royal" pos="ADJ">Royal </w><w c5="AJ0" hw="horticultural" pos="ADJ">Horticultural </w><w c5="NN1" hw="society" pos="SUBST">Society</w><w c5="POS" hw="'s" pos="UNC">'s </w><w c5="NN1" hw="show" pos="SUBST">show </w><w c5="PRP" hw="in" pos="PREP">in </w><w c5="NP0" hw="greycoat" pos="SUBST">Greycoat </w><w c5="NP0" hw="street" pos="SUBST">Street</w><c c5="PUN">, </c><w c5="NP0" hw="london" pos="SUBST">London </w><w c5="UNC" hw="sw1" pos="UNC">SW1</w><c c5="PUN">, </c><w c5="TO0" hw="to" pos="PREP">to </w><w c5="VBI" hw="be" pos="VERB">be </w><w c5="VVN" hw="hold" pos="VERB">held </w><w c5="DT0" hw="this" pos="ADJ">this </w><w c5="NP0" hw="tuesday" pos="SUBST">Tuesday </w><c c5="PUL">(</c><w c5="AV0" hw="11am-7pm" pos="ADV">11am-7pm</w><c c5="PUN">, </c><w c5="NN1" hw="admission" pos="SUBST">admission </w><w c5="NN0" hw="£2.50" pos="UNC">£2.50</w><c c5="PUR">) </c><w c5="CJC" hw="and" pos="CONJ">and </w><w c5="NP0" hw="wednesday" pos="SUBST">Wednesday </w><c c5="PUL">(</c><w c5="AV0" hw="10am-5pm" pos="ADV">10am-5pm</w><c c5="PUN">, </c><w c5="NN1" hw="admission" pos="SUBST">admission </w><w c5="NN0" hw="£1.50" pos="UNC">£1.50</w><c c5="PUR">)</c><c c5="PUN">.</c></s>
<s n="4"><w c5="EX0" hw="there" pos="PRON">There </w><w c5="VM0" hw="will" pos="VERB">will </w><w c5="AV0" hw="also" pos="ADV">also </w><w c5="VBI" hw="be" pos="VERB">be </w><w c5="NN2" hw="display" pos="SUBST">displays </w><w c5="PRF" hw="of" pos="PREP">of </w><w c5="NN1" hw="autumn" pos="SUBST">autumn </w><w c5="NN0" hw="fruit" pos="SUBST">fruit </w><w c5="CJC" hw="and" pos="CONJ">and </w><w c5="NN2" hw="vegetable" pos="SUBST">vegetables</w><c c5="PUN">.</c></s></p></div><div level="1" n="891007 edition -- Weekend Garden Page 43"><head type="MAIN">
<s n="5"><w c5="PRP" hw="in" pos="PREP">In </w><w c5="AT0" hw="the" pos="ART">the </w><w c5="NN1" hw="garden" pos="SUBST">Garden </w><w c5="NN1-VVB" hw="update" pos="SUBST">Update</w><c c5="PUN">: </c><w c5="AJ0" hw="growing" pos="ADJ">Growing </w><w c5="NN2" hw="class" pos="SUBST">classes</w></s></head><head type="MAIN">
<s n="6"><w c5="NN1" hw="weekend" pos="SUBST">Weekend </w><w c5="NN1" hw="garden" pos="SUBST">Garden </w><w c5="NN1" hw="page" pos="SUBST">Page </w><w c5="CRD" hw="43" pos="ADJ">43</w></s></head><head type="MAIN">
<s n="7"><w c5="PRP" hw="in" pos="PREP">In </w><w c5="AT0" hw="the" pos="ART">the </w><w c5="NN1" hw="garden" pos="SUBST">Garden </w><w c5="NN1-VVB" hw="update" pos="SUBST">Update</w><c c5="PUN">: </c><w c5="NN1" hw="weekend" pos="SUBST">Weekend </w><w c5="NN1-VVB" hw="work" pos="SUBST">work</w></s></head><head type="BYLINE">
<s n="8"><w c5="PRP" hw="from" pos="PREP">From </w><w c5="NP0" hw="marc" pos="SUBST">MARC </w><w c5="NN1-VVB" hw="champion" pos="SUBST">CHAMPION </w><w c5="PRP" hw="in" pos="PREP">in </w><w c5="NP0" hw="washington" pos="SUBST">Washington</w></s></head><p>
<s n="9"><w c5="NN2" hw="secateur" pos="SUBST">SECATEURS </w><w c5="VBB" hw="be" pos="VERB">are </w><w c5="AJ0" hw="likely" pos="ADJ">likely </w><w c5="TO0" hw="to" pos="PREP">to </w><w c5="VBI" hw="be" pos="VERB">be </w><w c5="AT0" hw="the" pos="ART">the </w><w c5="NN1" hw="tool" pos="SUBST">tool </w><w c5="AV0" hw="most" pos="ADV">most </w><w c5="PRP" hw="in" pos="PREP">in </w><w c5="NN1" hw="demand" pos="SUBST">demand </w><w c5="AV0" hw="now" pos="ADV">now</w><c c5="PUN">.</c></s>
<s n="10"><w c5="AT0" hw="the" pos="ART">The </w><w c5="NN1" hw="summer" pos="SUBST">summer</w><w c5="POS" hw="'s" pos="UNC">'s </w><w c5="NN1" hw="sprawl" pos="SUBST">sprawl </w><w c5="VVZ" hw="begin" pos="VERB">begins </w><w c5="TO0" hw="to" pos="PREP">to </w><w c5="VBI" hw="be" pos="VERB">be </w><w c5="AJ0" hw="oppressive" pos="ADJ">oppressive </w><w c5="PRP" hw="at" pos="PREP">at </w><w c5="DT0" hw="this" pos="ADJ">this </w><w c5="NN1" hw="stage" pos="SUBST">stage </w><w c5="PRP" hw="in" pos="PREP">in </w><w c5="AT0" hw="the" pos="ART">the </w><w c5="NN1" hw="year" pos="SUBST">year </w><w c5="CJC" hw="and" pos="CONJ">and </w><w c5="NN1-VVB" hw="trigger" pos="SUBST">trigger </w><w c5="NN2" hw="finger" pos="SUBST">fingers </w><w c5="VBB" hw="be" pos="VERB">are </w><w c5="VVG" hw="itch" pos="VERB">itching </w><w c5="TO0" hw="to" pos="PREP">to </w><w c5="VVI" hw="snip" pos="VERB">snip </w><w c5="AVP" hw="back" pos="ADV">back </w><w c5="AJ0" hw="overgrown" pos="ADJ">overgrown </w><w c5="NN2" hw="mallow" pos="SUBST">mallows</w><c c5="PUN">, </c><w c5="VVB" hw="clear" pos="VERB">clear </w><w c5="AVP" hw="out" pos="ADV">out </w><w c5="AT0" hw="the" pos="ART">the </w><w c5="AJ0-NN1" hw="mildewing" pos="ADJ">mildewing </w><w c5="NN1" hw="foliage" pos="SUBST">foliage </w><w c5="PRF" hw="of" pos="PREP">of </w><w c5="AJ0" hw="golden" pos="ADJ">golden </w><w c5="NN1" hw="rod" pos="SUBST">rod </w><w c5="CJC" hw="and" pos="CONJ">and </w><w c5="VVB" hw="reduce" pos="VERB">reduce </w><w c5="AT0" hw="the" pos="ART">the </w><w c5="AJ0" hw="overpowering" pos="ADJ">overpowering </w><w c5="NN1" hw="bulk" pos="SUBST">bulk </w><w c5="PRF" hw="of" pos="PREP">of </w><w c5="NN1" hw="bullyboy" pos="SUBST">bullyboy </w><w c5="NN1" hw="ground" pos="SUBST">ground </w><w c5="NN1-VVB" hw="cover" pos="SUBST">cover</w><c c5="PUN">.</c></s>
<s n="11"><w c5="VVB" hw="keep" pos="VERB">Keep </w><mw c5="PRP"><w c5="AV0" hw="away" pos="ADV">away </w><w c5="PRP" hw="from" pos="PREP">from </w></mw><w c5="NN1" hw="jasmine" pos="SUBST">jasmine</w><c c5="PUN">, </c><w c5="AV0" hw="already" pos="ADV">already </w><w c5="AJ0" hw="thick" pos="ADJ">thick </w><w c5="PRP" hw="in" pos="PREP">in </w><w c5="NN1" hw="flower" pos="SUBST">flower </w><w c5="NN1" hw="bud" pos="SUBST">bud</w><c c5="PUN">, </c><w c5="CJC" hw="and" pos="CONJ">and </w><w c5="NN0" hw="clematis" pos="SUBST">clematis</w><c c5="PUN">, </c><w c5="AVQ" hw="however" pos="ADV">however </w><w c5="AJ0" hw="untidy" pos="ADJ">untidy</w><c c5="PUN">.</c></s>
<s n="12"><w c5="NN2" hw="buddleia" pos="SUBST">Buddleias</w><c c5="PUN">, </c><w c5="CJS" hw="although" pos="CONJ">although </w><w c5="AJ0" hw="messy" pos="ADJ">messy</w><c c5="PUN">, </c><w c5="VM0" hw="should" pos="VERB">should </w><w c5="XX0" hw="not" pos="ADV">not </w><w c5="VBI" hw="be" pos="VERB">be </w><w c5="VVN" hw="cut" pos="VERB">cut </w><w c5="AVP" hw="back" pos="ADV">back </w><w c5="PRP" hw="until" pos="PREP">until </w><w c5="NN1" hw="spring" pos="SUBST">spring</w><c c5="PUN">.</c></s>
<s n="13"><w c5="AJ0" hw="dead" pos="ADJ">Dead</w><c c5="PUN">, </c><w c5="AJ0" hw="ragged" pos="ADJ">ragged </w><w c5="NN2" hw="head" pos="SUBST">heads </w><w c5="PRF" hw="of" pos="PREP">of </w><w c5="AT0" hw="the" pos="ART">the </w><w c5="NN1-AJ0" hw="climbing" pos="SUBST">climbing </w><w c5="NN1" hw="hydrangea" pos="SUBST">hydrangea </w><w c5="VM0" hw="can" pos="VERB">can </w><w c5="VBI" hw="be" pos="VERB">be </w><w c5="VVN" hw="remove" pos="VERB">removed</w><c c5="PUN">, </c><w c5="VVG" hw="cut" pos="VERB">cutting </w><w c5="AVQ-CJS" hw="where" pos="ADV">where </w><w c5="AT0" hw="the" pos="ART">the </w><w c5="NN1" hw="stem" pos="SUBST">stem </w><w c5="VVZ" hw="join" pos="VERB">joins </w><w c5="AT0" hw="the" pos="ART">the </w><w c5="AJ0" hw="main" pos="ADJ">main </w><w c5="NN1" hw="branch" pos="SUBST">branch</w><c c5="PUN">.</c></s>
<s n="14"><w c5="NP0" hw="virginia" pos="SUBST">Virginia </w><w c5="NN1" hw="creeper" pos="SUBST">creeper </w><w c5="VVZ" hw="need" pos="VERB">needs </w><w c5="TO0" hw="to" pos="PREP">to </w><w c5="VBI" hw="be" pos="VERB">be </w><w c5="VVN" hw="clip" pos="VERB">clipped </w><w c5="AVP" hw="back" pos="ADV">back </w><w c5="PRP" hw="from" pos="PREP">from </w><w c5="NN2" hw="window" pos="SUBST">windows </w><w c5="CJC" hw="and" pos="CONJ">and </w><w c5="VVN-VVD" hw="haul" pos="VERB">hauled </w><mw c5="PRP"><w c5="AVP" hw="out" pos="ADV">out </w><w c5="PRF" hw="of" pos="PREP">of </w></mw><w c5="NN2" hw="gutter" pos="SUBST">gutters</w><c c5="PUN">.</c></s></p><p>
<s n="15"><w c5="NP0" hw="mulching" pos="SUBST">Mulching </w><w c5="VBZ" hw="be" pos="VERB">is </w><w c5="AT0" hw="a" pos="ART">a </w><w c5="AJ0" hw="pleasant" pos="ADJ">pleasant </w><w c5="NN1" hw="activity" pos="SUBST">activity </w><w c5="PRP" hw="for" pos="PREP">for </w><w c5="NP0" hw="october" pos="SUBST">October</w><c c5="PUN">.</c></s>
<s n="16"><w c5="PNP" hw="it" pos="PRON">It </w><w c5="VM0" hw="can" pos="VERB">can </w><w c5="VBI" hw="be" pos="VERB">be </w><w c5="VDN" hw="do" pos="VERB">done </w><w c5="PRP" hw="in" pos="PREP">in </w><w c5="NN1" hw="spring" pos="SUBST">spring </w><w c5="AV0" hw="too" pos="ADV">too</w><c c5="PUN">, </c><w c5="CJC" hw="but" pos="CONJ">but </w><w c5="EX0" hw="there" pos="PRON">there </w><w c5="VBB" hw="be" pos="VERB">are </w><w c5="AV0" hw="usually" pos="ADV">usually </w><w c5="AV0" hw="more" pos="ADV">more </w><w c5="AJ0" hw="pressing" pos="ADJ">pressing </w><w c5="NN2" hw="job" pos="SUBST">jobs </w><w c5="AV0" hw="then" pos="ADV">then</w><c c5="PUN">.</c></s>
<s n="17"><w c5="NN2" hw="shrub" pos="SUBST">Shrubs </w><mw c5="PRP"><w c5="DT0" hw="such" pos="ADJ">such </w><w c5="PRP" hw="as" pos="PREP">as </w></mw><w c5="NN1" hw="hydrangea" pos="SUBST">hydrangea </w><w c5="AV0" hw="particularly" pos="ADV">particularly </w><w c5="VVB" hw="relish" pos="VERB">relish </w><w c5="AJ0" hw="rich" pos="ADJ">rich </w><w c5="NN2" hw="ration" pos="SUBST">rations</w><c c5="PUN">.</c></s>
<s n="18"><w c5="PNP" hw="it" pos="PRON">It </w><w c5="VBZ" hw="be" pos="VERB">is </w><w c5="AT0" hw="a" pos="ART">a </w><w c5="AJ0" hw="good" pos="ADJ">good </w><w c5="NN1" hw="time" pos="SUBST">time </w><w c5="TO0" hw="to" pos="PREP">to </w><w c5="VVI" hw="plant" pos="VERB">plant </w><w c5="AJ0" hw="hardy" pos="ADJ">hardy </w><w c5="NN2" hw="shrub" pos="SUBST">shrubs </w><w c5="AV0" hw="too" pos="ADV">too</w><c c5="PUN">.</c></s>
<s n="19"><w c5="NN0" hw="clematis" pos="SUBST">Clematis </w><w c5="AV0" hw="so" pos="ADV">so </w><w c5="VVZ" hw="bristle" pos="VERB">bristles </w><w c5="PRP" hw="with" pos="PREP">with </w><w c5="AJ0" hw="brittle" pos="ADJ">brittle </w><w c5="AJ0-NN1" hw="green" pos="ADJ">green </w><w c5="NN2-VVZ" hw="shoot" pos="SUBST">shoots </w><w c5="PRP" hw="in" pos="PREP">in </w><w c5="NN1" hw="spring" pos="SUBST">spring </w><w c5="CJT-DT0" hw="that" pos="CONJ">that </w><w c5="NN1-VVG" hw="planting" pos="SUBST">planting </w><w c5="AV0" hw="then" pos="ADV">then </w><w c5="VBZ" hw="be" pos="VERB">is </w><w c5="AT0" hw="an" pos="ART">an </w><w c5="NN1" hw="anxiety" pos="SUBST">anxiety </w><mw c5="PRP"><w c5="AV0" hw="rather" pos="ADV">rather </w><w c5="CJS" hw="than" pos="CONJ">than </w></mw><w c5="AT0" hw="a" pos="ART">a </w><w c5="NN1" hw="pleasure" pos="SUBST">pleasure</w><c c5="PUN">.</c></s></p><p>
<s n="20"><w c5="NN1" hw="runner" pos="SUBST">Runner </w><w c5="NN2" hw="bean" pos="SUBST">beans </w><w c5="CJC" hw="and" pos="CONJ">and </w><w c5="AJ0" hw="french" pos="ADJ">French </w><w c5="NN2" hw="bean" pos="SUBST">beans </w><w c5="VHB" hw="have" pos="VERB">have </w><w c5="AV0" hw="now" pos="ADV">now </w><w c5="VVN" hw="give" pos="VERB">given </w><w c5="AVP" hw="up" pos="ADV">up </w><w c5="AV0" hw="completely" pos="ADV">completely </w><w c5="CJC" hw="and" pos="CONJ">and </w><w c5="VM0" hw="can" pos="VERB">can </w><w c5="VBI" hw="be" pos="VERB">be </w><w c5="VVN" hw="clear" pos="VERB">cleared </w><w c5="PRP-AVP" hw="off" pos="PREP">off </w><w c5="NN1" hw="vegetable" pos="SUBST">vegetable </w><w c5="NN2" hw="plot" pos="SUBST">plots</w><c c5="PUN">.</c></s>
<s n="21"><w c5="NN1" hw="globe" pos="SUBST">Globe </w><w c5="NN2" hw="artichoke" pos="SUBST">artichokes </w><w c5="VBB" hw="be" pos="VERB">are </w><w c5="VVG-AJ0" hw="sprout" pos="VERB">sprouting </w><w c5="AJ0" hw="new" pos="ADJ">new </w><w c5="NN2" hw="leaf" pos="SUBST">leaves </w><w c5="CJC" hw="and" pos="CONJ">and </w><w c5="VM0" hw="may" pos="VERB">may </w><w c5="VVI" hw="need" pos="VERB">need </w><w c5="NN1" hw="protection" pos="SUBST">protection </w><w c5="PRP" hw="from" pos="PREP">from </w><w c5="NN1" hw="frost" pos="SUBST">frost </w><w c5="PRP" hw="in" pos="PREP">in </w><w c5="AJ0" hw="cold" pos="ADJ">cold </w><w c5="NN2" hw="area" pos="SUBST">areas</w><c c5="PUN">.</c></s>
<s n="22"><w c5="NN1" hw="summer" pos="SUBST">Summer </w><w c5="NN1" hw="bedding" pos="SUBST">bedding </w><w c5="VBZ" hw="be" pos="VERB">is </w><w c5="VVG" hw="look" pos="VERB">looking </w><w c5="AJ0" hw="tired" pos="ADJ">tired </w><w c5="CJC" hw="and" pos="CONJ">and </w><w c5="VM0" hw="should" pos="VERB">should </w><w c5="VBI" hw="be" pos="VERB">be </w><w c5="VVN" hw="remove" pos="VERB">removed </w><mw c5="CJS"><w c5="AV0" hw="so" pos="ADV">so </w><w c5="CJT" hw="that" pos="CONJ">that </w></mw><w c5="AT0" hw="the" pos="ART">the </w><w c5="NN1" hw="ground" pos="SUBST">ground </w><w c5="VM0" hw="can" pos="VERB">can </w><w c5="VBI" hw="be" pos="VERB">be </w><w c5="VVN" hw="clean" pos="VERB">cleaned </w><w c5="CJC" hw="and" pos="CONJ">and </w><w c5="VVD" hw="feed" pos="VERB">fed </w><w c5="AJ0" hw="ready" pos="ADJ">ready </w><w c5="PRP" hw="for" pos="PREP">for </w><w c5="NN1" hw="spring" pos="SUBST">spring </w><w c5="NN2" hw="bulb" pos="SUBST">bulbs </w><w c5="CJC" hw="or" pos="CONJ">or </w><w c5="NN2" hw="wallflower" pos="SUBST">wallflowers</w><c c5="PUN">.</c></s></p></div><div level="1" n="891007 edition -- Weekend Garden Page 43"><head type="MAIN">
<s n="23"><w c5="PRP" hw="in" pos="PREP">In </w><w c5="AT0" hw="the" pos="ART">the </w><w c5="NN1" hw="garden" pos="SUBST">Garden</w><c c5="PUN">: </c><w c5="VVG" hw="plan" pos="VERB">Planning </w><w c5="TO0" hw="to" pos="PREP">to </w><w c5="VVI" hw="beat" pos="VERB">beat </w><w c5="AT0" hw="a" pos="ART">a </w><w c5="AJ0" hw="leafy" pos="ADJ">leafy </w><w c5="NN1" hw="retreat" pos="SUBST">retreat </w><w c5="PRP" hw="at" pos="PREP">at </w><w c5="NN1" hw="home" pos="SUBST">home</w><c c5="PUN">: </c><w c5="PRP" hw="in" pos="PREP">In </w><w c5="AT0" hw="the" pos="ART">the </w><w c5="ORD" hw="first" pos="ADJ">first </w><w c5="PRF" hw="of" pos="PREP">of </w><w c5="AT0" hw="a" pos="ART">a </w><w c5="NN0" hw="series" pos="SUBST">series </w><w c5="PRP" hw="for" pos="PREP">for </w><w c5="NN1" hw="novice" pos="SUBST">novice </w><w c5="NN2" hw="gardener" pos="SUBST">gardeners</w><c c5="PUN">, </c><w c5="NP0" hw="anna" pos="SUBST">Anna </w><w c5="NP0" hw="pavord" pos="SUBST">Pavord </w><w c5="VVZ" hw="stress" pos="VERB">stresses </w><w c5="AT0" hw="the" pos="ART">the </w><w c5="NN1" hw="value" pos="SUBST">value </w><w c5="PRF" hw="of" pos="PREP">of </w><w c5="AJ0" hw="careful" pos="ADJ">careful </w><w c5="NN1" hw="forethought" pos="SUBST">forethought</w></s></head><head type="BYLINE">
<s n="24"><w c5="PRP" hw="by" pos="PREP">By </w><w c5="NP0" hw="anna" pos="SUBST">ANNA </w><w c5="NP0-NN1" hw="pavord" pos="SUBST">PAVORD</w></s></head><p>
<s n="25"><w c5="NN2" hw="plant" pos="SUBST">PLANTS </w><w c5="VM0" hw="should" pos="VERB">should </w><w c5="VVI" hw="come" pos="VERB">come </w><w c5="AT0" hw="a" pos="ART">a </w><w c5="AJ0" hw="long" pos="ADJ">long </w><w c5="NN1" hw="way" pos="SUBST">way </w><w c5="PRP-AVP" hw="down" pos="PREP">down </w><w c5="AT0" hw="the" pos="ART">the </w><w c5="NN1" hw="list" pos="SUBST">list </w><w c5="PRF" hw="of" pos="PREP">of </w><w c5="NN2" hw="priority" pos="SUBST">priorities </w><w c5="PRP" hw="for" pos="PREP">for </w><w c5="AT0" hw="the" pos="ART">the </w><w c5="NN1" hw="novice" pos="SUBST">novice </w><w c5="NN1" hw="gardener" pos="SUBST">gardener</w><c c5="PUN">.</c></s>
<s n="26"><w c5="EX0" hw="there" pos="PRON">There </w><w c5="VBB" hw="be" pos="VERB">are </w><w c5="DT0" hw="many" pos="ADJ">many </w><w c5="NN2" hw="thing" pos="SUBST">things </w><w c5="TO0" hw="to" pos="PREP">to </w><w c5="VVI" hw="think" pos="VERB">think </w><w c5="PRP" hw="about" pos="PREP">about </w><w c5="AV0" hw="before" pos="ADV">before </w><w c5="AV0" hw="even" pos="ADV">even </w><w c5="AT0" hw="the" pos="ART">the </w><w c5="ORD" hw="first" pos="ADJ">first </w><w c5="AJ0" hw="tentative" pos="ADJ">tentative </w><w c5="NN1" hw="daffodil" pos="SUBST">daffodil </w><w c5="NN1" hw="bulb" pos="SUBST">bulb </w><w c5="VBZ" hw="be" pos="VERB">is </w><w c5="VVN" hw="sink" pos="VERB">sunk </w><w c5="PRP" hw="into" pos="PREP">into </w><w c5="AT0" hw="the" pos="ART">the </w><w c5="NN1" hw="ground" pos="SUBST">ground</w><c c5="PUN">.</c></s>
<s n="27"><w c5="AT0" hw="the" pos="ART">The </w><w c5="ORD" hw="first" pos="ADJ">first </w><w c5="CJC" hw="and" pos="CONJ">and </w><w c5="AV0" hw="most" pos="ADV">most </w><w c5="AJ0" hw="important" pos="ADJ">important </w><w c5="NN1" hw="question" pos="SUBST">question </w><w c5="TO0" hw="to" pos="PREP">to </w><w c5="VVI" hw="mull" pos="VERB">mull </w><w c5="AVP" hw="over" pos="ADV">over </w><w c5="CJS" hw="as" pos="CONJ">as </w><w c5="PNP" hw="you" pos="PRON">you </w><w c5="VVB" hw="gaze" pos="VERB">gaze </w><w c5="PRP" hw="at" pos="PREP">at </w><w c5="DPS" hw="you" pos="PRON">your </w><w c5="NN1" hw="patch" pos="SUBST">patch </w><w c5="VBZ" hw="be" pos="VERB">is</w><c c5="PUN">: </c><w c5="DTQ" hw="what" pos="PRON">What </w><w c5="VBZ" hw="be" pos="VERB">is </w><w c5="DT0" hw="this" pos="ADJ">this </w><w c5="NN1" hw="garden" pos="SUBST">garden </w><w c5="PRP" hw="for" pos="PREP">for</w><c c5="PUN">?</c></s></p><p>
<s n="28"><w c5="CJS" hw="if" pos="CONJ">If </w><w c5="PNP" hw="you" pos="PRON">you </w><w c5="VVB" hw="start" pos="VERB">start </w><w c5="VVG" hw="write" pos="VERB">writing </w><w c5="AVP" hw="down" pos="ADV">down </w><w c5="DT0" hw="some" pos="ADJ">some </w><w c5="PRF" hw="of" pos="PREP">of </w><w c5="AT0" hw="the" pos="ART">the </w><w c5="NN2" hw="response" pos="SUBST">responses </w><w c5="PRP" hw="to" pos="PREP">to </w><w c5="DT0" hw="that" pos="ADJ">that </w><w c5="NN1" hw="question" pos="SUBST">question</w><c c5="PUN">, </c><w c5="PNP" hw="you" pos="PRON">you </w><w c5="VM0" hw="will" pos="VERB">will </w><w c5="VVI" hw="find" pos="VERB">find </w><w c5="PNP" hw="you" pos="PRON">you </w><w c5="VHB" hw="have" pos="VERB">have </w><w c5="PRP" hw="along" pos="PREP">along </w><w c5="AT0" hw="the" pos="ART">the </w><w c5="NN1" hw="way" pos="SUBST">way </w><w c5="VVD" hw="acquire" pos="VERB">acquired </w><w c5="AT0" hw="a" pos="ART">a </w><w c5="NN1" hw="ragbag" pos="SUBST">ragbag </w><w c5="PRF" hw="of" pos="PREP">of </w><w c5="NN2" hw="element" pos="SUBST">elements </w><w c5="CJT" hw="that" pos="CONJ">that </w><w c5="VM0" hw="will" pos="VERB">will </w><w c5="VHI" hw="have" pos="VERB">have </w><w c5="AT0" hw="an" pos="ART">an </w><w c5="AJ0" hw="important" pos="ADJ">important </w><w c5="NN1-VVG" hw="bearing" pos="SUBST">bearing </w><w c5="PRP" hw="on" pos="PREP">on </w><w c5="AT0" hw="the" pos="ART">the </w><w c5="NN1" hw="design" pos="SUBST">design</w><c c5="PUN">.</c></s>
<s n="29"><w c5="CJS" hw="if" pos="CONJ">If </w><w c5="EX0" hw="there" pos="PRON">there </w><w c5="VBB" hw="be" pos="VERB">are </w><w c5="AJ0" hw="small" pos="ADJ">small </w><w c5="NN2" hw="child" pos="SUBST">children </w><w c5="PRP" hw="in" pos="PREP">in </w><w c5="AT0" hw="the" pos="ART">the </w><w c5="NN1" hw="equation" pos="SUBST">equation</w><c c5="PUN">, </c><w c5="EX0" hw="there" pos="PRON">there </w><w c5="VM0" hw="will" pos="VERB">will </w><w c5="VVI" hw="need" pos="VERB">need </w><w c5="TO0" hw="to" pos="PREP">to </w><w c5="VBI" hw="be" pos="VERB">be </w><w c5="AT0" hw="a" pos="ART">a </w><w c5="NN1-AJ0" hw="flat" pos="SUBST">flat</w><c c5="PUN">, </c><w c5="AJ0" hw="soft" pos="ADJ">soft </w><w c5="NN1" hw="area" pos="SUBST">area </w><w c5="AVQ" hw="where" pos="ADV">where </w><w c5="PNP" hw="they" pos="PRON">they </w><w c5="VM0" hw="can" pos="VERB">can </w><w c5="VVI" hw="fall" pos="VERB">fall </w><w c5="AVP-PRP" hw="off" pos="ADV">off </w><w c5="NN2" hw="swing" pos="SUBST">swings </w><w c5="CJC" hw="and" pos="CONJ">and </w><w c5="VVG-NN1" hw="climb" pos="VERB">climbing </w><w c5="NN2-VVZ" hw="frame" pos="SUBST">frames</w><c c5="PUN">.</c></s>
<s n="30"><w c5="CJS" hw="if" pos="CONJ">If </w><w c5="PNP" hw="you" pos="PRON">you </w><w c5="VVB" hw="like" pos="VERB">like </w><w c5="VVG" hw="hang" pos="VERB">hanging </w><w c5="AVP" hw="out" pos="ADV">out </w><w c5="VVG" hw="wash" pos="VERB">washing </w><mw c5="PRP"><w c5="AV0" hw="rather" pos="ADV">rather </w><w c5="CJS" hw="than" pos="CONJ">than </w></mw><w c5="VVG" hw="dry" pos="VERB">drying </w><w c5="PNP" hw="it" pos="PRON">it </w><w c5="PRP" hw="in" pos="PREP">in </w><w c5="AT0" hw="the" pos="ART">the </w><w c5="NN2" hw="bowel" pos="SUBST">bowels </w><w c5="PRF" hw="of" pos="PREP">of </w><w c5="AT0" hw="an" pos="ART">an </w><w c5="AJ0" hw="expensive" pos="ADJ">expensive </w><w c5="NN1" hw="machine" pos="SUBST">machine</w><c c5="PUN">, </c><w c5="PNP" hw="you" pos="PRON">you </w><w c5="VM0" hw="will" pos="VERB">will </w><w c5="VVI" hw="need" pos="VERB">need </w><w c5="TO0" hw="to" pos="PREP">to </w><w c5="VVI" hw="tuck" pos="VERB">tuck </w><w c5="AV0" hw="away" pos="ADV">away </w><w c5="AT0" hw="a" pos="ART">a </w><w c5="NN1" hw="line" pos="SUBST">line </w><w c5="CJC" hw="and" pos="CONJ">and </w><w c5="VVB" hw="make" pos="VERB">make </w><w c5="AT0" hw="a" pos="ART">a </w><w c5="AJ0" hw="dry" pos="ADJ">dry </w><w c5="NN1" hw="path" pos="SUBST">path </w><w c5="TO0" hw="to" pos="PREP">to </w><w c5="VVI" hw="get" pos="VERB">get </w><w c5="PRP" hw="to" pos="PREP">to </w><w c5="CJC" hw="and" pos="CONJ">and </w><w c5="PRP" hw="from" pos="PREP">from </w><w c5="PNP" hw="it" pos="PRON">it</w><c c5="PUN">.</c></s></p><p>
<s n="31"><w c5="DT0" hw="some" pos="ADJ">Some </w><w c5="NN1" hw="novice" pos="SUBST">novice </w><w c5="NN2" hw="gardener" pos="SUBST">gardeners </w><w c5="VM0" hw="may" pos="VERB">may </w><w c5="XX0" hw="not" pos="ADV">not </w><w c5="VVI" hw="want" pos="VERB">want </w><w c5="TO0" hw="to" pos="PREP">to </w><w c5="VDI" hw="do" pos="VERB">do </w><w c5="DT0" hw="much" pos="ADJ">much </w><w c5="AJ0" hw="actual" pos="ADJ">actual </w><w c5="NN1" hw="gardening" pos="SUBST">gardening </w><mw c5="AV0"><w c5="PRP" hw="at" pos="PREP">at </w><w c5="DT0" hw="all" pos="ADJ">all</w></mw><c c5="PUN">, </c><w c5="CJC" hw="but" pos="CONJ">but </w><w c5="AV0" hw="conversely" pos="ADV">conversely</w><c c5="PUN">, </c><w c5="VDB" hw="do" pos="VERB">do </w><w c5="XX0" hw="not" pos="ADV">not </w><w c5="VVI" hw="want" pos="VERB">want </w><w c5="TO0" hw="to" pos="PREP">to </w><w c5="VVI" hw="look" pos="VERB">look </w><w c5="AVP" hw="out" pos="ADV">out </w><w c5="AT0" hw="every" pos="ART">every </w><w c5="NN1" hw="day" pos="SUBST">day </w><w c5="PRP-AVP" hw="over" pos="PREP">over </w><w c5="AT0" hw="a" pos="ART">a </w><w c5="NN1" hw="scene" pos="SUBST">scene </w><w c5="PRF" hw="of" pos="PREP">of </w><w c5="AJ0" hw="threadbare" pos="ADJ">threadbare </w><w c5="NN1" hw="grass" pos="SUBST">grass </w><w c5="CJC" hw="and" pos="CONJ">and </w><w c5="AJ0" hw="rotting" pos="ADJ">rotting </w><w c5="NN1" hw="fence" pos="SUBST">fence</w><c c5="PUN">.</c></s>
<s n="32"><w c5="DPS" hw="they" pos="PRON">Their </w><w c5="AJ0" hw="ideal" pos="ADJ">ideal </w><w c5="NN1" hw="garden" pos="SUBST">garden </w><w c5="VM0" hw="will" pos="VERB">will </w><w c5="VVI" hw="look" pos="VERB">look </w><w c5="AJ0" hw="good" pos="ADJ">good </w><w c5="CJC" hw="and" pos="CONJ">and </w><w c5="VVB-NN1" hw="demand" pos="VERB">demand </w><w c5="DT0" hw="little" pos="ADJ">little </w><w c5="NN1" hw="attention" pos="SUBST">attention</w><c c5="PUN">.</c></s>
<s n="33"><w c5="CJS" hw="if" pos="CONJ">If </w><w c5="PNP" hw="you" pos="PRON">you </w><w c5="VBB" hw="be" pos="VERB">are </w><w c5="AT0" hw="a" pos="ART">a </w><w c5="AJ0" hw="dedicated" pos="ADJ">dedicated </w><w c5="NN1" hw="sun-worshipper" pos="SUBST">sun-worshipper</w><c c5="PUN">, </c><w c5="PNP" hw="you" pos="PRON">you </w><w c5="VVB" hw="need" pos="VERB">need </w><w c5="TO0" hw="to" pos="PREP">to </w><w c5="VVI" hw="mark" pos="VERB">mark </w><w c5="AVP" hw="out" pos="ADV">out </w><w c5="AT0" hw="the" pos="ART">the </w><w c5="NN1" hw="part" pos="SUBST">part </w><w c5="PRF" hw="of" pos="PREP">of </w><w c5="AT0" hw="the" pos="ART">the </w><w c5="NN1" hw="garden" pos="SUBST">garden </w><w c5="AVQ" hw="where" pos="ADV">where </w><w c5="AT0" hw="the" pos="ART">the </w><w c5="NN1" hw="sun" pos="SUBST">sun </w><w c5="VVZ" hw="linger" pos="VERB">lingers </w><w c5="AV0" hw="longest" pos="ADV">longest</w><c c5="PUN">.</c></s>
<s n="34"><w c5="PNP" hw="it" pos="PRON">It </w><w c5="VM0" hw="may" pos="VERB">may </w><w c5="XX0" hw="not" pos="ADV">not </w><w c5="VBI" hw="be" pos="VERB">be </w><w c5="AT0" hw="the" pos="ART">the </w><w c5="NN1" hw="part" pos="SUBST">part </w><w c5="PRP" hw="near" pos="PREP">nearest </w><w c5="AT0" hw="the" pos="ART">the </w><w c5="NN1" hw="house" pos="SUBST">house</w><c c5="PUN">, </c><w c5="CJS" hw="though" pos="CONJ">though </w><w c5="DT0" hw="this" pos="ADJ">this </w><w c5="VBZ" hw="be" pos="VERB">is </w><w c5="AVQ" hw="where" pos="ADV">where </w><w c5="VVG" hw="sit" pos="VERB">sitting </w><w c5="AVP" hw="out" pos="ADV">out </w><w c5="NN2" hw="area" pos="SUBST">areas </w><w c5="AV0" hw="always" pos="ADV">always </w><w c5="VVB" hw="tend" pos="VERB">tend </w><w c5="TO0" hw="to" pos="PREP">to </w><w c5="VBI" hw="be" pos="VERB">be </w><w c5="VVN" hw="make" pos="VERB">made</w><c c5="PUN">.</c></s></p><p>
<s n="35"><w c5="PNP" hw="you" pos="PRON">You </w><w c5="VM0" hw="may" pos="VERB">may</w><c c5="PUN">, </c><w c5="AV0" hw="even" pos="ADV">even </w><w c5="PRP-CJS" hw="as" pos="PREP">as </w><w c5="AT0" hw="a" pos="ART">a </w><w c5="NN1" hw="novice" pos="SUBST">novice</w><c c5="PUN">, </c><w c5="VVB-NN1" hw="care" pos="VERB">care </w><w c5="AV0" hw="so" pos="ADV">so </w><w c5="AV0" hw="passionately" pos="ADV">passionately </w><w c5="PRP" hw="about" pos="PREP">about </w><w c5="NN2" hw="plant" pos="SUBST">plants </w><w c5="CJT" hw="that" pos="CONJ">that </w><w c5="DT0" hw="all" pos="ADJ">all </w><w c5="PNP" hw="you" pos="PRON">you </w><w c5="VVB" hw="want" pos="VERB">want </w><w c5="VBZ" hw="be" pos="VERB">is </w><w c5="AT0" hw="the" pos="ART">the </w><w c5="AJ0-NN1" hw="maximum" pos="ADJ">maximum </w><w c5="NN1" hw="space" pos="SUBST">space </w><w c5="TO0" hw="to" pos="PREP">to </w><w c5="VVI" hw="grow" pos="VERB">grow </w><w c5="PNP" hw="they" pos="PRON">them </w><w c5="AVP" hw="in" pos="ADV">in</w><c c5="PUN">.</c></s>
<s n="36"><w c5="AJ0-VVN" hw="raised" pos="ADJ">Raised </w><w c5="NN2" hw="bed" pos="SUBST">beds </w><w c5="VVD-VVN" hw="build" pos="VERB">built </w><w c5="AVP" hw="down" pos="ADV">down </w><w c5="AT0" hw="an" pos="ART">an </w><w c5="AJ0" hw="unpromising" pos="ADJ">unpromising </w><w c5="NN1" hw="alley" pos="SUBST">alley </w><w c5="VM0" hw="could" pos="VERB">could </w><w c5="VVI" hw="provide" pos="VERB">provide </w><w c5="AJ0" hw="extra" pos="ADJ">extra </w><w c5="NN1" hw="gardening" pos="SUBST">gardening </w><w c5="NN1" hw="space" pos="SUBST">space</w><c c5="PUN">.</c></s></p><p>
<s n="37"><w c5="NN1" hw="privacy" pos="SUBST">Privacy </w><w c5="VBZ" hw="be" pos="VERB">is </w><w c5="AT0" hw="an" pos="ART">an </w><w c5="AJ0" hw="important" pos="ADJ">important </w><w c5="NN1" hw="consideration" pos="SUBST">consideration</w><c c5="PUN">.</c></s>
<s n="38"><w c5="AT0" hw="a" pos="ART">A </w><w c5="ORD" hw="first" pos="ADJ">first </w><w c5="NN1" hw="time" pos="SUBST">time </w><w c5="NN1" hw="garden" pos="SUBST">garden </w><w c5="VBZ" hw="be" pos="VERB">is </w><w c5="AV0" hw="usually" pos="ADV">usually </w><w c5="AJ0" hw="small" pos="ADJ">small </w><w c5="CJC" hw="and" pos="CONJ">and </w><w c5="AV0" hw="certainly" pos="ADV">certainly </w><w c5="AT0" hw="the" pos="ART">the </w><w c5="AJ0" hw="typical" pos="ADJ">typical </w><w c5="PNI" hw="one" pos="PRON">one </w><w c5="PNP" hw="i" pos="PRON">I </w><w c5="VBB" hw="be" pos="VERB">am </w><w c5="VVG" hw="imagine" pos="VERB">imagining </w><w c5="PRP" hw="for" pos="PREP">for </w><w c5="DT0" hw="this" pos="ADJ">this </w><w c5="NN0" hw="series" pos="SUBST">series </w><w c5="VBZ" hw="be" pos="VERB">is </w><w c5="AT0" hw="no" pos="ART">no </w><mw c5="AV0"><w c5="AV0" hw="more" pos="ADV">more </w><w c5="CJS" hw="than" pos="CONJ">than </w></mw><w c5="NN0" hw="40ft" pos="SUBST">40ft </w><w c5="PRP" hw="x" pos="PREP">x </w><w c5="NN0" hw="20ft" pos="SUBST">20ft </w><w c5="CJC" hw="and" pos="CONJ">and </w><w c5="VVN-VVD" hw="surround" pos="VERB">surrounded </w><w c5="PRP-AVP" hw="on" pos="PREP">on </w><w c5="DT0" hw="all" pos="ADJ">all </w><w c5="NN2" hw="side" pos="SUBST">sides </w><w c5="PRP" hw="by" pos="PREP">by </w><w c5="AJ0" hw="other" pos="ADJ">other </w><w c5="NN2" hw="house" pos="SUBST">houses</w><c c5="PUN">.</c></s>
<s n="39"><w c5="NN1" hw="privacy" pos="SUBST">Privacy </w><w c5="VBZ" hw="be" pos="VERB">is </w><w c5="AT0" hw="a" pos="ART">a </w><w c5="AJ0" hw="ticklish" pos="ADJ">ticklish </w><w c5="NN1" hw="business" pos="SUBST">business </w><w c5="CJS-AVQ" hw="where" pos="CONJ">where </w><w c5="AJ0" hw="close" pos="ADJ">close </w><w c5="NN2" hw="neighbour" pos="SUBST">neighbours </w><w c5="VBB" hw="be" pos="VERB">are </w><w c5="AJ0" hw="concerned" pos="ADJ">concerned</w><c c5="PUN">.</c></s>
<s n="40"><w c5="TO0" hw="to" pos="PREP">To </w><w c5="VVI" hw="throw" pos="VERB">throw </w><w c5="AVP" hw="up" pos="ADV">up </w><w c5="AT0" hw="an" pos="ART">an </w><w c5="AJ0" hw="impenetrable" pos="ADJ">impenetrable </w><w c5="NP0" hw="berlin" pos="SUBST">Berlin </w><w c5="NN1" hw="wall" pos="SUBST">Wall </w><w c5="PRP" hw="between" pos="PREP">between </w><w c5="PNP" hw="you" pos="PRON">you </w><w c5="CJC" hw="and" pos="CONJ">and </w><w c5="PNP" hw="they" pos="PRON">them </w><w c5="VM0" hw="could" pos="VERB">could </w><w c5="VBI" hw="be" pos="VERB">be </w><w c5="AJ0" hw="tactless" pos="ADJ">tactless</w><c c5="PUN">.</c></s>
<s n="41"><w c5="NN1" hw="trellis" pos="SUBST">Trellis </w><w c5="VBZ" hw="be" pos="VERB">is </w><w c5="AT0" hw="a" pos="ART">a </w><w c5="AJ0" hw="useful" pos="ADJ">useful </w><w c5="NN1" hw="compromise" pos="SUBST">compromise </w><w c5="CJC" hw="and" pos="CONJ">and </w><w c5="PNP" hw="you" pos="PRON">you </w><w c5="VM0" hw="can" pos="VERB">can </w><w c5="AV0" hw="always" pos="ADV">always </w><w c5="VVI" hw="pretend" pos="VERB">pretend </w><w c5="PNP" hw="it" pos="PRON">it </w><w c5="VBD" hw="be" pos="VERB">was </w><w c5="VVN" hw="force" pos="VERB">forced </w><w c5="PRP" hw="on" pos="PREP">on </w><w c5="PNP" hw="you" pos="PRON">you </w><w c5="PRP" hw="by" pos="PREP">by </w><w c5="AT0" hw="the" pos="ART">the </w><w c5="NN1" hw="speed" pos="SUBST">speed </w><w c5="PRF" hw="of" pos="PREP">of </w><w c5="NN1" hw="growth" pos="SUBST">growth </w><w c5="PRF" hw="of" pos="PREP">of </w><w c5="DPS" hw="you" pos="PRON">your </w><w c5="AJ0" hw="climbing" pos="ADJ">climbing </w><w c5="NN1" hw="rose" pos="SUBST">rose</w><c c5="PUN">.</c></s></p><p>
<s n="42"><w c5="NN2" hw="aesthete" pos="SUBST">Aesthetes </w><w c5="PRP" hw="among" pos="PREP">among </w><w c5="AT0" hw="the" pos="ART">the </w><w c5="NN2" hw="novice" pos="SUBST">novices </w><w c5="VM0" hw="will" pos="VERB">will </w><mw c5="AV0"><w c5="PRP" hw="by" pos="PREP">by </w><w c5="AV0" hw="now" pos="ADV">now </w></mw><w c5="VBI" hw="be" pos="VERB">be </w><w c5="AV0" hw="thoroughly" pos="ADV">thoroughly </w><w c5="AJ0" hw="irritable" pos="ADJ">irritable </w><w c5="CJC" hw="and" pos="CONJ">and </w><w c5="VVG" hw="complain" pos="VERB">complaining </w><w c5="CJT" hw="that" pos="CONJ">that </w><w c5="NN2" hw="garden" pos="SUBST">gardens </w><w c5="VM0" hw="should" pos="VERB">should </w><w c5="VHI" hw="have" pos="VERB">have </w><w c5="AV0" hw="as" pos="ADV">as </w><w c5="DT0" hw="much" pos="ADJ">much </w><w c5="TO0" hw="to" pos="PREP">to </w><w c5="VDI" hw="do" pos="VERB">do </w><w c5="PRP" hw="with" pos="PREP">with </w><w c5="AT0" hw="the" pos="ART">the </w><w c5="NN1" hw="soul" pos="SUBST">soul </w><w c5="CJS" hw="as" pos="CONJ">as </w><w c5="PRP" hw="with" pos="PREP">with </w><w c5="AT0" hw="the" pos="ART">the </w><w c5="NN1" hw="necessity" pos="SUBST">necessity </w><w c5="CJC" hw="or" pos="CONJ">or </w><w c5="XX0" hw="not" pos="ADV">not </w><w c5="PRF" hw="of" pos="PREP">of </w><w c5="AT0" hw="a" pos="ART">a </w><w c5="NN1" hw="washing" pos="SUBST">washing </w><w c5="NN1" hw="line" pos="SUBST">line </w><w c5="CJC" hw="or" pos="CONJ">or </w><w c5="AT0" hw="a" pos="ART">a </w><w c5="NN1" hw="barbecue" pos="SUBST">barbecue </w><w c5="NN1" hw="pit" pos="SUBST">pit</w><c c5="PUN">.</c></s>
<s n="43"><w c5="AV0" hw="so" pos="ADV">So </w><w c5="PNP" hw="they" pos="PRON">they </w><w c5="VM0" hw="should" pos="VERB">should</w><c c5="PUN">, </c><w c5="CJC" hw="and" pos="CONJ">and </w><w c5="CJS" hw="when" pos="CONJ">when </w><w c5="AT0" hw="the" pos="ART">the </w><w c5="NN1" hw="list" pos="SUBST">list </w><w c5="PRF" hw="of" pos="PREP">of </w><w c5="NN2" hw="necessity" pos="SUBST">necessities </w><w c5="VBZ" hw="be" pos="VERB">is </w><w c5="AV0" hw="securely" pos="ADV">securely </w><w c5="VVN" hw="write" pos="VERB">written </w><w c5="AVP" hw="down" pos="ADV">down</w><c c5="PUN">, </c><w c5="PNP" hw="you" pos="PRON">you </w><w c5="VM0" hw="can" pos="VERB">can </w><w c5="VVI" hw="ask" pos="VERB">ask </w><w c5="AT0" hw="the" pos="ART">the </w><w c5="ORD" hw="second" pos="ADJ">second </w><w c5="NN1" hw="question" pos="SUBST">question</w><c c5="PUN">: </c><w c5="AVQ" hw="how" pos="ADV">How </w><w c5="VDB" hw="do" pos="VERB">do </w><w c5="PNP" hw="i" pos="PRON">I </w><w c5="VVI" hw="want" pos="VERB">want </w><w c5="DT0" hw="this" pos="ADJ">this </w><w c5="NN1" hw="garden" pos="SUBST">garden </w><w c5="TO0" hw="to" pos="PREP">to </w><w c5="VVI" hw="feel" pos="VERB">feel</w><c c5="PUN">?</c></s></p><p>
<s n="44"><w c5="DT0" hw="this" pos="ADJ">This </w><w c5="NN1" hw="question" pos="SUBST">question </w><w c5="VVZ" hw="produce" pos="VERB">produces </w><w c5="CJS" hw="as" pos="CONJ">as </w><w c5="VVN" hw="vary" pos="VERB">varied </w><w c5="AT0" hw="a" pos="ART">a </w><w c5="NN1" hw="response" pos="SUBST">response </w><w c5="PRP" hw="as" pos="PREP">as </w><w c5="AT0" hw="the" pos="ART">the </w><w c5="ORD" hw="first" pos="ADJ">first</w><c c5="PUN">.</c></s>
<s n="45"><w c5="DT0" hw="some" pos="ADJ">Some </w><w c5="AJ0" hw="urban" pos="ADJ">urban </w><w c5="NN2" hw="gardener" pos="SUBST">gardeners</w><c c5="PUN">, </c><w c5="CJS" hw="as" pos="CONJ">as </w><w c5="AJ0" hw="short" pos="ADJ">short </w><w c5="PRF" hw="of" pos="PREP">of </w><w c5="NN1" hw="space" pos="SUBST">space </w><w c5="AV0" hw="inside" pos="ADV">inside </w><w c5="CJS" hw="as" pos="CONJ">as </w><w c5="PNP" hw="they" pos="PRON">they </w><w c5="VBB" hw="be" pos="VERB">are </w><w c5="AVP" hw="out" pos="ADV">out</w><c c5="PUN">, </c><w c5="VVB" hw="want" pos="VERB">want </w><w c5="DPS" hw="they" pos="PRON">their </w><w c5="NN2" hw="garden" pos="SUBST">gardens </w><w c5="TO0" hw="to" pos="PREP">to </w><w c5="VBI" hw="be" pos="VERB">be </w><w c5="NN2" hw="extension" pos="SUBST">extensions </w><w c5="PRF" hw="of" pos="PREP">of </w><w c5="DPS" hw="they" pos="PRON">their </w><w c5="NN2" hw="home" pos="SUBST">homes</w><c c5="PUN">, </c><w c5="PRP" hw="with" pos="PREP">with </w><w c5="AT0" hw="a" pos="ART">a </w><w c5="AJ0" hw="great" pos="ADJ">great </w><w c5="NN1" hw="deal" pos="SUBST">deal </w><w c5="PRF" hw="of" pos="PREP">of </w><w c5="AJ0" hw="hard" pos="ADJ">hard </w><w c5="NN1" hw="paving" pos="SUBST">paving</w><c c5="PUN">, </c><w c5="AJ0" hw="good" pos="ADJ">good </w><w c5="NN1" hw="furniture" pos="SUBST">furniture </w><w c5="CJC" hw="and" pos="CONJ">and </w><w c5="NN1" hw="lighting" pos="SUBST">lighting</w><c c5="PUN">.</c></s>
<s n="46"><w c5="AT0" hw="the" pos="ART">The </w><w c5="NN1" hw="garden" pos="SUBST">garden </w><w c5="PRP" hw="for" pos="PREP">for </w><w c5="PNP" hw="they" pos="PRON">them </w><w c5="VM0" hw="should" pos="VERB">should </w><w c5="VVI" hw="feel" pos="VERB">feel </w><w c5="PRP" hw="like" pos="PREP">like </w><w c5="AT0" hw="an" pos="ART">an </w><w c5="AJ0" hw="extra" pos="ADJ">extra </w><w c5="NN1" hw="sitting" pos="SUBST">sitting </w><w c5="NN1" hw="room" pos="SUBST">room</w><c c5="PUN">, </c><w c5="NN1-AJ0" hw="gnat-ridden" pos="SUBST">gnat-ridden </w><w c5="AV0" hw="perhaps" pos="ADV">perhaps</w><c c5="PUN">, </c><w c5="VVB" hw="damp" pos="VERB">damp </w><w c5="AV0" hw="occasionally" pos="ADV">occasionally</w><c c5="PUN">, </c><w c5="CJC" hw="but" pos="CONJ">but </w><w c5="AT0" hw="an" pos="ART">an </w><w c5="AJ0" hw="important" pos="ADJ">important </w><w c5="NN1" hw="overflow" pos="SUBST">overflow </w><w c5="PRF" hw="of" pos="PREP">of </w><w c5="AJ0-VVG" hw="living" pos="ADJ">living </w><w c5="NN1" hw="space" pos="SUBST">space</w><c c5="PUN">.</c></s>
<s n="47"><w c5="NN1" hw="closet" pos="SUBST">Closet </w><w c5="NN2" hw="countrysider" pos="SUBST">countrysiders </w><w c5="VM0" hw="may" pos="VERB">may </w><w c5="VVI" hw="want" pos="VERB">want </w><w c5="TO0" hw="to" pos="PREP">to </w><w c5="VVI" hw="pretend" pos="VERB">pretend </w><w c5="DPS" hw="they" pos="PRON">their </w><w c5="NN1" hw="patch" pos="SUBST">patch </w><w c5="VBZ" hw="be" pos="VERB">is </w><w c5="AV0" hw="actually" pos="ADV">actually </w><w c5="AT0" hw="a" pos="ART">a </w><w c5="NN1" hw="corner" pos="SUBST">corner </w><w c5="PRF" hw="of" pos="PREP">of </w><w c5="DT0" hw="some" pos="ADJ">some </w><w c5="NN1-NP0" hw="sussex" pos="SUBST">Sussex </w><w c5="NN1" hw="meadow" pos="SUBST">meadow </w><w c5="CJC" hw="and" pos="CONJ">and </w><w c5="VVB-NN1" hw="picture" pos="VERB">picture </w><w c5="PNP" hw="it" pos="PRON">it </w><w c5="VVD" hw="swag" pos="VERB">swagged </w><w c5="PRP" hw="with" pos="PREP">with </w><w c5="NN1" hw="honeysuckle" pos="SUBST">honeysuckle </w><w c5="CJC" hw="and" pos="CONJ">and </w><w c5="VVG-AJ0" hw="wave" pos="VERB">waving </w><w c5="PRP" hw="with" pos="PREP">with </w><w c5="AJ0" hw="ox-eye" pos="ADJ">ox-eye </w><w c5="NN2" hw="daisy" pos="SUBST">daisies </w><w c5="CJC" hw="and" pos="CONJ">and </w><w c5="NN0" hw="scabious" pos="SUBST">scabious</w><c c5="PUN">.</c></s>
<s n="48"><w c5="DT0" hw="this" pos="ADJ">This </w><w c5="VBZ" hw="be" pos="VERB">is </w><w c5="AT0" hw="a" pos="ART">a </w><w c5="AJ0" hw="difficult" pos="ADJ">difficult </w><w c5="NN1-VVB" hw="trick" pos="SUBST">trick </w><w c5="TO0" hw="to" pos="PREP">to </w><w c5="VVI" hw="bring" pos="VERB">bring </w><w c5="AVP" hw="off" pos="ADV">off </w><w c5="PRP" hw="with" pos="PREP">with </w><w c5="AJ0" hw="suburban" pos="ADJ">suburban </w><w c5="NN2" hw="train" pos="SUBST">trains </w><w c5="VVG" hw="hurtle" pos="VERB">hurtling </w><w c5="AVP-PRP" hw="by" pos="ADV">by </w><w c5="PRP" hw="on" pos="PREP">on </w><w c5="CRD" hw="one" pos="ADJ">one </w><w c5="NN1" hw="side" pos="SUBST">side </w><w c5="CJC" hw="and" pos="CONJ">and </w><w c5="NN2" hw="lorry" pos="SUBST">lorries </w><w c5="VVG" hw="grind" pos="VERB">grinding </w><w c5="PRP-AVP" hw="through" pos="PREP">through </w><w c5="DPS" hw="they" pos="PRON">their </w><w c5="NN2" hw="gear" pos="SUBST">gears </w><w c5="PRP" hw="on" pos="PREP">on </w><w c5="AT0" hw="the" pos="ART">the </w><w c5="NN1" hw="other" pos="SUBST">other</w><c c5="PUN">.</c></s></p><p>
<s n="49"><w c5="AT0" hw="a" pos="ART">A </w><w c5="AJ0" hw="leafy" pos="ADJ">leafy </w><w c5="NN1" hw="retreat" pos="SUBST">retreat </w><w c5="VBZ" hw="be" pos="VERB">is </w><w c5="AT0" hw="an" pos="ART">an </w><w c5="AJ0" hw="excellent" pos="ADJ">excellent </w><w c5="NN1" hw="goal" pos="SUBST">goal </w><w c5="PRP" hw="for" pos="PREP">for </w><w c5="AT0" hw="a" pos="ART">a </w><w c5="AJ0" hw="small" pos="ADJ">small </w><w c5="NN1" hw="town" pos="SUBST">town </w><w c5="NN1" hw="garden" pos="SUBST">garden</w><c c5="PUN">, </c><w c5="CJC" hw="but" pos="CONJ">but </w><w c5="PNP" hw="it" pos="PRON">it </w><w c5="VBZ" hw="be" pos="VERB">is </w><w c5="AV0" hw="best" pos="ADV">best </w><w c5="VVN" hw="make" pos="VERB">made </w><w c5="VVG" hw="acknowledge" pos="VERB">acknowledging </w><w c5="AT0" hw="the" pos="ART">the </w><w c5="AJ0" hw="urban" pos="ADJ">urban </w><w c5="NN1" hw="setting" pos="SUBST">setting</w><c c5="PUN">, </c><w c5="VVG" hw="use" pos="VERB">using </w><w c5="AJ0" hw="un-wild" pos="ADJ">un-wild </w><w c5="NN2" hw="plant" pos="SUBST">plants </w><mw c5="PRP"><w c5="DT0" hw="such" pos="ADJ">such </w><w c5="PRP" hw="as" pos="PREP">as </w></mw><w c5="NN1" hw="bamboo" pos="SUBST">bamboo</w><c c5="PUN">, </c><w c5="AJ0" hw="acanthus" pos="ADJ">acanthus</w><c c5="PUN">, </c><w c5="NN1" hw="fig" pos="SUBST">fig</w><c c5="PUN">, </c><w c5="NN1" hw="vine" pos="SUBST">vine</w><c c5="PUN">, </c><w c5="NN0" hw="alchemilla" pos="SUBST">alchemilla</w><c c5="PUN">, </c><w c5="NN1" hw="euphorbia" pos="SUBST">euphorbia</w><c c5="PUN">, </c><w c5="NN1" hw="wisteria" pos="SUBST">wisteria</w><c c5="PUN">.</c></s></p><p>
<s n="50"><w c5="CJS" hw="while" pos="CONJ">While </w><w c5="PNP" hw="you" pos="PRON">you </w><w c5="VBB" hw="be" pos="VERB">are </w><w c5="VVG" hw="work" pos="VERB">working </w><w c5="PRP" hw="through" pos="PREP">through </w><w c5="DT0" hw="this" pos="ADJ">this </w><w c5="NN1" hw="process" pos="SUBST">process</w><c c5="PUN">, </c><w c5="VVB" hw="take" pos="VERB">take </w><w c5="NN1" hw="note" pos="SUBST">note </w><w c5="PRF" hw="of" pos="PREP">of </w><w c5="AT0" hw="the" pos="ART">the </w><w c5="NN2" hw="feature" pos="SUBST">features </w><w c5="PRP" hw="in" pos="PREP">in </w><w c5="AT0" hw="the" pos="ART">the </w><w c5="NN1" hw="garden" pos="SUBST">garden </w><w c5="CJT" hw="that" pos="CONJ">that </w><w c5="PNP" hw="you" pos="PRON">you </w><w c5="VM0" hw="would" pos="VERB">would </w><w c5="VVI" hw="like" pos="VERB">like </w><w c5="TO0" hw="to" pos="PREP">to </w><w c5="VVI" hw="keep" pos="VERB">keep</w><c c5="PUN">.</c></s>
<s n="51"><w c5="PRP" hw="on" pos="PREP">On </w><w c5="AT0" hw="a" pos="ART">a </w><w c5="AJ0" hw="new" pos="ADJ">new </w><w c5="NN1" hw="estate" pos="SUBST">estate</w><c c5="PUN">, </c><w c5="EX0" hw="there" pos="PRON">there </w><w c5="VM0" hw="may" pos="VERB">may </w><w c5="VBI" hw="be" pos="VERB">be </w><w c5="PNI" hw="nothing" pos="PRON">nothing</w><c c5="PUN">.</c></s>
<s n="52"><w c5="PRP" hw="in" pos="PREP">In </w><w c5="AT0" hw="an" pos="ART">an </w><w c5="AJ0" hw="old" pos="ADJ">old </w><w c5="NN1" hw="garden" pos="SUBST">garden</w><c c5="PUN">, </c><w c5="EX0" hw="there" pos="PRON">there </w><w c5="VM0" hw="may" pos="VERB">may </w><w c5="VBI" hw="be" pos="VERB">be </w><w c5="AT0" hw="a" pos="ART">a </w><w c5="NN0" hw="fruit" pos="SUBST">fruit </w><w c5="NN1" hw="tree" pos="SUBST">tree</w><c c5="PUN">, </c><w c5="CJC" hw="or" pos="CONJ">or </w><w c5="AT0" hw="a" pos="ART">a </w><w c5="AJ0" hw="good" pos="ADJ">good </w><w c5="NN1" hw="bulwark" pos="SUBST">bulwark </w><w c5="PRF" hw="of" pos="PREP">of </w><w c5="AJ0" hw="evergreen" pos="ADJ">evergreen </w><w c5="NN1" hw="laurel" pos="SUBST">laurel </w><w c5="CJC" hw="or" pos="CONJ">or </w><w c5="NN1-VVB" hw="box" pos="SUBST">box </w><w c5="CJT-DT0" hw="that" pos="CONJ">that</w><c c5="PUN">, </c><w c5="VVD" hw="tidy" pos="VERB">tidied </w><w c5="AVP" hw="up" pos="ADV">up</w><c c5="PUN">, </c><w c5="VM0" hw="could" pos="VERB">could </w><w c5="VVI" hw="add" pos="VERB">add </w><w c5="AT0" hw="a" pos="ART">a </w><w c5="NN1" hw="dash" pos="SUBST">dash </w><w c5="PRF" hw="of" pos="PREP">of </w><w c5="NN1" hw="venerability" pos="SUBST">venerability </w><w c5="PRP" hw="to" pos="PREP">to </w><w c5="AT0" hw="the" pos="ART">the </w><w c5="AJ0" hw="new" pos="ADJ">new </w><w c5="NN1" hw="garden" pos="SUBST">garden </w><w c5="CJT" hw="that" pos="CONJ">that </w><w c5="VM0" hw="will" pos="VERB">will </w><w c5="VVI" hw="emerge" pos="VERB">emerge </w><w c5="PRP-AVP" hw="around" pos="PREP">around </w><w c5="PNP" hw="it" pos="PRON">it</w><c c5="PUN">.</c></s>
<s n="53"><w c5="CJS" hw="if" pos="CONJ">If </w><w c5="PNP" hw="you" pos="PRON">you </w><w c5="VDB" hw="do" pos="VERB">do </w><w c5="XX0" hw="not" pos="ADV">not </w><w c5="VVI" hw="know" pos="VERB">know </w><w c5="DTQ" hw="what" pos="PRON">what </w><w c5="AT0" hw="a" pos="ART">a </w><w c5="NN1" hw="tree" pos="SUBST">tree </w><w c5="CJC" hw="or" pos="CONJ">or </w><w c5="NN1" hw="shrub" pos="SUBST">shrub </w><w c5="VBZ" hw="be" pos="VERB">is</w><c c5="PUN">, </c><w c5="VVB-NN1" hw="exercise" pos="VERB">exercise </w><w c5="NN1" hw="clemency" pos="SUBST">clemency </w><w c5="CJC" hw="and" pos="CONJ">and </w><w c5="VVB" hw="give" pos="VERB">give </w><w c5="PNP" hw="it" pos="PRON">it </w><w c5="AT0" hw="a" pos="ART">a </w><w c5="NN1" hw="year" pos="SUBST">year</w><w c5="POS" hw="'s" pos="UNC">'s </w><w c5="NN1" hw="grace" pos="SUBST">grace </w><w c5="TO0" hw="to" pos="PREP">to </w><w c5="VVI" hw="demonstrate" pos="VERB">demonstrate </w><w c5="DPS" hw="it" pos="PRON">its </w><w c5="NN1" hw="worth" pos="SUBST">worth </w><w c5="CJS" hw="before" pos="CONJ">before </w><w c5="PNP" hw="you" pos="PRON">you </w><w c5="VVB" hw="turn" pos="VERB">turn </w><w c5="PNP" hw="it" pos="PRON">it </w><w c5="AVP" hw="over" pos="ADV">over </w><w c5="PRP" hw="to" pos="PREP">to </w><w c5="AT0" hw="the" pos="ART">the </w><w c5="NN1" hw="axeman" pos="SUBST">axeman</w><c c5="PUN">.</c></s></p><p>
<s n="54"><w c5="AT0" hw="the" pos="ART">The </w><w c5="NN1" hw="mood" pos="SUBST">mood </w><w c5="PRF" hw="of" pos="PREP">of </w><w c5="AT0" hw="the" pos="ART">the </w><w c5="NN1" hw="garden" pos="SUBST">garden </w><w c5="VM0" hw="will" pos="VERB">will </w><w c5="VVI" hw="dictate" pos="VERB">dictate </w><w c5="DPS" hw="it" pos="PRON">its </w><w c5="AJ0" hw="eventual" pos="ADJ">eventual </w><w c5="NN1" hw="style" pos="SUBST">style</w><c c5="PUN">.</c></s>
<s n="55"><w c5="PNP" hw="it" pos="PRON">It </w><w c5="VM0" hw="may" pos="VERB">may </w><w c5="VBI" hw="be" pos="VERB">be </w><w c5="VVN" hw="clip" pos="VERB">clipped </w><w c5="AJ0" hw="classical" pos="ADJ">classical</w><c c5="PUN">, </c><w c5="AJ0" hw="random" pos="ADJ">random </w><w c5="NN1" hw="cottage" pos="SUBST">cottage</w><c c5="PUN">, </c><w c5="AJ0" hw="modern" pos="ADJ">modern </w><w c5="NN1" hw="high-tech" pos="SUBST">high-tech</w><c c5="PUN">, </c><w c5="CJC" hw="or" pos="CONJ">or </w><w c5="DT0" hw="some" pos="ADJ">some </w><w c5="AV0" hw="intensely" pos="ADV">intensely </w><w c5="AJ0" hw="personal" pos="ADJ">personal </w><w c5="NN1" hw="vision" pos="SUBST">vision </w><w c5="PRF" hw="of" pos="PREP">of </w><w c5="NP0-NN1" hw="byzantium" pos="SUBST">Byzantium</w><c c5="PUN">, </c><w c5="CJT-DT0" hw="that" pos="CONJ">that </w><mw c5="PNI"><w c5="AT0" hw="no" pos="ART">no </w><w c5="PNI" hw="one" pos="PRON">one </w></mw><w c5="VHZ" hw="have" pos="VERB">has </w><w c5="AV0" hw="ever" pos="ADV">ever </w><w c5="VVN-VVD" hw="imagine" pos="VERB">imagined </w><w c5="AV0" hw="before" pos="ADV">before</w><c c5="PUN">, </c><w c5="CJC" hw="but" pos="CONJ">but </w><w c5="DTQ" hw="which" pos="PRON">which </w><w c5="VVZ" hw="exist" pos="VERB">exists </w><w c5="PRP-AVP" hw="in" pos="PREP">in </w><w c5="DPS" hw="you" pos="PRON">your </w><w c5="NN1" hw="head" pos="SUBST">head </w><w c5="CJC" hw="and" pos="CONJ">and </w><w c5="VVZ" hw="want" pos="VERB">wants </w><w c5="TO0" hw="to" pos="PREP">to </w><w c5="VVI" hw="get" pos="VERB">get </w><w c5="AVP" hw="out" pos="ADV">out</w><c c5="PUN">.</c></s>
<s n="56"><w c5="VDB" hw="do" pos="VERB">Do </w><w c5="XX0" hw="not" pos="ADV">not </w><w c5="VVI" hw="let" pos="VERB">let </w><w c5="PNI" hw="anybody" pos="PRON">anybody</w><c c5="PUN">, </c><w c5="AV0" hw="particularly" pos="ADV">particularly </w><w c5="NN1-VVG" hw="gardening" pos="SUBST">gardening </w><w c5="NN2" hw="writer" pos="SUBST">writers</w><c c5="PUN">, </c><w c5="VVB" hw="tread" pos="VERB">tread </w><w c5="PRP-AVP" hw="on" pos="PREP">on </w><w c5="DPS" hw="you" pos="PRON">your </w><w c5="NN2" hw="dream" pos="SUBST">dreams</w><c c5="PUN">.</c></s></p><p>
<s n="57"><w c5="DT0" hw="all" pos="ADJ">All </w><w c5="DT0" hw="this" pos="ADJ">this </w><w c5="NN1" hw="thinking" pos="SUBST">thinking </w><w c5="CJC" hw="and" pos="CONJ">and </w><w c5="VVG-NN1" hw="doodle" pos="VERB">doodling </w><w c5="VM0" hw="will" pos="VERB">will </w><w c5="VHI" hw="have" pos="VERB">have </w><w c5="VDN" hw="do" pos="VERB">done </w><w c5="PNI" hw="nothing" pos="PRON">nothing </w><w c5="AV0" hw="physically" pos="ADV">physically </w><w c5="TO0" hw="to" pos="PREP">to </w><w c5="VVI" hw="change" pos="VERB">change </w><w c5="AT0" hw="the" pos="ART">the </w><w c5="NN1" hw="view" pos="SUBST">view </w><w c5="PRP" hw="outside" pos="PREP">outside </w><w c5="AT0" hw="the" pos="ART">the </w><w c5="NN1" hw="window" pos="SUBST">window</w><c c5="PUN">, </c><w c5="CJC" hw="but" pos="CONJ">but </w><w c5="PNP" hw="it" pos="PRON">it </w><w c5="VBZ" hw="be" pos="VERB">is </w><w c5="AT0" hw="a" pos="ART">a </w><w c5="AJ0" hw="vital" pos="ADJ">vital </w><w c5="NN1" hw="part" pos="SUBST">part </w><w c5="PRF" hw="of" pos="PREP">of </w><w c5="AT0" hw="the" pos="ART">the </w><w c5="NN1" hw="gardening" pos="SUBST">gardening </w><w c5="NN1-VVB" hw="process" pos="SUBST">process</w><c c5="PUN">.</c></s>
<s n="58"><w c5="CJS" hw="before" pos="CONJ">Before </w><w c5="PNP" hw="you" pos="PRON">you </w><w c5="VM0" hw="can" pos="VERB">can </w><w c5="VVI" hw="make" pos="VERB">make</w><c c5="PUN">, </c><w c5="PNP" hw="you" pos="PRON">you </w><w c5="VHB" hw="have" pos="VERB">have </w><w c5="TO0" hw="to" pos="PREP">to </w><w c5="VVI" hw="know" pos="VERB">know </w><w c5="DTQ" hw="what" pos="PRON">what </w><w c5="PNP" hw="it" pos="PRON">it </w><w c5="VBZ" hw="be" pos="VERB">is </w><w c5="PNP" hw="you" pos="PRON">you </w><w c5="VBB" hw="be" pos="VERB">are </w><w c5="VVG" hw="make" pos="VERB">making</w><c c5="PUN">.</c></s></p></div><div level="1" n="891007 edition -- Weekend Garden Page 43"><head type="MAIN">
<s n="59"><w c5="PRP" hw="in" pos="PREP">In </w><w c5="AT0" hw="the" pos="ART">the </w><w c5="NN1" hw="garden" pos="SUBST">Garden</w><c c5="PUN">: </c><w c5="VVG" hw="draw" pos="VERB">Drawing </w><w c5="AT0" hw="the" pos="ART">the </w><w c5="NN1" hw="line" pos="SUBST">line </w><w c5="PRP" hw="at" pos="PREP">at </w><w c5="AJ0" hw="great" pos="ADJ">great </w><w c5="NN1" hw="design" pos="SUBST">design</w><c c5="PUN">: </c><w c5="NP0" hw="anna" pos="SUBST">Anna </w><w c5="NP0" hw="pavord" pos="SUBST">Pavord </w><w c5="VVZ" hw="delve" pos="VERB">delves </w><w c5="PRP" hw="into" pos="PREP">into </w><w c5="AT0" hw="a" pos="ART">a </w><w c5="NN1" hw="book" pos="SUBST">book </w><w c5="CJT" hw="that" pos="CONJ">that </w><w c5="VVZ" hw="reveal" pos="VERB">reveals </w><w c5="AT0" hw="the" pos="ART">the </w><w c5="NN2" hw="garden" pos="SUBST">gardens </w><w c5="NN2" hw="architect" pos="SUBST">architects </w><w c5="VHB" hw="have" pos="VERB">have </w><w c5="VVN" hw="imagine" pos="VERB">imagined </w><w c5="VM0" hw="could" pos="VERB">could </w><w c5="VVI" hw="accompany" pos="VERB">accompany </w><w c5="DPS" hw="they" pos="PRON">their </w><w c5="NN2" hw="creation" pos="SUBST">creations</w></s></head><head type="BYLINE">
<s n="60"><w c5="PRP" hw="by" pos="PREP">By </w><w c5="NP0" hw="anna" pos="SUBST">ANNA </w><w c5="NP0-NN1" hw="pavord" pos="SUBST">PAVORD</w></s></head><p>
<s n="61"><w c5="AT0" hw="the" pos="ART">THE </w><w c5="NN2" hw="drawing" pos="SUBST">drawings </w><w c5="PRF" hw="of" pos="PREP">of </w><w c5="AT0" hw="the" pos="ART">the </w><w c5="AJ0" hw="royal" pos="ADJ">Royal </w><w c5="NN1" hw="institute" pos="SUBST">Institute </w><w c5="PRF" hw="of" pos="PREP">of </w><w c5="AJ0" hw="british" pos="ADJ">British </w><w c5="NN2" hw="architect" pos="SUBST">Architects </w><w c5="VVB" hw="form" pos="VERB">form </w><w c5="CRD" hw="one" pos="ADJ">one </w><w c5="PRF" hw="of" pos="PREP">of </w><w c5="AT0" hw="the" pos="ART">the </w><w c5="AV0" hw="less" pos="ADV">less </w><w c5="AJ0" hw="well-known" pos="ADJ">well-known </w><w c5="NN2" hw="collection" pos="SUBST">collections </w><w c5="PRP" hw="in" pos="PREP">in </w><w c5="NP0" hw="london" pos="SUBST">London</w><c c5="PUN">.</c></s>
<s n="62"><w c5="AJ0" hw="architectural" pos="ADJ">Architectural </w><w c5="NN2" hw="historian" pos="SUBST">historians </w><w c5="VHB" hw="have" pos="VERB">have </w><w c5="AV0" hw="already" pos="ADV">already </w><w c5="VVN" hw="raid" pos="VERB">raided </w><w c5="PNP" hw="it" pos="PRON">it </w><w c5="PRP" hw="to" pos="PREP">to </w><w c5="AJ0" hw="good" pos="ADJ">good </w><w c5="NN1" hw="effect" pos="SUBST">effect</w><c c5="PUN">, </c><w c5="AV0" hw="notably" pos="ADV">notably </w><w c5="NP0" hw="mark" pos="SUBST">Mark </w><w c5="NP0-NN1" hw="girouard" pos="SUBST">Girouard </w><w c5="PRP" hw="for" pos="PREP">for </w><w c5="DPS" hw="he" pos="PRON">his </w><w c5="NN1" hw="book" pos="SUBST">book </w><w c5="PRP" hw="on" pos="PREP">on </w><w c5="AT0" hw="the" pos="ART">the </w><w c5="AJ0" hw="sixteenth-century" pos="ADJ">sixteenth-century </w><w c5="NN1" hw="architect" pos="SUBST">architect </w><w c5="NP0" hw="robert" pos="SUBST">Robert </w><w c5="NP0" hw="smythson" pos="SUBST">Smythson </w><w c5="CJC" hw="and" pos="CONJ">and </w><w c5="NP0" hw="jill" pos="SUBST">Jill </w><w c5="NP0" hw="lever" pos="SUBST">Lever</w><c c5="PUN">, </c><w c5="AT0" hw="the" pos="ART">the </w><w c5="NN1" hw="curator" pos="SUBST">curator </w><w c5="PRF" hw="of" pos="PREP">of </w><w c5="AT0" hw="the" pos="ART">the </w><w c5="NN1" hw="collection" pos="SUBST">collection</w><c c5="PUN">, </c><w c5="PRP" hw="for" pos="PREP">for </w><w c5="AT0" hw="the" pos="ART">the </w><w c5="NN1" hw="book" pos="SUBST">book </w><w c5="PNP" hw="she" pos="PRON">she </w><w c5="VVD" hw="write" pos="VERB">wrote </w><w c5="PRP" hw="with" pos="PREP">with </w><w c5="NP0" hw="margaret" pos="SUBST">Margaret </w><w c5="NP0" hw="richardson" pos="SUBST">Richardson</w><c c5="PUN">, </c><w c5="AT0" hw="the" pos="ART">The </w><w c5="NN1" hw="art" pos="SUBST">Art </w><w c5="PRF" hw="of" pos="PREP">of </w><w c5="AT0" hw="the" pos="ART">the </w><w c5="NN1" hw="architect" pos="SUBST">Architect</w><c c5="PUN">.</c></s>
<s n="63"><w c5="NP0" hw="jane" pos="SUBST">Jane </w><w c5="NP0" hw="brown" pos="SUBST">Brown </w><w c5="VBZ" hw="be" pos="VERB">is </w><w c5="AT0" hw="the" pos="ART">the </w><w c5="AJS" hw="late" pos="ADJ">latest </w><w c5="TO0" hw="to" pos="PREP">to </w><w c5="VVI" hw="emerge" pos="VERB">emerge </w><w c5="AJ0" hw="triumphant" pos="ADJ">triumphant </w><w c5="PRP" hw="from" pos="PREP">from </w><w c5="AT0" hw="the" pos="ART">the </w><w c5="NP0" hw="riba" pos="SUBST">RIBA </w><w c5="NN1" hw="library" pos="SUBST">library </w><w c5="PRP" hw="in" pos="PREP">in </w><w c5="NP0" hw="portman" pos="SUBST">Portman </w><w c5="NP0" hw="square" pos="SUBST">Square </w><w c5="PRP" hw="with" pos="PREP">with </w><w c5="AT0" hw="the" pos="ART">The </w><w c5="NN1" hw="art" pos="SUBST">Art </w><w c5="CJC" hw="and" pos="CONJ">and </w><w c5="NN1" hw="architecture" pos="SUBST">Architecture </w><w c5="PRF" hw="of" pos="PREP">of </w><w c5="AJ0" hw="english" pos="ADJ">English </w><w c5="NN2" hw="garden" pos="SUBST">Gardens </w><c c5="PUL">(</c><w c5="NP0-NN1" hw="weidenfeld" pos="SUBST">Weidenfeld </w><w c5="CJC" hw="&amp;" pos="CONJ">&amp; </w><w c5="NP0" hw="nicolson" pos="SUBST">Nicolson</w><c c5="PUN">, </c><w c5="NN0" hw="£40" pos="UNC">£40</w><c c5="PUR">)</c><c c5="PUN">.</c></s></p><p>
<s n="64"><w c5="PNP" hw="she" pos="PRON">She </w><w c5="VVZ" hw="look" pos="VERB">looks </w><w c5="PRP" hw="at" pos="PREP">at </w><w c5="AT0" hw="the" pos="ART">the </w><w c5="NN1" hw="collection" pos="SUBST">collection </w><mw c5="PRP"><w c5="PRP" hw="with" pos="PREP">with </w><w c5="AT0" hw="a" pos="ART">a </w><w c5="NN1" hw="view" pos="SUBST">view </w><w c5="PRP" hw="to" pos="PREP">to </w></mw><w c5="DPS" hw="it" pos="PRON">its </w><w c5="NN1-VVG" hw="bearing" pos="SUBST">bearing </w><w c5="PRP" hw="on" pos="PREP">on </w><w c5="NN1" hw="garden" pos="SUBST">garden </w><w c5="NN1" hw="history" pos="SUBST">history</w><c c5="PUN">.</c></s>
<s n="65"><w c5="DPS" hw="she" pos="PRON">Her </w><w c5="NN1" hw="book" pos="SUBST">book </w><w c5="VBZ" hw="be" pos="VERB">is </w><w c5="XX0" hw="not" pos="ADV">not </w><w c5="AT0" hw="a" pos="ART">a </w><w c5="AJ0" hw="comprehensive" pos="ADJ">comprehensive </w><w c5="NN1" hw="history" pos="SUBST">history </w><w c5="PRF" hw="of" pos="PREP">of </w><w c5="AJ0" hw="english" pos="ADJ">English </w><w c5="NN1" hw="garden" pos="SUBST">garden </w><w c5="NN1" hw="design" pos="SUBST">design</w><c c5="PUN">, </c><w c5="CJC" hw="but" pos="CONJ">but </w><w c5="AT0" hw="a" pos="ART">a </w><w c5="AV0" hw="much" pos="ADV">much </w><w c5="AJC" hw="chancy" pos="ADJ">chancier</w><c c5="PUN">, </c><w c5="CJS" hw="though" pos="CONJ">though </w><w c5="AV0" hw="equally" pos="ADV">equally </w><w c5="AJ0" hw="delightful" pos="ADJ">delightful </w><w c5="NN1" hw="narrative" pos="SUBST">narrative </w><w c5="VVG-AJ0" hw="depend" pos="VERB">depending </w><w c5="PRP" hw="for" pos="PREP">for </w><w c5="DPS" hw="it" pos="PRON">its </w><w c5="NN1" hw="emphasis" pos="SUBST">emphasis </w><w c5="PRP" hw="on" pos="PREP">on </w><w c5="DTQ" hw="what" pos="PRON">what </w><w c5="VVD" hw="happen" pos="VERB">happened </w><w c5="TO0" hw="to" pos="PREP">to </w><w c5="VVI" hw="find" pos="VERB">find </w><w c5="DPS" hw="it" pos="PRON">its </w><w c5="NN1" hw="way" pos="SUBST">way </w><w c5="PRP" hw="into" pos="PREP">into </w><w c5="AT0" hw="the" pos="ART">the </w><w c5="NN1" hw="collection" pos="SUBST">collection</w><c c5="PUN">.</c></s>
<s n="66"><w c5="DT0" hw="these" pos="ADJ">These </w><w c5="NN2" hw="quirk" pos="SUBST">quirks </w><w c5="PRF" hw="of" pos="PREP">of </w><w c5="NN1" hw="fate" pos="SUBST">fate</w><c c5="PUN">, </c><w c5="VVN" hw="combine" pos="VERB">combined </w><w c5="PRP" hw="with" pos="PREP">with </w><w c5="NP0" hw="jane" pos="SUBST">Jane </w><w c5="NP0" hw="brown" pos="SUBST">Brown</w><w c5="POS" hw="'s" pos="UNC">'s </w><w c5="DT0" hw="own" pos="ADJ">own </w><w c5="NN2" hw="enthusiasm" pos="SUBST">enthusiasms </w><c c5="PUL">(</c><w c5="PNP" hw="she" pos="PRON">she </w><w c5="VBZ" hw="be" pos="VERB">is </w><w c5="AT0" hw="the" pos="ART">the </w><w c5="NN1" hw="author" pos="SUBST">author </w><w c5="PRF" hw="of" pos="PREP">of </w><w c5="AT0" hw="a" pos="ART">a </w><w c5="AJ0" hw="fine" pos="ADJ">fine </w><w c5="NN1" hw="book" pos="SUBST">book </w><w c5="PRP" hw="on" pos="PREP">on </w><w c5="AT0" hw="the" pos="ART">the </w><w c5="NP0" hw="lutyens-jekyll" pos="SUBST">Lutyens-Jekyll </w><w c5="NN1" hw="partnership" pos="SUBST">partnership</w><c c5="PUR">) </c><w c5="VHB" hw="have" pos="VERB">have </w><w c5="VVN" hw="result" pos="VERB">resulted </w><w c5="PRP" hw="in" pos="PREP">in </w><w c5="AT0" hw="a" pos="ART">a </w><w c5="NN1-AJ0" hw="narrative" pos="SUBST">narrative </w><w c5="PRP" hw="in" pos="PREP">in </w><w c5="DTQ" hw="which" pos="PRON">which </w><w c5="AT0" hw="the" pos="ART">the </w><w c5="NN2" hw="garden" pos="SUBST">gardens </w><w c5="PRF" hw="of" pos="PREP">of </w><w c5="AT0" hw="the" pos="ART">the </w><w c5="NN2" hw="art" pos="SUBST">Arts </w><w c5="CJC" hw="and" pos="CONJ">and </w><w c5="NN2" hw="craft" pos="SUBST">Crafts </w><w c5="NN1" hw="movement" pos="SUBST">movement</w><c c5="PUN">, </c><w c5="AT0" hw="a" pos="ART">a </w><w c5="AV0" hw="relatively" pos="ADV">relatively </w><w c5="AJ0" hw="short" pos="ADJ">short </w><w c5="NN1" hw="period" pos="SUBST">period </w><w c5="PRP" hw="between" pos="PREP">between </w><w c5="CRD" hw="1890-1914" pos="ADJ">1890-1914</w><c c5="PUN">, </c><w c5="VVB" hw="get" pos="VERB">get </w><w c5="AV0" hw="twice" pos="ADV">twice </w><w c5="AT0" hw="the" pos="ART">the </w><w c5="NN1" hw="space" pos="SUBST">space </w><w c5="PRF" hw="of" pos="PREP">of </w><w c5="AT0" hw="the" pos="ART">the </w><w c5="NN2" hw="garden" pos="SUBST">gardens </w><w c5="PRF" hw="of" pos="PREP">of </w><w c5="AV0" hw="either" pos="ADV">either </w><w c5="AT0" hw="the" pos="ART">the </w><w c5="ORD" hw="eighteenth" pos="ADJ">eighteenth </w><w c5="CJC" hw="or" pos="CONJ">or </w><w c5="AT0" hw="the" pos="ART">the </w><w c5="ORD" hw="nineteenth" pos="ADJ">nineteenth </w><w c5="NN1" hw="century" pos="SUBST">century</w><c c5="PUN">.</c></s></p><p>
<s n="67"><w c5="DT0" hw="this" pos="ADJ">This </w><w c5="VBZ" hw="be" pos="VERB">is </w><w c5="AJ0" hw="fine" pos="ADJ">fine </w><w c5="PRP" hw="by" pos="PREP">by </w><w c5="PNP" hw="i" pos="PRON">me</w><c c5="PUN">.</c></s>
<s n="68"><w c5="AT0" hw="the" pos="ART">The </w><w c5="AJ0" hw="talented" pos="ADJ">talented </w><w c5="NN1" hw="crew" pos="SUBST">crew </w><w c5="PRF" hw="of" pos="PREP">of </w><w c5="NP0" hw="voysey" pos="SUBST">Voysey</w><c c5="PUN">, </c><w c5="NP0" hw="newton" pos="SUBST">Newton</w><c c5="PUN">, </c><w c5="NP0" hw="baillie" pos="SUBST">Baillie </w><w c5="NP0" hw="scott" pos="SUBST">Scott</w><c c5="PUN">, </c><w c5="PNQ" hw="who" pos="PRON">who </w><w c5="VVD" hw="create" pos="VERB">created </w><w c5="AT0" hw="the" pos="ART">the </w><w c5="AV0" hw="beautifully" pos="ADV">beautifully </w><w c5="VVN" hw="put" pos="VERB">put </w><w c5="AV0" hw="together" pos="ADV">together </w><w c5="NN2" hw="house" pos="SUBST">houses </w><w c5="PRF" hw="of" pos="PREP">of </w><w c5="DT0" hw="that" pos="ADJ">that </w><w c5="NN1" hw="period" pos="SUBST">period</w><c c5="PUN">, </c><w c5="AV0" hw="evidently" pos="ADV">evidently </w><w c5="AV0" hw="also" pos="ADV">also </w><w c5="VHD" hw="have" pos="VERB">had </w><w c5="AT0" hw="the" pos="ART">the </w><w c5="NN1" hw="gift" pos="SUBST">gift </w><w c5="PRF" hw="of" pos="PREP">of </w><w c5="AV0" hw="persuasively" pos="ADV">persuasively </w><w c5="VVG" hw="sell" pos="VERB">selling </w><w c5="DPS" hw="they" pos="PRON">their </w><w c5="NN2" hw="idea" pos="SUBST">ideas</w><c c5="PUN">.</c></s>
<s n="69"><w c5="PNQ" hw="who" pos="PRON">Who </w><w c5="VM0" hw="could" pos="VERB">could </w><w c5="VHI" hw="have" pos="VERB">have </w><w c5="VVN" hw="resist" pos="VERB">resisted </w><w c5="NP0" hw="charles" pos="SUBST">Charles </w><w c5="NP0" hw="voysey" pos="SUBST">Voysey</w><w c5="POS" hw="'s" pos="UNC">'s </w><w c5="NN1" hw="design" pos="SUBST">design </w><w c5="PRP" hw="for" pos="PREP">for </w><w c5="NP0-NN1" hw="oakhurst" pos="SUBST">Oakhurst</w><c c5="PUN">, </c><w c5="NP0" hw="ropes" pos="SUBST">Ropes </w><w c5="NP0" hw="lane" pos="SUBST">Lane</w><c c5="PUN">, </c><w c5="VVB" hw="fernhurst" pos="VERB">Fernhurst </w><w c5="PRP" hw="in" pos="PREP">in </w><w c5="NP0" hw="sussex" pos="SUBST">Sussex</w><c c5="PUN">?</c></s>
<s n="70"><w c5="AT0" hw="a" pos="ART">A </w><w c5="NN1" hw="pool" pos="SUBST">pool </w><w c5="PRF" hw="of" pos="PREP">of </w><w c5="AJ0" hw="blue" pos="ADJ">blue </w><w c5="NN2" hw="scilla" pos="SUBST">scillas </w><w c5="VVZ" hw="lie" pos="VERB">lies </w><w c5="PRP" hw="to" pos="PREP">to </w><w c5="AT0" hw="the" pos="ART">the </w><w c5="NN1-AJ0" hw="left" pos="SUBST">left </w><w c5="PRF" hw="of" pos="PREP">of </w><w c5="AT0" hw="an" pos="ART">an </w><w c5="NN1" hw="entrance" pos="SUBST">entrance </w><w c5="PRP" hw="through" pos="PREP">through </w><w c5="NN1" hw="yew" pos="SUBST">yew </w><w c5="NN2" hw="hedge" pos="SUBST">hedges</w><c c5="PUN">.</c></s>
<s n="71"><w c5="AT0" hw="the" pos="ART">The </w><w c5="NN1" hw="house" pos="SUBST">house </w><w c5="VBZ" hw="be" pos="VERB">is </w><w c5="VVN" hw="soften" pos="VERB">softened </w><w c5="PRP" hw="by" pos="PREP">by </w><w c5="NN2" hw="sprawl" pos="SUBST">sprawls </w><w c5="PRF" hw="of" pos="PREP">of </w><w c5="VVG-NN1" hw="climb" pos="VERB">climbing </w><w c5="NN2" hw="rose" pos="SUBST">roses</w><c c5="PUN">.</c></s>
<s n="72"><w c5="NN2" hw="hollyhock" pos="SUBST">Hollyhocks </w><w c5="CJC" hw="and" pos="CONJ">and </w><w c5="NN2" hw="wallflower" pos="SUBST">wallflowers </w><w c5="NN1" hw="tower" pos="SUBST">tower </w><w c5="PRP" hw="over" pos="PREP">over </w><w c5="AT0" hw="the" pos="ART">the </w><w c5="AV0" hw="gaily" pos="ADV">gaily </w><w c5="VVN-AJ0" hw="fill" pos="VERB">filled </w><w c5="NN1" hw="flower" pos="SUBST">flower </w><w c5="NN1" hw="border" pos="SUBST">border</w><c c5="PUN">.</c></s>
<s n="73"><w c5="DPS" hw="he" pos="PRON">His </w><w c5="NN1" hw="client" pos="SUBST">client</w><c c5="PUN">, </c><w c5="NP0" hw="mrs" pos="SUBST">Mrs </w><w c5="NP0" hw="chester" pos="SUBST">Chester</w><c c5="PUN">, </c><w c5="AV0" hw="sensibly" pos="ADV">sensibly </w><w c5="VDD" hw="do" pos="VERB">did </w><w c5="XX0" hw="not" pos="ADV">not </w><w c5="VVI" hw="resist" pos="VERB">resist </w><w c5="CJC" hw="and" pos="CONJ">and </w><w c5="AT0" hw="the" pos="ART">the </w><w c5="NN1" hw="house" pos="SUBST">house </w><w c5="VBD" hw="be" pos="VERB">was </w><w c5="VVN" hw="build" pos="VERB">built </w><w c5="PRP" hw="in" pos="PREP">in </w><w c5="CRD" hw="1901" pos="ADJ">1901</w><c c5="PUN">.</c></s></p><p>
<s n="74"><w c5="NP0" hw="oliver" pos="SUBST">Oliver </w><w c5="NP0" hw="hill" pos="SUBST">Hill</w><w c5="POS" hw="'s" pos="UNC">'s </w><w c5="NN1" hw="plan" pos="SUBST">plan </w><c c5="PUL">(</c><w c5="CRD" hw="1913" pos="ADJ">1913</w><c c5="PUR">) </c><w c5="PRP" hw="for" pos="PREP">for </w><w c5="AT0" hw="the" pos="ART">the </w><w c5="NN1" hw="paving" pos="SUBST">paving </w><w c5="PRF" hw="of" pos="PREP">of </w><w c5="AT0" hw="the" pos="ART">the </w><w c5="NN1" hw="water" pos="SUBST">water </w><w c5="NN1" hw="garden" pos="SUBST">garden </w><w c5="PRP" hw="at" pos="PREP">at </w><w c5="NP0" hw="moor" pos="SUBST">Moor </w><w c5="NP0" hw="close" pos="SUBST">Close</w><c c5="PUN">, </c><w c5="NP0" hw="binfield" pos="SUBST">Binfield</w><c c5="PUN">, </c><w c5="NP0" hw="berkshire" pos="SUBST">Berkshire</w><c c5="PUN">, </c><w c5="VVZ" hw="show" pos="VERB">shows </w><w c5="AJ0" hw="staggering" pos="ADJ">staggering </w><w c5="NN1" hw="attention" pos="SUBST">attention </w><w c5="PRP" hw="to" pos="PREP">to </w><w c5="NN1" hw="detail" pos="SUBST">detail</w><c c5="PUN">.</c></s>
<s n="75"><w c5="AJ0" hw="red" pos="ADJ">Red </w><w c5="NN1" hw="tile" pos="SUBST">tile </w><w c5="VVN-VVD" hw="set" pos="VERB">set </w><w c5="PRP" hw="on" pos="PREP">on </w><w c5="NN1" hw="edge" pos="SUBST">edge </w><w c5="VBD" hw="be" pos="VERB">was </w><w c5="TO0" hw="to" pos="PREP">to </w><w c5="VBI" hw="be" pos="VERB">be </w><w c5="VVN" hw="use" pos="VERB">used </w><w c5="PRP" hw="for" pos="PREP">for </w><w c5="AT0" hw="the" pos="ART">the </w><w c5="NN1" hw="centrepiece" pos="SUBST">centrepiece</w><c c5="PUN">, </c><w c5="NP0" hw="portland" pos="SUBST">Portland </w><w c5="NN1" hw="stone" pos="SUBST">stone </w><w c5="PRP" hw="for" pos="PREP">for </w><w c5="AT0" hw="the" pos="ART">the </w><w c5="NN1" hw="surround" pos="SUBST">surround</w><c c5="PUN">, </c><w c5="AJ0" hw="brown" pos="ADJ">brown </w><w c5="NN1" hw="pebble" pos="SUBST">pebble </w><w c5="VVG-NN1" hw="pave" pos="VERB">paving </w><w c5="PRP" hw="for" pos="PREP">for </w><w c5="AT0" hw="an" pos="ART">an </w><w c5="NN1" hw="infill" pos="SUBST">infill</w><c c5="PUN">, </c><w c5="AJ0" hw="blue" pos="ADJ">blue </w><w c5="CJC" hw="and" pos="CONJ">and </w><w c5="AJ0" hw="white" pos="ADJ">white </w><w c5="NN2" hw="pebble" pos="SUBST">pebbles </w><w c5="TO0" hw="to" pos="PREP">to </w><w c5="VVI" hw="make" pos="VERB">make </w><w c5="AT0" hw="a" pos="ART">a </w><w c5="NN1-AJ0" hw="star" pos="SUBST">star </w><w c5="NN1" hw="design" pos="SUBST">design</w><c c5="PUN">, </c><w c5="AJ0" hw="white" pos="ADJ">white </w><w c5="NN1" hw="marble" pos="SUBST">marble </w><w c5="PRP" hw="for" pos="PREP">for </w><w c5="AT0" hw="the" pos="ART">the </w><w c5="NN1" hw="path" pos="SUBST">path </w><w c5="PRP" hw="through" pos="PREP">through </w><w c5="AT0" hw="the" pos="ART">the </w><w c5="NN1" hw="pergola" pos="SUBST">pergola</w><c c5="PUN">.</c></s>
<s n="76"><w c5="AT0" hw="the" pos="ART">The </w><w c5="NN1" hw="plan" pos="SUBST">plan</w><c c5="PUN">, </c><w c5="AV0" hw="beautifully" pos="ADV">beautifully </w><w c5="VVN" hw="draw" pos="VERB">drawn </w><w c5="CJC" hw="and" pos="CONJ">and </w><w c5="VVD" hw="letter" pos="VERB">lettered</w><c c5="PUN">, </c><w c5="CJS" hw="as" pos="CONJ">as </w><w c5="VBB" hw="be" pos="VERB">are </w><w c5="DT0" hw="all" pos="ADJ">all </w><w c5="AT0" hw="the" pos="ART">the </w><w c5="NN2" hw="plan" pos="SUBST">plans </w><w c5="PRF" hw="of" pos="PREP">of </w><w c5="DT0" hw="this" pos="ADJ">this </w><w c5="NN1" hw="period" pos="SUBST">period</w><c c5="PUN">, </c><w c5="VBZ" hw="be" pos="VERB">is </w><w c5="AV0" hw="particularly" pos="ADV">particularly </w><w c5="AJ0" hw="poignant" pos="ADJ">poignant</w><c c5="PUN">.</c></s>
<s n="77"><w c5="AT0" hw="no" pos="ART">No </w><w c5="NN1" hw="architect" pos="SUBST">architect </w><w c5="NN2" hw="gardener" pos="SUBST">gardeners </w><w c5="VVD" hw="come" pos="VERB">came </w><w c5="DT0" hw="this" pos="ADJ">this </w><w c5="NN1" hw="way" pos="SUBST">way </w><w c5="AV0" hw="again" pos="ADV">again</w><c c5="PUN">.</c></s></p><p>
<s n="78"><w c5="AT0" hw="the" pos="ART">The </w><w c5="NN1" hw="story" pos="SUBST">story </w><w c5="VVN-VVD" hw="tell" pos="VERB">told </w><w c5="PRP" hw="in" pos="PREP">in </w><w c5="NP0" hw="jane" pos="SUBST">Jane </w><w c5="NP0" hw="brown" pos="SUBST">Brown</w><w c5="POS" hw="'s" pos="UNC">'s </w><w c5="NN1" hw="book" pos="SUBST">book </w><w c5="VDZ" hw="do" pos="VERB">does </w><w c5="XX0" hw="not" pos="ADV">not </w><w c5="VVI" hw="end" pos="VERB">end </w><w c5="PRP" hw="with" pos="PREP">with </w><w c5="AT0" hw="the" pos="ART">the </w><w c5="NN2" hw="art" pos="SUBST">Arts </w><w c5="CJC" hw="and" pos="CONJ">and </w><w c5="NN2" hw="craft" pos="SUBST">Crafts </w><w c5="NN1" hw="movement" pos="SUBST">movement</w><c c5="PUN">, </c><w c5="AV0" hw="however" pos="ADV">however</w><c c5="PUN">.</c></s>
<s n="79"><w c5="PNP" hw="it" pos="PRON">It </w><w c5="VVZ" hw="continue" pos="VERB">continues </w><w c5="PRP" hw="with" pos="PREP">with </w><w c5="AT0" hw="the" pos="ART">the </w><w c5="AV0" hw="relatively" pos="ADV">relatively </w><w c5="AV0-AJ0" hw="little" pos="ADV">little </w><w c5="VVN-AJ0" hw="know" pos="VERB">known </w><w c5="NN1" hw="work" pos="SUBST">work </w><w c5="PRF" hw="of" pos="PREP">of </w><w c5="AT0" hw="the" pos="ART">the </w><w c5="AJ0" hw="modern" pos="ADJ">Modern </w><w c5="NN1" hw="movement" pos="SUBST">Movement</w><c c5="PUN">, </c><w c5="VVN" hw="curtail" pos="VERB">curtailed </w><w c5="PRP" hw="by" pos="PREP">by </w><w c5="AT0" hw="the" pos="ART">the </w><w c5="NN1" hw="war" pos="SUBST">war</w><c c5="PUN">, </c><w c5="PRP" hw="through" pos="PREP">through </w><w c5="AT0" hw="the" pos="ART">the </w><w c5="AJ0" hw="idealistic" pos="ADJ">idealistic </w><w c5="NN2" hw="beginning" pos="SUBST">beginnings </w><w c5="PRF" hw="of" pos="PREP">of </w><w c5="AT0" hw="the" pos="ART">the </w><w c5="NN1" hw="span" pos="SUBST">Span </w><w c5="NN1-VVG" hw="housing" pos="SUBST">housing </w><w c5="NN2" hw="estate" pos="SUBST">estates </w><w c5="PRP" hw="in" pos="PREP">in </w><w c5="AT0" hw="the" pos="ART">the </w><w c5="CRD" hw="mid-fifties" pos="ADJ">mid-Fifties</w><c c5="PUN">, </c><w c5="PRP" hw="to" pos="PREP">to </w><w c5="NP0" hw="sir" pos="SUBST">Sir </w><w c5="NP0" hw="geoffrey" pos="SUBST">Geoffrey </w><w c5="NP0" hw="jellicoe" pos="SUBST">Jellicoe</w><w c5="POS" hw="'s" pos="UNC">'s </w><w c5="NN1" hw="plan" pos="SUBST">plan</w><c c5="PUN">, </c><w c5="AV0" hw="now" pos="ADV">now </w><w c5="VBG" hw="be" pos="VERB">being </w><w c5="VVN" hw="execute" pos="VERB">executed</w><c c5="PUN">, </c><w c5="PRP" hw="for" pos="PREP">for </w><w c5="AT0" hw="the" pos="ART">the </w><w c5="AJ0" hw="moody" pos="ADJ">Moody </w><w c5="AJ0" hw="botanic" pos="ADJ">Botanic </w><w c5="NN2" hw="garden" pos="SUBST">Gardens </w><w c5="PRP" hw="at" pos="PREP">at </w><w c5="NP0" hw="galveston" pos="SUBST">Galveston</w><c c5="PUN">, </c><w c5="NP0" hw="texas" pos="SUBST">Texas</w><c c5="PUN">.</c></s>
<s n="80"><w c5="CRD" hw="sixteen" pos="ADJ">Sixteen </w><w c5="NN2" hw="drawing" pos="SUBST">drawings </w><w c5="PRP" hw="for" pos="PREP">for </w><w c5="DT0" hw="this" pos="ADJ">this </w><w c5="AJ0" hw="massive" pos="ADJ">massive </w><w c5="NN1" hw="project" pos="SUBST">project </w><w c5="VVB-NN1" hw="form" pos="VERB">form </w><w c5="AT0" hw="the" pos="ART">the </w><w c5="NN1" hw="book" pos="SUBST">book</w><w c5="POS" hw="'s" pos="UNC">'s </w><w c5="AJ0" hw="final" pos="ADJ">final </w><w c5="NN1" hw="chapter" pos="SUBST">chapter </w><c c5="PUQ">‘</c><w c5="PRP" hw="towards" pos="PREP">Towards </w><w c5="AT0" hw="the" pos="ART">the </w><w c5="ORD" hw="21st" pos="ADJ">21st </w><w c5="NN1" hw="century" pos="SUBST">Century</w><c c5="PUQ">’</c><c c5="PUN">.</c></s></p><p>
<s n="81"><w c5="CJS" hw="after" pos="CONJ">After </w><w c5="DT0" hw="this" pos="ADJ">this </w><w c5="AJ0" hw="chronological" pos="ADJ">chronological </w><w c5="NN1" hw="march" pos="SUBST">march </w><w c5="PRP" hw="through" pos="PREP">through </w><w c5="AT0" hw="the" pos="ART">the </w><w c5="NN2" hw="archive" pos="SUBST">archives</w><c c5="PUN">, </c><w c5="NP0" hw="jane" pos="SUBST">Jane </w><w c5="NP0" hw="brown" pos="SUBST">Brown </w><w c5="VVZ" hw="devote" pos="VERB">devotes </w><w c5="AT0" hw="the" pos="ART">the </w><w c5="ORD" hw="second" pos="ADJ">second </w><w c5="NN1" hw="part" pos="SUBST">part </w><w c5="PRF" hw="of" pos="PREP">of </w><w c5="DPS" hw="she" pos="PRON">her </w><w c5="AJ0" hw="weighty" pos="ADJ">weighty </w><w c5="NN1" hw="book" pos="SUBST">book </w><w c5="PRP" hw="to" pos="PREP">to </w><w c5="AT0" hw="the" pos="ART">the </w><w c5="AV0" hw="delightfully" pos="ADV">delightfully </w><w c5="AJ0" hw="rich" pos="ADJ">rich </w><w c5="NN1" hw="seam" pos="SUBST">seam </w><w c5="PRF" hw="of" pos="PREP">of </w><w c5="NN1" hw="garden" pos="SUBST">garden </w><w c5="NN2" hw="building" pos="SUBST">buildings </w><w c5="CJC" hw="and" pos="CONJ">and </w><w c5="NN1" hw="ornament" pos="SUBST">ornament </w><w c5="VVN" hw="design" pos="VERB">designed </w><w c5="PRP-AVP" hw="over" pos="PREP">over </w><w c5="AT0" hw="the" pos="ART">the </w><w c5="ORD" hw="last" pos="ADJ">last </w><w c5="CRD" hw="400" pos="ADJ">400 </w><w c5="NN2" hw="year" pos="SUBST">years</w><c c5="PUN">.</c></s>
<s n="82"><w c5="AV0" hw="here" pos="ADV">Here </w><w c5="VBZ" hw="be" pos="VERB">is </w><w c5="NP0" hw="sir" pos="SUBST">Sir </w><w c5="NP0" hw="jeffry" pos="SUBST">Jeffry </w><w c5="NP0" hw="wyatville" pos="SUBST">Wyatville</w><w c5="POS" hw="'s" pos="UNC">'s </w><w c5="NN1" hw="design" pos="SUBST">design </w><w c5="PRP" hw="for" pos="PREP">for </w><w c5="AT0" hw="a" pos="ART">a </w><w c5="NP0" hw="swiss" pos="SUBST">Swiss </w><w c5="NP0" hw="cottage" pos="SUBST">Cottage </w><w c5="TO0" hw="to" pos="PREP">to </w><w c5="VBI" hw="be" pos="VERB">be </w><w c5="VVN" hw="build" pos="VERB">built </w><w c5="PRP" hw="at" pos="PREP">at </w><w c5="AT0" hw="the" pos="ART">the </w><w c5="NN1" hw="duke" pos="SUBST">Duke </w><w c5="PRF" hw="of" pos="PREP">of </w><w c5="NP0" hw="bedford" pos="SUBST">Bedford</w><w c5="POS" hw="'s" pos="UNC">'s </w><w c5="AJ0" hw="rural" pos="ADJ">rural </w><w c5="NN1" hw="retreat" pos="SUBST">retreat</w><c c5="PUN">, </c><w c5="NP0" hw="endsleigh" pos="SUBST">Endsleigh</w><c c5="PUN">, </c><w c5="NP0" hw="devon" pos="SUBST">Devon</w><c c5="PUN">.</c></s>
<s n="83"><w c5="AT0" hw="the" pos="ART">The </w><c c5="PUQ">‘</c><w c5="NN1" hw="bijou" pos="SUBST">bijou </w><w c5="AJ0" hw="rustic" pos="ADJ">rustic </w><w c5="NN1" hw="pavilion" pos="SUBST">pavilion</w><c c5="PUQ">’ </c><w c5="CJS" hw="as" pos="CONJ">as </w><w c5="PNP" hw="he" pos="PRON">he </w><w c5="VVZ" hw="describe" pos="VERB">describes </w><w c5="PNP" hw="it" pos="PRON">it</w><c c5="PUN">, </c><w c5="AV0" hw="still" pos="ADV">still </w><w c5="VVZ" hw="survive" pos="VERB">survives </w><w c5="CJC" hw="and" pos="CONJ">and </w><w c5="VHZ" hw="have" pos="VERB">has </w><w c5="AV0" hw="recently" pos="ADV">recently </w><w c5="VBN" hw="be" pos="VERB">been </w><w c5="VVN" hw="restore" pos="VERB">restored </w><w c5="PRP" hw="by" pos="PREP">by </w><w c5="AT0" hw="the" pos="ART">the </w><w c5="NN1" hw="landmark" pos="SUBST">Landmark </w><w c5="NN1-VVB" hw="trust" pos="SUBST">Trust</w><c c5="PUN">.</c></s>
<s n="84"><w c5="AV0" hw="here" pos="ADV">Here </w><w c5="AV0" hw="too" pos="ADV">too </w><w c5="VBZ" hw="be" pos="VERB">is </w><w c5="NP0" hw="lutyens" pos="SUBST">Lutyens</w><w c5="POS" hw="'s" pos="UNC">'s </w><w c5="NN1" hw="design" pos="SUBST">design </w><w c5="PRP" hw="for" pos="PREP">for </w><w c5="AT0" hw="a" pos="ART">a </w><w c5="NN0" hw="fowl" pos="SUBST">fowl </w><w c5="NN1-VVB" hw="house" pos="SUBST">house</w><c c5="PUN">, </c><w c5="AT0" hw="a" pos="ART">a </w><w c5="AJ0" hw="wooden" pos="ADJ">wooden </w><w c5="NN1" hw="building" pos="SUBST">building </w><w c5="VVN" hw="perch" pos="VERB">perched </w><w c5="PRP" hw="on" pos="PREP">on </w><w c5="NN1" hw="staddle" pos="SUBST">staddle </w><w c5="NN2" hw="stone" pos="SUBST">stones </w><w c5="PRP" hw="with" pos="PREP">with </w><w c5="NN1" hw="lantern" pos="SUBST">lantern </w><w c5="CJC" hw="and" pos="CONJ">and </w><w c5="AT0" hw="a" pos="ART">a </w><w c5="AJ0" hw="thatched" pos="ADJ">thatched </w><w c5="NN1" hw="roof" pos="SUBST">roof</w><c c5="PUN">, </c><w c5="AT0" hw="a" pos="ART">a </w><w c5="NN1" hw="residence" pos="SUBST">residence </w><w c5="TO0" hw="to" pos="PREP">to </w><w c5="VVI" hw="please" pos="VERB">please </w><w c5="AT0" hw="the" pos="ART">the </w><w c5="AV0" hw="most" pos="ADV">most </w><w c5="AJ0" hw="demanding" pos="ADJ">demanding </w><w c5="NN1" hw="chicken" pos="SUBST">chicken</w><c c5="PUN">.</c></s></p><p>
<s n="85"><w c5="AJ0" hw="architectural" pos="ADJ">Architectural </w><w c5="NN2" hw="drawing" pos="SUBST">drawings </w><w c5="VM0" hw="may" pos="VERB">may </w><w c5="VVI" hw="seem" pos="VERB">seem </w><w c5="AJ0" hw="dry" pos="ADJ">dry </w><w c5="NN1" hw="fodder" pos="SUBST">fodder </w><w c5="TO0" hw="to" pos="PREP">to </w><w c5="VVI" hw="provide" pos="VERB">provide </w><w c5="AT0" hw="the" pos="ART">the </w><w c5="NN1" hw="stuff" pos="SUBST">stuff </w><w c5="PRF" hw="of" pos="PREP">of </w><w c5="AT0" hw="an" pos="ART">an </w><w c5="AJ0" hw="exciting" pos="ADJ">exciting </w><w c5="NN1" hw="book" pos="SUBST">book</w><c c5="PUN">.</c></s>
<s n="86"><w c5="NP0" hw="jane" pos="SUBST">Jane </w><w c5="NP0" hw="brown" pos="SUBST">Brown</w><w c5="POS" hw="'s" pos="UNC">'s </w><w c5="NN1" hw="gift" pos="SUBST">gift </w><w c5="VBZ" hw="be" pos="VERB">is </w><w c5="TO0" hw="to" pos="PREP">to </w><w c5="VVI" hw="vault" pos="VERB">vault </w><w c5="AT0" hw="the" pos="ART">the </w><w c5="NN1" hw="divide" pos="SUBST">divide </w><w c5="CJT" hw="that" pos="CONJ">that </w><w c5="VHZ" hw="have" pos="VERB">has </w><w c5="AV0" hw="unfortunately" pos="ADV">unfortunately </w><w c5="VVN" hw="grow" pos="VERB">grown </w><w c5="AVP" hw="up" pos="ADV">up </w><w c5="PRP" hw="between" pos="PREP">between </w><w c5="NN2" hw="architect" pos="SUBST">architects </w><w c5="CJC" hw="and" pos="CONJ">and </w><w c5="AT0" hw="the" pos="ART">the </w><w c5="NN1" hw="rest" pos="SUBST">rest </w><w c5="PRF" hw="of" pos="PREP">of </w><w c5="PNP" hw="we" pos="PRON">us </w><w c5="CJC" hw="and" pos="CONJ">and </w><w c5="VVB" hw="bring" pos="VERB">bring </w><w c5="DPS" hw="they" pos="PRON">their </w><w c5="NN2" hw="drawing" pos="SUBST">drawings </w><w c5="AJ0" hw="alive" pos="ADJ">alive </w><w c5="PRP" hw="in" pos="PREP">in </w><w c5="AT0" hw="the" pos="ART">the </w><w c5="AV0" hw="most" pos="ADV">most </w><w c5="AJ0" hw="agreeable" pos="ADJ">agreeable </w><w c5="CJC" hw="and" pos="CONJ">and </w><w c5="AJ0" hw="informative" pos="ADJ">informative </w><w c5="NN1" hw="way" pos="SUBST">way</w><c c5="PUN">.</c></s>
<s n="87"><w c5="PNI" hw="one" pos="PRON">One </w><w c5="VDZ" hw="do" pos="VERB">does </w><w c5="XX0" hw="not" pos="ADV">not </w><w c5="AV0" hw="always" pos="ADV">always </w><w c5="VVI" hw="agree" pos="VERB">agree </w><w c5="PRP" hw="with" pos="PREP">with </w><w c5="PNP" hw="she" pos="PRON">her</w><c c5="PUN">.</c></s>
<s n="88"><w c5="PNP" hw="she" pos="PRON">She </w><w c5="VVZ" hw="commend" pos="VERB">commends </w><w c5="NP0" hw="barry" pos="SUBST">Barry </w><w c5="PRP" hw="for" pos="PREP">for </w><c c5="PUQ">‘</c><w c5="DPS" hw="he" pos="PRON">his </w><w c5="NN1" hw="ability" pos="SUBST">ability </w><w c5="TO0" hw="to" pos="PREP">to </w><w c5="VVI" hw="build" pos="VERB">build </w><w c5="AV0-AJ0" hw="well" pos="ADV">well </w><w c5="CJC" hw="and" pos="CONJ">and </w><w c5="TO0" hw="to" pos="PREP">to </w><w c5="VVI" hw="last" pos="VERB">last</w><c c5="PUQ">’</c><c c5="PUN">, </c><w c5="CJC" hw="but" pos="CONJ">but </w><w c5="NP0" hw="barry" pos="SUBST">Barry</w><w c5="POS" hw="'s" pos="UNC">'s </w><w c5="NN1" hw="work" pos="SUBST">work </w><w c5="PRP" hw="at" pos="PREP">at </w><w c5="NP0" hw="kingston" pos="SUBST">Kingston </w><w c5="NP0" hw="lacey" pos="SUBST">Lacey </w><w c5="PRP" hw="in" pos="PREP">in </w><w c5="NP0" hw="dorset" pos="SUBST">Dorset </w><w c5="CJC" hw="and" pos="CONJ">and </w><w c5="AV0" hw="elsewhere" pos="ADV">elsewhere </w><w c5="VBD" hw="be" pos="VERB">was </w><w c5="AV0" hw="outrageously" pos="ADV">outrageously </w><w c5="AJ0" hw="shoddy" pos="ADJ">shoddy</w><c c5="PUN">.</c></s>
<s n="89"><w c5="PNP" hw="she" pos="PRON">She </w><w c5="VVZ" hw="credit" pos="VERB">credits </w><w c5="AT0" hw="the" pos="ART">the </w><w c5="NP0" hw="crystal" pos="SUBST">Crystal </w><w c5="NP0" hw="palace" pos="SUBST">Palace </w><w c5="VVD" hw="build" pos="VERB">built </w><w c5="PRP" hw="by" pos="PREP">by </w><w c5="NP0" hw="joseph" pos="SUBST">Joseph </w><w c5="NP0" hw="paxton" pos="SUBST">Paxton </w><w c5="PRP" hw="for" pos="PREP">for </w><w c5="AT0" hw="the" pos="ART">the </w><w c5="AJ0" hw="great" pos="ADJ">Great </w><w c5="NN1" hw="exhibition" pos="SUBST">Exhibition </w><w c5="PRP" hw="in" pos="PREP">in </w><w c5="CRD" hw="1851" pos="ADJ">1851 </w><w c5="PRP" hw="as" pos="PREP">as </w><w c5="AT0" hw="the" pos="ART">the </w><w c5="NN1" hw="inspiration" pos="SUBST">inspiration </w><w c5="PRP" hw="for" pos="PREP">for </w><w c5="AJC" hw="late" pos="ADJ">later </w><w c5="NN2" hw="conservatory" pos="SUBST">conservatories </w><w c5="CJC" hw="and" pos="CONJ">and </w><c c5="PUQ">‘</c><w c5="AT0" hw="the" pos="ART">the </w><w c5="AJ0" hw="whole" pos="ADJ">whole </w><w c5="NN1" hw="future" pos="SUBST">future </w><w c5="PRF" hw="of" pos="PREP">of </w><w c5="AJ0-VVG" hw="growing" pos="ADJ">growing </w><w c5="NN2" hw="plant" pos="SUBST">plants </w><w c5="AV0" hw="indoors" pos="ADV">indoors</w><c c5="PUQ">’</c><c c5="PUN">.</c></s>
<s n="90"><w c5="AT0" hw="the" pos="ART">The </w><w c5="NN1" hw="revolution" pos="SUBST">revolution </w><w c5="PRP" hw="in" pos="PREP">in </w><w c5="NN2" hw="glasshouse" pos="SUBST">glasshouses </w><w c5="VHD" hw="have" pos="VERB">had </w><w c5="AV0" hw="surely" pos="ADV">surely </w><w c5="VVN" hw="start" pos="VERB">started </w><w c5="AV0" hw="rather" pos="ADV">rather </w><w c5="AV0" hw="early" pos="ADV">earlier </w><w c5="CJS" hw="than" pos="CONJ">than </w><w c5="DT0" hw="that" pos="ADJ">that </w><w c5="PRP" hw="with" pos="PREP">with </w><w c5="AT0" hw="the" pos="ART">the </w><w c5="AJ0-NN1" hw="radical" pos="ADJ">radical </w><w c5="NN1" hw="design" pos="SUBST">design </w><w c5="VVN" hw="build" pos="VERB">built </w><w c5="PRP" hw="in" pos="PREP">in </w><w c5="CRD" hw="1820" pos="ADJ">1820 </w><w c5="PRP" hw="by" pos="PREP">by </w><w c5="UNC" hw="w&amp;d" pos="UNC">W&amp;D </w><w c5="NN1-NP0" hw="bailey" pos="SUBST">Bailey </w><w c5="PRF" hw="of" pos="PREP">of </w><w c5="NP0" hw="holborn" pos="SUBST">Holborn </w><w c5="PRP" hw="for" pos="PREP">for </w><w c5="NP0" hw="lady" pos="SUBST">Lady </w><w c5="NP0" hw="rolle" pos="SUBST">Rolle </w><w c5="PRP" hw="at" pos="PREP">at </w><w c5="NP0" hw="bicton" pos="SUBST">Bicton </w><w c5="PRP" hw="in" pos="PREP">in </w><w c5="NP0" hw="devon" pos="SUBST">Devon</w><c c5="PUN">.</c></s>
<s n="91"><w c5="CJC" hw="but" pos="CONJ">But </w><w c5="DT0" hw="these" pos="ADJ">these </w><w c5="VBB" hw="be" pos="VERB">are </w><w c5="NN2" hw="quibble" pos="SUBST">quibbles</w><c c5="PUN">, </c><w c5="CJC" hw="and" pos="CONJ">and </w><w c5="PRP" hw="in" pos="PREP">in </w><w c5="AT0" hw="no" pos="ART">no </w><w c5="NN1" hw="way" pos="SUBST">way </w><w c5="VVB" hw="detract" pos="VERB">detract </w><w c5="PRP" hw="from" pos="PREP">from </w><w c5="NP0" hw="jane" pos="SUBST">Jane </w><w c5="NP0" hw="brown" pos="SUBST">Brown</w><w c5="POS" hw="'s" pos="UNC">'s </w><w c5="NN1" hw="achievement" pos="SUBST">achievement</w><c c5="PUN">.</c></s>
<s n="92"><w c5="DT0" hw="this" pos="ADJ">This </w><w c5="VBZ" hw="be" pos="VERB">is </w><w c5="AT0" hw="a" pos="ART">a </w><w c5="AJ0" hw="fascinating" pos="ADJ">fascinating </w><w c5="NN1" hw="book" pos="SUBST">book</w><c c5="PUN">.</c></s></p></div></wtext></bncDoc>
