<bncDoc xml:id="A3H"><teiHeader><fileDesc><titleStmt><title>  Independent, electronic edition of 1989-10-07: Listings section. Sample containing about 1321 words from a periodical (domain: arts) </title><respStmt><resp> Data capture and transcription </resp><name> Oxford University Press </name> </respStmt></titleStmt><editionStmt><edition>BNC XML Edition, December 2006</edition></editionStmt><extent> 1321 tokens; 1333 w-units; 97 s-units </extent><publicationStmt><distributor>Distributed under licence by Oxford University Computing Services on behalf of the BNC Consortium.</distributor><availability> This material is protected by international copyright laws and may not be copied or redistributed in any way. Consult the BNC Web Site at http://www.natcorp.ox.ac.uk for full licencing and distribution conditions.</availability><idno type="bnc">A3H</idno><idno type="old"> IfList </idno></publicationStmt><sourceDesc><bibl><title>Independent, electronic edition of 1989-10-07: Listings section.</title> <imprint n="NEWSPA2"><publisher>Newspaper Publishing plc</publisher> <pubPlace>London</pubPlace> <date value="1989">1989</date> </imprint> </bibl></sourceDesc></fileDesc><encodingDesc><tagsDecl><namespace name=""><tagUsage gi="c" occurs="260"/><tagUsage gi="div" occurs="4"/><tagUsage gi="head" occurs="8"/><tagUsage gi="mw" occurs="6"/><tagUsage gi="p" occurs="27"/><tagUsage gi="s" occurs="97"/><tagUsage gi="w" occurs="1333"/></namespace></tagsDecl></encodingDesc><profileDesc><creation date="1989"> </creation><textClass><catRef targets="WRI ALLTIM3 ALLAVA2 ALLTYP3 WRIAAG0 WRIAD0 WRIASE0 WRIATY2 WRIAUD3 WRIDOM7 WRILEV2 WRIMED2 WRIPP5 WRISAM0 WRISTA3 WRITAS3"/><classCode scheme="DLEE">W newsp brdsht nat: arts</classCode><keywords><term> (none) </term></keywords></textClass></profileDesc><revisionDesc><change date="2006-10-21" who="#OUCS">Tag usage updated for BNC-XML</change><change date="2000-12-13" who="#OUCS">Last check for BNC World first release</change><change date="2000-09-06" who="#OUCS">Redo tagusage tables</change><change date="2000-09-01" who="#OUCS">Check all tagcounts</change><change date="2000-06-23" who="#OUCS">Resequenced s-units and added headers</change><change date="2000-01-21" who="#OUCS">Added date info</change><change date="2000-01-09" who="#OUCS">Updated all catrefs</change><change date="2000-01-08" who="#OUCS">Updated source title</change><change date="2000-01-08" who="#OUCS">Updated titles</change><change date="1999-12-25" who="#OUCS">corrected tagUsage</change><change date="1999-09-13" who="#UCREL">POS codes revised for BNC-2; header updated</change><change date="1994-11-24" who="#dominic">Initial accession to corpus</change></revisionDesc></teiHeader>
<wtext type="NEWS"><div level="1" n="891007 edition -- Weekend Listings Page 56"><head type="MAIN">
<s n="1"><w c5="AJ0" hw="critical" pos="ADJ">Critical </w><w c5="NN1" hw="review" pos="SUBST">Review </w><w c5="PRF" hw="of" pos="PREP">of </w><w c5="AT0" hw="the" pos="ART">the </w><w c5="NN1" hw="week" pos="SUBST">Week</w><c c5="PUN">: </c><w c5="NN1" hw="theatre" pos="SUBST">Theatre</w></s></head><head type="BYLINE">
<s n="2"><w c5="PRP" hw="by" pos="PREP">By </w><w c5="NP0" hw="andrew" pos="SUBST">ANDREW </w><w c5="NP0" hw="brown" pos="SUBST">BROWN</w></s></head><p>
<s n="3"><w c5="NP0" hw="jean" pos="SUBST">Jean </w><w c5="NP0" hw="poiret" pos="SUBST">Poiret</w><c c5="PUN">, </c><w c5="AT0" hw="the" pos="ART">the </w><w c5="NN1" hw="author" pos="SUBST">author </w><w c5="PRF" hw="of" pos="PREP">of </w><w c5="NP0" hw="la" pos="SUBST">La </w><w c5="NP0" hw="cage" pos="SUBST">Cage </w><w c5="UNC" hw="aux" pos="UNC">Aux </w><w c5="NN2" hw="folle" pos="SUBST">Folles</w><c c5="PUN">, </c><w c5="VVD" hw="come" pos="VERB">came </w><w c5="PRP" hw="to" pos="PREP">to </w><w c5="AT0" hw="the" pos="ART">the </w><w c5="NP0" hw="west" pos="SUBST">West </w><w c5="NP0" hw="end" pos="SUBST">End </w><w c5="DT0" hw="this" pos="ADJ">this </w><w c5="NN1" hw="week" pos="SUBST">week </w><w c5="PRP" hw="with" pos="PREP">with </w><w c5="NP0" hw="paris" pos="SUBST">Paris </w><w c5="NN1-VVB" hw="match" pos="SUBST">Match</w><c c5="PUN">.</c></s>
<s n="4"><w c5="NP0" hw="sian" pos="SUBST">Sian </w><w c5="NP0" hw="phillips" pos="SUBST">Phillips</w><c c5="PUN">, </c><w c5="NP0" hw="stephen" pos="SUBST">Stephen </w><w c5="NP0" hw="moore" pos="SUBST">Moore </w><w c5="CJC" hw="and" pos="CONJ">and </w><w c5="NP0" hw="lesley" pos="SUBST">Lesley </w><w c5="NP0" hw="ash" pos="SUBST">Ash </w><w c5="VDD" hw="do" pos="VERB">did </w><w c5="DPS" hw="they" pos="PRON">their </w><w c5="AJS" hw="good" pos="ADJ">best</w><c c5="PUN">, </c><w c5="CJC" hw="but" pos="CONJ">but </w><w c5="PRP" hw="to" pos="PREP">to </w><w c5="AJ0" hw="little" pos="ADJ">little </w><w c5="NN1-VVB" hw="avail" pos="SUBST">avail</w><c c5="PUN">.</c></s></p><p>
<s n="5"><c c5="PUQ">‘</c><w c5="PNP" hw="they" pos="PRON">They </w><w c5="VVD" hw="award" pos="VERB">awarded </w><w c5="PNP" hw="i" pos="PRON">me </w><w c5="AT0" hw="a" pos="ART">a </w><w c5="NN1" hw="seat" pos="SUBST">seat </w><w c5="PRP" hw="behind" pos="PREP">behind </w><w c5="AT0" hw="a" pos="ART">a </w><w c5="NN1" hw="pillar" pos="SUBST">pillar </w><w c5="PRP" hw="for" pos="PREP">for </w><w c5="DT0" hw="this" pos="ADJ">this </w><w c5="AJ0-NN1" hw="french" pos="ADJ">French </w><w c5="NN1" hw="farce" pos="SUBST">farce</w><c c5="PUN">, </c><w c5="CJC" hw="but" pos="CONJ">but </w><w c5="AV0" hw="foolishly" pos="ADV">foolishly </w><w c5="PNP" hw="i" pos="PRON">I </w><w c5="VVD" hw="move" pos="VERB">moved </w><w c5="PRP" hw="to" pos="PREP">to </w><w c5="AT0" hw="a" pos="ART">a </w><w c5="NN1" hw="place" pos="SUBST">place </w><w c5="AVQ" hw="where" pos="ADV">where </w><w c5="PNP" hw="i" pos="PRON">I </w><w c5="VHD" hw="have" pos="VERB">had </w><w c5="AT0" hw="a" pos="ART">a </w><w c5="AJ0" hw="full" pos="ADJ">full </w><w c5="NN1" hw="view" pos="SUBST">view </w><w c5="PRF" hw="of" pos="PREP">of </w><w c5="AT0" hw="the" pos="ART">the </w><w c5="NN1" hw="stage" pos="SUBST">stage</w><c c5="PUN">.</c></s>
<s n="6"><w c5="PNP" hw="i" pos="PRON">I </w><w c5="VVB" hw="say" pos="VERB">say </w><w c5="AV0" hw="foolishly" pos="ADV">foolishly </w><w c5="CJS" hw="because" pos="CONJ">because </w><c c5="PUL">(</c><w c5="PNP" hw="it" pos="PRON">it</w><c c5="PUR">) </c><w c5="VVZ" hw="grow" pos="VERB">grows </w><w c5="AJC" hw="bad" pos="ADJ">worse </w><w c5="AT0" hw="the" pos="ART">the </w><w c5="AV0" hw="more" pos="ADV">more </w><w c5="PNP" hw="you" pos="PRON">you </w><w c5="VVB" hw="see" pos="VERB">see </w><w c5="PRF" hw="of" pos="PREP">of </w><w c5="PNP" hw="it" pos="PRON">it</w><c c5="PUN">…</c></s>
<s n="7"><w c5="NP0" hw="miss" pos="SUBST">Miss </w><w c5="NP0" hw="phillips" pos="SUBST">Phillips</w><w c5="POS" hw="'s" pos="UNC">'s </w><w c5="NN1" hw="performance" pos="SUBST">performance </w><w c5="VBZ" hw="be" pos="VERB">is </w><w c5="AV0" hw="really" pos="ADV">really </w><w c5="AT0" hw="a" pos="ART">a </w><w c5="NN0" hw="series" pos="SUBST">series </w><w c5="PRF" hw="of" pos="PREP">of </w><w c5="AJ0" hw="inappropriate" pos="ADJ">inappropriate </w><w c5="NN2" hw="costume" pos="SUBST">costumes </w><w c5="PRP" hw="by" pos="PREP">by </w><w c5="NP0" hw="pierre" pos="SUBST">Pierre </w><w c5="NP0" hw="balmain" pos="SUBST">Balmain </w><w c5="CJC" hw="and" pos="CONJ">and </w><w c5="AT0" hw="the" pos="ART">the </w><w c5="NN1" hw="actress" pos="SUBST">actress </w><w c5="VVZ" hw="waft" pos="VERB">wafts </w><w c5="AVP" hw="around" pos="ADV">around </w><w c5="PRP" hw="in" pos="PREP">in </w><w c5="AT0" hw="a" pos="ART">a </w><w c5="AJ0" hw="lilac" pos="ADJ">lilac </w><w c5="NN1" hw="voile" pos="SUBST">voile </w><w c5="NN1" hw="morning" pos="SUBST">morning </w><w c5="NN1" hw="trousers" pos="SUBST">trouser </w><w c5="NN1-VVB" hw="suit" pos="SUBST">suit</w><c c5="PUN">, </c><w c5="AT0" hw="a" pos="ART">a </w><w c5="AJ0" hw="black" pos="ADJ">black </w><w c5="NN1" hw="cocktail" pos="SUBST">cocktail </w><w c5="NN1" hw="number" pos="SUBST">number</w><c c5="PUN">, </c><w c5="VVZ" hw="dress" pos="VERB">dresses </w><w c5="AVP" hw="up" pos="ADV">up </w><w c5="TO0" hw="to" pos="PREP">to </w><w c5="VVI" hw="resemble" pos="VERB">resemble </w><w c5="AT0" hw="a" pos="ART">a </w><w c5="NN1" hw="wasp" pos="SUBST">wasp </w><w c5="CJC" hw="and" pos="CONJ">and </w><w c5="VVZ-NN2" hw="dress" pos="VERB">dresses </w><w c5="AVP" hw="down" pos="ADV">down </w><w c5="PRP" hw="in" pos="PREP">in </w><w c5="AT0" hw="a" pos="ART">a </w><w c5="NN1" hw="riot" pos="SUBST">riot </w><w c5="PRF" hw="of" pos="PREP">of </w><w c5="NN1" hw="patchwork" pos="SUBST">patchwork </w><w c5="NN0" hw="heliotrope" pos="SUBST">heliotrope</w><c c5="PUN">, </c><w c5="NN1-AJ0" hw="orange" pos="SUBST">orange</w><c c5="PUN">, </c><w c5="AJ0" hw="purple" pos="ADJ">purple</w><c c5="PUN">, </c><w c5="AJ0" hw="blue" pos="ADJ">blue </w><w c5="CJC" hw="and" pos="CONJ">and </w><w c5="AJ0-NN1" hw="green" pos="ADJ">green</w><c c5="PUN">.</c></s>
<s n="8"><w c5="PNP" hw="it" pos="PRON">It </w><w c5="VBZ" hw="be" pos="VERB">is </w><mw c5="CJS"><w c5="PRP" hw="as" pos="PREP">as </w><w c5="CJS" hw="if" pos="CONJ">if </w></mw><w c5="DPS" hw="she" pos="PRON">her </w><w c5="NN2" hw="costume" pos="SUBST">costumes </w><w c5="VBD" hw="be" pos="VERB">were </w><w c5="AT0" hw="the" pos="ART">the </w><w c5="NN2" hw="reason" pos="SUBST">reasons </w><w c5="PRP" hw="for" pos="PREP">for </w><w c5="DPS" hw="she" pos="PRON">her </w><w c5="VBG" hw="be" pos="VERB">being </w><w c5="AV0" hw="there" pos="ADV">there</w><c c5="PUN">.</c></s>
<s n="9"><w c5="AV0" hw="perhaps" pos="ADV">Perhaps </w><w c5="PNP" hw="they" pos="PRON">they </w><w c5="VBD" hw="be" pos="VERB">were</w><c c5="PUN">.</c><c c5="PUQ">’</c></s>
<s n="10"><w c5="NP0" hw="nicholas" pos="SUBST">Nicholas </w><w c5="NP0" hw="de" pos="SUBST">De </w><w c5="NP0" hw="jongh" pos="SUBST">Jongh</w><c c5="PUN">, </c><w c5="AT0" hw="the" pos="ART">The </w><w c5="NN1" hw="guardian" pos="SUBST">Guardian</w><c c5="PUN">.</c></s></p><p>
<s n="11"><c c5="PUQ">‘</c><w c5="PRP" hw="in" pos="PREP">In </w><w c5="AT0" hw="the" pos="ART">the </w><w c5="NN1" hw="course" pos="SUBST">course </w><w c5="PRF" hw="of" pos="PREP">of </w><w c5="AT0" hw="a" pos="ART">a </w><w c5="AJ0" hw="long" pos="ADJ">long </w><w c5="CJC" hw="and" pos="CONJ">and </w><w c5="AJ0" hw="misspent" pos="ADJ">misspent </w><w c5="NN1" hw="career" pos="SUBST">career</w><c c5="PUN">, </c><w c5="PNP" hw="i" pos="PRON">I </w><w c5="VHB" hw="have" pos="VERB">have </w><w c5="AV0" hw="probably" pos="ADV">probably </w><w c5="VVN" hw="see" pos="VERB">seen </w><w c5="AV0" hw="less" pos="ADV">less </w><w c5="AJ0" hw="amusing" pos="ADJ">amusing </w><w c5="NN2" hw="comedy" pos="SUBST">comedies </w><w c5="CJS" hw="than" pos="CONJ">than </w><w c5="DT0" hw="this" pos="ADJ">this </w><w c5="CJC" hw="but" pos="CONJ">but</w><c c5="PUN">, </c><w c5="CJS" hw="if" pos="CONJ">if </w><w c5="AV0" hw="so" pos="ADV">so</w><c c5="PUN">, </c><w c5="PNP" hw="i" pos="PRON">I </w><w c5="VM0" hw="can" pos="VERB">can</w><w c5="XX0" hw="not" pos="ADV">not </w><mw c5="AV0"><w c5="PRP" hw="at" pos="PREP">at </w><w c5="NN1" hw="present" pos="SUBST">present </w></mw><w c5="VVI" hw="call" pos="VERB">call </w><w c5="DT0" hw="any" pos="ADJ">any </w><w c5="PRF" hw="of" pos="PREP">of </w><w c5="PNP" hw="they" pos="PRON">them </w><w c5="TO0" hw="to" pos="PREP">to </w><w c5="VVI" hw="mind" pos="VERB">mind</w><c c5="PUN">.</c><c c5="PUQ">’</c></s>
<s n="12"><w c5="NP0" hw="charles" pos="SUBST">Charles </w><w c5="NP0" hw="osborne" pos="SUBST">Osborne</w><c c5="PUN">, </c><w c5="AJ0" hw="daily" pos="ADJ">Daily </w><w c5="NN1" hw="telegraph" pos="SUBST">Telegraph</w><c c5="PUN">.</c></s></p><p>
<s n="13"><c c5="PUQ">‘</c><w c5="DT0" hw="those" pos="ADJ">Those </w><w c5="PRF" hw="of" pos="PREP">of </w><w c5="DPS" hw="i" pos="PRON">my </w><w c5="NN2" hw="colleague" pos="SUBST">colleagues </w><w c5="CJC" hw="and" pos="CONJ">and </w><w c5="AJ0" hw="fellow" pos="ADJ">fellow </w><w c5="NN2" hw="theatregoer" pos="SUBST">theatregoers </w><w c5="PNQ" hw="who" pos="PRON">who </w><w c5="AV0" hw="constantly" pos="ADV">constantly </w><w c5="VVB" hw="compare" pos="VERB">compare </w><w c5="AJ0" hw="british" pos="ADJ">British </w><w c5="NN1" hw="theatre" pos="SUBST">theatre </w><w c5="AV0" hw="unfavourably" pos="ADV">unfavourably </w><w c5="PRP" hw="with" pos="PREP">with </w><w c5="AT0" hw="the" pos="ART">the </w><w c5="NN1" hw="depth" pos="SUBST">depth</w><c c5="PUN">, </c><w c5="NN1" hw="vitality" pos="SUBST">vitality </w><w c5="CJC" hw="and" pos="CONJ">and </w><w c5="NN1" hw="style" pos="SUBST">style </w><w c5="PRF" hw="of" pos="PREP">of </w><w c5="PRF" hw="of" pos="PREP">of </w><w c5="AT0" hw="the" pos="ART">the </w><w c5="AJ0" hw="european" pos="ADJ">European </w><w c5="NN1" hw="stage" pos="SUBST">stage </w><w c5="VM0" hw="should" pos="VERB">should </w><w c5="VVI" hw="cop" pos="VERB">cop </w><w c5="AT0" hw="a" pos="ART">a </w><w c5="NN1" hw="load" pos="SUBST">load </w><w c5="PRF" hw="of" pos="PREP">of </w><w c5="DT0" hw="this" pos="ADJ">this</w><c c5="PUN">.</c><c c5="PUQ">’</c></s>
<s n="14"><w c5="NP0" hw="martin" pos="SUBST">Martin </w><w c5="NP0" hw="hoyle" pos="SUBST">Hoyle</w><c c5="PUN">, </c><w c5="NN0" hw="ft" pos="SUBST">FT</w><c c5="PUN">.</c></s></p></div><div level="1" n="891007 edition -- Weekend Listings Page 56"><head type="MAIN">
<s n="15"><w c5="AJ0" hw="critical" pos="ADJ">Critical </w><w c5="NN1" hw="review" pos="SUBST">Review </w><w c5="PRF" hw="of" pos="PREP">of </w><w c5="AT0" hw="the" pos="ART">the </w><w c5="NN1" hw="week" pos="SUBST">Week</w><c c5="PUN">: </c><w c5="NN1" hw="film" pos="SUBST">Film</w></s></head><head type="BYLINE">
<s n="16"><w c5="PRP" hw="by" pos="PREP">By </w><w c5="NP0" hw="andrew" pos="SUBST">ANDREW </w><w c5="NP0" hw="brown" pos="SUBST">BROWN</w></s></head><p>
<s n="17"><w c5="VM0" hw="could" pos="VERB">Could </w><w c5="AT0" hw="the" pos="ART">the </w><w c5="NP0" hw="kenneth" pos="SUBST">Kenneth </w><w c5="NP0" hw="branagh" pos="SUBST">Branagh </w><w c5="NN1" hw="backlash" pos="SUBST">backlash </w><w c5="VBI" hw="be" pos="VERB">be </w><w c5="VVG" hw="begin" pos="VERB">beginning</w><c c5="PUN">?</c></s>
<s n="18"><w c5="AJ0" hw="critical" pos="ADJ">Critical </w><w c5="NN1" hw="response" pos="SUBST">response </w><w c5="PRP" hw="to" pos="PREP">to </w><w c5="AT0" hw="the" pos="ART">the </w><w c5="NN1" hw="actor-director" pos="SUBST">actor-director</w><w c5="POS" hw="'s" pos="UNC">'s </w><w c5="AJ0" hw="hugely-hyped" pos="ADJ">hugely-hyped </w><w c5="NP0" hw="henry" pos="SUBST">Henry </w><w c5="CRD" hw="v" pos="ADJ">V </w><w c5="VBD" hw="be" pos="VERB">was </w><w c5="AV0" hw="distinctly" pos="ADV">distinctly </w><w c5="VVN" hw="mix" pos="VERB">mixed</w><c c5="PUN">.</c></s></p><p>
<s n="19"><c c5="PUQ">‘</c><w c5="NP0" hw="saddest" pos="SUBST">Saddest </w><w c5="NN1" hw="disappointment" pos="SUBST">disappointment </w><w c5="VBZ" hw="be" pos="VERB">is </w><w c5="NP0" hw="branagh" pos="SUBST">Branagh </w><w c5="PNX" hw="himself" pos="PRON">himself </w><c c5="PUL">(</c><w c5="PNQ" hw="who" pos="PRON">who</w><c c5="PUR">) </c><w c5="VVZ" hw="prove" pos="VERB">proves </w><w c5="AT0" hw="a" pos="ART">a </w><w c5="AV0" hw="curiously" pos="ADV">curiously </w><w c5="AJ0" hw="anodyne" pos="ADJ">anodyne </w><w c5="NN1" hw="screen" pos="SUBST">screen </w><w c5="NN1" hw="presence" pos="SUBST">presence</w><c c5="PUN">.</c></s>
<s n="20"><w c5="NN1-AJ0" hw="blond-mopped" pos="SUBST">Blond-mopped </w><w c5="CJC" hw="and" pos="CONJ">and </w><w c5="NN1-AJ0" hw="doughty-featured" pos="SUBST">doughty-featured</w><c c5="PUN">, </c><w c5="PNP" hw="he" pos="PRON">he </w><w c5="VVZ" hw="resemble" pos="VERB">resembles </w><c c5="PUN">— </c><w c5="NN1" hw="nature" pos="SUBST">Nature</w><w c5="POS" hw="'s" pos="UNC">'s </w><w c5="NN1" hw="fault" pos="SUBST">fault </w><w c5="XX0" hw="not" pos="ADV">not </w><w c5="PNP" hw="his" pos="PRON">his</w><c c5="PUN">, </c><w c5="CJC" hw="but" pos="CONJ">but </w><w c5="PNI" hw="one" pos="PRON">one </w><w c5="VVN" hw="magnify" pos="VERB">magnified </w><w c5="PRP" hw="on" pos="PREP">on </w><w c5="NN1" hw="screen" pos="SUBST">screen </w><c c5="PUN">— </c><w c5="AT0" hw="a" pos="ART">a </w><w c5="NN1" hw="schoolboy" pos="SUBST">schoolboy </w><w c5="PNQ" hw="who" pos="PRON">who </w><w c5="VHZ" hw="have" pos="VERB">has </w><w c5="VVN" hw="eat" pos="VERB">eaten </w><w c5="AV0" hw="too" pos="ADV">too </w><w c5="DT0" hw="many" pos="ADJ">many </w><w c5="NN2" hw="bun" pos="SUBST">buns </w><w c5="PRP" hw="during" pos="PREP">during </w><w c5="AT0" hw="the" pos="ART">the </w><w c5="AJ0-NN1" hw="tuck-box" pos="ADJ">tuck-box </w><w c5="NN1" hw="break" pos="SUBST">break</w><c c5="PUN">.</c></s>
<s n="21"><w c5="VVN-AJ0" hw="shear" pos="VERB">Shorn </w><w c5="PRF" hw="of" pos="PREP">of </w><w c5="NP0" hw="oliver" pos="SUBST">Oliver</w><w c5="POS" hw="'s" pos="UNC">'s </w><w c5="AJ0" hw="physical" pos="ADJ">physical </w><w c5="NN1" hw="charisma" pos="SUBST">charisma </w><w c5="CJC" hw="and" pos="CONJ">and </w><w c5="NN2" hw="reserve" pos="SUBST">reserves </w><w c5="PRF" hw="of" pos="PREP">of </w><w c5="AJ0" hw="sullen" pos="ADJ">sullen</w><c c5="PUN">, </c><w c5="AJ0-VVG" hw="glowing" pos="ADJ">glowing </w><w c5="NN1" hw="mystery" pos="SUBST">mystery</w><c c5="PUN">, </c><w c5="NP0" hw="branagh" pos="SUBST">Branagh </w><w c5="VVZ" hw="try" pos="VERB">tries </w><w c5="TO0" hw="to" pos="PREP">to </w><w c5="VVI" hw="compensate" pos="VERB">compensate </w><w c5="PRP" hw="with" pos="PREP">with </w><w c5="AT0" hw="a" pos="ART">a </w><w c5="AJ0" hw="pugnacious" pos="ADJ">pugnacious </w><w c5="NN1" hw="modernism" pos="SUBST">modernism</w><c c5="PUN">.</c></s>
<s n="22"><w c5="CJC" hw="but" pos="CONJ">But </w><w c5="DT0" hw="all" pos="ADJ">all </w><w c5="PNI" hw="one" pos="PRON">one </w><w c5="VVZ" hw="feel" pos="VERB">feels </w><w c5="VBZ" hw="be" pos="VERB">is </w><w c5="AT0" hw="a" pos="ART">a </w><w c5="AJ0" hw="talented" pos="ADJ">talented </w><w c5="NN1" hw="adjunct" pos="SUBST">adjunct </w><w c5="AV0" hw="desperately" pos="ADV">desperately </w><w c5="VVG" hw="grab" pos="VERB">grabbing </w><w c5="PRP" hw="at" pos="PREP">at </w><w c5="NN1" hw="officer" pos="SUBST">officer </w><w c5="NN1" hw="status" pos="SUBST">status</w><c c5="PUN">.</c><c c5="PUQ">’</c></s>
<s n="23"><w c5="NP0" hw="nigel" pos="SUBST">Nigel </w><w c5="NP0" hw="andrews" pos="SUBST">Andrews</w><c c5="PUN">, </c><w c5="AJ0" hw="financial" pos="ADJ">Financial </w><w c5="NN2" hw="time" pos="SUBST">Times</w><c c5="PUN">.</c></s></p><p>
<s n="24"><c c5="PUQ">‘</c><mw c5="PRP"><w c5="PRP" hw="in" pos="PREP">In </w><w c5="NN2" hw="term" pos="SUBST">terms </w><w c5="PRF" hw="of" pos="PREP">of </w></mw><w c5="NN1" hw="performance" pos="SUBST">performance </w><w c5="AT0" hw="the" pos="ART">the </w><w c5="NN1" hw="film" pos="SUBST">film </w><w c5="VBZ" hw="be" pos="VERB">is </w><w c5="AJ0" hw="praiseworthy" pos="ADJ">praiseworthy</w><c c5="PUN">, </c><w c5="PRP" hw="with" pos="PREP">with </w><w c5="AT0" hw="a" pos="ART">a </w><w c5="AJ0" hw="consistent" pos="ADJ">consistent</w><c c5="PUN">, </c><w c5="AJ0" hw="naturalistic" pos="ADJ">naturalistic</w><c c5="PUN">, </c><w c5="AJ0" hw="undeclamatory" pos="ADJ">undeclamatory </w><w c5="NN1" hw="style" pos="SUBST">style </w><w c5="CJT-DT0" hw="that" pos="CONJ">that </w><w c5="AV0" hw="still" pos="ADV">still </w><w c5="VVZ" hw="respect" pos="VERB">respects </w><w c5="AT0" hw="the" pos="ART">the </w><w c5="NN1" hw="poetry" pos="SUBST">poetry</w><c c5="PUN">…</c></s>
<s n="25"><w c5="NP0" hw="kenneth" pos="SUBST">Kenneth </w><w c5="NP0" hw="branagh" pos="SUBST">Branagh</w><w c5="POS" hw="'s" pos="UNC">'s </w><w c5="DT0" hw="own" pos="ADJ">own </w><w c5="NN1" hw="performance" pos="SUBST">performance </w><c c5="PUN">— </c><w c5="AJ0" hw="correct" pos="ADJ">correct</w><c c5="PUN">, </c><w c5="AJ0" hw="passionless" pos="ADJ">passionless</w><c c5="PUN">, </c><w c5="DT0" hw="all" pos="ADJ">all </w><w c5="NN1" hw="intelligence" pos="SUBST">intelligence </w><c c5="PUN">-</c><w c5="VM0" hw="will" pos="VERB">will </w><w c5="VBI" hw="be" pos="VERB">be </w><w c5="AV0" hw="entirely" pos="ADV">entirely </w><w c5="AT0" hw="a" pos="ART">a </w><w c5="NN1" hw="matter" pos="SUBST">matter </w><w c5="PRF" hw="of" pos="PREP">of </w><w c5="NN1" hw="taste" pos="SUBST">taste</w><c c5="PUN">.</c><c c5="PUQ">’</c></s>
<s n="26"><w c5="NP0" hw="david" pos="SUBST">David </w><w c5="NP0" hw="robinson" pos="SUBST">Robinson</w><c c5="PUN">, </c><w c5="AT0" hw="the" pos="ART">The </w><w c5="NN2" hw="time" pos="SUBST">Times</w><c c5="PUN">.</c></s></p><p>
<s n="27"><c c5="PUQ">‘</c><w c5="DT0" hw="this" pos="ADJ">This </w><w c5="NP0" hw="henry" pos="SUBST">Henry </w><w c5="CRD" hw="v" pos="ADJ">V </w><w c5="VBZ" hw="be" pos="VERB">is </w><w c5="AT0" hw="an" pos="ART">an </w><w c5="NN1" hw="achievement" pos="SUBST">achievement </w><w c5="PRF" hw="of" pos="PREP">of </w><w c5="DT0" hw="some" pos="ADJ">some </w><w c5="NN1" hw="character" pos="SUBST">character </w><w c5="CJC" hw="and" pos="CONJ">and </w><w c5="NN1-VVB" hw="resource" pos="SUBST">resource</w><c c5="PUN">, </c><w c5="NN2" hw="wart" pos="SUBST">warts </w><w c5="CJC" hw="and" pos="CONJ">and </w><w c5="DT0" hw="all" pos="ADJ">all</w><c c5="PUN">.</c></s>
<s n="28"><w c5="PNP" hw="it" pos="PRON">It </w><w c5="VVZ" hw="deserve" pos="VERB">deserves </w><w c5="PNI" hw="anybody" pos="PRON">anybody</w><w c5="POS" hw="'s" pos="UNC">'s </w><w c5="NN1" hw="attention" pos="SUBST">attention</w><c c5="PUN">.</c><c c5="PUQ">’</c></s>
<s n="29"><w c5="NP0" hw="derek" pos="SUBST">Derek </w><w c5="NP0" hw="malcolm" pos="SUBST">Malcolm</w><c c5="PUN">, </c><w c5="AT0" hw="the" pos="ART">The </w><w c5="NN1" hw="guardian" pos="SUBST">Guardian</w><c c5="PUN">.</c></s></p><p>
<s n="30"><c c5="PUQ">‘</c><w c5="NP0" hw="henry" pos="SUBST">Henry </w><w c5="CRD" hw="v" pos="ADJ">V </w><w c5="NN2-VVZ" hw="offer" pos="SUBST">offers </w><c c5="PUL">(</c><w c5="NP0" hw="branagh" pos="SUBST">Branagh</w><c c5="PUR">)</c><c c5="PUN">, </c><w c5="AV0" hw="well" pos="ADV">better </w><w c5="CJS" hw="than" pos="CONJ">than </w><w c5="DT0" hw="any" pos="ADJ">any </w><w c5="AJ0" hw="other" pos="ADJ">other </w><w c5="NN1" hw="play" pos="SUBST">play </w><w c5="PRP" hw="in" pos="PREP">in </w><w c5="AT0" hw="the" pos="ART">the </w><w c5="NN1" hw="repertoire" pos="SUBST">repertoire</w><c c5="PUN">, </c><w c5="DTQ" hw="what" pos="PRON">what </w><w c5="VM0" hw="might" pos="VERB">might </w><w c5="VBI" hw="be" pos="VERB">be </w><w c5="VVN" hw="call" pos="VERB">called </w><w c5="AT0" hw="a" pos="ART">a </w><w c5="NN1" hw="yuppie" pos="SUBST">yuppie </w><w c5="NN1-AJ0" hw="dynamic" pos="SUBST">dynamic</w><c c5="PUN">, </c><w c5="AT0" hw="a" pos="ART">a </w><w c5="NN1" hw="mythology" pos="SUBST">mythology </w><w c5="PRF" hw="of" pos="PREP">of </w><w c5="NN1" hw="success" pos="SUBST">success </w><w c5="CJC" hw="and" pos="CONJ">and </w><w c5="NN1-AJ0" hw="self-definition" pos="SUBST">self-definition </w><mw c5="PRP"><w c5="AV0" hw="rather" pos="ADV">rather </w><w c5="CJS" hw="than" pos="CONJ">than </w></mw><w c5="PRF" hw="of" pos="PREP">of </w><w c5="NN1" hw="struggle" pos="SUBST">struggle</w><c c5="PUN">…</c></s>
<s n="31"><w c5="PNP" hw="it" pos="PRON">It </w><w c5="VBZ" hw="be" pos="VERB">is </w><w c5="AJ0" hw="fair" pos="ADJ">fair </w><w c5="TO0" hw="to" pos="PREP">to </w><w c5="VVI" hw="say" pos="VERB">say </w><w c5="CJT" hw="that" pos="CONJ">that </w><w c5="AT0" hw="the" pos="ART">the </w><w c5="AJ0" hw="real" pos="ADJ">real </w><w c5="NN1" hw="chemistry" pos="SUBST">chemistry </w><w c5="VBZ" hw="be" pos="VERB">is </w><w c5="XX0" hw="not" pos="ADV">not </w><w c5="PRP" hw="between" pos="PREP">between </w><w c5="NN1" hw="actor" pos="SUBST">actor </w><w c5="CJC" hw="and" pos="CONJ">and </w><w c5="NN1" hw="part" pos="SUBST">part</w><c c5="PUN">, </c><w c5="CJC" hw="but" pos="CONJ">but </w><w c5="PRP" hw="between" pos="PREP">between </w><w c5="AT0" hw="the" pos="ART">the </w><w c5="NN1" hw="idea" pos="SUBST">idea </w><w c5="PRF" hw="of" pos="PREP">of </w><w c5="AT0" hw="the" pos="ART">the </w><w c5="NN1" hw="star" pos="SUBST">star </w><w c5="CJS-PRP" hw="as" pos="CONJ">as </w><w c5="NN1" hw="entrepreneur" pos="SUBST">entrepreneur </w><w c5="CJC" hw="and" pos="CONJ">and </w><w c5="AT0" hw="the" pos="ART">the </w><w c5="NN1" hw="idea" pos="SUBST">idea </w><w c5="PRF" hw="of" pos="PREP">of </w><w c5="AT0" hw="the" pos="ART">the </w><w c5="NN1" hw="king" pos="SUBST">king </w><w c5="PRP" hw="as" pos="PREP">as </w><w c5="AT0" hw="a" pos="ART">a </w><w c5="AJ0" hw="self-made" pos="ADJ">self-made </w><w c5="NN1" hw="man" pos="SUBST">man</w><c c5="PUN">.</c><c c5="PUQ">’</c></s>
<s n="32"><w c5="NP0" hw="adam" pos="SUBST">Adam </w><w c5="NP0" hw="mars-jones" pos="SUBST">Mars-Jones</w><c c5="PUN">, </c><w c5="AT0" hw="the" pos="ART">The </w><w c5="NN1" hw="independent" pos="SUBST">Independent</w><c c5="PUN">.</c></s></p><p>
<s n="33"><w c5="AT0" hw="the" pos="ART">The </w><w c5="AJS" hw="good" pos="ADJ">best </w><w c5="NN1" hw="thing" pos="SUBST">thing </w><w c5="PRP" hw="about" pos="PREP">about </w><w c5="AJ0" hw="wired" pos="ADJ">Wired </w><w c5="VBD" hw="be" pos="VERB">was </w><w c5="NP0" hw="michael" pos="SUBST">Michael </w><w c5="NP0" hw="chiklis" pos="SUBST">Chiklis</w><w c5="POS" hw="'s" pos="UNC">'s </w><w c5="AJ0" hw="touching" pos="ADJ">touching </w><w c5="CJC" hw="and" pos="CONJ">and </w><w c5="AJ0" hw="convincing" pos="ADJ">convincing </w><w c5="NN1" hw="performance" pos="SUBST">performance </w><w c5="PRP" hw="in" pos="PREP">in </w><w c5="AT0" hw="the" pos="ART">the </w><w c5="AJ0" hw="central" pos="ADJ">central </w><w c5="NN1" hw="role" pos="SUBST">role </w><w c5="PRF" hw="of" pos="PREP">of </w><w c5="NP0" hw="john" pos="SUBST">John </w><w c5="NP0-NN1" hw="belushi" pos="SUBST">Belushi</w><c c5="PUN">.</c></s>
<s n="34"><w c5="AV0" hw="otherwise" pos="ADV">Otherwise</w><c c5="PUN">, </c><w c5="EX0" hw="there" pos="PRON">there </w><w c5="VVD" hw="seem" pos="VERB">seemed </w><w c5="DT0" hw="little" pos="ADJ">little </w><w c5="TO0" hw="to" pos="PREP">to </w><w c5="VVI" hw="commend" pos="VERB">commend </w><w c5="PNP" hw="it" pos="PRON">it</w><c c5="PUN">.</c></s></p><p>
<s n="35"><c c5="PUQ">‘</c><w c5="AT0" hw="the" pos="ART">The </w><w c5="AJ0" hw="filmic" pos="ADJ">filmic </w><w c5="NN1" hw="device" pos="SUBST">device </w><w c5="PRF" hw="of" pos="PREP">of </w><w c5="AT0" hw="a" pos="ART">a </w><w c5="AJ0" hw="discarnate" pos="ADJ">discarnate </w><w c5="NN1" hw="belushi" pos="SUBST">Belushi </w><w c5="VVG" hw="review" pos="VERB">reviewing </w><w c5="DPS" hw="he" pos="PRON">his </w><w c5="NN1" hw="life" pos="SUBST">life </w><w c5="VVZ" hw="allow" pos="VERB">allows </w><w c5="AT0" hw="the" pos="ART">the </w><w c5="AJ0" hw="dead" pos="ADJ">dead </w><w c5="NN1" hw="performer" pos="SUBST">performer </w><c c5="PUL">(</c><w c5="CJC" hw="and" pos="CONJ">and </w><w c5="NP0" hw="hollywood" pos="SUBST">Hollywood </w><w c5="AV0" hw="collectively" pos="ADV">collectively</w><c c5="PUR">) </c><w c5="AT0" hw="a" pos="ART">a </w><w c5="NN1" hw="right" pos="SUBST">right </w><w c5="PRF" hw="of" pos="PREP">of </w><w c5="NN1" hw="reply" pos="SUBST">reply</w><c c5="PUN">; </c><w c5="AV0" hw="unfortunately" pos="ADV">unfortunately </w><w c5="PNP" hw="it" pos="PRON">it </w><w c5="AV0" hw="also" pos="ADV">also </w><w c5="VVZ" hw="make" pos="VERB">makes </w><w c5="AT0" hw="the" pos="ART">the </w><w c5="NN1" hw="film" pos="SUBST">film </w><w c5="AJ0" hw="ludicrous" pos="ADJ">ludicrous</w><c c5="PUN">.</c><c c5="PUQ">’</c></s>
<s n="36"><w c5="NP0" hw="hugo" pos="SUBST">Hugo </w><w c5="NP0" hw="davenport" pos="SUBST">Davenport</w><c c5="PUN">, </c><w c5="AJ0" hw="daily" pos="ADJ">Daily </w><w c5="NN1" hw="telegraph" pos="SUBST">Telegraph</w><c c5="PUN">.</c></s></p><p>
<s n="37"><c c5="PUQ">‘</c><w c5="AV0" hw="well" pos="ADV">Better </w><w c5="CJS" hw="than" pos="CONJ">than </w><w c5="PNP" hw="it" pos="PRON">it </w><w c5="VM0" hw="might" pos="VERB">might </w><w c5="VBI" hw="be" pos="VERB">be</w><c c5="PUN">.</c></s>
<s n="38"><w c5="NP0" hw="michael" pos="SUBST">Michael </w><w c5="NP0-NN1" hw="chiklis" pos="SUBST">Chiklis </w><w c5="VBZ" hw="be" pos="VERB">is </w><w c5="AT0" hw="an" pos="ART">an </w><w c5="AJ0" hw="astounding" pos="ADJ">astounding </w><w c5="AJ0-NN1" hw="belushi" pos="ADJ">Belushi </w><w c5="NN1" hw="lookalike" pos="SUBST">lookalike</w><c c5="PUN">, </c><w c5="CJC" hw="and" pos="CONJ">and </w><w c5="AT0" hw="an" pos="ART">an </w><w c5="AJ0" hw="act-alike" pos="ADJ">act-alike </w><w c5="TO0" hw="to" pos="PREP">to </w><w c5="VVI" hw="match" pos="VERB">match</w><c c5="PUN">…</c></s>
<s n="39"><w c5="AT0" hw="the" pos="ART">The </w><w c5="NN1" hw="movie" pos="SUBST">movie</w><w c5="POS" hw="'s" pos="UNC">'s </w><w c5="AJ0" hw="only" pos="ADJ">only </w><w c5="NN1" hw="enemy" pos="SUBST">enemy </w><c c5="PUN">— </c><w c5="CJC" hw="but" pos="CONJ">but </w><w c5="AT0" hw="a" pos="ART">a </w><w c5="AJ0" hw="major" pos="ADJ">major </w><w c5="PNI" hw="one" pos="PRON">one </w><c c5="PUN">— </c><w c5="VBZ" hw="be" pos="VERB">is </w><w c5="DPS" hw="it" pos="PRON">its </w><w c5="NN1" hw="dialogue" pos="SUBST">dialogue</w><c c5="PUN">, </c><w c5="VVG" hw="oscillate" pos="VERB">oscillating </w><w c5="PRP" hw="between" pos="PREP">between </w><w c5="AT0" hw="the" pos="ART">the </w><w c5="AJ0" hw="pompous" pos="ADJ">pompous </w><w c5="CJC" hw="and" pos="CONJ">and </w><w c5="AT0" hw="the" pos="ART">the </w><w c5="NN1" hw="purple" pos="SUBST">purple</w><c c5="PUN">.</c><c c5="PUQ">’</c></s>
<s n="40"><w c5="NP0" hw="nigel" pos="SUBST">Nigel </w><w c5="NP0" hw="andrews" pos="SUBST">Andrews</w><c c5="PUN">, </c><w c5="AJ0" hw="financial" pos="ADJ">Financial </w><w c5="NN2" hw="time" pos="SUBST">Times</w><c c5="PUN">.</c></s></p><p>
<s n="41"><c c5="PUQ">‘</c><w c5="VVN-AJ0" hw="wire" pos="VERB">Wired </w><w c5="VVZ" hw="purport" pos="VERB">purports </w><w c5="TO0" hw="to" pos="PREP">to </w><w c5="VBI" hw="be" pos="VERB">be </w><w c5="PRP" hw="about" pos="PREP">about </w><w c5="NP0" hw="america" pos="SUBST">America </w><w c5="XX0" hw="not" pos="ADV">not </w><w c5="AV0" hw="just" pos="ADV">just </w><w c5="AJ0" hw="belushi" pos="ADJ">Belushi</w><c c5="PUN">, </c><w c5="CJC" hw="but" pos="CONJ">but </w><w c5="DT0" hw="this" pos="ADJ">this </w><w c5="VBZ" hw="be" pos="VERB">is </w><w c5="AJ0" hw="trite" pos="ADJ">trite </w><w c5="NN1" hw="stuff" pos="SUBST">stuff </w><w c5="PRP" hw="about" pos="PREP">about </w><w c5="NN1" hw="decadence" pos="SUBST">decadence </w><w c5="PRP" hw="in" pos="PREP">in </w><w c5="NP0" hw="tinseltown" pos="SUBST">Tinseltown</w><c c5="PUN">; </c><w c5="DTQ" hw="what" pos="PRON">what </w><w c5="PNP" hw="it" pos="PRON">it </w><w c5="VHZ" hw="have" pos="VERB">has </w><w c5="TO0" hw="to" pos="PREP">to </w><w c5="VVI" hw="say" pos="VERB">say </w><w c5="PRP" hw="about" pos="PREP">about </w><w c5="AT0" hw="the" pos="ART">the </w><w c5="NN1" hw="nation" pos="SUBST">nation </w><w c5="VBZ" hw="be" pos="VERB">is </w><w c5="AJ0" hw="nugatory" pos="ADJ">nugatory</w><c c5="PUN">.</c><c c5="PUQ">’</c></s>
<s n="42"><w c5="NP0" hw="sheila" pos="SUBST">Sheila </w><w c5="NP0" hw="johnston" pos="SUBST">Johnston</w><c c5="PUN">, </c><w c5="AT0" hw="the" pos="ART">The </w><w c5="NN1" hw="independent" pos="SUBST">Independent</w><c c5="PUN">.</c></s></p><p>
<s n="43"><w c5="AT0" hw="the" pos="ART">The </w><w c5="NN1" hw="week" pos="SUBST">week</w><w c5="POS" hw="'s" pos="UNC">'s </w><w c5="NN1" hw="oddity" pos="SUBST">oddity </w><w c5="VBD" hw="be" pos="VERB">was </w><w c5="NP0" hw="ariel" pos="SUBST">Ariel</w><c c5="PUN">, </c><w c5="AT0" hw="a" pos="ART">a </w><w c5="AJ0" hw="finnish" pos="ADJ">Finnish </w><w c5="NN1" hw="road" pos="SUBST">road </w><w c5="NN1" hw="movie" pos="SUBST">movie </w><w c5="VVN" hw="direct" pos="VERB">directed </w><w c5="PRP" hw="by" pos="PREP">by </w><w c5="NP0" hw="aki" pos="SUBST">Aki </w><w c5="NP0-NN1" hw="kaurismaki" pos="SUBST">Kaurismaki</w><c c5="PUN">.</c></s></p><p>
<s n="44"><c c5="PUQ">‘</c><w c5="AT0" hw="the" pos="ART">The </w><w c5="NN1" hw="week" pos="SUBST">week</w><w c5="POS" hw="'s" pos="UNC">'s </w><w c5="AJ0" hw="pleasant" pos="ADJ">pleasant </w><w c5="NN1" hw="surprise" pos="SUBST">surprise</w><c c5="PUN">…</c></s>
<s n="45"><w c5="NN1-AJ0" hw="dark" pos="SUBST">Dark</w><c c5="PUN">, </c><w c5="AJ0-NN1" hw="comic" pos="ADJ">comic </w><w c5="CJC" hw="and" pos="CONJ">and </w><w c5="AV0" hw="determinedly" pos="ADV">determinedly </w><w c5="AJ0" hw="un-moralistic" pos="ADJ">un-moralistic</w><c c5="PUN">, </c><w c5="NP0" hw="ariel" pos="SUBST">Ariel </w><w c5="VBZ" hw="be" pos="VERB">is </w><w c5="AT0" hw="a" pos="ART">a </w><w c5="AJ0" hw="minor-key" pos="ADJ">minor-key </w><w c5="NN1" hw="delight" pos="SUBST">delight</w><c c5="PUN">.</c><c c5="PUQ">’</c></s>
<s n="46"><w c5="NP0" hw="nigel" pos="SUBST">Nigel </w><w c5="NP0" hw="andrews" pos="SUBST">Andrews</w><c c5="PUN">, </c><w c5="AJ0" hw="financial" pos="ADJ">Financial </w><w c5="NN2" hw="time" pos="SUBST">Times</w><c c5="PUN">.</c></s></p><p>
<s n="47"><c c5="PUQ">‘</c><w c5="AT0" hw="the" pos="ART">The </w><w c5="NN1" hw="film" pos="SUBST">film </w><w c5="VBZ" hw="be" pos="VERB">is </w><w c5="AV0" hw="pretty" pos="ADV">pretty </w><w c5="AJ0-AV0" hw="short" pos="ADJ">short</w><c c5="PUN">, </c><w c5="CJC" hw="but" pos="CONJ">but </w><w c5="VVZ" hw="make" pos="VERB">makes </w><w c5="PNI" hw="everything" pos="PRON">everything </w><w c5="VVI" hw="count" pos="VERB">count </w><w c5="CJC" hw="and" pos="CONJ">and</w><c c5="PUN">, </c><w c5="CJS" hw="while" pos="CONJ">while </w><w c5="VVG" hw="prove" pos="VERB">proving </w><w c5="AV0" hw="extremely" pos="ADV">extremely </w><w c5="AJ0" hw="entertaining" pos="ADJ">entertaining</w><c c5="PUN">, </c><w c5="AV0" hw="never" pos="ADV">never </w><w c5="VVZ" hw="let" pos="VERB">lets </w><w c5="VVI" hw="go" pos="VERB">go </w><w c5="PRF" hw="of" pos="PREP">of </w><w c5="DPS" hw="it" pos="PRON">its </w><w c5="AJ0" hw="main" pos="ADJ">main </w><w c5="NN1" hw="point" pos="SUBST">point</w><c c5="PUN">, </c><w c5="DTQ" hw="which" pos="PRON">which </w><w c5="VBZ" hw="be" pos="VERB">is </w><w c5="TO0" hw="to" pos="PREP">to </w><w c5="VVI" hw="illuminate" pos="VERB">illuminate</w><c c5="PUN">, </c><w c5="PRP" hw="with" pos="PREP">with </w><w c5="DT0" hw="some" pos="ADJ">some </w><w c5="NN1" hw="sympathy" pos="SUBST">sympathy</w><c c5="PUN">, </c><w c5="AT0" hw="the" pos="ART">the </w><w c5="NN1" hw="underbelly" pos="SUBST">underbelly </w><w c5="PRF" hw="of" pos="PREP">of </w><w c5="NN1-AJ0" hw="scandinavian" pos="SUBST">Scandinavian </w><w c5="CJC" hw="and" pos="CONJ">and </w><w c5="AV0" hw="particularly" pos="ADV">particularly </w><w c5="AJ0" hw="finnish" pos="ADJ">Finnish </w><w c5="NN1" hw="life" pos="SUBST">life</w><c c5="PUN">.</c><c c5="PUQ">’</c></s>
<s n="48"><w c5="NP0" hw="derek" pos="SUBST">Derek </w><w c5="NP0" hw="malcolm" pos="SUBST">Malcolm</w><c c5="PUN">, </c><w c5="AT0" hw="the" pos="ART">The </w><w c5="NN1" hw="guardian" pos="SUBST">Guardian</w><c c5="PUN">.</c></s></p></div><div level="1" n="891007 edition -- Weekend Listings Page 56"><head type="MAIN">
<s n="49"><w c5="NN2" hw="event" pos="SUBST">EVENTS </w><c c5="PUN">/</c><w c5="VVG" hw="conker" pos="VERB">Conkering </w><w c5="NN2" hw="hero" pos="SUBST">heroes </w><w c5="VVB" hw="take" pos="VERB">take </w><w c5="AVP" hw="on" pos="ADV">on </w><w c5="AT0" hw="the" pos="ART">the </w><w c5="NN1" hw="world" pos="SUBST">world</w></s></head><head type="BYLINE">
<s n="50"><w c5="PRP" hw="by" pos="PREP">By </w><w c5="NP0" hw="siobhan" pos="SUBST">SIOBHAN </w><w c5="NP0" hw="dolan" pos="SUBST">DOLAN </w><w c5="CJC" hw="and" pos="CONJ">and </w><w c5="NP0" hw="owen" pos="SUBST">OWEN </w><w c5="NN1" hw="slot" pos="SUBST">SLOT</w></s></head><p>
<s n="51"><w c5="AT0" hw="the" pos="ART">The </w><w c5="NN1" hw="conker" pos="SUBST">conker </w><w c5="NN1" hw="fraternity" pos="SUBST">fraternity </w><w c5="VVZ" hw="prepare" pos="VERB">prepares </w><w c5="PRP" hw="for" pos="PREP">for </w><w c5="AT0" hw="the" pos="ART">the </w><w c5="NN1" hw="highlight" pos="SUBST">highlight </w><w c5="PRF" hw="of" pos="PREP">of </w><w c5="DPS" hw="it" pos="PRON">its </w><w c5="AJ0-NN1" hw="sporting" pos="ADJ">sporting </w><w c5="NN1" hw="year" pos="SUBST">year </w><w c5="PRP" hw="on" pos="PREP">on </w><w c5="NP0" hw="sunday" pos="SUBST">Sunday </w><w c5="PRP" hw="with" pos="PREP">with </w><w c5="AT0" hw="the" pos="ART">the </w><w c5="NN1" hw="world" pos="SUBST">World </w><w c5="NN2" hw="championship" pos="SUBST">Championships </w><w c5="PRP" hw="at" pos="PREP">at </w><w c5="NP0" hw="ashton" pos="SUBST">Ashton</w><c c5="PUN">; </c><w c5="PNP" hw="it" pos="PRON">it </w><w c5="VVZ" hw="include" pos="VERB">includes </w><w c5="NN2" hw="entry" pos="SUBST">entries </w><w c5="PRP" hw="from" pos="PREP">from </w><w c5="AT0" hw="the" pos="ART">the </w><w c5="NP0" hw="usa" pos="SUBST">USA </w><w c5="CJC" hw="and" pos="CONJ">and </w><w c5="NP0" hw="greece" pos="SUBST">Greece</w><c c5="PUN">.</c></s>
<s n="52"><w c5="VVG" hw="nurture" pos="VERB">Nurturing </w><w c5="AT0" hw="the" pos="ART">the </w><w c5="NN2" hw="conker" pos="SUBST">conkers </w><w c5="TO0" hw="to" pos="PREP">to </w><w c5="VVI" hw="peak" pos="VERB">peak </w><w c5="NN1" hw="fitness" pos="SUBST">fitness </w><w c5="VVZ-NN2" hw="rest" pos="VERB">rests </w><w c5="PRP" hw="with" pos="PREP">with </w><w c5="AT0" hw="the" pos="ART">the </w><w c5="NP0" hw="ashton" pos="SUBST">Ashton </w><w c5="NP0-NN1" hw="conker" pos="SUBST">Conker </w><w c5="NN1" hw="club" pos="SUBST">Club </w><w c5="PNQ" hw="who" pos="PRON">who </w><w c5="VVB" hw="ensure" pos="VERB">ensure </w><w c5="AT0" hw="the" pos="ART">the </w><w c5="NN2" hw="nut" pos="SUBST">nuts </w><w c5="VBB" hw="be" pos="VERB">are </w><w c5="XX0" hw="not" pos="ADV">not </w><w c5="AV0" hw="overly" pos="ADV">overly </w><w c5="VVN" hw="toughen" pos="VERB">toughened </w><w c5="CJC" hw="or" pos="CONJ">or </w><w c5="VVN-VVD" hw="inject" pos="VERB">injected </w><w c5="PRP" hw="with" pos="PREP">with </w><w c5="AJ0" hw="illegal" pos="ADJ">illegal </w><w c5="NN2" hw="substance" pos="SUBST">substances</w><c c5="PUN">.</c></s>
<s n="53"><w c5="AT0" hw="a" pos="ART">A </w><w c5="NN1" hw="world" pos="SUBST">World </w><w c5="NN1" hw="championship" pos="SUBST">Championship </w><w c5="NN1" hw="conker" pos="SUBST">conker </w><w c5="VM0" hw="must" pos="VERB">must </w><w c5="VBI" hw="be" pos="VERB">be </w><w c5="AV0" hw="exactly" pos="ADV">exactly </w><w c5="AT0" hw="a" pos="ART">a </w><w c5="NN1" hw="week" pos="SUBST">week </w><w c5="AJ0" hw="old" pos="ADJ">old</w><c c5="PUN">, </c><w c5="DT0" hw="any" pos="ADJ">any </w><w c5="DT0" hw="less" pos="ADJ">less </w><w c5="CJC" hw="and" pos="CONJ">and </w><w c5="PNP" hw="it" pos="PRON">it </w><w c5="VBZ" hw="be" pos="VERB">is </w><w c5="AV0" hw="too" pos="ADV">too </w><w c5="AJ0" hw="soft" pos="ADJ">soft </w><w c5="CJC" hw="and" pos="CONJ">and </w><w c5="CJS" hw="if" pos="CONJ">if </w><w c5="PNP" hw="it" pos="PRON">it </w><w c5="VVZ" hw="lie" pos="VERB">lies </w><mw c5="AV0"><w c5="AV0" hw="any" pos="ADV">any </w><w c5="AV0" hw="longer" pos="ADV">longer</w></mw><c c5="PUN">, </c><w c5="AT0" hw="the" pos="ART">the </w><w c5="NN1" hw="inside" pos="SUBST">inside </w><w c5="VVZ" hw="shrivel" pos="VERB">shrivels </w><w c5="AVP" hw="up" pos="ADV">up</w><c c5="PUN">.</c></s>
<s n="54"><w c5="CRD" hw="thousands" pos="ADJ">Thousands </w><w c5="VBB" hw="be" pos="VERB">are </w><w c5="VVN" hw="grade" pos="VERB">graded </w><w c5="PRP" hw="for" pos="PREP">for </w><w c5="NN1" hw="size" pos="SUBST">size</w><c c5="PUN">, </c><w c5="NN1-VVB" hw="shape" pos="SUBST">shape </w><w c5="CJC" hw="and" pos="CONJ">and </w><w c5="NN1" hw="consistency" pos="SUBST">consistency </w><w c5="CJC" hw="and" pos="CONJ">and </w><w c5="AV0" hw="then" pos="ADV">then </w><w c5="VVN" hw="string" pos="VERB">strung </w><w c5="PRP" hw="on" pos="PREP">on </w><w c5="NN1" hw="leather" pos="SUBST">leather </w><w c5="NN2" hw="bootlace" pos="SUBST">bootlaces</w><c c5="PUN">.</c></s>
<s n="55"><w c5="DT0" hw="all" pos="ADJ">All </w><w c5="DT0-CJT" hw="that" pos="ADJ">that </w><w c5="VVZ" hw="remain" pos="VERB">remains </w><w c5="PRP" hw="for" pos="PREP">for </w><w c5="AT0" hw="the" pos="ART">the </w><w c5="NN2" hw="entrant" pos="SUBST">entrants </w><w c5="VBZ" hw="be" pos="VERB">is </w><w c5="TO0" hw="to" pos="PREP">to </w><w c5="VVI" hw="polish" pos="VERB">polish </w><w c5="AT0" hw="the" pos="ART">the </w><w c5="NN2" hw="conker" pos="SUBST">conkers</w><c c5="PUN">, </c><w c5="NP0" hw="dennis" pos="SUBST">Dennis </w><w c5="NP0-NN1" hw="lillee" pos="SUBST">Lillee </w><w c5="NN1" hw="style" pos="SUBST">style</w><c c5="PUN">.</c></s>
<s n="56"><w c5="NN2" hw="tip" pos="SUBST">Tips </w><w c5="PRP" hw="for" pos="PREP">for </w><w c5="AJ0" hw="budding" pos="ADJ">budding </w><w c5="NN1" hw="conker" pos="SUBST">conker </w><w c5="NN2" hw="conqueror" pos="SUBST">conquerors </w><c c5="PUL">(</c><w c5="PRP" hw="like" pos="PREP">like </w><w c5="DT0" hw="those" pos="ADJ">those </w><w c5="AV0" hw="above" pos="ADV">above</w><c c5="PUR">) </c><w c5="VVB" hw="include" pos="VERB">include </w><w c5="VVG" hw="aim" pos="VERB">aiming </w><w c5="PRP" hw="for" pos="PREP">for </w><w c5="AT0" hw="the" pos="ART">the </w><w c5="AT0" hw="the" pos="ART">the </w><w c5="NN1" hw="top" pos="SUBST">top </w><c c5="PUL">(</c><w c5="AT0" hw="the" pos="ART">the </w><w c5="AJS" hw="weak" pos="ADJ">weakest </w><w c5="NN1" hw="part" pos="SUBST">part</w><c c5="PUR">) </c><w c5="PRF" hw="of" pos="PREP">of </w><w c5="DPS" hw="you" pos="PRON">your </w><w c5="NN1" hw="opponent" pos="SUBST">opponent</w><w c5="POS" hw="'s" pos="UNC">'s </w><w c5="NN1" hw="conker" pos="SUBST">conker </w><w c5="PRP" hw="with" pos="PREP">with </w><w c5="AT0" hw="the" pos="ART">the </w><w c5="NN1" hw="periphery" pos="SUBST">periphery </w><w c5="PRF" hw="of" pos="PREP">of </w><w c5="DPS" hw="you" pos="PRON">your </w><w c5="DT0" hw="own" pos="ADJ">own</w><c c5="PUN">.</c></s>
<s n="57"><w c5="AT0" hw="the" pos="ART">The </w><w c5="NN1" hw="swing" pos="SUBST">swing </w><w c5="VBZ" hw="be" pos="VERB">is </w><w c5="AV0" hw="also" pos="ADV">also </w><w c5="AJ0" hw="crucial" pos="ADJ">crucial</w><c c5="PUN">.</c></s>
<s n="58"><w c5="CRD" hw="one" pos="ADJ">One </w><w c5="NN1" hw="enthusiast" pos="SUBST">enthusiast </w><w c5="VHZ" hw="have" pos="VERB">has </w><w c5="VVN" hw="construct" pos="VERB">constructed </w><w c5="AT0" hw="a" pos="ART">a </w><w c5="AJ0" hw="gallows-like" pos="ADJ">gallows-like </w><w c5="NN1" hw="contraption" pos="SUBST">contraption </w><mw c5="AV0"><w c5="PRP" hw="in" pos="PREP">in </w><w c5="NN1" hw="order" pos="SUBST">order </w></mw><w c5="TO0" hw="to" pos="PREP">to </w><w c5="VVI" hw="perfect" pos="VERB">perfect </w><w c5="DPS" hw="he" pos="PRON">his </w><w c5="NN1" hw="technique" pos="SUBST">technique</w><c c5="PUN">.</c></s>
<s n="59"><w c5="VVG" hw="oversw" pos="VERB">Overswing </w><w c5="CJC" hw="and" pos="CONJ">and </w><w c5="PNP" hw="you" pos="PRON">you </w><w c5="VM0" hw="could" pos="VERB">could </w><w c5="VVI" hw="snag" pos="VERB">snag </w><c c5="PUL">(</c><w c5="VVB-NN1" hw="entangle" pos="VERB">entangle </w><w c5="PRP" hw="with" pos="PREP">with </w><w c5="AT0" hw="the" pos="ART">the </w><w c5="NN1" hw="string" pos="SUBST">string </w><w c5="PRF" hw="of" pos="PREP">of </w><w c5="DPS" hw="you" pos="PRON">your </w><w c5="NN1" hw="opponent" pos="SUBST">opponent</w><w c5="POS" hw="'s" pos="UNC">'s </w><w c5="NN1" hw="conker" pos="SUBST">conker</w><c c5="PUR">)</c><c c5="PUN">— </c><w c5="CRD" hw="three" pos="ADJ">three </w><w c5="NN2" hw="snag" pos="SUBST">snags </w><w c5="CJC" hw="and" pos="CONJ">and </w><w c5="PNP" hw="you" pos="PRON">you</w><w c5="VBB" hw="be" pos="VERB">'re </w><w c5="VVN" hw="disqualify" pos="VERB">disqualified</w><c c5="PUN">.</c></s>
<s n="60"><w c5="AT0" hw="a" pos="ART">A </w><w c5="AJ0" hw="good" pos="ADJ">good </w><w c5="NN1" hw="eye" pos="SUBST">eye </w><w c5="VBZ" hw="be" pos="VERB">is </w><w c5="AJ0" hw="essential" pos="ADJ">essential </w><w c5="CJS" hw="as" pos="CONJ">as </w><w c5="VVN" hw="illustrate" pos="VERB">illustrated </w><w c5="PRP" hw="by" pos="PREP">by </w><w c5="AT0" hw="the" pos="ART">the </w><w c5="NN1" hw="mexican" pos="SUBST">Mexican </w><w c5="PNQ" hw="who" pos="PRON">who </w><w c5="VVD" hw="practise" pos="VERB">practised </w><w c5="PRP" hw="for" pos="PREP">for </w><w c5="AV0" hw="only" pos="ADV">only </w><w c5="CRD" hw="10" pos="ADJ">10 </w><w c5="NN2" hw="minute" pos="SUBST">minutes </w><w c5="PRP" hw="before" pos="PREP">before </w><w c5="VVG" hw="become" pos="VERB">becoming </w><w c5="NP0" hw="king" pos="SUBST">King </w><w c5="NP0" hw="conker" pos="SUBST">Conker</w><c c5="PUN">, </c><w c5="CJC" hw="and" pos="CONJ">and </w><w c5="AT0" hw="the" pos="ART">the </w><w c5="ORD" hw="first" pos="ADJ">first </w><w c5="AJ0" hw="overseas" pos="ADJ">overseas </w><w c5="NN1" hw="winner" pos="SUBST">winner</w><c c5="PUN">, </c><w c5="PRP" hw="in" pos="PREP">in </w><w c5="CRD" hw="1976" pos="ADJ">1976</w><c c5="PUN">.</c></s>
<s n="61"><w c5="DT0" hw="this" pos="ADJ">This </w><w c5="NN1" hw="year" pos="SUBST">year </w><w c5="AT0" hw="the" pos="ART">the </w><w c5="AJ0" hw="british" pos="ADJ">British </w><w c5="AJ0-NN1" hw="contingent" pos="ADJ">contingent </w><w c5="NN2-VVZ" hw="look" pos="SUBST">looks </w><w c5="AJ0" hw="set" pos="ADJ">set </w><w c5="TO0" hw="to" pos="PREP">to </w><w c5="VVI" hw="retain" pos="VERB">retain </w><w c5="AT0" hw="the" pos="ART">the </w><w c5="NN1" hw="title" pos="SUBST">title </w><c c5="PUL">(</c><w c5="VVN" hw="win" pos="VERB">won </w><w c5="PRP" hw="by" pos="PREP">by </w><w c5="AT0" hw="a" pos="ART">a </w><w c5="NP0" hw="devon" pos="SUBST">Devon </w><w c5="NN1" hw="man" pos="SUBST">man</w><c c5="PUN">, </c><w c5="NP0" hw="will" pos="SUBST">Will </w><w c5="NP0" hw="cox" pos="SUBST">Cox </w><w c5="ORD" hw="last" pos="ADJ">last </w><w c5="NN1" hw="year" pos="SUBST">year</w><c c5="PUR">) </c><w c5="CJS" hw="unless" pos="CONJ">unless </w><w c5="AT0" hw="the" pos="ART">the </w><w c5="AJ0" hw="late" pos="ADJ">late </w><w c5="AJ0" hw="russian" pos="ADJ">Russian </w><w c5="NN1" hw="entry" pos="SUBST">entry </w><c c5="PUL">(</c><w c5="AT0" hw="a" pos="ART">a </w><w c5="AJ0" hw="red" pos="ADJ">red </w><w c5="AJ0" hw="hot" pos="ADJ">hot </w><w c5="NN1" hw="favourite" pos="SUBST">favourite </w><w c5="PRP" hw="with" pos="PREP">with </w><w c5="DT0" hw="some" pos="ADJ">some </w><w c5="NN2" hw="observer" pos="SUBST">observers</w><c c5="PUR">) </c><w c5="VVZ" hw="prove" pos="VERB">proves </w><w c5="AT0" hw="a" pos="ART">a </w><w c5="AJ0" hw="dark" pos="ADJ">dark </w><w c5="NN1" hw="horse" pos="SUBST">horse </w><w c5="PRP" hw="with" pos="PREP">with </w><w c5="DPS" hw="he" pos="PRON">his </w><w c5="NN1" hw="chestnut" pos="SUBST">chestnut</w><c c5="PUN">.</c></s></p><p>
<s n="62"><w c5="NP0" hw="bournemouth" pos="SUBST">BOURNEMOUTH </w><w c5="AJ0" hw="golden" pos="ADJ">Golden </w><w c5="NN2" hw="oldy" pos="SUBST">Oldies </w><w c5="NN1" hw="hockey" pos="SUBST">Hockey </w><w c5="NN1" hw="festival" pos="SUBST">Festival </w><w c5="AJ0" hw="international" pos="ADJ">International </w><w c5="NN1" hw="event" pos="SUBST">event </w><w c5="PRP" hw="for" pos="PREP">for </w><w c5="AT0" hw="the" pos="ART">the </w><w c5="AV0" hw="over" pos="ADV">over </w><w c5="CRD" hw="35s" pos="ADJ">35s </w><w c5="PRP" hw="with" pos="PREP">with </w><w c5="NN2" hw="team" pos="SUBST">teams </w><w c5="PRP" hw="from" pos="PREP">from </w><w c5="NP0" hw="fiji" pos="SUBST">Fiji</w><c c5="PUN">, </c><w c5="NP0" hw="new" pos="SUBST">New </w><w c5="NP0" hw="zealand" pos="SUBST">Zealand</w><c c5="PUN">, </c><w c5="NP0" hw="canada" pos="SUBST">Canada </w><w c5="CJC" hw="and" pos="CONJ">and </w><w c5="NP0" hw="west" pos="SUBST">West </w><w c5="NP0" hw="germany" pos="SUBST">Germany </w><w c5="VVG" hw="bully" pos="VERB">bullying </w><w c5="AVP" hw="off" pos="ADV">off </w><w c5="PRP" hw="for" pos="PREP">for </w><w c5="NN1" hw="supremacy" pos="SUBST">supremacy </w><w c5="PRP" hw="in" pos="PREP">in </w><w c5="AT0" hw="the" pos="ART">the </w><w c5="NN1" hw="week" pos="SUBST">week </w><w c5="AJ0" hw="long" pos="ADJ">long </w><w c5="NN1" hw="tournament" pos="SUBST">tournament</w><c c5="PUN">.</c></s>
<s n="63"><w c5="PRP" hw="to" pos="PREP">To </w><w c5="CRD" hw="14" pos="ADJ">14 </w><w c5="NP0" hw="oct" pos="SUBST">Oct</w><c c5="PUN">.</c></s>
<s n="64"><w c5="NP0" hw="bournemouth" pos="SUBST">Bournemouth </w><w c5="NN2" hw="sport" pos="SUBST">Sports </w><w c5="NN1" hw="club" pos="SUBST">Club</w><c c5="PUN">, </c><w c5="NP0-NN1" hw="chapel" pos="SUBST">Chapel </w><w c5="NN1" hw="gate" pos="SUBST">Gate</w><c c5="PUN">, </c><w c5="NP0" hw="hurn" pos="SUBST">Hurn</w><c c5="PUN">, </c><w c5="NP0" hw="dorset" pos="SUBST">Dorset </w><c c5="PUL">(</c><w c5="NN2" hw="detail" pos="SUBST">details </w><w c5="CRD" hw="0684-293175" pos="ADJ">0684-293175</w><c c5="PUR">)</c><c c5="PUN">.</c></s>
<s n="65"><w c5="NP0" hw="sat" pos="SUBST">Sat</w><c c5="PUN">, </c><w c5="AJ0" hw="civic" pos="ADJ">Civic </w><w c5="NN1" hw="reception" pos="SUBST">reception</w><c c5="PUN">, </c><w c5="NP0" hw="sun" pos="SUBST">Sun </w><w c5="NN1" hw="play" pos="SUBST">play </w><w c5="VVZ" hw="begin" pos="VERB">begins </w><w c5="PRP" hw="at" pos="PREP">at </w><w c5="AV0" hw="2pm" pos="ADV">2pm</w><c c5="PUN">.</c></s></p><p>
<s n="66"><w c5="NP0" hw="bristol" pos="SUBST">BRISTOL </w><w c5="NN1" hw="amnesty" pos="SUBST">Amnesty </w><w c5="AJ0" hw="international" pos="ADJ">International </w><w c5="NN1" hw="film" pos="SUBST">Film </w><w c5="NN1" hw="week" pos="SUBST">Week </w><c c5="PUQ">‘</c><w c5="CRD" hw="89" pos="ADJ">89 </w><w c5="ZZ0" hw="a" pos="SUBST">A </w><w c5="NN1" hw="week" pos="SUBST">week </w><w c5="PRF" hw="of" pos="PREP">of </w><w c5="NN2" hw="screening" pos="SUBST">screenings</w><c c5="PUN">, </c><w c5="NN1-VVB" hw="debate" pos="SUBST">debate </w><w c5="CJC" hw="and" pos="CONJ">and </w><w c5="NN1" hw="discussion" pos="SUBST">discussion </w><w c5="TO0" hw="to" pos="PREP">to </w><w c5="VVI" hw="raise" pos="VERB">raise </w><w c5="NN1" hw="awareness" pos="SUBST">awareness </w><w c5="PRF" hw="of" pos="PREP">of </w><w c5="AT0" hw="the" pos="ART">the </w><w c5="AT0" hw="the" pos="ART">the </w><w c5="NN1" hw="organisation" pos="SUBST">organisation</w><w c5="POS" hw="'s" pos="UNC">'s </w><w c5="NN1" hw="work" pos="SUBST">work</w><c c5="PUN">.</c></s>
<s n="67"><w c5="VVZ" hw="include" pos="VERB">Includes </w><w c5="NN1" hw="death" pos="SUBST">Death </w><w c5="NN1" hw="penalty" pos="SUBST">Penalty </w><w c5="NN1" hw="debate" pos="SUBST">Debate </w><c c5="PUL">(</c><w c5="VVD" hw="sit" pos="VERB">Sat </w><w c5="CRD" hw="7" pos="ADJ">7</w><c c5="PUR">) </c><w c5="TO0" hw="to" pos="PREP">to </w><w c5="VVI" hw="follow" pos="VERB">follow </w><w c5="NN1" hw="screening" pos="SUBST">screening </w><w c5="PRF" hw="of" pos="PREP">of </w><w c5="AV0" hw="much" pos="ADV">much </w><w c5="VVN" hw="acclaim" pos="VERB">acclaimed </w><w c5="AT0" hw="the" pos="ART">The </w><w c5="AJ0" hw="thin" pos="ADJ">Thin </w><w c5="AJ0" hw="blue" pos="ADJ">Blue </w><w c5="NN1" hw="line" pos="SUBST">Line</w><c c5="PUN">.</c></s>
<s n="68"><w c5="NN1" hw="watershed" pos="SUBST">Watershed </w><w c5="NN0" hw="media" pos="SUBST">Media </w><w c5="NN1" hw="centre" pos="SUBST">Centre</w><c c5="PUN">, </c><w c5="NP0" hw="bristol" pos="SUBST">Bristol </w><c c5="PUL">(</c><w c5="CRD" hw="0272-276444" pos="ADJ">0272-276444</w><c c5="PUR">)</c><c c5="PUN">.</c></s>
<s n="69"><w c5="PRP" hw="to" pos="PREP">To </w><w c5="CRD" hw="14" pos="ADJ">14 </w><w c5="NP0" hw="oct" pos="SUBST">Oct</w><c c5="PUN">.</c></s></p><p>
<s n="70"><w c5="NP0" hw="buxton" pos="SUBST">BUXTON </w><w c5="ORD" hw="4th" pos="ADJ">4th </w><w c5="AJ0" hw="international" pos="ADJ">International </w><w c5="NN1" hw="kite" pos="SUBST">Kite </w><w c5="NN1-VVB" hw="fly" pos="SUBST">Fly </w><w c5="PRP" hw="for" pos="PREP">For </w><w c5="NN1" hw="peace" pos="SUBST">Peace </w><w c5="AVP" hw="up" pos="ADV">Up</w><c c5="PUN">, </c><w c5="AVP" hw="up" pos="ADV">up </w><w c5="CJC" hw="and" pos="CONJ">and </w><w c5="AV0" hw="away" pos="ADV">away </w><w c5="CJS" hw="as" pos="CONJ">as </w><w c5="NN1" hw="kite" pos="SUBST">kite </w><w c5="NN2" hw="flyer" pos="SUBST">flyers </w><w c5="NN1" hw="world" pos="SUBST">world </w><w c5="AV0" hw="wide" pos="ADV">wide </w><w c5="VVB" hw="unite" pos="VERB">unite </w><w c5="PRP-AVP" hw="in" pos="PREP">in </w><w c5="DPS" hw="they" pos="PRON">their </w><w c5="NN1" hw="quest" pos="SUBST">quest </w><w c5="PRP" hw="for" pos="PREP">for </w><w c5="NN1" hw="peace" pos="SUBST">peace</w><c c5="PUN">.</c></s>
<s n="71"><w c5="NN2" hw="participant" pos="SUBST">Participants </w><w c5="VBB" hw="be" pos="VERB">are </w><w c5="VVN" hw="invite" pos="VERB">invited </w><w c5="TO0" hw="to" pos="PREP">to </w><w c5="VVI" hw="bring" pos="VERB">bring </w><w c5="NN2" hw="kite" pos="SUBST">kites </w><w c5="CJC" hw="or" pos="CONJ">or </w><w c5="VVB" hw="make" pos="VERB">make </w><w c5="PNI" hw="one" pos="PRON">one </w><w c5="PRP" hw="in" pos="PREP">in </w><w c5="AT0" hw="the" pos="ART">the </w><w c5="AJ0" hw="on-site" pos="ADJ">on-site </w><w c5="NN1" hw="kite" pos="SUBST">kite </w><w c5="NN1" hw="workshop" pos="SUBST">workshop</w><c c5="PUN">.</c></s>
<s n="72"><w c5="NP0" hw="buxton" pos="SUBST">Buxton </w><w c5="NN2" hw="girl" pos="SUBST">Girls </w><w c5="AJC" hw="low" pos="ADJ">Lower </w><w c5="NN1" hw="school" pos="SUBST">School</w><c c5="PUN">, </c><w c5="NP0" hw="peveril" pos="SUBST">Peveril </w><w c5="NP0" hw="rd" pos="SUBST">Rd </w><c c5="PUL">(</c><w c5="NN2" hw="detail" pos="SUBST">details </w><w c5="CRD" hw="0298-814543" pos="ADJ">0298-814543</w><c c5="PUR">)</c><c c5="PUN">.</c></s>
<s n="73"><w c5="NN1" hw="sun" pos="SUBST">Sun</w><c c5="PUN">, </c><w c5="AV0" hw="1.30-5pm" pos="ADV">1.30-5pm</w><c c5="PUN">.</c></s>
<s n="74"><w c5="AJ0" hw="free" pos="ADJ">Free </w><w c5="NN1" hw="admission" pos="SUBST">admission</w><c c5="PUN">.</c></s></p><p>
<s n="75"><w c5="NP0" hw="gateshead" pos="SUBST">GATESHEAD </w><w c5="NN1" hw="family" pos="SUBST">Family </w><w c5="NN1" hw="sculpture" pos="SUBST">Sculpture </w><w c5="NN1" hw="day" pos="SUBST">Day </w><w c5="CRD" hw="1989" pos="ADJ">1989 </w><w c5="AJ0" hw="mammoth" pos="ADJ">Mammoth </w><w c5="NN1" hw="effort" pos="SUBST">effort </w><w c5="TO0" hw="to" pos="PREP">to </w><w c5="VVI" hw="build" pos="VERB">build </w><w c5="NN1" hw="circus" pos="SUBST">circus </w><w c5="PRP-AVP" hw="in" pos="PREP">in </w><w c5="AV0" hw="just" pos="ADV">just </w><w c5="CRD" hw="one" pos="ADJ">one </w><w c5="NN1" hw="day" pos="SUBST">day </w><w c5="PRP" hw="with" pos="PREP">with </w><w c5="AJ0" hw="old" pos="ADJ">old </w><w c5="NN1" hw="wood" pos="SUBST">wood </w><w c5="CJC" hw="and" pos="CONJ">and </w><w c5="NN2" hw="piece" pos="SUBST">pieces </w><w c5="PRF" hw="of" pos="PREP">of </w><w c5="NN1" hw="string" pos="SUBST">string</w><c c5="PUN">.</c></s>
<s n="76"><w c5="AJ0" hw="professional" pos="ADJ">Professional </w><w c5="NN2" hw="sculptor" pos="SUBST">sculptors </w><w c5="PRP" hw="on" pos="PREP">on </w><w c5="NN1" hw="hand" pos="SUBST">hand </w><w c5="TO0" hw="to" pos="PREP">to </w><w c5="VVI" hw="help" pos="VERB">help </w><w c5="VVI" hw="advise" pos="VERB">advise</w><c c5="PUN">.</c></s>
<s n="77"><w c5="VVB" hw="wear" pos="VERB">Wear </w><w c5="AJ0" hw="old" pos="ADJ">old </w><w c5="NN2" hw="clothes" pos="SUBST">clothes </w><w c5="CJC" hw="and" pos="CONJ">and </w><w c5="VVB" hw="bring" pos="VERB">bring </w><w c5="AT0" hw="a" pos="ART">a </w><w c5="NN1" hw="hammer" pos="SUBST">hammer</w><c c5="PUN">.</c></s>
<s n="78"><w c5="AT0" hw="the" pos="ART">The </w><w c5="NN1" hw="grove" pos="SUBST">Grove</w><c c5="PUN">, </c><w c5="NP0" hw="saltwell" pos="SUBST">Saltwell </w><w c5="NN1" hw="park" pos="SUBST">Park</w><c c5="PUN">, </c><w c5="NP0" hw="gateshead" pos="SUBST">Gateshead </w><c c5="PUL">(</c><w c5="NN2" hw="detail" pos="SUBST">details </w><w c5="PRP" hw="on" pos="PREP">on </w><w c5="CRD" hw="091-477" pos="ADJ">091-477 </w><w c5="CRD" hw="3478" pos="ADJ">3478</w><c c5="PUR">)</c><c c5="PUN">.</c></s>
<s n="79"><w c5="NN1" hw="sun" pos="SUBST">Sun</w><c c5="PUN">, </c><w c5="AV0" hw="11am-5pm" pos="ADV">11am-5pm</w><c c5="PUN">.</c></s></p><p>
<s n="80"><w c5="NN2" hw="dagarti" pos="SUBST">Dagarti </w><w c5="AJ0" hw="african" pos="ADJ">African </w><w c5="NN1" hw="music" pos="SUBST">music </w><w c5="CJC" hw="and" pos="CONJ">and </w><w c5="VVB-NN1" hw="dance" pos="VERB">dance </w><w c5="PRP" hw="with" pos="PREP">with </w><w c5="AJ0" hw="evocative" pos="ADJ">evocative </w><w c5="NN2" hw="display" pos="SUBST">displays </w><w c5="PRF" hw="of" pos="PREP">of </w><w c5="AT0" hw="the" pos="ART">the </w><w c5="NN1" hw="history" pos="SUBST">history </w><w c5="CJC" hw="and" pos="CONJ">and </w><w c5="NN2" hw="landscape" pos="SUBST">landscapes </w><w c5="PRF" hw="of" pos="PREP">of </w><w c5="AT0" hw="the" pos="ART">the </w><w c5="NN1" hw="commonwealth" pos="SUBST">Commonwealth</w><c c5="PUN">.</c></s>
<s n="81"><w c5="NN1" hw="commonwealth" pos="SUBST">Commonwealth </w><w c5="NN1" hw="institute" pos="SUBST">Institute</w><c c5="PUN">, </c><w c5="NP0" hw="kensington" pos="SUBST">Kensington </w><w c5="NP0" hw="high" pos="SUBST">High </w><w c5="NP0" hw="st" pos="SUBST">St</w><c c5="PUN">, </c><w c5="NP0" hw="london" pos="SUBST">London </w><w c5="UNC" hw="w8" pos="UNC">W8 </w><w c5="UNC" hw="6nq" pos="UNC">6NQ </w><c c5="PUL">(</c><w c5="CRD" hw="01-603" pos="ADJ">01-603 </w><w c5="CRD" hw="4535" pos="ADJ">4535</w><c c5="PUR">)</c><c c5="PUN">.</c></s>
<s n="82"><w c5="NN1" hw="sun" pos="SUBST">Sun</w><c c5="PUN">, </c><w c5="AV0" hw="2.30pm" pos="ADV">2.30pm</w><c c5="PUN">.</c></s></p><p>
<s n="83"><w c5="NP0" hw="london" pos="SUBST">London </w><w c5="PRP" hw="to" pos="PREP">To </w><w c5="NP0" hw="brighton" pos="SUBST">Brighton </w><w c5="NP0" hw="road" pos="SUBST">Road </w><w c5="NN1-AJ0" hw="running" pos="SUBST">Running </w><w c5="NN1-VVB" hw="race" pos="SUBST">Race </w><w c5="AT0" hw="the" pos="ART">The </w><w c5="NN2" hw="chime" pos="SUBST">chimes </w><w c5="PRF" hw="of" pos="PREP">of </w><w c5="AJ0" hw="big" pos="ADJ">Big </w><w c5="NP0" hw="ben" pos="SUBST">Ben </w><w c5="VVB" hw="mark" pos="VERB">mark </w><w c5="AT0" hw="the" pos="ART">the </w><w c5="NN1" hw="start" pos="SUBST">start </w><w c5="PRF" hw="of" pos="PREP">of </w><w c5="DT0" hw="this" pos="ADJ">this </w><w c5="NN1" hw="race" pos="SUBST">race </w><w c5="DTQ" hw="which" pos="PRON">which </w><w c5="VVZ" hw="follow" pos="VERB">follows </w><w c5="UNC" hw="a23" pos="UNC">A23 </w><w c5="PRP" hw="to" pos="PREP">to </w><w c5="NP0" hw="horley" pos="SUBST">Horley</w><c c5="PUN">, </c><w c5="AV0" hw="then" pos="ADV">then </w><w c5="UNC" hw="b2036" pos="UNC">B2036 </w><w c5="PRP" hw="to" pos="PREP">to </w><w c5="NP0" hw="pycombe" pos="SUBST">Pycombe </w><w c5="AVQ" hw="where" pos="ADV">where </w><w c5="PNP" hw="it" pos="PRON">it </w><w c5="VVZ" hw="rejoin" pos="VERB">rejoins </w><w c5="UNC" hw="a23" pos="UNC">A23 </w><w c5="PRP" hw="to" pos="PREP">to </w><w c5="NP0" hw="brighton" pos="SUBST">Brighton</w><c c5="PUN">.</c></s>
<s n="84"><w c5="AJ0" hw="big" pos="ADJ">Big </w><w c5="NP0" hw="ben" pos="SUBST">Ben </w><w c5="NP0" hw="clock" pos="SUBST">Clock </w><w c5="NN1" hw="tower" pos="SUBST">Tower</w><c c5="PUN">, </c><w c5="NN1" hw="palace" pos="SUBST">Palace </w><w c5="PRF" hw="of" pos="PREP">Of </w><w c5="NP0" hw="westminster" pos="SUBST">Westminster</w><c c5="PUN">, </c><w c5="NP0" hw="london" pos="SUBST">London </w><w c5="UNC" hw="sw1" pos="UNC">SW1 </w><c c5="PUL">(</c><w c5="NN2" hw="detail" pos="SUBST">details </w><w c5="CRD" hw="01-247" pos="ADJ">01-247 </w><w c5="CRD" hw="0371" pos="ADJ">0371</w><c c5="PUR">)</c><c c5="PUN">.</c></s>
<s n="85"><w c5="NN1" hw="sun" pos="SUBST">Sun</w><c c5="PUN">, </c><w c5="AV0" hw="7am" pos="ADV">7am</w><c c5="PUN">; </c><w c5="AJ0" hw="free" pos="ADJ">free </w><w c5="PRP" hw="for" pos="PREP">for </w><w c5="NN2" hw="spectator" pos="SUBST">spectators</w><c c5="PUN">.</c></s></p><p>
<s n="86"><w c5="NN1" hw="south" pos="SUBST">SOUTH </w><w c5="NP0" hw="tynedale" pos="SUBST">TYNEDALE </w><w c5="NN1" hw="railway" pos="SUBST">Railway </w><w c5="NN1" hw="diesel" pos="SUBST">Diesel </w><w c5="NP0" hw="day" pos="SUBST">Day </w><w c5="NP0" hw="chance" pos="SUBST">Chance </w><w c5="TO0" hw="to" pos="PREP">to </w><w c5="VVI" hw="get" pos="VERB">get </w><w c5="DT0" hw="all" pos="ADJ">all </w><w c5="VVD-VVN" hw="steam" pos="VERB">steamed </w><w c5="AVP" hw="up" pos="ADV">up </w><w c5="PRP" hw="at" pos="PREP">at </w><w c5="AJ0" hw="unique" pos="ADJ">unique </w><w c5="NN1" hw="collection" pos="SUBST">collection </w><w c5="PRF" hw="of" pos="PREP">of </w><w c5="AJ0" hw="classic" pos="ADJ">classic </w><w c5="AJ0" hw="british" pos="ADJ">British </w><w c5="AJ0" hw="industrial" pos="ADJ">industrial </w><w c5="NN2" hw="engine" pos="SUBST">engines </w><w c5="PRP" hw="including" pos="PREP">including </w><c c5="PUQ">‘</c><w c5="AJ0" hw="tiny" pos="ADJ">Tiny </w><w c5="NP0" hw="tim" pos="SUBST">Tim</w><c c5="PUQ">’ </c><w c5="CJC" hw="and" pos="CONJ">and </w><c c5="PUQ">‘</c><w c5="AT0" hw="the" pos="ART">The </w><w c5="NP0" hw="wickham" pos="SUBST">Wickham </w><w c5="NN1" hw="trolley" pos="SUBST">Trolley</w><c c5="PUQ">’</c><c c5="PUN">.</c></s>
<s n="87"><w c5="NN1" hw="opportunity" pos="SUBST">Opportunity </w><w c5="TO0" hw="to" pos="PREP">to </w><w c5="VVI" hw="view" pos="VERB">view </w><w c5="AJ0" hw="non-operational" pos="ADJ">non-operational </w><w c5="NN1" hw="equipment" pos="SUBST">equipment </w><w c5="PRP" hw="under" pos="PREP">under </w><w c5="NN1" hw="restoration" pos="SUBST">restoration</w><c c5="PUN">.</c></s>
<s n="88"><w c5="NN1" hw="south" pos="SUBST">South </w><w c5="NP0" hw="tynedale" pos="SUBST">Tynedale </w><w c5="NN1" hw="railway" pos="SUBST">Railway</w><c c5="PUN">, </c><w c5="NP0" hw="alston" pos="SUBST">Alston </w><w c5="NN1" hw="station" pos="SUBST">Station </w><c c5="PUL">(</c><w c5="NN2-VVZ" hw="detail" pos="SUBST">details </w><w c5="CRD" hw="0452" pos="ADJ">0452 </w><w c5="CRD" hw="304546" pos="ADJ">304546</w><c c5="PUR">)</c><c c5="PUN">.</c></s>
<s n="89"><w c5="NN1" hw="sun" pos="SUBST">Sun</w><c c5="PUN">.</c></s></p><p>
<s n="90"><w c5="NP0" hw="friday" pos="SUBST">FRIDAY </w><w c5="NP0" hw="leeds" pos="SUBST">LEEDS </w><w c5="NN1" hw="film" pos="SUBST">Film </w><w c5="NN1" hw="festival" pos="SUBST">Festival </w><w c5="CRD" hw="two" pos="ADJ">Two </w><w c5="NN2" hw="week" pos="SUBST">weeks </w><w c5="PRF" hw="of" pos="PREP">of </w><w c5="AJ0" hw="varied" pos="ADJ">varied </w><w c5="NN1" hw="film" pos="SUBST">film </w><w c5="PRP" hw="with" pos="PREP">with </w><w c5="AT0" hw="a" pos="ART">a </w><w c5="NN1" hw="horror" pos="SUBST">horror </w><w c5="NN1" hw="weekend" pos="SUBST">weekend </w><c c5="PUL">(</c><w c5="CRD" hw="14/15" pos="ADJ">14/15 </w><w c5="NP0" hw="oct" pos="SUBST">Oct</w><c c5="PUR">)</c><c c5="PUN">, </c><w c5="AT0" hw="a" pos="ART">a </w><w c5="NP0" hw="george" pos="SUBST">George </w><w c5="NP0" hw="romero" pos="SUBST">Romero </w><w c5="AJ0" hw="retrospective" pos="ADJ">retrospective </w><w c5="PRP" hw="with" pos="PREP">with </w><w c5="AT0" hw="a" pos="ART">a </w><w c5="NN1" hw="screening" pos="SUBST">screening </w><w c5="PRF" hw="of" pos="PREP">of </w><w c5="DPS" hw="he" pos="PRON">his </w><w c5="AJ0" hw="new" pos="ADJ">new </w><w c5="NN1" hw="film" pos="SUBST">film </w><w c5="NN1" hw="monkey" pos="SUBST">Monkey </w><w c5="VVZ" hw="shine" pos="VERB">Shines</w><c c5="PUN">, </c><w c5="AJ0" hw="various" pos="ADJ">various </w><w c5="NN2" hw="seminar" pos="SUBST">seminars</w><c c5="PUN">, </c><w c5="CJC" hw="and" pos="CONJ">and </w><w c5="CRD" hw="two" pos="ADJ">two </w><w c5="NN2" hw="exhibition" pos="SUBST">exhibitions</w><c c5="PUN">, </c><w c5="AT0" hw="the" pos="ART">The </w><w c5="NN1" hw="man" pos="SUBST">Man </w><w c5="PNQ" hw="who" pos="PRON">Who </w><w c5="VVD" hw="shoot" pos="VERB">Shot </w><w c5="NP0" hw="garbo" pos="SUBST">Garbo </w><w c5="CJC" hw="and" pos="CONJ">and </w><w c5="CRD" hw="30" pos="ADJ">30 </w><w c5="NN2" hw="year" pos="SUBST">Years </w><w c5="PRF" hw="of" pos="PREP">of </w><w c5="AJ0" hw="cuban" pos="ADJ">Cuban </w><w c5="NN1" hw="cinema" pos="SUBST">Cinema</w><c c5="PUN">.</c></s>
<s n="91"><w c5="PRP" hw="to" pos="PREP">To </w><w c5="CRD" hw="28" pos="ADJ">28 </w><w c5="NP0" hw="oct" pos="SUBST">Oct</w><c c5="PUN">.</c></s>
<s n="92"><w c5="NN1-VVB" hw="box" pos="SUBST">Box </w><w c5="NN1" hw="office" pos="SUBST">office </w><w c5="CJC" hw="and" pos="CONJ">and </w><w c5="NN2" hw="detail" pos="SUBST">details </w><c c5="PUL">(</c><w c5="CRD" hw="0532-462453" pos="ADJ">0532-462453</w><c c5="PUR">)</c><c c5="PUN">.</c></s></p></div><div level="1" n="891007 edition -- Weekend Listings Page 57"><head type="MAIN">
<s n="93"><w c5="NN1" hw="chess" pos="SUBST">Chess </w><w c5="NN1" hw="commentary" pos="SUBST">Commentary</w></s></head><head type="BYLINE">
<s n="94"><w c5="PRP" hw="by" pos="PREP">By </w><w c5="NP0" hw="william" pos="SUBST">WILLIAM </w><w c5="NP0-NN1" hw="hartston" pos="SUBST">HARTSTON</w></s></head><p>
<s n="95"><w c5="PRP" hw="after" pos="PREP">After </w><w c5="AT0" hw="a" pos="ART">a </w><w c5="AJ0" hw="nervous" pos="ADJ">nervous </w><w c5="NN1" hw="start" pos="SUBST">start </w><w c5="PRP" hw="to" pos="PREP">to </w><w c5="AT0" hw="the" pos="ART">the </w><w c5="NP0" hw="pilkington" pos="SUBST">Pilkington </w><w c5="NP0-NN1" hw="glass" pos="SUBST">Glass </w><w c5="NN1" hw="world" pos="SUBST">World </w><w c5="NN1" hw="championship" pos="SUBST">Championship </w><w c5="NN2" hw="semi-final" pos="SUBST">Semi-finals</w><c c5="PUN">, </c><w c5="AT0" hw="the" pos="ART">the </w><w c5="NP0" hw="timman-speelman" pos="SUBST">Timman-Speelman </w><w c5="NN1" hw="match" pos="SUBST">match </w><w c5="VVD" hw="explode" pos="VERB">exploded </w><w c5="PRP" hw="into" pos="PREP">into </w><w c5="NN1" hw="violence" pos="SUBST">violence </w><w c5="PRP" hw="in" pos="PREP">in </w><w c5="NP0" hw="thursday" pos="SUBST">Thursday</w><w c5="POS" hw="'s" pos="UNC">'s </w><w c5="ORD" hw="third" pos="ADJ">third </w><w c5="NN1" hw="round" pos="SUBST">round</w><c c5="PUN">.</c></s></p><p>
<s n="96"><w c5="AT0" hw="the" pos="ART">The </w><w c5="NN1" hw="diagram" pos="SUBST">diagram </w><w c5="VVZ" hw="show" pos="VERB">shows </w><w c5="AT0" hw="the" pos="ART">the </w><w c5="NN1" hw="position" pos="SUBST">position </w><w c5="PRP" hw="after" pos="PREP">after </w><w c5="NP0" hw="white" pos="SUBST">White</w><w c5="POS" hw="'s" pos="UNC">'s </w><w c5="ORD" hw="42nd" pos="ADJ">42nd </w><w c5="NN1-VVB" hw="move" pos="SUBST">move</w><c c5="PUN">.</c></s>
<s n="97"><w c5="PRP" hw="with" pos="PREP">With </w><w c5="CRD" hw="two" pos="ADJ">two </w><w c5="NN2" hw="rook" pos="SUBST">rooks </w><w c5="CJC" hw="and" pos="CONJ">and </w><w c5="AT0" hw="a" pos="ART">a </w><w c5="NN1" hw="bishop" pos="SUBST">bishop </w><w c5="PRP" hw="for" pos="PREP">for </w><w c5="AT0" hw="the" pos="ART">the </w><w c5="NN1" hw="queen" pos="SUBST">queen</w><c c5="PUN">, </c><w c5="NP0-NN1" hw="speelman" pos="SUBST">Speelman </w><w c5="VHZ" hw="have" pos="VERB">has </w><w c5="AT0" hw="a" pos="ART">a </w><w c5="AJ0" hw="nominal" pos="ADJ">nominal </w><w c5="NN1" hw="material" pos="SUBST">material </w><w c5="NN1" hw="advantage" pos="SUBST">advantage</w><c c5="PUN">, </c><w c5="CJC" hw="but" pos="CONJ">but </w><w c5="EX0" hw="there" pos="PRON">there </w><w c5="VBB" hw="be" pos="VERB">are </w><w c5="AV0" hw="still" pos="ADV">still </w><w c5="NN2" hw="threat" pos="SUBST">threats </w><w c5="PRP" hw="to" pos="PREP">to </w><w c5="DPS" hw="he" pos="PRON">his </w><w c5="NN1" hw="king" pos="SUBST">king</w><c c5="PUN">.</c></s></p></div></wtext></bncDoc>
