<bncDoc xml:id="A1K"><teiHeader><fileDesc><titleStmt><title>  Independent, electronic edition of 1989-10-02: Listings section. Sample containing about 1842 words from a periodical (domain: arts) </title><respStmt><resp> Data capture and transcription </resp><name> Oxford University Press </name> </respStmt></titleStmt><editionStmt><edition>BNC XML Edition, December 2006</edition></editionStmt><extent> 1842 tokens; 1863 w-units; 94 s-units </extent><publicationStmt><distributor>Distributed under licence by Oxford University Computing Services on behalf of the BNC Consortium.</distributor><availability> This material is protected by international copyright laws and may not be copied or redistributed in any way. Consult the BNC Web Site at http://www.natcorp.ox.ac.uk for full licencing and distribution conditions.</availability><idno type="bnc">A1K</idno><idno type="old"> IaList </idno></publicationStmt><sourceDesc><bibl><title>Independent, electronic edition of 1989-10-02: Listings section.</title> <imprint n="NEWSPA2"><publisher>Newspaper Publishing plc</publisher> <pubPlace>London</pubPlace> <date value="1989">1989</date> </imprint> </bibl></sourceDesc></fileDesc><encodingDesc><tagsDecl><namespace name=""><tagUsage gi="c" occurs="284"/><tagUsage gi="div" occurs="3"/><tagUsage gi="head" occurs="6"/><tagUsage gi="mw" occurs="15"/><tagUsage gi="p" occurs="24"/><tagUsage gi="s" occurs="94"/><tagUsage gi="w" occurs="1863"/></namespace></tagsDecl></encodingDesc><profileDesc><creation date="1989"> </creation><textClass><catRef targets="WRI ALLTIM3 ALLAVA2 ALLTYP3 WRIAAG0 WRIAD0 WRIASE0 WRIATY2 WRIAUD3 WRIDOM7 WRILEV2 WRIMED2 WRIPP5 WRISAM0 WRISTA3 WRITAS3"/><classCode scheme="DLEE">W newsp brdsht nat: arts</classCode><keywords><term> (none) </term></keywords></textClass></profileDesc><revisionDesc><change date="2006-10-21" who="#OUCS">Tag usage updated for BNC-XML</change><change date="2000-12-13" who="#OUCS">Last check for BNC World first release</change><change date="2000-09-06" who="#OUCS">Redo tagusage tables</change><change date="2000-09-01" who="#OUCS">Check all tagcounts</change><change date="2000-06-23" who="#OUCS">Resequenced s-units and added headers</change><change date="2000-01-21" who="#OUCS">Added date info</change><change date="2000-01-09" who="#OUCS">Updated all catrefs</change><change date="2000-01-08" who="#OUCS">Updated source title</change><change date="2000-01-08" who="#OUCS">Updated titles</change><change date="1999-12-25" who="#OUCS">corrected tagUsage</change><change date="1999-09-13" who="#UCREL">POS codes revised for BNC-2; header updated</change><change date="1994-11-24" who="#dominic">Initial accession to corpus</change></revisionDesc></teiHeader>
<wtext type="NEWS"><div level="1" n="891002 edition -- Listings Page 27"><head type="MAIN">
<s n="1"><w c5="NN1" hw="pub" pos="SUBST">PUB </w><w c5="NN1" hw="rock" pos="SUBST">ROCK </w><c c5="PUN">/</c><w c5="AJ0" hw="pint-sized" pos="ADJ">Pint-sized </w><w c5="NN1" hw="rock" pos="SUBST">rock </w><c c5="PUQ">‘</c><w c5="ZZ0" hw="n" pos="SUBST">n</w><c c5="PUQ">’ </c><w c5="NN2" hw="roller" pos="SUBST">rollers</w><c c5="PUN">: </c><w c5="NP0" hw="jim" pos="SUBST">Jim </w><w c5="NP0" hw="white" pos="SUBST">White </w><w c5="VVZ" hw="step" pos="VERB">steps </w><w c5="AVP" hw="back" pos="ADV">back </w><w c5="PRP" hw="in" pos="PREP">in </w><w c5="NN1" hw="time" pos="SUBST">time </w><w c5="TO0" hw="to" pos="PREP">to </w><w c5="VVI" hw="sample" pos="VERB">sample </w><w c5="AT0" hw="the" pos="ART">the </w><w c5="NN1" hw="fare" pos="SUBST">fare </w><w c5="PRP" hw="at" pos="PREP">at </w><w c5="DPS" hw="he" pos="PRON">his </w><w c5="NN1" hw="local" pos="SUBST">local</w></s></head><head type="BYLINE">
<s n="2"><w c5="PRP" hw="by" pos="PREP">By </w><w c5="NP0" hw="jim" pos="SUBST">JIM </w><w c5="NP0-NN1" hw="white" pos="SUBST">WHITE</w></s></head><p>
<s n="3"><mw c5="PRP"><w c5="VVG" hw="accord" pos="VERB">According </w><w c5="PRP" hw="to" pos="PREP">to </w></mw><w c5="DT0" hw="those" pos="ADJ">those </w><w c5="PRP" hw="on" pos="PREP">on </w><w c5="AT0" hw="the" pos="ART">the </w><w c5="AJ0-NN1" hw="inside" pos="ADJ">inside </w><w c5="NN1" hw="track" pos="SUBST">track</w><c c5="PUN">, </c><w c5="NP0-NN1" hw="raggahouse" pos="SUBST">Raggahouse </w><w c5="VBZ" hw="be" pos="VERB">is </w><w c5="AT0" hw="the" pos="ART">the </w><w c5="AJS" hw="late" pos="ADJ">latest </w><w c5="NN1" hw="fad" pos="SUBST">fad </w><w c5="PRP" hw="in" pos="PREP">in </w><w c5="NN1" hw="clubland" pos="SUBST">clubland</w><c c5="PUN">.</c></s>
<s n="4"><w c5="DT0" hw="this" pos="ADJ">This </w><w c5="AJ0-NN1" hw="hybrid" pos="ADJ">hybrid </w><w c5="NN1" hw="mix" pos="SUBST">mix </w><w c5="PRF" hw="of" pos="PREP">of </w><w c5="NN1" hw="reggae" pos="SUBST">reggae </w><w c5="CJC" hw="and" pos="CONJ">and </w><w c5="NN1-AJ0" hw="hip" pos="SUBST">hip </w><w c5="NN1" hw="hop" pos="SUBST">hop </w><w c5="VVZ" hw="follow" pos="VERB">follows </w><w c5="NN1" hw="acid" pos="SUBST">acid </w><w c5="NN1" hw="jazz" pos="SUBST">jazz</w><c c5="PUN">, </c><w c5="AJ0" hw="belgian" pos="ADJ">Belgian </w><w c5="AJ0" hw="new" pos="ADJ">New </w><w c5="NN1" hw="beat" pos="SUBST">Beat </w><w c5="CJC" hw="and" pos="CONJ">and </w><w c5="NN1" hw="acid" pos="SUBST">acid </w><w c5="NN1-VVB" hw="swing" pos="SUBST">swing </w><c c5="PUN">— </c><w c5="AT0" hw="the" pos="ART">the </w><w c5="AV0" hw="wholly" pos="ADV">wholly </w><w c5="AJ0" hw="forgettable" pos="ADJ">forgettable </w><w c5="NN1" hw="contribution" pos="SUBST">contribution </w><w c5="PRF" hw="of" pos="PREP">of </w><w c5="NP0-NN1" hw="jive" pos="SUBST">Jive </w><w c5="NN1" hw="bunny" pos="SUBST">Bunny </w><c c5="PUN">— </c><w c5="PRP" hw="as" pos="PREP">as </w><w c5="AT0" hw="the" pos="ART">the </w><w c5="NN1" hw="sound" pos="SUBST">sound </w><w c5="TO0" hw="to" pos="PREP">to </w><w c5="VVI" hw="set" pos="VERB">set </w><w c5="NN1" hw="disco" pos="SUBST">disco </w><w c5="NN2" hw="foot" pos="SUBST">feet </w><w c5="VVG" hw="tap" pos="VERB">tapping</w><c c5="PUN">.</c></s>
<s n="5"><w c5="CJC" hw="but" pos="CONJ">But </w><mw c5="AVQ"><w c5="ITJ" hw="no" pos="INTERJ">no </w><w c5="NN1" hw="matter" pos="SUBST">matter </w><w c5="AVQ" hw="how" pos="ADV">how </w></mw><w c5="AV0" hw="often" pos="ADV">often </w><w c5="AT0" hw="the" pos="ART">the </w><w c5="NN2" hw="archive" pos="SUBST">archives </w><w c5="VBB" hw="be" pos="VERB">are </w><w c5="VVN" hw="ransack" pos="VERB">ransacked </w><w c5="PRP" hw="for" pos="PREP">for </w><w c5="AJ0" hw="old" pos="ADJ">old </w><w c5="NN2" hw="genre" pos="SUBST">genres </w><w c5="TO0" hw="to" pos="PREP">to </w><w c5="VVI" hw="bastardise" pos="VERB">bastardise</w><c c5="PUN">, </c><w c5="PNP" hw="you" pos="PRON">you </w><w c5="VDB" hw="do" pos="VERB">do</w><w c5="XX0" hw="not" pos="ADV">n't </w><w c5="VHI" hw="have" pos="VERB">have </w><w c5="TO0" hw="to" pos="PREP">to </w><w c5="VBI" hw="be" pos="VERB">be </w><w c5="PRP" hw="at" pos="PREP">at </w><w c5="AT0" hw="the" pos="ART">the </w><w c5="NN1" hw="forefront" pos="SUBST">forefront </w><w c5="PRF" hw="of" pos="PREP">of </w><w c5="AJ0-NN1" hw="style-making" pos="ADJ">style-making </w><w c5="TO0" hw="to" pos="PREP">to </w><w c5="VVI" hw="foresee" pos="VERB">foresee </w><w c5="CJT-DT0" hw="that" pos="CONJ">that </w><w c5="AV0" hw="very" pos="ADV">very </w><w c5="DT0" hw="few" pos="ADJ">few </w><w c5="NN2" hw="club" pos="SUBST">clubs </w><w c5="VM0" hw="will" pos="VERB">will </w><w c5="VBI" hw="be" pos="VERB">be </w><w c5="VVG" hw="sway" pos="VERB">swaying </w><w c5="DT0" hw="this" pos="ADJ">this </w><w c5="NN1" hw="time" pos="SUBST">time </w><w c5="ORD" hw="next" pos="ADJ">next </w><w c5="NN1" hw="year" pos="SUBST">year </w><w c5="PRP" hw="to" pos="PREP">to </w><w c5="NN1" hw="pub" pos="SUBST">Pub </w><w c5="NN1" hw="acid" pos="SUBST">Acid</w><c c5="PUN">, </c><w c5="NN1-AJ0" hw="hip" pos="SUBST">Hip </w><w c5="NN1" hw="malt" pos="SUBST">Malt</w><c c5="PUQ">`</c><w c5="ZZ0" hw="n" pos="SUBST">n</w><c c5="PUQ">’ </c><w c5="NN2" hw="hop" pos="SUBST">Hops</w><c c5="PUN">, </c><w c5="CJC" hw="or" pos="CONJ">or </w><w c5="AJ0" hw="sweaty" pos="ADJ">Sweaty </w><w c5="NN1" hw="backroom" pos="SUBST">Backroom </w><w c5="NN1" hw="house" pos="SUBST">House</w><c c5="PUN">.</c></s>
<s n="6"><w c5="AT0" hw="the" pos="ART">The </w><w c5="NN1" hw="grunge" pos="SUBST">grunge </w><w c5="CJC" hw="and" pos="CONJ">and </w><w c5="NN1" hw="grime" pos="SUBST">grime </w><w c5="PRF" hw="of" pos="PREP">of </w><w c5="NN1" hw="pub" pos="SUBST">pub </w><w c5="NN1" hw="rock" pos="SUBST">rock </w><w c5="VHZ" hw="have" pos="VERB">has </w><w c5="VBN" hw="be" pos="VERB">been </w><w c5="VVN" hw="credit" pos="VERB">credited </w><w c5="PRP" hw="with" pos="PREP">with </w><w c5="DT0" hw="many" pos="ADJ">many </w><w c5="NN2" hw="thing" pos="SUBST">things</w><c c5="PUN">, </c><w c5="PRP" hw="including" pos="PREP">including </w><w c5="AT0" hw="the" pos="ART">the </w><w c5="NN1" hw="invention" pos="SUBST">invention </w><w c5="PRF" hw="of" pos="PREP">of </w><w c5="NN1" hw="punk" pos="SUBST">punk </w><w c5="NN1" hw="rock" pos="SUBST">rock</w><c c5="PUN">, </c><w c5="CJC" hw="but" pos="CONJ">but </w><w c5="VBG" hw="be" pos="VERB">being </w><w c5="AV0" hw="remotely" pos="ADV">remotely </w><w c5="AJ0" hw="fashionable" pos="ADJ">fashionable </w><w c5="VBZ" hw="be" pos="VERB">is</w><w c5="XX0" hw="not" pos="ADV">n't </w><w c5="CRD" hw="one" pos="ADJ">one </w><w c5="PRF" hw="of" pos="PREP">of </w><w c5="PNP" hw="they" pos="PRON">them</w><c c5="PUN">.</c></s></p><p>
<s n="7"><w c5="PRP" hw="at" pos="PREP">At </w><w c5="AT0" hw="the" pos="ART">the </w><w c5="NP0-NN1" hw="bull" pos="SUBST">Bull </w><w c5="CJC" hw="&amp;" pos="CONJ">&amp; </w><w c5="NN1" hw="gate" pos="SUBST">Gate</w><c c5="PUN">, </c><w c5="ORD" hw="next" pos="ADJ">next </w><w c5="NN1" hw="door" pos="SUBST">door </w><w c5="PRP" hw="to" pos="PREP">to </w><w c5="AT0" hw="the" pos="ART">the </w><w c5="NN1" hw="town" pos="SUBST">Town </w><w c5="CJC" hw="&amp;" pos="CONJ">&amp; </w><w c5="NN1" hw="country" pos="SUBST">Country </w><w c5="NN1" hw="club" pos="SUBST">Club </w><w c5="PRP" hw="in" pos="PREP">in </w><w c5="NP0" hw="london" pos="SUBST">London</w><w c5="POS" hw="'s" pos="UNC">'s </w><w c5="AJ0-NN1" hw="kentish" pos="ADJ">Kentish </w><w c5="NN1" hw="town" pos="SUBST">Town</w><c c5="PUN">, </c><w c5="AT0" hw="the" pos="ART">the </w><w c5="NN1" hw="management" pos="SUBST">management </w><w c5="VHZ" hw="have" pos="VERB">has </w><w c5="VBN" hw="be" pos="VERB">been </w><w c5="VVG-AJ0" hw="promote" pos="VERB">promoting </w><w c5="NN1" hw="pub" pos="SUBST">pub </w><w c5="NN1" hw="rock" pos="SUBST">rock </w><w c5="PRP" hw="in" pos="PREP">in </w><w c5="AT0" hw="a" pos="ART">a </w><w c5="AJ0" hw="back" pos="ADJ">back </w><w c5="NN1" hw="room" pos="SUBST">room </w><w c5="PRP" hw="with" pos="PREP">with </w><w c5="AJ0-VVG" hw="adjoining" pos="ADJ">adjoining </w><w c5="AJ0" hw="outer" pos="ADJ">outer </w><w c5="NN1" hw="bar" pos="SUBST">bar </w><w c5="PRP" hw="for" pos="PREP">for </w><w c5="AV0" hw="almost" pos="ADV">almost </w><mw c5="CJS"><w c5="CJS" hw="as" pos="CONJ">as </w><w c5="AJ0" hw="long" pos="ADJ">long </w><w c5="CJS" hw="as" pos="CONJ">as </w></mw><w c5="AT0" hw="the" pos="ART">the </w><w c5="NN1" hw="form" pos="SUBST">form </w><w c5="VHZ" hw="have" pos="VERB">has </w><w c5="VVN" hw="exist" pos="VERB">existed</w><c c5="PUN">.</c></s>
<s n="8"><w c5="ORD" hw="last" pos="ADJ">Last </w><w c5="NP0" hw="thursday" pos="SUBST">Thursday </w><w c5="NN1" hw="night" pos="SUBST">night </w><w c5="AT0" hw="the" pos="ART">the </w><w c5="NN1" hw="pub" pos="SUBST">pub </w><w c5="VVD" hw="present" pos="VERB">presented </w><w c5="AT0" hw="a" pos="ART">a </w><w c5="AJ0" hw="triple" pos="ADJ">triple </w><w c5="NN1" hw="bill" pos="SUBST">bill </w><w c5="VVN" hw="describe" pos="VERB">described </w><w c5="PRP" hw="in" pos="PREP">in </w><w c5="NN1" hw="time" pos="SUBST">Time </w><w c5="AVP" hw="out" pos="ADV">Out </w><w c5="NN1" hw="magazine" pos="SUBST">magazine</w><c c5="PUN">, </c><w c5="AT0" hw="the" pos="ART">the </w><w c5="NN1-NP0" hw="baedeker" pos="SUBST">Baedeker </w><w c5="NN1-VVB" hw="guide" pos="SUBST">Guide </w><w c5="PRP" hw="for" pos="PREP">for </w><w c5="NP0" hw="london" pos="SUBST">London </w><w c5="NN1" hw="pub" pos="SUBST">pub </w><w c5="NN1" hw="rock" pos="SUBST">rock </w><w c5="NN2" hw="fan" pos="SUBST">fans</w><c c5="PUN">, </c><w c5="PRP" hw="as" pos="PREP">as </w><c c5="PUQ">‘</c><w c5="AJ0" hw="melodic" pos="ADJ">melodic </w><w c5="NN1" hw="pop" pos="SUBST">pop </w><w c5="NN1" hw="rock" pos="SUBST">rock</w><c c5="PUQ">’</c><c c5="PUN">.</c></s>
<s n="9"><w c5="PRP" hw="at" pos="PREP">At </w><w c5="AT0" hw="the" pos="ART">the </w><w c5="NN1" hw="door" pos="SUBST">door </w><w c5="AT0" hw="the" pos="ART">the </w><w c5="NN1" hw="man" pos="SUBST">man </w><w c5="VVG" hw="take" pos="VERB">taking </w><w c5="AT0" hw="the" pos="ART">the </w><w c5="NN1" hw="money" pos="SUBST">money </w><w c5="VBD" hw="be" pos="VERB">was </w><w c5="VVG-AJ0" hw="dirty" pos="VERB">dirtying </w><w c5="NN2" hw="patron" pos="SUBST">patrons</w><w c5="POS" hw="'" pos="UNC">' </w><w c5="NN2" hw="hand" pos="SUBST">hands </w><w c5="PRP" hw="with" pos="PREP">with </w><w c5="CRD" hw="one" pos="ADJ">one </w><w c5="PRF" hw="of" pos="PREP">of </w><w c5="DT0" hw="those" pos="ADJ">those </w><w c5="AJ0-NN1" hw="rubber" pos="ADJ">rubber </w><w c5="NN2-VVZ" hw="stamp" pos="SUBST">stamps </w><w c5="PNI" hw="no-one" pos="PRON">no-one </w><w c5="VVD-VVN" hw="think" pos="VERB">thought </w><w c5="VVD" hw="exist" pos="VERB">existed </w><w c5="PRP" hw="outside" pos="PREP">outside </w><w c5="NN1" hw="student" pos="SUBST">student </w><w c5="NN2" hw="disco" pos="SUBST">discos</w><c c5="PUN">.</c></s>
<s n="10"><w c5="CJS" hw="when" pos="CONJ">When </w><w c5="VVN" hw="press" pos="VERB">pressed </w><w c5="PNP" hw="he" pos="PRON">he </w><w c5="VBD" hw="be" pos="VERB">was </w><w c5="AJ0" hw="unable" pos="ADJ">unable </w><w c5="TO0" hw="to" pos="PREP">to </w><w c5="VVI" hw="give" pos="VERB">give </w><w c5="AT0" hw="an" pos="ART">an </w><w c5="AJ0" hw="accurate" pos="ADJ">accurate </w><w c5="NN1" hw="answer" pos="SUBST">answer </w><w c5="AVQ" hw="why" pos="ADV">why </w><w c5="DT0" hw="this" pos="ADJ">this </w><w c5="VBD" hw="be" pos="VERB">was </w><w c5="AJ0" hw="necessary" pos="ADJ">necessary</w><c c5="PUN">, </c><w c5="CJC" hw="nor" pos="CONJ">nor </w><w c5="AVQ" hw="why" pos="ADV">why </w><w c5="AT0" hw="the" pos="ART">the </w><w c5="NN1" hw="stamp" pos="SUBST">stamp </w><w c5="VVD-VVN" hw="read" pos="VERB">read </w><c c5="PUQ">‘</c><w c5="VDB" hw="do" pos="VERB">Do </w><w c5="XX0" hw="not" pos="ADV">Not </w><w c5="NN1-VVB" hw="bend" pos="SUBST">Bend</w><c c5="PUQ">’</c><c c5="PUN">.</c></s>
<s n="11"><w c5="PRP" hw="for" pos="PREP">For </w><w c5="DPS" hw="you" pos="PRON">your </w><w c5="NN0" hw="£3" pos="UNC">£3 </w><w c5="NN1" hw="entrance" pos="SUBST">entrance </w><w c5="NN1" hw="fee" pos="SUBST">fee</w><c c5="PUN">, </c><w c5="PNP" hw="you" pos="PRON">you </w><w c5="VBD" hw="be" pos="VERB">were </w><w c5="VVN" hw="invite" pos="VERB">invited </w><w c5="PRP" hw="into" pos="PREP">into </w><w c5="AT0" hw="a" pos="ART">a </w><w c5="AJ0" hw="dingey" pos="ADJ">dingey </w><w c5="AJ0" hw="outer" pos="ADJ">outer </w><w c5="NN1" hw="bar" pos="SUBST">bar</w><c c5="PUN">, </c><w c5="VVN-VVD" hw="pack" pos="VERB">packed </w><w c5="PRP" hw="to" pos="PREP">to </w><w c5="NN1" hw="capacity" pos="SUBST">capacity </w><w c5="PRP" hw="with" pos="PREP">with </w><w c5="AJ0" hw="strange" pos="ADJ">strange </w><w c5="AJ0-NN1" hw="anarcho-punk" pos="ADJ">anarcho-punk </w><w c5="NN2" hw="type" pos="SUBST">types </w><w c5="PNQ" hw="who" pos="PRON">who </w><w c5="AV0" hw="only" pos="ADV">only </w><w c5="VVB" hw="appear" pos="VERB">appear </w><w c5="PRP" hw="at" pos="PREP">at </w><w c5="NN1" hw="night" pos="SUBST">night</w><c c5="PUN">.</c></s>
<s n="12"><w c5="PRP" hw="at" pos="PREP">At </w><w c5="AT0" hw="the" pos="ART">the </w><w c5="NN1" hw="bar" pos="SUBST">bar </w><w c5="AT0" hw="a" pos="ART">a </w><w c5="AJ0" hw="leather-clad" pos="ADJ">leather-clad </w><w c5="NN1" hw="schoolboy" pos="SUBST">schoolboy </w><w c5="VBD" hw="be" pos="VERB">was </w><w c5="VVG" hw="buy" pos="VERB">buying </w><w c5="AT0" hw="a" pos="ART">a </w><w c5="NN1" hw="pint" pos="SUBST">pint </w><w c5="PRF" hw="of" pos="PREP">of </w><w c5="NN1" hw="lager" pos="SUBST">lager</w><c c5="PUN">, </c><w c5="VVN-VVD" hw="serve" pos="VERB">served </w><w c5="PRP-AVP" hw="in" pos="PREP">in </w><w c5="AT0" hw="a" pos="ART">a </w><w c5="NN1" hw="plastic" pos="SUBST">plastic </w><w c5="NN1" hw="beaker" pos="SUBST">beaker</w><c c5="PUN">.</c></s>
<s n="13"><w c5="AV0" hw="occasionally" pos="ADV">Occasionally</w><c c5="PUN">, </c><w c5="AT0" hw="the" pos="ART">the </w><w c5="NN1" hw="decibel" pos="SUBST">decibel </w><w c5="NN1" hw="level" pos="SUBST">level </w><w c5="VM0" hw="would" pos="VERB">would </w><w c5="VVI" hw="rise" pos="VERB">rise </w><w c5="PRP" hw="from" pos="PREP">from </w><w c5="AT0" hw="the" pos="ART">the </w><w c5="AV0" hw="merely" pos="ADV">merely </w><w c5="AJ0" hw="conversation-stopping" pos="ADJ">conversation-stopping </w><w c5="PRP" hw="to" pos="PREP">to </w><w c5="NP0" hw="heathrow" pos="SUBST">Heathrow </w><w c5="NN2-VVZ" hw="proportion" pos="SUBST">proportions</w><c c5="PUN">.</c></s>
<s n="14"><w c5="DT0" hw="this" pos="ADJ">This </w><w c5="VBD" hw="be" pos="VERB">was </w><w c5="AVQ" hw="when" pos="ADV">when </w><w c5="PNI" hw="somebody" pos="PRON">somebody </w><w c5="VVD" hw="open" pos="VERB">opened </w><w c5="AT0" hw="the" pos="ART">the </w><w c5="NN1" hw="door" pos="SUBST">door </w><w c5="PRP" hw="to" pos="PREP">to </w><w c5="AT0" hw="the" pos="ART">the </w><w c5="AJ0" hw="inner" pos="ADJ">inner </w><w c5="NN1" hw="sanctum" pos="SUBST">sanctum </w><w c5="AVQ" hw="where" pos="ADV">where </w><w c5="AT0" hw="the" pos="ART">the </w><w c5="NN1" hw="support" pos="SUBST">support </w><w c5="NN1" hw="band" pos="SUBST">band </w><w c5="VBD" hw="be" pos="VERB">was </w><w c5="VVG" hw="play" pos="VERB">playing</w><c c5="PUN">.</c></s>
<s n="15"><w c5="AV0" hw="here" pos="ADV">Here</w><c c5="PUN">, </c><w c5="PRP" hw="in" pos="PREP">in </w><w c5="AT0" hw="a" pos="ART">a </w><w c5="NN1" hw="room" pos="SUBST">room </w><w c5="AV0-AJ0" hw="even" pos="ADV">even </w><w c5="NN1" hw="estate" pos="SUBST">estate </w><w c5="NN2" hw="agent" pos="SUBST">agents </w><w c5="VM0" hw="would" pos="VERB">would </w><w c5="VHI" hw="have" pos="VERB">have </w><w c5="NN1" hw="difficulty" pos="SUBST">difficulty </w><w c5="VVG" hw="describe" pos="VERB">describing </w><w c5="CJS" hw="as" pos="CONJ">as </w><w c5="PNI" hw="anything" pos="PRON">anything </w><mw c5="PRP"><w c5="AJ0" hw="other" pos="ADJ">other </w><w c5="CJS" hw="than" pos="CONJ">than </w></mw><w c5="AJ0" hw="small" pos="ADJ">small</w><c c5="PUN">, </c><w c5="CRD" hw="20" pos="ADJ">20 </w><w c5="NN0" hw="people" pos="SUBST">people </w><w c5="VVD" hw="cling" pos="VERB">clung </w><w c5="PRP" hw="to" pos="PREP">to </w><w c5="AT0" hw="the" pos="ART">the </w><w c5="NN1" hw="perimeter" pos="SUBST">perimeter </w><w c5="NN2" hw="wall" pos="SUBST">walls </w><w c5="PRP" hw="as" pos="PREP">as </w><w c5="AT0" hw="a" pos="ART">a </w><w c5="NN1" hw="man" pos="SUBST">man </w><w c5="PRP" hw="with" pos="PREP">with </w><w c5="AT0" hw="a" pos="ART">a </w><w c5="NP0" hw="chris" pos="SUBST">Chris </w><w c5="NP0" hw="waddle" pos="SUBST">Waddle </w><w c5="NN1" hw="haircut" pos="SUBST">haircut </w><w c5="VVD" hw="hammer" pos="VERB">hammered </w><w c5="AVP" hw="out" pos="ADV">out </w><w c5="DT0" hw="some" pos="ADJ">some </w><w c5="AJ0" hw="old" pos="ADJ">old </w><w c5="NN1" hw="rock" pos="SUBST">rock </w><w c5="NN2" hw="cliche" pos="SUBST">cliches</w><c c5="PUN">.</c></s>
<s n="16"><w c5="CRD" hw="one" pos="ADJ">One </w><w c5="NN1" hw="fan" pos="SUBST">fan </w><w c5="VVD" hw="sing" pos="VERB">sang </w><w c5="AVP" hw="along" pos="ADV">along </w><w c5="CJC" hw="and" pos="CONJ">and </w><w c5="VVN-VVD" hw="pluck" pos="VERB">plucked </w><w c5="PRP" hw="at" pos="PREP">at </w><w c5="AT0" hw="an" pos="ART">an </w><w c5="AJ0" hw="imaginary" pos="ADJ">imaginary </w><w c5="NN1" hw="guitar" pos="SUBST">guitar</w><c c5="PUN">, </c><w c5="CJC" hw="but" pos="CONJ">but </w><w c5="PNP" hw="he" pos="PRON">he </w><w c5="VVD" hw="turn" pos="VERB">turned </w><w c5="AVP" hw="out" pos="ADV">out </w><w c5="TO0" hw="to" pos="PREP">to </w><w c5="VBI" hw="be" pos="VERB">be </w><w c5="AT0" hw="the" pos="ART">the </w><w c5="NN1" hw="roadie" pos="SUBST">roadie</w><c c5="PUN">.</c></s>
<s n="17"><w c5="PRP" hw="at" pos="PREP">At </w><w c5="AT0" hw="the" pos="ART">the </w><w c5="NN1" hw="end" pos="SUBST">end </w><w c5="PRF" hw="of" pos="PREP">of </w><w c5="DPS" hw="they" pos="PRON">their </w><w c5="NN1-VVB" hw="set" pos="SUBST">set </w><w c5="AT0" hw="the" pos="ART">the </w><w c5="NN1" hw="roadie" pos="SUBST">roadie </w><w c5="VVD" hw="applaud" pos="VERB">applauded </w><w c5="AV0" hw="wildly" pos="ADV">wildly</w><c c5="PUN">, </c><w c5="CJC" hw="and" pos="CONJ">and </w><w c5="PNI" hw="everyone" pos="PRON">everyone </w><w c5="AV0" hw="else" pos="ADV">else </w><w c5="VVN-VVD" hw="wander" pos="VERB">wandered </w><w c5="AVP" hw="back" pos="ADV">back </w><w c5="PRP" hw="to" pos="PREP">to </w><w c5="AT0" hw="the" pos="ART">the </w><w c5="NN1" hw="bar" pos="SUBST">bar</w><c c5="PUN">.</c></s>
<s n="18"><w c5="AT0" hw="no" pos="ART">No </w><w c5="NN1" hw="wonder" pos="SUBST">wonder </w><w c5="AT0" hw="the" pos="ART">the </w><w c5="AJ0" hw="waddle-alike" pos="ADJ">Waddle-alike </w><w c5="VVD" hw="keep" pos="VERB">kept </w><w c5="DPS" hw="he" pos="PRON">his </w><w c5="NN2" hw="eye" pos="SUBST">eyes </w><w c5="AV0" hw="firmly" pos="ADV">firmly </w><w c5="VVN" hw="shut" pos="VERB">shut </w><w c5="AV0" hw="throughout" pos="ADV">throughout</w><c c5="PUN">.</c></s></p><p>
<s n="19"><w c5="AT0" hw="the" pos="ART">The </w><w c5="NN1" hw="headline" pos="SUBST">headline </w><w c5="NN1" hw="band" pos="SUBST">band </w><w c5="VBD" hw="be" pos="VERB">was </w><w c5="VVN" hw="call" pos="VERB">called </w><w c5="NN1" hw="girl" pos="SUBST">Girl </w><w c5="PRP" hw="with" pos="PREP">With </w><w c5="AT0" hw="a" pos="ART">A </w><w c5="AJ0" hw="blue" pos="ADJ">Blue </w><w c5="NN1" hw="guitar" pos="SUBST">Guitar</w><c c5="PUN">.</c></s>
<s n="20"><w c5="PNP" hw="they" pos="PRON">They </w><w c5="VBD" hw="be" pos="VERB">were </w><w c5="DTQ" hw="what" pos="PRON">what </w><w c5="VBZ" hw="be" pos="VERB">is </w><w c5="VVN" hw="know" pos="VERB">known </w><w c5="PRP" hw="as" pos="PREP">as </w><w c5="NN2" hw="indie-popper" pos="SUBST">indie-poppers</w><c c5="PUN">, </c><w c5="DTQ" hw="which" pos="PRON">which </w><w c5="VVZ" hw="mean" pos="VERB">means </w><w c5="CJT" hw="that" pos="CONJ">that </w><w c5="PNP" hw="they" pos="PRON">they </w><w c5="VVB" hw="play" pos="VERB">play </w><w c5="NN2" hw="guitar" pos="SUBST">guitars </w><mw c5="PRP"><w c5="AV0" hw="rather" pos="ADV">rather </w><w c5="CJS" hw="than" pos="CONJ">than </w></mw><w c5="NN2" hw="synthesiser" pos="SUBST">synthesisers</w><c c5="PUN">, </c><w c5="VVB" hw="wear" pos="VERB">wear </w><w c5="AJ0" hw="black" pos="ADJ">black </w><w c5="NN1" hw="leather" pos="SUBST">leather </w><w c5="NN1" hw="biker" pos="SUBST">biker</w><w c5="POS" hw="'s" pos="UNC">'s </w><w c5="NN2" hw="jacket" pos="SUBST">jackets </w><w c5="CJC" hw="and" pos="CONJ">and </w><w c5="VHB" hw="have" pos="VERB">have </w><w c5="AT0" hw="a" pos="ART">a </w><w c5="NN1" hw="female" pos="SUBST">female </w><w c5="VVN" hw="lead" pos="VERB">lead </w><w c5="NN1" hw="singer" pos="SUBST">singer </w><w c5="PRP" hw="with" pos="PREP">with </w><w c5="NN1" hw="peroxide" pos="SUBST">peroxide </w><w c5="AJ0" hw="blonde" pos="ADJ">blonde </w><w c5="NN1" hw="hair" pos="SUBST">hair</w><c c5="PUN">.</c></s>
<s n="21"><w c5="AT0" hw="the" pos="ART">The </w><w c5="NN1" hw="twist" pos="SUBST">twist </w><w c5="AV0" hw="here" pos="ADV">here </w><w c5="VBD" hw="be" pos="VERB">was </w><w c5="CJT" hw="that" pos="CONJ">that </w><w c5="AT0" hw="the" pos="ART">the </w><w c5="NN1" hw="guitarist" pos="SUBST">guitarist </w><w c5="VBD" hw="be" pos="VERB">was </w><w c5="AV0" hw="also" pos="ADV">also </w><w c5="AJ0" hw="female" pos="ADJ">female </w><c c5="PUL">(</c><w c5="DPS" hw="she" pos="PRON">her </w><w c5="NN1" hw="guitar" pos="SUBST">guitar </w><w c5="VBD" hw="be" pos="VERB">was </w><w c5="AJ0" hw="blue" pos="ADJ">blue</w><c c5="PUR">) </c><w c5="CJC" hw="and" pos="CONJ">and </w><w c5="AT0" hw="the" pos="ART">the </w><w c5="NN1" hw="singer" pos="SUBST">singer </w><w c5="VHD" hw="have" pos="VERB">had </w><w c5="AT0" hw="an" pos="ART">an </w><w c5="AJ0" hw="australian" pos="ADJ">Australian </w><w c5="NN1" hw="accent" pos="SUBST">accent</w><c c5="PUN">.</c></s></p><p>
<s n="22"><w c5="AT0" hw="the" pos="ART">The </w><w c5="NN1" hw="crowd" pos="SUBST">crowd </w><w c5="VHD" hw="have" pos="VERB">had </w><w c5="VVN" hw="swell" pos="VERB">swollen </w><w c5="PRP" hw="to" pos="PREP">to </w><w c5="AV0" hw="about" pos="ADV">about </w><w c5="CRD" hw="70" pos="ADJ">70 </w><mw c5="AV0"><w c5="PRP" hw="by" pos="PREP">by </w><w c5="AV0" hw="now" pos="ADV">now</w></mw><c c5="PUN">, </c><w c5="VVG" hw="stand" pos="VERB">standing </w><w c5="PRP-AVP" hw="in" pos="PREP">in </w><w c5="AT0" hw="a" pos="ART">a </w><w c5="AJ0" hw="respectful" pos="ADJ">respectful </w><w c5="NN1" hw="arc" pos="SUBST">arc</w><c c5="PUN">, </c><mw c5="CJS"><w c5="PRP" hw="as" pos="PREP">as </w><w c5="CJS" hw="if" pos="CONJ">if </w></mw><w c5="AT0" hw="the" pos="ART">the </w><w c5="NN1" hw="stage" pos="SUBST">stage </w><w c5="VBD" hw="be" pos="VERB">was </w><w c5="VVN" hw="protect" pos="VERB">protected </w><w c5="PRP" hw="by" pos="PREP">by </w><w c5="AT0" hw="a" pos="ART">a </w><w c5="NN1" hw="sci-fi" pos="SUBST">sci-fi </w><w c5="NN1" hw="forcefield" pos="SUBST">forcefield</w><c c5="PUN">.</c></s>
<s n="23"><w c5="AT0" hw="a" pos="ART">A </w><w c5="NN1" hw="couple" pos="SUBST">couple </w><w c5="PRF" hw="of" pos="PREP">of </w><w c5="NN2" hw="girl" pos="SUBST">girls </w><w c5="VVD-VVN" hw="dance" pos="VERB">danced </w><w c5="AV0" hw="enthusiastically" pos="ADV">enthusiastically </w><w c5="CJC" hw="and" pos="CONJ">and </w><w c5="DT0" hw="several" pos="ADJ">several </w><w c5="NN2" hw="other" pos="SUBST">others </w><w c5="VVD" hw="tap" pos="VERB">tapped </w><w c5="DPS" hw="they" pos="PRON">their </w><w c5="NN2" hw="foot" pos="SUBST">feet</w><c c5="PUN">.</c></s>
<s n="24"><w c5="AT0" hw="a" pos="ART">A </w><w c5="NN1" hw="friend" pos="SUBST">friend </w><w c5="PRF" hw="of" pos="PREP">of </w><w c5="AT0" hw="the" pos="ART">the </w><w c5="NN1" hw="band" pos="SUBST">band </w><w c5="VVD" hw="weave" pos="VERB">weaved </w><w c5="AVP" hw="in" pos="ADV">in </w><w c5="CJC" hw="and" pos="CONJ">and </w><mw c5="PRP"><w c5="AVP" hw="out" pos="ADV">out </w><w c5="PRF" hw="of" pos="PREP">of </w></mw><w c5="AT0" hw="the" pos="ART">the </w><w c5="NN1" hw="crowd" pos="SUBST">crowd</w><c c5="PUN">, </c><w c5="VVG" hw="record" pos="VERB">recording </w><w c5="DPS" hw="they" pos="PRON">their </w><w c5="NN1" hw="performance" pos="SUBST">performance </w><w c5="PRP" hw="on" pos="PREP">on </w><w c5="AT0" hw="a" pos="ART">a </w><w c5="NN1" hw="video" pos="SUBST">video </w><w c5="NN1" hw="camera" pos="SUBST">camera</w><c c5="PUN">.</c></s>
<s n="25"><w c5="PNP" hw="it" pos="PRON">It </w><w c5="VBD" hw="be" pos="VERB">was </w><w c5="AT0" hw="the" pos="ART">the </w><w c5="AJ0" hw="only" pos="ADJ">only </w><w c5="NN1" hw="indication" pos="SUBST">indication</w><c c5="PUN">, </c><mw c5="PRP"><w c5="AV0" hw="apart" pos="ADV">apart </w><w c5="PRP" hw="from" pos="PREP">from </w></mw><w c5="AT0" hw="the" pos="ART">the </w><w c5="NN1" hw="price" pos="SUBST">price </w><w c5="PRF" hw="of" pos="PREP">of </w><w c5="AT0" hw="the" pos="ART">the </w><w c5="NN1" hw="beer" pos="SUBST">beer</w><c c5="PUN">, </c><w c5="CJT" hw="that" pos="CONJ">that </w><w c5="DT0" hw="this" pos="ADJ">this </w><w c5="VBD" hw="be" pos="VERB">was</w><w c5="XX0" hw="not" pos="ADV">n't </w><w c5="AT0" hw="a" pos="ART">a </w><w c5="NN1" hw="decade" pos="SUBST">decade </w><w c5="AV0" hw="ago" pos="ADV">ago</w><c c5="PUN">.</c></s></p><p>
<s n="26"><w c5="PRP" hw="for" pos="PREP">For </w><w c5="AT0" hw="the" pos="ART">the </w><w c5="NN2" hw="player" pos="SUBST">players</w><c c5="PUN">, </c><w c5="EX0" hw="there" pos="PRON">there </w><w c5="VBD" hw="be" pos="VERB">was </w><w c5="AT0" hw="the" pos="ART">the </w><w c5="NN1" hw="prospect" pos="SUBST">prospect </w><w c5="PRF" hw="of" pos="PREP">of </w><w c5="VVG" hw="return" pos="VERB">returning </w><w c5="PRP" hw="to" pos="PREP">to </w><w c5="DPS" hw="they" pos="PRON">their </w><w c5="NN1" hw="day" pos="SUBST">day </w><w c5="NN2" hw="job" pos="SUBST">jobs </w><w c5="PRP" hw="with" pos="PREP">with </w><w c5="NN0" hw="£50" pos="UNC">£50 </w><w c5="PRP" hw="in" pos="PREP">in </w><w c5="DPS" hw="they" pos="PRON">their </w><w c5="NN2" hw="pocket" pos="SUBST">pockets</w><c c5="PUN">, </c><w c5="PRP" hw="for" pos="PREP">for </w><w c5="AT0" hw="the" pos="ART">the </w><w c5="NN1" hw="landlord" pos="SUBST">landlord </w><w c5="EX0" hw="there" pos="PRON">there </w><w c5="VBD" hw="be" pos="VERB">was </w><w c5="AT0" hw="a" pos="ART">a </w><w c5="AJ0" hw="healthy" pos="ADJ">healthy </w><w c5="NN1" hw="night" pos="SUBST">night</w><w c5="POS" hw="'s" pos="UNC">'s </w><w c5="NN2" hw="taking" pos="SUBST">takings </w><w c5="CJC" hw="and" pos="CONJ">and </w><w c5="PRP" hw="for" pos="PREP">for </w><w c5="AT0" hw="the" pos="ART">the </w><w c5="NN1" hw="crowd" pos="SUBST">crowd</w><c c5="PUN">, </c><w c5="AV0" hw="even" pos="ADV">even </w><w c5="DT0" hw="those" pos="ADJ">those </w><w c5="PNQ" hw="who" pos="PRON">who </w><w c5="VHD" hw="have" pos="VERB">had </w><w c5="VVN" hw="stay" pos="VERB">stayed </w><w c5="PRP" hw="in" pos="PREP">in </w><w c5="AT0" hw="the" pos="ART">the </w><w c5="NN1" hw="bar" pos="SUBST">bar </w><w c5="DT0" hw="all" pos="ADJ">all </w><w c5="NN1" hw="evening" pos="SUBST">evening</w><c c5="PUN">, </c><w c5="EX0" hw="there" pos="PRON">there </w><w c5="VBD" hw="be" pos="VERB">was </w><w c5="AT0" hw="a" pos="ART">a </w><w c5="AJ0" hw="nasty" pos="ADJ">nasty </w><w c5="NN1" hw="ringing" pos="SUBST">ringing </w><w c5="PRP" hw="in" pos="PREP">in </w><w c5="AT0" hw="the" pos="ART">the </w><w c5="NN2" hw="ear" pos="SUBST">ears </w><w c5="AT0" hw="the" pos="ART">the </w><w c5="ORD" hw="next" pos="ADJ">next </w><w c5="NN1" hw="morning" pos="SUBST">morning</w><c c5="PUN">.</c></s>
<s n="27"><w c5="DT0" hw="that" pos="ADJ">That</w><w c5="VBZ" hw="be" pos="VERB">'s </w><w c5="AT0" hw="the" pos="ART">the </w><w c5="NN1" hw="thing" pos="SUBST">thing </w><w c5="PRP" hw="about" pos="PREP">about </w><w c5="NN1" hw="pub" pos="SUBST">pub </w><w c5="NN1" hw="rock" pos="SUBST">rock </w><c c5="PUN">— </c><w c5="PNI" hw="everyone" pos="PRON">everyone </w><w c5="VVZ" hw="go" pos="VERB">goes </w><w c5="AV0" hw="home" pos="ADV">home </w><w c5="AJ0" hw="happy" pos="ADJ">happy</w><c c5="PUN">.</c></s></p></div><div level="1" n="891002 edition -- Listings Page 27"><head type="MAIN">
<s n="28"><w c5="NN1" hw="pub" pos="SUBST">PUB </w><w c5="NN1" hw="rock" pos="SUBST">ROCK </w><c c5="PUN">/</c><w c5="AJ0" hw="pint-sized" pos="ADJ">Pint-sized </w><w c5="NN1" hw="rock" pos="SUBST">rock </w><c c5="PUQ">‘</c><w c5="ZZ0" hw="n" pos="SUBST">n</w><c c5="PUQ">’ </c><w c5="NN2" hw="roller" pos="SUBST">rollers</w><c c5="PUN">: </c><w c5="NP0" hw="jim" pos="SUBST">Jim </w><w c5="NP0" hw="white" pos="SUBST">White </w><w c5="VVZ" hw="select" pos="VERB">selects </w><w c5="AT0" hw="the" pos="ART">the </w><w c5="AJS" hw="good" pos="ADJ">best </w><w c5="PRF" hw="of" pos="PREP">of </w><w c5="AT0" hw="the" pos="ART">the </w><w c5="NP0" hw="london" pos="SUBST">London </w><w c5="NN1" hw="pub" pos="SUBST">pub </w><w c5="NN2" hw="venue" pos="SUBST">venues </w><w c5="CJC" hw="and" pos="CONJ">and </w><w c5="NN2" hw="gig" pos="SUBST">gigs </w><w c5="PRP" hw="in" pos="PREP">in </w><w c5="AT0" hw="the" pos="ART">the </w><w c5="NN2" hw="week" pos="SUBST">weeks </w><w c5="AV0" hw="ahead" pos="ADV">ahead</w></s></head><head type="BYLINE">
<s n="29"><w c5="PRP" hw="by" pos="PREP">By </w><w c5="NP0" hw="jim" pos="SUBST">JIM </w><w c5="NP0-NN1" hw="white" pos="SUBST">WHITE</w></s></head><p>
<s n="30"><w c5="NN1-AJ0" hw="general" pos="SUBST">GENERAL </w><w c5="VVZ-NN2" hw="tip" pos="VERB">TIPS </w><w c5="AT0" hw="a" pos="ART">A </w><w c5="AJ0" hw="general" pos="ADJ">general </w><w c5="NN1" hw="rule" pos="SUBST">rule </w><w c5="PRP" hw="for" pos="PREP">for </w><w c5="NN1" hw="pub" pos="SUBST">pub </w><w c5="NN1" hw="rock" pos="SUBST">rock </w><w c5="NN2" hw="patron" pos="SUBST">patrons </w><w c5="VBZ" hw="be" pos="VERB">is </w><w c5="CJT" hw="that" pos="CONJ">that </w><w c5="AT0" hw="the" pos="ART">the </w><w c5="NN1" hw="quality" pos="SUBST">quality </w><w c5="PRF" hw="of" pos="PREP">of </w><w c5="NN1" hw="music" pos="SUBST">music </w><w c5="VM0" hw="will" pos="VERB">will </w><w c5="VBI" hw="be" pos="VERB">be </w><w c5="PRP" hw="in" pos="PREP">in </w><w c5="AJ0" hw="inverse" pos="ADJ">inverse </w><w c5="NN1" hw="proportion" pos="SUBST">proportion </w><w c5="PRP" hw="to" pos="PREP">to </w><w c5="AT0" hw="the" pos="ART">the </w><w c5="NN1" hw="quality" pos="SUBST">quality </w><w c5="PRF" hw="of" pos="PREP">of </w><w c5="AT0" hw="the" pos="ART">the </w><w c5="NN1" hw="beer" pos="SUBST">beer </w><c c5="PUL">(</c><w c5="CJS" hw="except" pos="CONJ">except </w><w c5="PRP" hw="at" pos="PREP">at </w><w c5="NP0" hw="finsbury" pos="SUBST">Finsbury </w><w c5="NN1" hw="park" pos="SUBST">Park</w><w c5="POS" hw="'s" pos="UNC">'s </w><w c5="NP0" hw="sir" pos="SUBST">Sir </w><w c5="NP0" hw="george" pos="SUBST">George </w><w c5="NP0" hw="robey" pos="SUBST">Robey </w><w c5="AVQ-CJS" hw="where" pos="ADV">where </w><w c5="AT0" hw="an" pos="ART">an </w><w c5="AJ0" hw="excellent" pos="ADJ">excellent </w><w c5="NN1" hw="music" pos="SUBST">music </w><w c5="NN1" hw="policy" pos="SUBST">policy </w><w c5="VVZ" hw="come" pos="VERB">comes </w><w c5="AJ0" hw="complete" pos="ADJ">complete </w><w c5="PRP" hw="with" pos="PREP">with </w><w c5="AT0" hw="a" pos="ART">a </w><w c5="AJ0" hw="decent" pos="ADJ">decent </w><w c5="NN1" hw="pint" pos="SUBST">pint </w><w c5="PRF" hw="of" pos="PREP">of </w><w c5="NP0" hw="guinness" pos="SUBST">Guinness</w><c c5="PUR">)</c><c c5="PUN">.</c></s>
<s n="31"><w c5="DT0" hw="another" pos="ADJ">Another </w><w c5="NN1" hw="rule" pos="SUBST">rule </w><w c5="PRF" hw="of" pos="PREP">of </w><w c5="NN1" hw="thumb" pos="SUBST">thumb </w><w c5="VBZ" hw="be" pos="VERB">is </w><w c5="CJT" hw="that" pos="CONJ">that </w><w c5="CJS" hw="if" pos="CONJ">if </w><w c5="AT0" hw="the" pos="ART">the </w><w c5="NN1" hw="act" pos="SUBST">act </w><w c5="VBZ" hw="be" pos="VERB">is </w><w c5="AJ0" hw="obliged" pos="ADJ">obliged </w><w c5="TO0" hw="to" pos="PREP">to </w><w c5="VVI" hw="rest" pos="VERB">rest </w><w c5="DPS" hw="they" pos="PRON">their </w><w c5="NN1" hw="microphone" pos="SUBST">microphone </w><w c5="NN1-VVB" hw="stand" pos="SUBST">stand </w><w c5="CJC" hw="and" pos="CONJ">and </w><w c5="NN2" hw="amplifier" pos="SUBST">amplifiers </w><w c5="PRP" hw="on" pos="PREP">on </w><w c5="NN1" hw="beer" pos="SUBST">beer </w><w c5="NN2" hw="crate" pos="SUBST">crates </w><mw c5="PRP"><w c5="AV0" hw="instead" pos="ADV">instead </w><w c5="PRF" hw="of" pos="PREP">of </w></mw><w c5="AT0" hw="the" pos="ART">the </w><w c5="NN1" hw="stage" pos="SUBST">stage</w><c c5="PUN">, </c><w c5="PNP" hw="it" pos="PRON">it </w><w c5="VM0" hw="will" pos="VERB">will </w><w c5="VBI" hw="be" pos="VERB">be </w><w c5="AT0" hw="a" pos="ART">a </w><w c5="AJ0" hw="good" pos="ADJ">good </w><w c5="NN1" hw="evening" pos="SUBST">evening</w><c c5="PUN">.</c></s>
<s n="32"><w c5="EX0" hw="there" pos="PRON">There </w><w c5="VBB" hw="be" pos="VERB">are </w><w c5="CRD" hw="two" pos="ADJ">two </w><w c5="NN2" hw="type" pos="SUBST">types </w><w c5="PRF" hw="of" pos="PREP">of </w><w c5="NN1" hw="pub" pos="SUBST">pub </w><w c5="NN1" hw="rock" pos="SUBST">rock </w><w c5="NN2" hw="occasion" pos="SUBST">occasions</w><c c5="PUN">: </c><w c5="DT0" hw="those" pos="ADJ">those</w><c c5="PUN">, </c><w c5="PRP" hw="like" pos="PREP">like </w><w c5="AT0" hw="the" pos="ART">the </w><w c5="PNI" hw="one" pos="PRON">one </w><w c5="VVN" hw="describe" pos="VERB">described </w><w c5="AV0" hw="above" pos="ADV">above</w><c c5="PUN">, </c><w c5="CJS-AVQ" hw="where" pos="CONJ">where </w><w c5="AT0" hw="the" pos="ART">the </w><w c5="NN1" hw="band" pos="SUBST">band </w><w c5="VBZ" hw="be" pos="VERB">is </w><w c5="AJ0" hw="likely" pos="ADJ">likely </w><w c5="TO0" hw="to" pos="PREP">to </w><w c5="VVI" hw="suffer" pos="VERB">suffer </w><w c5="PRP" hw="from" pos="PREP">from </w><w c5="NN1" hw="agrophobia" pos="SUBST">agrophobia</w><c c5="PUN">; </c><w c5="CJC" hw="and" pos="CONJ">and </w><w c5="DT0" hw="those" pos="ADJ">those </w><w c5="AVQ" hw="where" pos="ADV">where </w><w c5="AT0" hw="the" pos="ART">the </w><w c5="NN1" hw="pub" pos="SUBST">pub </w><w c5="VBZ" hw="be" pos="VERB">is </w><w c5="AV0" hw="so" pos="ADV">so </w><w c5="AJ0-VVD" hw="crowded" pos="ADJ">crowded</w><c c5="PUN">, </c><w c5="NN1" hw="death" pos="SUBST">death </w><w c5="PRP" hw="through" pos="PREP">through </w><w c5="NN1" hw="asphixiation" pos="SUBST">asphixiation </w><w c5="VVZ" hw="seem" pos="VERB">seems </w><w c5="TO0" hw="to" pos="PREP">to </w><w c5="VBI" hw="be" pos="VERB">be </w><w c5="AT0" hw="the" pos="ART">the </w><w c5="AJ0" hw="only" pos="ADJ">only </w><w c5="NN1" hw="way" pos="SUBST">way </w><w c5="TO0" hw="to" pos="PREP">to </w><w c5="VVI" hw="get" pos="VERB">get </w><w c5="AVP" hw="out" pos="ADV">out</w><c c5="PUN">.</c></s>
<s n="33"><w c5="EX0" hw="there" pos="PRON">There </w><w c5="VBZ" hw="be" pos="VERB">is </w><w c5="AT0" hw="no" pos="ART">no </w><w c5="AJ0" hw="half-way" pos="ADJ">half-way </w><w c5="NN1" hw="house" pos="SUBST">house</w><c c5="PUN">.</c></s>
<s n="34"><w c5="CJS" hw="if" pos="CONJ">If </w><w c5="PNP" hw="it" pos="PRON">it</w><w c5="VBZ" hw="be" pos="VERB">'s </w><w c5="AT0" hw="a" pos="ART">a </w><w c5="AJ0" hw="comfortable" pos="ADJ">comfortable </w><w c5="NN1" hw="evening" pos="SUBST">evening</w><w c5="POS" hw="'s" pos="UNC">'s </w><w c5="NN1" hw="entertainment" pos="SUBST">entertainment </w><w c5="PNP" hw="you" pos="PRON">you</w><w c5="VBB" hw="be" pos="VERB">'re </w><w c5="AV0" hw="after" pos="ADV">after</w><c c5="PUN">, </c><w c5="VVB" hw="stay" pos="VERB">stay </w><w c5="PRP" hw="at" pos="PREP">at </w><w c5="NN1" hw="home" pos="SUBST">home </w><w c5="PRP" hw="with" pos="PREP">with </w><w c5="AT0" hw="the" pos="ART">the </w><w c5="NN1" hw="video" pos="SUBST">video</w><c c5="PUN">.</c></s>
<s n="35"><w c5="NN1-VVB" hw="dress" pos="SUBST">Dress </w><w c5="VVZ" hw="vary" pos="VERB">varies</w><c c5="PUN">, </c><w c5="CJC" hw="but" pos="CONJ">but </w><w c5="VM0" hw="will" pos="VERB">will </w><w c5="AV0" hw="never" pos="ADV">never </w><w c5="VBI" hw="be" pos="VERB">be </w><w c5="AVP" hw="up" pos="ADV">up</w><c c5="PUN">.</c></s></p><p>
<s n="36"><w c5="NP0" hw="who" pos="SUBST">WHO </w><w c5="TO0" hw="to" pos="PREP">TO </w><w c5="VVI" hw="watch" pos="VERB">WATCH </w><w c5="CJS" hw="while" pos="CONJ">While </w><w c5="AT0" hw="the" pos="ART">the </w><w c5="AV0" hw="best" pos="ADV">best </w><w c5="DT0" hw="that" pos="ADJ">that </w><w c5="NN1" hw="chart" pos="SUBST">chart </w><w c5="NN1" hw="music" pos="SUBST">music </w><w c5="VM0" hw="can" pos="VERB">can </w><w c5="VVI" hw="manage" pos="VERB">manage </w><w c5="PRP" hw="in" pos="PREP">in </w><w c5="AT0" hw="the" pos="ART">the </w><w c5="NN1" hw="way" pos="SUBST">way </w><w c5="PRF" hw="of" pos="PREP">of </w><w c5="NN1" hw="band" pos="SUBST">band </w><w c5="NN2" hw="name" pos="SUBST">names </w><w c5="VBZ" hw="be" pos="VERB">is </w><w c5="AJ0" hw="black" pos="ADJ">Black </w><w c5="NN1" hw="box" pos="SUBST">Box</w><c c5="PUN">, </c><w c5="AT0" hw="the" pos="ART">the </w><w c5="NN1" hw="pub" pos="SUBST">pub </w><w c5="NN1" hw="circuit" pos="SUBST">circuit </w><w c5="VHZ" hw="have" pos="VERB">has </w><w c5="AV0" hw="always" pos="ADV">always </w><w c5="VBN" hw="be" pos="VERB">been </w><w c5="AJ0" hw="ripe" pos="ADJ">ripe </w><w c5="PRP" hw="with" pos="PREP">with </w><w c5="AJ0" hw="imaginative" pos="ADJ">imaginative </w><w c5="NN2" hw="handle" pos="SUBST">handles</w><c c5="PUN">.</c></s>
<s n="37"><w c5="AV0" hw="cheerfully" pos="ADV">Cheerfully </w><w c5="VVG" hw="bend" pos="VERB">bending </w><w c5="NN2" hw="ear" pos="SUBST">ears </w><w c5="DT0" hw="this" pos="ADJ">this </w><w c5="NN1" hw="week" pos="SUBST">week </w><w c5="AV0" hw="somewhere" pos="ADV">somewhere </w><w c5="PRP" hw="in" pos="PREP">in </w><w c5="NP0" hw="london" pos="SUBST">London </w><w c5="VBB" hw="be" pos="VERB">are </w><w c5="AJ0" hw="bald" pos="ADJ">Bald </w><w c5="AJ0" hw="howlin'" pos="ADJ">Howlin' </w><w c5="NN1" hw="bastard" pos="SUBST">Bastard</w><c c5="PUN">, </c><w c5="NP0" hw="daisy" pos="SUBST">Daisy </w><w c5="NN1" hw="chainsaw" pos="SUBST">Chainsaw</w><c c5="PUN">, </c><w c5="AT0" hw="the" pos="ART">The </w><w c5="AJ0" hw="wandering" pos="ADJ">Wandering </w><w c5="NP0" hw="crutchless" pos="SUBST">Crutchless</w><c c5="PUN">, </c><w c5="NP0" hw="benny" pos="SUBST">Benny </w><w c5="VVB" hw="profane" pos="VERB">Profane</w><c c5="PUN">, </c><w c5="AT0" hw="the" pos="ART">The </w><w c5="NP0" hw="gordon" pos="SUBST">Gordon </w><w c5="NP0" hw="jackson" pos="SUBST">Jackson </w><w c5="CRD" hw="five" pos="ADJ">Five </w><w c5="CJC" hw="and" pos="CONJ">and </w><w c5="AJ0" hw="new" pos="ADJ">New </w><w c5="AJ0-AV0" hw="fast" pos="ADJ">Fast </w><w c5="AJ0" hw="automatic" pos="ADJ">Automatic </w><w c5="NN2" hw="daffodil" pos="SUBST">Daffodils</w><c c5="PUN">.</c></s>
<s n="38"><w c5="PNP" hw="we" pos="PRON">We </w><w c5="VHB" hw="have" pos="VERB">have </w><w c5="AT0" hw="no" pos="ART">no </w><w c5="NN1" hw="idea" pos="SUBST">idea </w><w c5="CJS" hw="whether" pos="CONJ">whether </w><w c5="AT0" hw="the" pos="ART">the </w><w c5="NN1" hw="music" pos="SUBST">music </w><w c5="VVZ" hw="match" pos="VERB">matches </w><w c5="AT0" hw="the" pos="ART">the </w><w c5="NN1" hw="nomenclature" pos="SUBST">nomenclature</w><c c5="PUN">, </c><w c5="CJC" hw="but" pos="CONJ">but </w><w c5="PNP" hw="it" pos="PRON">it </w><w c5="VM0" hw="must" pos="VERB">must </w><w c5="VBI" hw="be" pos="VERB">be </w><w c5="PRP" hw="worth" pos="PREP">worth </w><w c5="NN0" hw="£5" pos="UNC">£5 </w><w c5="PRF" hw="of" pos="PREP">of </w><w c5="PNI" hw="anyone" pos="PRON">anyone</w><w c5="POS" hw="'s" pos="UNC">'s </w><w c5="NN1" hw="money" pos="SUBST">money </w><w c5="TO0" hw="to" pos="PREP">to </w><w c5="VVI" hw="encourage" pos="VERB">encourage </w><w c5="PNP" hw="they" pos="PRON">them</w><c c5="PUN">.</c></s></p><p>
<s n="39"><w c5="VVG" hw="play" pos="VERB">PLAYING </w><w c5="DT0" hw="this" pos="ADJ">THIS </w><w c5="NN1" hw="week" pos="SUBST">WEEK </w><w c5="AV0" hw="tonight" pos="ADV">TONIGHT </w><w c5="VVB" hw="bop" pos="VERB">Bop </w><w c5="NN2" hw="brother" pos="SUBST">Brothers </w><w c5="NN2" hw="blue" pos="SUBST">Blues </w><w c5="NN1" hw="band" pos="SUBST">Band </w><w c5="AT0" hw="the" pos="ART">The </w><w c5="NN1" hw="plethora" pos="SUBST">plethora </w><w c5="PRF" hw="of" pos="PREP">of </w><w c5="NN1" hw="litigation" pos="SUBST">litigation </w><w c5="VVG-AJ0" hw="surround" pos="VERB">surrounding </w><w c5="NN2" hw="blue" pos="SUBST">Blues </w><w c5="NN2" hw="brother" pos="SUBST">Brothers </w><w c5="NN2" hw="lookalike" pos="SUBST">lookalikes </w><w c5="AV0" hw="almost" pos="ADV">almost </w><w c5="VVZ" hw="match" pos="VERB">matches </w><w c5="CJT-DT0" hw="that" pos="CONJ">that </w><w c5="VVD-VVN" hw="attach" pos="VERB">attached </w><w c5="PRP" hw="to" pos="PREP">to </w><w c5="AT0" hw="the" pos="ART">the </w><w c5="NN1" hw="release" pos="SUBST">release </w><w c5="PRF" hw="of" pos="PREP">of </w><w c5="AJ0" hw="wired" pos="ADJ">Wired</w><c c5="PUN">, </c><w c5="AT0" hw="the" pos="ART">the </w><w c5="AJ0" hw="unofficial" pos="ADJ">unofficial </w><w c5="NN1" hw="biography" pos="SUBST">biography </w><w c5="PRF" hw="of" pos="PREP">of </w><w c5="AT0" hw="the" pos="ART">the </w><w c5="AJ0" hw="original" pos="ADJ">original </w><w c5="NN1" hw="brother" pos="SUBST">brother</w><c c5="PUN">, </c><w c5="NP0" hw="john" pos="SUBST">John </w><w c5="NP0-NN1" hw="belushi" pos="SUBST">Belushi</w><c c5="PUN">.</c></s>
<s n="40"><w c5="VVB" hw="suffice" pos="VERB">Suffice </w><w c5="TO0" hw="to" pos="PREP">to </w><w c5="VVI" hw="say" pos="VERB">say</w><c c5="PUN">, </c><w c5="CJS" hw="whether" pos="CONJ">whether </w><w c5="NN1" hw="boogie" pos="SUBST">Boogie</w><c c5="PUN">, </c><w c5="NP0-NN1" hw="bop" pos="SUBST">Bop </w><w c5="CJC" hw="or" pos="CONJ">or </w><w c5="AV0" hw="simply" pos="ADV">simply </w><w c5="NN2" hw="blue" pos="SUBST">Blues</w><c c5="PUN">, </c><w c5="DT0" hw="this" pos="ADJ">this </w><w c5="NN1" hw="set" pos="SUBST">set </w><w c5="PRF" hw="of" pos="PREP">of </w><w c5="NN2" hw="brother" pos="SUBST">Brothers</w><c c5="PUN">, </c><w c5="DTQ" hw="whatever" pos="PRON">whatever </w><w c5="PNP" hw="they" pos="PRON">they </w><w c5="AV0" hw="once" pos="ADV">once </w><w c5="VBD" hw="be" pos="VERB">were </w><w c5="CJS" hw="before" pos="CONJ">before </w><w c5="PNP" hw="they" pos="PRON">they </w><w c5="VVD" hw="fall" pos="VERB">fell </w><w c5="AVP" hw="out" pos="ADV">out </w><w c5="CJC" hw="and" pos="CONJ">and </w><w c5="VVD" hw="dispatch" pos="VERB">dispatched </w><w c5="NN2" hw="solicitor" pos="SUBST">solicitors </w><w c5="TO0" hw="to" pos="PREP">to </w><w c5="VVI" hw="sue" pos="VERB">sue </w><w c5="DPS" hw="they" pos="PRON">their </w><w c5="NN2" hw="sibling" pos="SUBST">siblings</w><c c5="PUN">, </c><w c5="VM0" hw="will" pos="VERB">will </w><w c5="VBI" hw="be" pos="VERB">be </w><w c5="VVG" hw="wear" pos="VERB">wearing </w><w c5="AJ0" hw="dark" pos="ADJ">dark </w><w c5="NN2" hw="glass" pos="SUBST">glasses</w><c c5="PUN">, </c><w c5="NN1" hw="pork" pos="SUBST">pork </w><w c5="NN1" hw="pie" pos="SUBST">pie </w><w c5="NN2" hw="hat" pos="SUBST">hats</w><c c5="PUN">, </c><w c5="AJ0" hw="black" pos="ADJ">black </w><w c5="NN2" hw="side-burn" pos="SUBST">side-burns </w><w c5="CJC" hw="and" pos="CONJ">and </w><w c5="VM0" hw="will" pos="VERB">will </w><w c5="VBI" hw="be" pos="VERB">be </w><w c5="VVG" hw="play" pos="VERB">playing </w><w c5="NP0" hw="stax/atlantic" pos="SUBST">Stax/Atlantic </w><w c5="NN1" hw="type" pos="SUBST">type </w><w c5="NN1" hw="material" pos="SUBST">material</w><c c5="PUN">.</c></s>
<s n="41"><w c5="VM0" hw="can" pos="VERB">Ca</w><w c5="XX0" hw="not" pos="ADV">n't </w><w c5="VVI" hw="fail" pos="VERB">fail </w><w c5="TO0" hw="to" pos="PREP">to </w><w c5="VBI" hw="be" pos="VERB">be </w><w c5="AJ0" hw="entertaining" pos="ADJ">entertaining</w><c c5="PUN">.</c></s>
<s n="42"><w c5="ITJ" hw="oh" pos="INTERJ">Oh</w><c c5="PUN">, </c><mw c5="AV0"><w c5="AV0" hw="all" pos="ADV">all </w><w c5="AV0" hw="right" pos="ADV">right </w></mw><w c5="PNP" hw="it" pos="PRON">it </w><w c5="VM0" hw="can" pos="VERB">can</w><c c5="PUN">.</c></s>
<s n="43"><w c5="NN2" hw="weaver" pos="SUBST">Weavers </w><w c5="NN2" hw="arm" pos="SUBST">Arms</w><c c5="PUN">, </c><w c5="CRD" hw="98" pos="ADJ">98 </w><w c5="NP0" hw="newington" pos="SUBST">Newington </w><w c5="NP0" hw="green" pos="SUBST">Green </w><w c5="NP0" hw="rd" pos="SUBST">Rd</w><c c5="PUN">, </c><w c5="UNC" hw="n1" pos="UNC">N1 </w><c c5="PUL">(</c><w c5="CRD" hw="226" pos="ADJ">226 </w><w c5="CRD" hw="6911" pos="ADJ">6911</w><c c5="PUR">) </c><w c5="AV0" hw="8.30pm" pos="ADV">8.30pm </w><w c5="NN0" hw="£2" pos="UNC">£2</w><c c5="PUN">.</c></s></p><p>
<s n="44"><w c5="PRP" hw="near" pos="PREP">Near </w><w c5="NN1" hw="death" pos="SUBST">Death </w><w c5="NN1-VVB" hw="experience" pos="SUBST">Experience </w><w c5="AV0" hw="hopefully" pos="ADV">Hopefully </w><w c5="AV0" hw="simply" pos="ADV">simply </w><w c5="AT0" hw="a" pos="ART">a </w><w c5="NN1" hw="band" pos="SUBST">band </w><w c5="NN1" hw="name" pos="SUBST">name</w><c c5="PUN">, </c><w c5="XX0" hw="not" pos="ADV">not </w><w c5="AT0" hw="a" pos="ART">a </w><w c5="NN1" hw="prediction" pos="SUBST">prediction</w><c c5="PUN">.</c></s>
<s n="45"><w c5="AV0-AJ0" hw="loud" pos="ADV">Loud </w><w c5="CJC" hw="and" pos="CONJ">and </w><w c5="AJ0" hw="tuneless" pos="ADJ">tuneless</w><c c5="PUN">, </c><w c5="CJC" hw="but" pos="CONJ">but </w><w c5="VHZ" hw="have" pos="VERB">has </w><w c5="DT0" hw="that" pos="ADJ">that </w><w c5="AV0" hw="ever" pos="ADV">ever </w><w c5="VBN" hw="be" pos="VERB">been </w><w c5="AT0" hw="a" pos="ART">a </w><w c5="NN1" hw="problem" pos="SUBST">problem </w><w c5="AV0" hw="before" pos="ADV">before</w><c c5="PUN">?</c></s>
<s n="46"><w c5="NP0-NN1" hw="king" pos="SUBST">King</w><w c5="POS" hw="'s" pos="UNC">'s </w><w c5="NN1" hw="head" pos="SUBST">Head </w><w c5="NP0" hw="fulham" pos="SUBST">Fulham </w><c c5="PUL">(</c><w c5="NN2" hw="detail" pos="SUBST">details </w><w c5="AV0" hw="below" pos="ADV">below</w><c c5="PUR">) </c><w c5="AV0" hw="8pm" pos="ADV">8pm </w><w c5="NN0" hw="£2" pos="UNC">£2</w><c c5="PUN">.</c></s></p><p>
<s n="47"><w c5="AV0" hw="well" pos="ADV">Well </w><w c5="VVN" hw="load" pos="VERB">Loaded </w><w c5="DT0" hw="much" pos="ADJ">Much </w><w c5="AJ0" hw="talked-about" pos="ADJ">talked-about </w><w c5="NN1" hw="guitar" pos="SUBST">guitar </w><w c5="NN2" hw="rocker" pos="SUBST">rockers</w><c c5="PUN">, </c><w c5="AV0" hw="generally" pos="ADV">generally </w><w c5="VVN" hw="regard" pos="VERB">regarded </w><w c5="CJS" hw="as" pos="CONJ">as </w><w c5="VVN" hw="destine" pos="VERB">destined </w><w c5="PRP" hw="for" pos="PREP">for </w><w c5="AT0" hw="the" pos="ART">the </w><w c5="AJC" hw="big" pos="ADJ">bigger </w><w c5="NN2" hw="stadium" pos="SUBST">stadia </w><w c5="PRF" hw="of" pos="PREP">of </w><w c5="NN1" hw="life" pos="SUBST">life</w><c c5="PUN">, </c><w c5="CJS" hw="unless" pos="CONJ">unless </w><w c5="PNP" hw="they" pos="PRON">they </w><w c5="VVB" hw="self-destruct" pos="VERB">self-destruct </w><mw c5="AV0"><w c5="UNC" hw="en" pos="UNC">en </w><w c5="UNC" hw="route" pos="UNC">route</w></mw><c c5="PUN">.</c></s>
<s n="48"><w c5="VVB" hw="catch" pos="VERB">Catch </w><w c5="PNP" hw="they" pos="PRON">them </w><w c5="AJ0" hw="young" pos="ADJ">young</w><c c5="PUN">.</c></s>
<s n="49"><w c5="NP0" hw="powerhaus" pos="SUBST">Powerhaus</w><c c5="PUN">, </c><w c5="PRP" hw="at" pos="PREP">at </w><w c5="AT0" hw="the" pos="ART">the </w><w c5="AJ0" hw="pied" pos="ADJ">Pied </w><w c5="NN1-NP0" hw="bull" pos="SUBST">Bull </w><w c5="CRD" hw="1" pos="ADJ">1 </w><w c5="NP0" hw="liverpool" pos="SUBST">Liverpool </w><w c5="NP0" hw="rd" pos="SUBST">Rd</w><c c5="PUN">, </c><w c5="UNC" hw="n1" pos="UNC">N1 </w><c c5="PUL">(</c><w c5="CRD" hw="837" pos="ADJ">837 </w><w c5="CRD" hw="3218" pos="ADJ">3218</w><c c5="PUR">) </c><w c5="AV0" hw="7.30pm" pos="ADV">7.30pm </w><w c5="NN0" hw="£3" pos="UNC">£3</w><c c5="PUN">.</c></s></p><p>
<s n="50"><w c5="AT0" hw="the" pos="ART">The </w><w c5="NN1" hw="vapour" pos="SUBST">Vapour </w><w c5="NN1" hw="corporation" pos="SUBST">Corporation </w><w c5="NN1" hw="power" pos="SUBST">Power </w><w c5="NN1-VVB" hw="pop" pos="SUBST">pop</w><c c5="PUN">, </c><w c5="DTQ" hw="which" pos="PRON">which </w><w c5="NN0" hw="means" pos="SUBST">means </w><w c5="VDB" hw="do" pos="VERB">do</w><w c5="XX0" hw="not" pos="ADV">n't </w><w c5="VVI" hw="expect" pos="VERB">expect </w><w c5="TO0" hw="to" pos="PREP">to </w><w c5="VVI" hw="leave" pos="VERB">leave </w><w c5="PRP" hw="with" pos="PREP">with </w><w c5="DPS" hw="you" pos="PRON">your </w><w c5="NN2" hw="eardrum" pos="SUBST">eardrums </w><w c5="AJ0" hw="intact" pos="ADJ">intact</w><c c5="PUN">.</c></s>
<s n="51"><w c5="NN2" hw="cricketer" pos="SUBST">Cricketers</w><c c5="PUN">, </c><w c5="NP0" hw="kennington" pos="SUBST">Kennington </w><w c5="NN1" hw="oval" pos="SUBST">Oval </w><c c5="PUL">(</c><w c5="CRD" hw="735" pos="ADJ">735 </w><w c5="CRD" hw="3059" pos="ADJ">3059</w><c c5="PUR">) </c><w c5="AV0" hw="8pm" pos="ADV">8pm </w><w c5="NN0" hw="£3" pos="UNC">£3</w><c c5="PUN">.</c></s></p><p>
<s n="52"><w c5="NP0" hw="johnny" pos="SUBST">Johnny </w><w c5="NP0" hw="mars" pos="SUBST">Mars </w><w c5="NN2" hw="blue" pos="SUBST">Blues </w><w c5="NN1" hw="band" pos="SUBST">Band </w><w c5="AJ0" hw="unrepentant" pos="ADJ">Unrepentant </w><w c5="NP0" hw="smiths" pos="SUBST">Smiths </w><w c5="NN2" hw="fan" pos="SUBST">fans </w><w c5="VM0" hw="need" pos="VERB">need </w><w c5="XX0" hw="not" pos="ADV">not </w><w c5="VVI" hw="beat" pos="VERB">beat </w><w c5="AT0" hw="a" pos="ART">a </w><w c5="NN1" hw="path" pos="SUBST">path </w><w c5="PRP" hw="to" pos="PREP">to </w><w c5="AT0" hw="the" pos="ART">the </w><w c5="NN1" hw="door" pos="SUBST">door</w><c c5="PUN">, </c><w c5="DT0" hw="this" pos="ADJ">this </w><w c5="VBZ" hw="be" pos="VERB">is </w><w c5="PNI" hw="nothing" pos="PRON">nothing </w><w c5="TO0" hw="to" pos="PREP">to </w><w c5="VDI" hw="do" pos="VERB">do </w><w c5="PRP" hw="with" pos="PREP">with </w><w c5="NP0" hw="johnny" pos="SUBST">Johnny </w><w c5="NP0-NN1" hw="marr" pos="SUBST">Marr</w><c c5="PUN">.</c></s>
<s n="53"><w c5="NN1" hw="dog" pos="SUBST">Dog </w><w c5="CJC" hw="&amp;" pos="CONJ">&amp; </w><w c5="VVB-NN1" hw="trumpet" pos="VERB">Trumpet </w><w c5="CRD" hw="38" pos="ADJ">38 </w><w c5="NP0" hw="great" pos="SUBST">Great </w><w c5="NP0" hw="marlborough" pos="SUBST">Marlborough </w><w c5="NP0" hw="st" pos="SUBST">St</w><c c5="PUN">, </c><w c5="UNC" hw="w1" pos="UNC">W1 </w><c c5="PUL">(</c><w c5="CRD" hw="437" pos="ADJ">437 </w><w c5="CRD" hw="5559" pos="ADJ">5559</w><c c5="PUR">) </c><w c5="AV0" hw="8pm" pos="ADV">8pm </w><w c5="AJ0" hw="free" pos="ADJ">Free</w><c c5="PUN">.</c></s></p><p>
<s n="54"><w c5="AJ0" hw="primal" pos="ADJ">Primal </w><w c5="NN1-VVB" hw="scream" pos="SUBST">Scream </w><w c5="XX0" hw="not" pos="ADV">Not </w><w c5="AT0" hw="a" pos="ART">a </w><w c5="NN1" hw="name" pos="SUBST">name </w><w c5="DTQ" hw="which" pos="PRON">which </w><w c5="VM0" hw="would" pos="VERB">would </w><w c5="VVI" hw="lead" pos="VERB">lead </w><w c5="PNP" hw="you" pos="PRON">you </w><w c5="TO0" hw="to" pos="PREP">to </w><w c5="VVI" hw="expect" pos="VERB">expect </w><w c5="AJ0" hw="self-absorbed" pos="ADJ">self-absorbed </w><w c5="AJ0-NN1" hw="acoustic" pos="ADJ">acoustic </w><w c5="NN2" hw="doodling" pos="SUBST">doodlings</w><c c5="PUN">.</c></s>
<s n="55"><w c5="DTQ" hw="which" pos="PRON">Which </w><w c5="VBZ" hw="be" pos="VERB">is </w><w c5="AV0" hw="just" pos="ADV">just </w><w c5="AV0" hw="as" pos="ADV">as </w><w c5="AV0" hw="well" pos="ADV">well</w><c c5="PUN">, </c><w c5="CJS" hw="because" pos="CONJ">because </w><w c5="AJ0" hw="long-haired" pos="ADJ">long-haired </w><w c5="NN1" hw="rock" pos="SUBST">rock </w><w c5="VBZ" hw="be" pos="VERB">is </w><w c5="DTQ" hw="what" pos="PRON">what </w><w c5="PNP" hw="you" pos="PRON">you </w><w c5="VM0" hw="will" pos="VERB">will </w><w c5="VVI" hw="get" pos="VERB">get</w><c c5="PUN">.</c></s>
<s n="56"><w c5="VVB-NN1" hw="plough" pos="VERB">Plough </w><w c5="NP0" hw="kenton" pos="SUBST">Kenton</w><c c5="PUN">, </c><w c5="NP0" hw="kenton" pos="SUBST">Kenton </w><w c5="NP0" hw="rd" pos="SUBST">Rd</w><c c5="PUN">, </c><w c5="NP0" hw="harrow" pos="SUBST">Harrow </w><c c5="PUL">(</c><w c5="CRD" hw="907" pos="ADJ">907 </w><w c5="CRD" hw="2498" pos="ADJ">2498</w><c c5="PUR">) </c><w c5="AV0" hw="9pm" pos="ADV">9pm </w><w c5="NN0" hw="£3.50" pos="UNC">£3.50</w><c c5="PUN">.</c></s></p><p>
<s n="57"><w c5="NP0" hw="friday" pos="SUBST">FRIDAY </w><w c5="NP0" hw="dr" pos="SUBST">Dr </w><w c5="CJC" hw="&amp;" pos="CONJ">&amp; </w><w c5="AT0" hw="the" pos="ART">The </w><w c5="NN2" hw="medic" pos="SUBST">Medics </w><w c5="AJ0" hw="silly" pos="ADJ">Silly </w><w c5="NN2" hw="hippy" pos="SUBST">hippies </w><w c5="PRP" hw="in" pos="PREP">in </w><w c5="NP0" hw="roy" pos="SUBST">Roy </w><w c5="NP0" hw="wood" pos="SUBST">Wood </w><w c5="AJ0" hw="cast-off" pos="ADJ">cast-off </w><w c5="NN2" hw="costume" pos="SUBST">costumes </w><w c5="VDB" hw="do" pos="VERB">do</w><w c5="XX0" hw="not" pos="ADV">n't </w><w c5="VVI" hw="sound" pos="VERB">sound </w><w c5="PRP" hw="like" pos="PREP">like </w><w c5="AT0" hw="the" pos="ART">the </w><w c5="AV0" hw="most" pos="ADV">most </w><w c5="AJ0" hw="appetising" pos="ADJ">appetising </w><w c5="NN1" hw="evening" pos="SUBST">evening </w><w c5="AVP" hw="out" pos="ADV">out</w><c c5="PUN">, </c><w c5="CJC" hw="and" pos="CONJ">and </w><w c5="DPS" hw="they" pos="PRON">their </w><w c5="AJ0" hw="brief" pos="ADJ">brief </w><w c5="NN1" hw="foray" pos="SUBST">foray </w><w c5="PRP" hw="into" pos="PREP">into </w><w c5="AT0" hw="the" pos="ART">the </w><w c5="NN2" hw="chart" pos="SUBST">charts </w><w c5="VBD" hw="be" pos="VERB">was </w><w c5="AT0" hw="a" pos="ART">a </w><w c5="AJ0" hw="considerable" pos="ADJ">considerable </w><w c5="NN1" hw="embarrassment" pos="SUBST">embarrassment</w><c c5="PUN">, </c><w c5="CJC" hw="but" pos="CONJ">but </w><w c5="AT0" hw="the" pos="ART">the </w><w c5="AJ0" hw="good" pos="ADJ">good </w><w c5="NP0" hw="dr" pos="SUBST">Dr</w><w c5="POS" hw="'s" pos="UNC">'s </w><w c5="NN1" hw="tongue" pos="SUBST">tongue </w><w c5="VBZ" hw="be" pos="VERB">is </w><w c5="PRP" hw="in" pos="PREP">in </w><w c5="AT0" hw="the" pos="ART">the </w><w c5="AJ0-NN1" hw="right" pos="ADJ">right </w><w c5="NN1" hw="place" pos="SUBST">place </w><c c5="PUL">(</c><w c5="PRP" hw="in" pos="PREP">in </w><w c5="DPS" hw="he" pos="PRON">his </w><w c5="NN1" hw="cheek" pos="SUBST">cheek</w><c c5="PUR">) </c><w c5="CJC" hw="and" pos="CONJ">and </w><w c5="AT0" hw="a" pos="ART">a </w><w c5="AJ0" hw="jolly" pos="ADJ">jolly </w><w c5="NN1" hw="time" pos="SUBST">time </w><w c5="VBZ" hw="be" pos="VERB">is </w><w c5="VVN-AJ0" hw="guarantee" pos="VERB">guaranteed</w><c c5="PUN">.</c></s>
<s n="58"><w c5="NP0" hw="powerhaus" pos="SUBST">Powerhaus </w><w c5="UNC" hw="n1" pos="UNC">N1 </w><c c5="PUL">(</c><w c5="CRD" hw="837" pos="ADJ">837 </w><w c5="CRD" hw="3218" pos="ADJ">3218</w><c c5="PUR">) </c><w c5="AV0" hw="8.30pm" pos="ADV">8.30pm </w><w c5="NN0" hw="£5" pos="UNC">£5</w><c c5="PUN">.</c></s></p><p>
<s n="59"><w c5="NP0" hw="mon" pos="SUBST">MON </w><w c5="CRD" hw="9" pos="ADJ">9 </w><w c5="NP0" hw="oct" pos="SUBST">OCT </w><w c5="NP0" hw="steve" pos="SUBST">Steve </w><w c5="NP0" hw="marriott" pos="SUBST">Marriott </w><w c5="CJC" hw="&amp;" pos="CONJ">&amp; </w><w c5="NP0" hw="mickey" pos="SUBST">Mickey </w><w c5="NP0" hw="hutton" pos="SUBST">Hutton </w><w c5="AVP-PRP" hw="in" pos="ADV">In </w><w c5="PRP" hw="among" pos="PREP">among </w><w c5="DT0" hw="those" pos="ADJ">those </w><w c5="PRP" hw="on" pos="PREP">on </w><w c5="DPS" hw="they" pos="PRON">their </w><w c5="NN1" hw="way" pos="SUBST">way </w><w c5="AVP" hw="up" pos="ADV">up</w><c c5="PUN">, </c><w c5="CJC" hw="and" pos="CONJ">and </w><w c5="DT0" hw="those" pos="ADJ">those </w><w c5="PNQ" hw="who" pos="PRON">who </w><w c5="VM0" hw="will" pos="VERB">will </w><w c5="AV0" hw="never" pos="ADV">never </w><w c5="VVI" hw="go" pos="VERB">go </w><w c5="AV0" hw="anywhere" pos="ADV">anywhere</w><c c5="PUN">, </c><w c5="AT0" hw="the" pos="ART">the </w><w c5="NN1" hw="pub" pos="SUBST">pub </w><w c5="NN1" hw="rock" pos="SUBST">rock </w><w c5="NN1" hw="circuit" pos="SUBST">circuit </w><w c5="NN2-VVZ" hw="play" pos="SUBST">plays </w><w c5="VVB-NN1" hw="host" pos="VERB">host </w><w c5="PRP" hw="to" pos="PREP">to </w><w c5="DT0" hw="those" pos="ADJ">those </w><w c5="PNQ" hw="who" pos="PRON">who </w><w c5="VBD" hw="be" pos="VERB">were </w><w c5="AV0" hw="once" pos="ADV">once </w><w c5="AV0" hw="really" pos="ADV">really </w><w c5="PNI" hw="something" pos="PRON">something</w><c c5="PUN">.</c></s>
<s n="60"><w c5="NP0" hw="marriott" pos="SUBST">Marriott </w><w c5="VBD" hw="be" pos="VERB">was </w><w c5="AT0" hw="the" pos="ART">the </w><w c5="AJ0-NN1" hw="chirpy" pos="ADJ">chirpy </w><w c5="NN1" hw="cockney" pos="SUBST">Cockney </w><w c5="NN1" hw="sparrer" pos="SUBST">sparrer </w><w c5="PNQ" hw="who" pos="PRON">who </w><w c5="VVB" hw="lead" pos="VERB">lead </w><w c5="AT0" hw="the" pos="ART">The </w><w c5="AJ0" hw="small" pos="ADJ">Small </w><w c5="NN2-VVZ" hw="face" pos="SUBST">Faces</w><c c5="PUN">, </c><w c5="PNQ" hw="who" pos="PRON">who </w><w c5="VVD" hw="perform" pos="VERB">performed </w><w c5="CJT-DT0" hw="that" pos="CONJ">that </w><w c5="AJ0" hw="strange" pos="ADJ">strange </w><w c5="AJ0-NN1" hw="pigeon-toed" pos="ADJ">pigeon-toed </w><w c5="NN1-VVB" hw="shuffle" pos="SUBST">shuffle </w><w c5="PRP" hw="on" pos="PREP">on </w><w c5="NN1" hw="top" pos="SUBST">Top </w><w c5="PRF" hw="of" pos="PREP">of </w><w c5="AT0" hw="the" pos="ART">the </w><w c5="NN2" hw="pop" pos="SUBST">Pops </w><w c5="CJC" hw="and" pos="CONJ">and </w><w c5="VVD" hw="write" pos="VERB">wrote </w><c c5="PUQ">‘</c><w c5="AJ0" hw="lazy" pos="ADJ">Lazy </w><w c5="NP0" hw="sunday" pos="SUBST">Sunday </w><w c5="NN1" hw="afternoon" pos="SUBST">Afternoon</w><c c5="PUQ">’</c><c c5="PUN">.</c></s>
<s n="61"><w c5="AV0" hw="now" pos="ADV">Now </w><w c5="PNP" hw="he" pos="PRON">he </w><w c5="VVZ" hw="step" pos="VERB">steps </w><w c5="AVP" hw="out" pos="ADV">out </w><w c5="PRP" hw="on" pos="PREP">on </w><w c5="AJ0" hw="beer-stained" pos="ADJ">beer-stained </w><w c5="NN2" hw="carpet" pos="SUBST">carpets </w><w c5="CJC" hw="and" pos="CONJ">and </w><w c5="AJ0-VVG" hw="decaying" pos="ADJ">decaying </w><w c5="NN2" hw="floor-board" pos="SUBST">floor-boards</w><c c5="PUN">, </c><w c5="CJC" hw="but" pos="CONJ">but </w><w c5="AT0" hw="the" pos="ART">the </w><w c5="NN1" hw="conviction" pos="SUBST">conviction </w><w c5="VVZ" hw="remain" pos="VERB">remains </w><w c5="AV0" hw="as" pos="ADV">as </w><w c5="AJ0" hw="strong" pos="ADJ">strong</w><c c5="PUN">.</c></s>
<s n="62"><w c5="AJS" hw="good" pos="ADJ">Best </w><w c5="PRF" hw="of" pos="PREP">of </w><w c5="DT0" hw="all" pos="ADJ">all </w><w c5="PNP" hw="he" pos="PRON">he </w><w c5="VVZ" hw="seem" pos="VERB">seems </w><w c5="TO0" hw="to" pos="PREP">to </w><w c5="VVI" hw="enjoy" pos="VERB">enjoy </w><w c5="PNX" hw="himself" pos="PRON">himself</w><c c5="PUN">.</c></s>
<s n="63"><w c5="XX0" hw="not" pos="ADV">Not</w><c c5="PUN">, </c><w c5="PRP" hw="in" pos="PREP">in </w><w c5="NN1" hw="truth" pos="SUBST">truth</w><c c5="PUN">, </c><w c5="AT0" hw="a" pos="ART">a </w><w c5="NN1" hw="pub" pos="SUBST">pub </w><w c5="NN1" hw="rock" pos="SUBST">rock </w><w c5="NN1" hw="venue" pos="SUBST">venue</w><c c5="PUN">, </c><w c5="CJC" hw="but" pos="CONJ">but </w><w c5="AV0" hw="certainly" pos="ADV">certainly </w><w c5="AT0" hw="a" pos="ART">a </w><w c5="NN1" hw="pub" pos="SUBST">pub </w><w c5="NN1" hw="rock" pos="SUBST">rock </w><w c5="NN1-VVB" hw="act" pos="SUBST">act</w><c c5="PUN">.</c></s>
<s n="64"><w c5="AT0" hw="the" pos="ART">The </w><w c5="NP0" hw="monday" pos="SUBST">Monday </w><w c5="NN1" hw="club" pos="SUBST">Club</w><c c5="PUN">, </c><w c5="AT0" hw="the" pos="ART">The </w><w c5="NN1" hw="limelight" pos="SUBST">Limelight</w><c c5="PUN">, </c><w c5="NP0" hw="shaftesbury" pos="SUBST">Shaftesbury </w><w c5="NP0" hw="ave" pos="SUBST">Ave</w><c c5="PUN">, </c><w c5="UNC" hw="w1" pos="UNC">W1 </w><w c5="CRD" hw="434" pos="ADJ">434 </w><w c5="CRD" hw="0572." pos="ADJ">0572. </w><w c5="AV0" hw="9pm" pos="ADV">9pm</w><c c5="PUN">.</c></s></p><p>
<s n="65"><w c5="AVQ" hw="where" pos="ADV">WHERE </w><w c5="TO0" hw="to" pos="PREP">TO </w><w c5="VVI" hw="go" pos="VERB">GO </w><w c5="NP0" hw="bull" pos="SUBST">Bull </w><w c5="CJC" hw="&amp;" pos="CONJ">&amp; </w><w c5="NN1" hw="gate" pos="SUBST">Gate</w><c c5="PUN">, </c><w c5="CRD" hw="389" pos="ADJ">389 </w><w c5="AJ0" hw="kentish" pos="ADJ">Kentish </w><w c5="NN1" hw="town" pos="SUBST">Town </w><w c5="NN1" hw="rd" pos="SUBST">Rd</w><c c5="PUN">, </c><w c5="UNC" hw="nw5" pos="UNC">NW5 </w><c c5="PUL">(</c><w c5="CRD" hw="485" pos="ADJ">485 </w><w c5="CRD" hw="5358" pos="ADJ">5358</w><c c5="PUR">)</c><c c5="PUN">.</c></s>
<s n="66"><w c5="NP0" hw="small" pos="SUBST">Small </w><w c5="CJC" hw="but" pos="CONJ">but </w><w c5="AV0" hw="perfectly" pos="ADV">perfectly </w><w c5="VVN" hw="form" pos="VERB">formed </w><w c5="PRP" hw="for" pos="PREP">for </w><w c5="NN1" hw="pub" pos="SUBST">pub </w><w c5="VVG" hw="rock" pos="VERB">rocking </w><c c5="PUL">(</c><w c5="AV0" hw="ie" pos="ADV">ie </w><w c5="AJ0" hw="sweaty" pos="ADJ">sweaty </w><w c5="CJC" hw="and" pos="CONJ">and </w><w c5="AJ0" hw="restricted" pos="ADJ">restricted </w><w c5="NN1" hw="view" pos="SUBST">view </w><w c5="PRP" hw="from" pos="PREP">from </w><w c5="DT0" hw="all" pos="ADJ">all </w><w c5="CJC" hw="but" pos="CONJ">but </w><w c5="AT0" hw="the" pos="ART">the </w><w c5="NN1" hw="front" pos="SUBST">front </w><w c5="CRD" hw="three" pos="ADJ">three </w><w c5="NN2" hw="row" pos="SUBST">rows</w><c c5="PUR">)</c><c c5="PUN">.</c></s>
<s n="67"><w c5="AT0" hw="the" pos="ART">The </w><w c5="AJ0-NN1" hw="front" pos="ADJ">front </w><w c5="NN1" hw="bar" pos="SUBST">bar</w><c c5="PUN">, </c><w c5="CJS" hw="if" pos="CONJ">if </w><w c5="AT0" hw="the" pos="ART">the </w><w c5="NN1" hw="noise" pos="SUBST">noise </w><w c5="NN1" hw="level" pos="SUBST">level </w><w c5="VVZ" hw="become" pos="VERB">becomes </w><w c5="AV0" hw="too" pos="ADV">too </w><w c5="AJ0" hw="oppressive" pos="ADJ">oppressive</w><c c5="PUN">, </c><w c5="VHZ" hw="have" pos="VERB">has </w><w c5="NN2" hw="print" pos="SUBST">prints </w><w c5="PRF" hw="of" pos="PREP">of </w><w c5="NP0" hw="lester" pos="SUBST">Lester </w><w c5="NP0" hw="piggott" pos="SUBST">Piggott </w><w c5="VVG" hw="decorate" pos="VERB">decorating </w><w c5="AT0" hw="the" pos="ART">the </w><w c5="NN1" hw="wall" pos="SUBST">wall</w><c c5="PUN">, </c><w c5="CJC" hw="and" pos="CONJ">and </w><w c5="AT0" hw="a" pos="ART">a </w><w c5="NN1" hw="pool" pos="SUBST">pool </w><w c5="NN1" hw="table" pos="SUBST">table</w><c c5="PUN">.</c></s></p><p>
<s n="68"><w c5="NN1" hw="dog" pos="SUBST">Dog </w><w c5="CJC" hw="&amp;" pos="CONJ">&amp; </w><w c5="NN1" hw="dumpling" pos="SUBST">Dumpling</w><c c5="PUN">, </c><w c5="CRD" hw="13" pos="ADJ">13 </w><w c5="NP0" hw="southgate" pos="SUBST">Southgate </w><w c5="NP0" hw="rd" pos="SUBST">Rd</w><c c5="PUN">, </c><w c5="UNC" hw="n1" pos="UNC">N1 </w><c c5="PUL">(</c><w c5="CRD" hw="359" pos="ADJ">359 </w><w c5="CRD" hw="6596" pos="ADJ">6596</w><c c5="PUR">)</c><c c5="PUN">.</c></s>
<s n="69"><w c5="XX0" hw="not" pos="ADV">Not </w><w c5="AJ0" hw="sure" pos="ADJ">sure </w><w c5="PRF" hw="of" pos="PREP">of </w><w c5="AT0" hw="the" pos="ART">the </w><w c5="NN1" hw="music" pos="SUBST">music </w><w c5="NN1" hw="policy" pos="SUBST">policy</w><c c5="PUN">, </c><w c5="CJC" hw="but" pos="CONJ">but </w><w c5="AT0" hw="the" pos="ART">the </w><w c5="NN1" hw="name" pos="SUBST">name </w><w c5="VVZ" hw="sound" pos="VERB">sounds </w><w c5="PRP" hw="like" pos="PREP">like </w><w c5="AT0" hw="the" pos="ART">the </w><w c5="NN2" hw="ingredient" pos="SUBST">ingredients </w><w c5="PRF" hw="of" pos="PREP">of </w><w c5="AT0" hw="a" pos="ART">a </w><w c5="NN1" hw="takeaway" pos="SUBST">takeaway </w><w c5="PRP" hw="from" pos="PREP">from </w><w c5="AT0" hw="a" pos="ART">a </w><w c5="AV0" hw="less" pos="ADV">less </w><w c5="AJ0" hw="salubrious" pos="ADJ">salubrious </w><w c5="AJ0-NN1" hw="chinese" pos="ADJ">Chinese</w><c c5="PUN">.</c></s></p><p>
<s n="70"><w c5="NP0" hw="dublin" pos="SUBST">Dublin </w><w c5="NN1" hw="castle" pos="SUBST">Castle </w><w c5="CRD" hw="94" pos="ADJ">94 </w><w c5="NP0" hw="parkway" pos="SUBST">Parkway</w><c c5="PUN">, </c><w c5="UNC" hw="nw1" pos="UNC">NW1 </w><c c5="PUL">(</c><w c5="CRD" hw="485" pos="ADJ">485 </w><w c5="CRD" hw="1773" pos="ADJ">1773</w><c c5="PUR">) </c><w c5="NN1-AJ0" hw="beloved" pos="SUBST">Beloved </w><w c5="PRF" hw="of" pos="PREP">of </w><w c5="NP0" hw="camden" pos="SUBST">Camden</w><w c5="POS" hw="'s" pos="UNC">'s </w><w c5="NN1" hw="grunge" pos="SUBST">grunge </w><w c5="NN1" hw="rock" pos="SUBST">rock </w><w c5="NN2" hw="enthusiast" pos="SUBST">enthusiasts</w><c c5="PUN">, </c><w c5="AT0" hw="a" pos="ART">a </w><w c5="NN1" hw="temple" pos="SUBST">temple </w><w c5="PRP" hw="to" pos="PREP">to </w><w c5="NP0" hw="r'n'b" pos="SUBST">R'n'B</w><c c5="PUN">, </c><w c5="AJ0" hw="complete" pos="ADJ">complete </w><w c5="PRP" hw="with" pos="PREP">with </w><w c5="AJ0" hw="priceless" pos="ADJ">priceless </w><w c5="NN2" hw="memorabilia" pos="SUBST">memorabilia </w><w c5="VVG" hw="decorate" pos="VERB">decorating </w><w c5="AT0" hw="the" pos="ART">the </w><w c5="NN1" hw="brown-painted" pos="SUBST">brown-painted </w><c c5="PUL">(</c><w c5="CJC" hw="or" pos="CONJ">or </w><w c5="NN1-AJ0" hw="nicotine-stained" pos="SUBST">nicotine-stained</w><c c5="PUR">) </c><w c5="NN2" hw="wall" pos="SUBST">walls</w><c c5="PUN">.</c></s>
<s n="71"><w c5="AJ0" hw="back" pos="ADJ">Back </w><w c5="NN1" hw="room" pos="SUBST">room </w><w c5="NN1" hw="stage" pos="SUBST">stage </w><w c5="AV0" hw="so" pos="ADV">so </w><w c5="AJ0-AV0" hw="small" pos="ADJ">small </w><w c5="AT0" hw="the" pos="ART">the </w><w c5="NN2" hw="performer" pos="SUBST">performers </w><w c5="VHB" hw="have" pos="VERB">have </w><w c5="TO0" hw="to" pos="PREP">to </w><w c5="VVI" hw="rest" pos="VERB">rest </w><w c5="DPS" hw="they" pos="PRON">their </w><w c5="NN1" hw="mike" pos="SUBST">mike </w><w c5="VVZ-NN2" hw="stand" pos="VERB">stands </w><w c5="PRP" hw="on" pos="PREP">on </w><w c5="AT0" hw="the" pos="ART">the </w><w c5="NN1" hw="floor" pos="SUBST">floor </w><w c5="PRP" hw="in" pos="PREP">in </w><w c5="NN1-AJ0" hw="front" pos="SUBST">front</w><c c5="PUN">.</c></s></p><p>
<s n="72"><w c5="NP0" hw="fulham" pos="SUBST">Fulham </w><w c5="NP0-NN1" hw="greyhound" pos="SUBST">Greyhound </w><w c5="CRD" hw="175" pos="ADJ">175 </w><w c5="NP0" hw="fulham" pos="SUBST">Fulham </w><w c5="NN1" hw="palace" pos="SUBST">Palace </w><w c5="NN1" hw="rd" pos="SUBST">Rd</w><c c5="PUN">, </c><w c5="UNC" hw="w6" pos="UNC">W6 </w><c c5="PUL">(</c><w c5="CRD" hw="385" pos="ADJ">385 </w><w c5="CRD" hw="0526" pos="ADJ">0526</w><c c5="PUR">) </c><w c5="NN1" hw="home" pos="SUBST">Home </w><w c5="PRF" hw="of" pos="PREP">of </w><w c5="AJ0" hw="heavy" pos="ADJ">heavy </w><w c5="NN1" hw="rock" pos="SUBST">rock</w><c c5="PUN">, </c><w c5="AV0" hw="so" pos="ADV">so </w><w c5="VVB" hw="take" pos="VERB">take </w><w c5="DPS" hw="you" pos="PRON">your </w><w c5="NN2" hw="ear-plug" pos="SUBST">ear-plugs</w><c c5="PUN">.</c></s>
<s n="73"><w c5="AV0" hw="consistently" pos="ADV">Consistently </w><w c5="AJ0" hw="fine" pos="ADJ">fine </w><w c5="CJC" hw="and" pos="CONJ">and </w><w c5="AJ0" hw="determined" pos="ADJ">determined </w><w c5="NN1" hw="music" pos="SUBST">music </w><w c5="NN1" hw="policy" pos="SUBST">policy</w><c c5="PUN">.</c></s></p><p>
<s n="74"><w c5="DT0" hw="half" pos="ADJ">Half </w><w c5="NN1-VVB" hw="moon" pos="SUBST">Moon </w><w c5="NP0" hw="putney" pos="SUBST">Putney </w><w c5="CRD" hw="93" pos="ADJ">93 </w><w c5="NP0" hw="lower" pos="SUBST">Lower </w><w c5="NP0" hw="richmond" pos="SUBST">Richmond </w><w c5="NP0" hw="rd" pos="SUBST">Rd</w><c c5="PUN">, </c><w c5="UNC" hw="sw15" pos="UNC">SW15 </w><c c5="PUL">(</c><w c5="CRD" hw="788" pos="ADJ">788 </w><w c5="CRD" hw="2387" pos="ADJ">2387</w><c c5="PUR">) </c><w c5="AV0" hw="well" pos="ADV">Better </w><w c5="VVN" hw="know" pos="VERB">known </w><w c5="PRP" hw="for" pos="PREP">for </w><w c5="DPS" hw="it" pos="PRON">its </w><w c5="NN1" hw="jazz" pos="SUBST">jazz</w><c c5="PUN">, </c><w c5="CJC" hw="but" pos="CONJ">but </w><w c5="AT0" hw="a" pos="ART">a </w><w c5="AJ0" hw="good" pos="ADJ">good</w><c c5="PUN">, </c><w c5="AJ0" hw="wholesome" pos="ADJ">wholesome </w><w c5="NN1" hw="venue" pos="SUBST">venue </w><w c5="PRP" hw="for" pos="PREP">for </w><w c5="NN1" hw="rock" pos="SUBST">rock </w><w c5="AV0" hw="nonetheless" pos="ADV">nonetheless</w><c c5="PUN">.</c></s></p><p>
<s n="75"><w c5="NP0-NN1" hw="king" pos="SUBST">King</w><w c5="POS" hw="'s" pos="UNC">'s </w><w c5="NN1" hw="head" pos="SUBST">Head</w><c c5="PUN">, </c><w c5="NP0" hw="fulham" pos="SUBST">Fulham </w><w c5="CRD" hw="4" pos="ADJ">4 </w><w c5="NP0" hw="fulham" pos="SUBST">Fulham </w><w c5="NP0" hw="high" pos="SUBST">High </w><w c5="NP0" hw="st" pos="SUBST">St</w><c c5="PUN">, </c><w c5="UNC" hw="sw6" pos="UNC">SW6 </w><c c5="PUL">(</c><w c5="CRD" hw="736" pos="ADJ">736 </w><w c5="CRD" hw="1413" pos="ADJ">1413</w><c c5="PUR">) </c><w c5="AJ0-NN1" hw="l-shaped" pos="ADJ">L-shaped </w><w c5="NN1" hw="room" pos="SUBST">room</w><c c5="PUN">, </c><w c5="NN1" hw="part" pos="SUBST">part </w><w c5="NN1" hw="corridor" pos="SUBST">corridor</w><c c5="PUN">, </c><w c5="NN1" hw="part" pos="SUBST">part </w><w c5="NN1" hw="bar" pos="SUBST">bar</w><c c5="PUN">, </c><w c5="NN1" hw="part" pos="SUBST">part </w><w c5="NN1" hw="dance-floor" pos="SUBST">dance-floor</w><c c5="PUN">, </c><w c5="PRP" hw="with" pos="PREP">with </w><w c5="AT0" hw="the" pos="ART">the </w><w c5="NN1" hw="stage" pos="SUBST">stage </w><w c5="PRP" hw="in" pos="PREP">in </w><w c5="CRD" hw="one" pos="ADJ">one </w><w c5="NN1" hw="corner" pos="SUBST">corner</w><c c5="PUN">, </c><w c5="VVG" hw="ensure" pos="VERB">ensuring </w><w c5="AJ0" hw="restricted" pos="ADJ">restricted </w><w c5="NN1" hw="view" pos="SUBST">view </w><w c5="PRP" hw="from" pos="PREP">from </w><w c5="AV0" hw="virtually" pos="ADV">virtually </w><w c5="AV0" hw="everywhere" pos="ADV">everywhere</w><c c5="PUN">.</c></s>
<s n="76"><w c5="AV0" hw="perhaps" pos="ADV">Perhaps </w><w c5="AT0" hw="the" pos="ART">the </w><w c5="AJS" hw="good" pos="ADJ">best </w><w c5="NN1" hw="atmosphere" pos="SUBST">atmosphere </w><w c5="AVP" hw="around" pos="ADV">around</w><c c5="PUN">, </c><w c5="PRP" hw="with" pos="PREP">with </w><w c5="AJ0" hw="uninhibited" pos="ADJ">uninhibited </w><w c5="NN1" hw="dancing" pos="SUBST">dancing </w><w c5="CJC" hw="and" pos="CONJ">and </w><w c5="VVG-NN1" hw="whelp" pos="VERB">whelping</w><c c5="PUN">.</c></s></p><p>
<s n="77"><w c5="AJ0" hw="new" pos="ADJ">New </w><w c5="NP0" hw="pegasus" pos="SUBST">Pegasus </w><w c5="CRD" hw="109" pos="ADJ">109 </w><w c5="AJ0" hw="green" pos="ADJ">Green </w><w c5="NN2" hw="lane" pos="SUBST">Lanes</w><c c5="PUN">, </c><w c5="UNC" hw="n16" pos="UNC">N16 </w><c c5="PUL">(</c><w c5="CRD" hw="226" pos="ADJ">226 </w><w c5="CRD" hw="5930" pos="ADJ">5930</w><c c5="PUR">) </c><w c5="NN1" hw="pub" pos="SUBST">Pub </w><w c5="DTQ" hw="which" pos="PRON">which </w><w c5="VHZ" hw="have" pos="VERB">has </w><w c5="VVN" hw="go" pos="VERB">gone </w><w c5="PRP" hw="through" pos="PREP">through </w><w c5="DT0" hw="several" pos="ADJ">several </w><w c5="NN2" hw="incarnation" pos="SUBST">incarnations</w><c c5="PUN">, </c><w c5="AV0" hw="most" pos="ADV">most </w><w c5="AV0" hw="recently" pos="ADV">recently </w><w c5="VVN" hw="know" pos="VERB">known </w><w c5="PRP" hw="as" pos="PREP">as </w><w c5="NP0" hw="chas'n'dave" pos="SUBST">Chas'n'Dave</w><w c5="POS" hw="'s" pos="UNC">'s</w><c c5="PUN">.</c></s>
<s n="78"><w c5="AT0" hw="the" pos="ART">The </w><w c5="AJ0" hw="odd" pos="ADJ">odd </w><w c5="NN1" hw="policy" pos="SUBST">policy </w><w c5="TO0" hw="to" pos="PREP">to </w><w c5="VVI" hw="put" pos="VERB">put </w><w c5="AT0" hw="the" pos="ART">the </w><w c5="NN1" hw="stage" pos="SUBST">stage </w><w c5="PRP" hw="in" pos="PREP">in </w><w c5="AT0" hw="the" pos="ART">the </w><w c5="NN1" hw="middle" pos="SUBST">middle </w><w c5="PRF" hw="of" pos="PREP">of </w><w c5="AT0" hw="the" pos="ART">the </w><w c5="NN1" hw="room" pos="SUBST">room </w><mw c5="PRP"><w c5="AV0" hw="rather" pos="ADV">rather </w><w c5="CJS" hw="than" pos="CONJ">than </w></mw><w c5="PRP" hw="at" pos="PREP">at </w><w c5="CRD" hw="one" pos="ADJ">one </w><w c5="NN1" hw="end" pos="SUBST">end </w><w c5="VVZ" hw="lead" pos="VERB">leads </w><w c5="PRP" hw="to" pos="PREP">to </w><w c5="AT0" hw="a" pos="ART">a </w><w c5="NN1" hw="diminishing" pos="SUBST">diminishing </w><w c5="PRF" hw="of" pos="PREP">of </w><w c5="AT0" hw="the" pos="ART">the </w><w c5="NN1" hw="atmosphere" pos="SUBST">atmosphere </w><c c5="PUL">(</c><w c5="AT0" hw="the" pos="ART">the </w><w c5="NN2" hw="corner" pos="SUBST">corners </w><w c5="VBB" hw="be" pos="VERB">are </w><w c5="AV0" hw="seldom" pos="ADV">seldom </w><w c5="VVN" hw="fill" pos="VERB">filled</w><c c5="PUR">)</c><c c5="PUN">.</c></s>
<s n="79"><w c5="AT0" hw="the" pos="ART">The </w><w c5="NN2" hw="stain" pos="SUBST">stains </w><w c5="PRP" hw="on" pos="PREP">on </w><w c5="AT0" hw="the" pos="ART">the </w><w c5="NN1" hw="carpet" pos="SUBST">carpet </w><w c5="VHB" hw="have" pos="VERB">have </w><w c5="VVN" hw="survive" pos="VERB">survived </w><w c5="AT0" hw="every" pos="ART">every </w><w c5="NN1" hw="name" pos="SUBST">name </w><w c5="NN1-VVB" hw="change" pos="SUBST">change</w><c c5="PUN">.</c></s></p><p>
<s n="80"><w c5="NP0" hw="sir" pos="SUBST">Sir </w><w c5="NP0" hw="george" pos="SUBST">George </w><w c5="NP0" hw="robey" pos="SUBST">Robey </w><w c5="CRD" hw="240" pos="ADJ">240 </w><w c5="NP0" hw="seven" pos="SUBST">Seven </w><w c5="NP0" hw="sisters" pos="SUBST">Sisters </w><w c5="NP0" hw="rd" pos="SUBST">Rd </w><w c5="UNC" hw="n4" pos="UNC">N4 </w><c c5="PUL">(</c><w c5="CRD" hw="263" pos="ADJ">263 </w><w c5="CRD" hw="4581" pos="ADJ">4581</w><c c5="PUR">) </c><w c5="VVD" hw="name" pos="VERB">Named </w><w c5="PRP" hw="after" pos="PREP">after </w><w c5="AT0" hw="an" pos="ART">an </w><w c5="AJ0" hw="old" pos="ADJ">old </w><w c5="AJ0" hw="musical" pos="ADJ">musical </w><w c5="NN1" hw="hero" pos="SUBST">hero</w><c c5="PUN">, </c><w c5="VVN-VVD" hw="locate" pos="VERB">located </w><w c5="PRP" hw="opposite" pos="PREP">opposite </w><w c5="AT0" hw="the" pos="ART">the </w><w c5="AJ0" hw="old" pos="ADJ">old </w><w c5="NN1" hw="rainbow" pos="SUBST">Rainbow</w><c c5="PUN">, </c><w c5="AT0" hw="the" pos="ART">the </w><w c5="AJ0" hw="venerable" pos="ADJ">venerable </w><w c5="AJ0" hw="old" pos="ADJ">old </w><w c5="NN1" hw="rock" pos="SUBST">rock </w><w c5="NN1" hw="institution" pos="SUBST">institution </w><w c5="DTQ" hw="which" pos="PRON">which </w><w c5="VBZ" hw="be" pos="VERB">is </w><w c5="AV0" hw="now" pos="ADV">now </w><w c5="AV0" hw="home" pos="ADV">home </w><w c5="PRP" hw="to" pos="PREP">to </w><w c5="AT0" hw="a" pos="ART">a </w><w c5="AJ0" hw="religious" pos="ADJ">religious </w><w c5="NN1" hw="sect" pos="SUBST">sect</w><c c5="PUN">.</c></s>
<s n="81"><w c5="PNI" hw="lots" pos="PRON">Lots </w><w c5="PRF" hw="of" pos="PREP">of </w><w c5="AJ0" hw="old" pos="ADJ">old </w><w c5="NN2" hw="poster" pos="SUBST">posters </w><w c5="PRP" hw="on" pos="PREP">on </w><w c5="AT0" hw="the" pos="ART">the </w><w c5="NN1" hw="wall" pos="SUBST">wall</w><c c5="PUN">.</c></s>
<s n="82"><w c5="AJ0" hw="smelly" pos="ADJ">Smelly </w><w c5="AJ0" hw="back" pos="ADJ">back </w><w c5="NN1" hw="room" pos="SUBST">room</w><c c5="PUN">, </c><w c5="AJ0" hw="perfect" pos="ADJ">perfect </w><w c5="PRP" hw="for" pos="PREP">for </w><w c5="AT0" hw="the" pos="ART">the </w><w c5="AJC" hw="sweaty" pos="ADJ">sweatier </w><w c5="NN2" hw="excess" pos="SUBST">excesses </w><w c5="PRF" hw="of" pos="PREP">of </w><w c5="AT0" hw="the" pos="ART">the </w><w c5="NN1" hw="form" pos="SUBST">form</w><c c5="PUN">.</c></s></p></div><div level="1" n="891002 edition -- Listings Page 27"><head type="MAIN">
<s n="83"><w c5="NN1-VVB" hw="rock" pos="SUBST">ROCK </w><c c5="PUN">/</c><w c5="NP0" hw="wilko" pos="SUBST">Wilko </w><w c5="NP0" hw="johnson" pos="SUBST">Johnson</w><c c5="PUN">, </c><w c5="NN1" hw="pub" pos="SUBST">pub </w><w c5="NN1" hw="rock" pos="SUBST">rock </w><w c5="NN1" hw="king" pos="SUBST">king</w></s></head><head type="BYLINE">
<s n="84"><w c5="PRP" hw="by" pos="PREP">By </w><w c5="NP0" hw="jim" pos="SUBST">JIM </w><w c5="NP0-NN1" hw="white" pos="SUBST">WHITE</w></s></head><p>
<s n="85"><w c5="NP0" hw="wilko" pos="SUBST">Wilko </w><w c5="NP0" hw="johnson" pos="SUBST">Johnson </w><w c5="VBZ" hw="be" pos="VERB">is</w><c c5="PUN">, </c><w c5="PRP" hw="without" pos="PREP">without </w><w c5="NN1" hw="reservation" pos="SUBST">reservation</w><c c5="PUN">, </c><w c5="AT0" hw="the" pos="ART">the </w><w c5="AJS" hw="good" pos="ADJ">best </w><w c5="NN1" hw="performer" pos="SUBST">performer </w><w c5="PRP" hw="in" pos="PREP">in </w><w c5="NN1" hw="pub" pos="SUBST">pub </w><w c5="NN1" hw="rock" pos="SUBST">rock</w><c c5="PUN">.</c></s>
<s n="86"><w c5="AT0" hw="the" pos="ART">The </w><w c5="DT0" hw="former" pos="ADJ">former </w><w c5="NP0" hw="dr" pos="SUBST">Dr </w><w c5="NP0" hw="feelgood" pos="SUBST">Feelgood </w><w c5="CJC" hw="and" pos="CONJ">and </w><w c5="NP0" hw="blockhead" pos="SUBST">Blockhead</w><c c5="PUN">, </c><w c5="NN1" hw="owner" pos="SUBST">owner </w><w c5="PRF" hw="of" pos="PREP">of </w><w c5="NN1" hw="chameleon" pos="SUBST">chameleon </w><w c5="NN2" hw="eye" pos="SUBST">eyes </w><w c5="CJC" hw="and" pos="CONJ">and </w><w c5="AT0" hw="a" pos="ART">a </w><w c5="AJ0" hw="manic" pos="ADJ">manic </w><w c5="NP0-NN1" hw="chuck" pos="SUBST">Chuck </w><w c5="AJ0" hw="berry-like" pos="ADJ">Berry-like </w><w c5="NN0" hw="duck" pos="SUBST">duck </w><w c5="VVB-NN1" hw="waddle" pos="VERB">waddle</w><c c5="PUN">, </c><w c5="AV0" hw="now" pos="ADV">now </w><w c5="VVZ" hw="lead" pos="VERB">leads </w><w c5="AT0" hw="a" pos="ART">a </w><w c5="AJ0" hw="fearsome" pos="ADJ">fearsome </w><w c5="CRD" hw="three" pos="ADJ">three </w><w c5="NN1" hw="piece" pos="SUBST">piece</w><c c5="PUN">.</c></s>
<s n="87"><w c5="NN1" hw="bassist" pos="SUBST">Bassist </w><w c5="NP0" hw="norman" pos="SUBST">Norman </w><w c5="NP0" hw="watt" pos="SUBST">Watt </w><w c5="NP0" hw="roy" pos="SUBST">Roy</w><c c5="PUN">, </c><w c5="PNQ" hw="who" pos="PRON">who </w><w c5="VBD" hw="be" pos="VERB">was </w><w c5="AT0" hw="the" pos="ART">the </w><w c5="NN1" hw="power" pos="SUBST">power </w><w c5="PRP" hw="behind" pos="PREP">behind </w><w c5="NP0" hw="ian" pos="SUBST">Ian </w><w c5="NP0-NN1" hw="dury" pos="SUBST">Dury </w><w c5="CJC" hw="and" pos="CONJ">and </w><w c5="VHZ" hw="have" pos="VERB">has </w><w c5="AT0" hw="a" pos="ART">a </w><w c5="NN1" hw="set" pos="SUBST">set </w><w c5="PRF" hw="of" pos="PREP">of </w><w c5="NN1-AJ0" hw="eye-baggage" pos="SUBST">eye-baggage </w><w c5="CJT" hw="that" pos="CONJ">that </w><w c5="VM0" hw="must" pos="VERB">must </w><w c5="VBI" hw="be" pos="VERB">be </w><w c5="AT0" hw="the" pos="ART">the </w><w c5="NN1" hw="envy" pos="SUBST">envy </w><w c5="PRF" hw="of" pos="PREP">of </w><w c5="NP0" hw="barry" pos="SUBST">Barry </w><w c5="NP0" hw="norman" pos="SUBST">Norman</w><c c5="PUN">, </c><w c5="VVZ" hw="put" pos="VERB">puts </w><w c5="AV0" hw="so" pos="ADV">so </w><w c5="DT0" hw="much" pos="ADJ">much </w><w c5="PRP" hw="into" pos="PREP">into </w><w c5="VVG" hw="thump" pos="VERB">thumping </w><w c5="AVP" hw="out" pos="ADV">out </w><w c5="AT0" hw="a" pos="ART">a </w><w c5="NN1" hw="rhythm" pos="SUBST">rhythm </w><w c5="CJT" hw="that" pos="CONJ">that </w><w c5="AT0" hw="the" pos="ART">the </w><w c5="NN1" hw="sweat" pos="SUBST">sweat </w><w c5="VVZ-NN2" hw="drip" pos="VERB">drips </w><w c5="PRP" hw="from" pos="PREP">from </w><w c5="AT0" hw="the" pos="ART">the </w><w c5="NN1" hw="end" pos="SUBST">end </w><w c5="PRF" hw="of" pos="PREP">of </w><w c5="DPS" hw="he" pos="PRON">his </w><w c5="NN1" hw="guitar" pos="SUBST">guitar</w><c c5="PUN">.</c></s>
<s n="88"><w c5="PNP" hw="he" pos="PRON">He </w><w c5="VVZ" hw="take" pos="VERB">takes </w><w c5="DPS" hw="he" pos="PRON">his </w><w c5="NN1" hw="work-ethic" pos="SUBST">work-ethic </w><w c5="PRP" hw="from" pos="PREP">from </w><w c5="DPS" hw="he" pos="PRON">his </w><w c5="NN1" hw="leader" pos="SUBST">leader </w><w c5="PNQ" hw="who" pos="PRON">who</w><c c5="PUN">, </c><mw c5="CJS"><w c5="AV0" hw="rather" pos="ADV">rather </w><w c5="CJS" hw="than" pos="CONJ">than </w></mw><w c5="VVI" hw="stop" pos="VERB">stop</w><c c5="PUN">, </c><w c5="VHZ" hw="have" pos="VERB">has </w><w c5="VBN" hw="be" pos="VERB">been </w><w c5="VVN" hw="know" pos="VERB">known </w><w c5="TO0" hw="to" pos="PREP">to </w><w c5="VVI" hw="replace" pos="VERB">replace </w><w c5="AJ0" hw="broken" pos="ADJ">broken </w><w c5="NN1" hw="guitar" pos="SUBST">guitar </w><w c5="NN2-VVZ" hw="string" pos="SUBST">strings </w><w c5="CJS" hw="while" pos="CONJ">while </w><w c5="VVG" hw="hammer" pos="VERB">hammering </w><w c5="AVP" hw="out" pos="ADV">out </w><w c5="AT0" hw="a" pos="ART">a </w><w c5="AJ0" hw="perfect" pos="ADJ">perfect </w><w c5="AJ0-NN1" hw="twelve-bar" pos="ADJ">twelve-bar </w><w c5="NN2" hw="blue" pos="SUBST">blues </w><w c5="VVB-NN1" hw="riff" pos="VERB">riff</w><c c5="PUN">.</c></s>
<s n="89"><w c5="AT0" hw="the" pos="ART">The </w><w c5="NN1" hw="music" pos="SUBST">music </w><w c5="VBZ" hw="be" pos="VERB">is </w><w c5="DT0-CJT" hw="that" pos="ADJ">that </w><w c5="AJ0" hw="perfect" pos="ADJ">perfect </w><w c5="NN1" hw="staple" pos="SUBST">staple </w><w c5="PRF" hw="of" pos="PREP">of </w><w c5="NN1" hw="pub" pos="SUBST">pub </w><w c5="NN1" hw="rock" pos="SUBST">rock</w><c c5="PUN">, </c><w c5="AJ0" hw="good" pos="ADJ">good </w><w c5="AJ0" hw="old" pos="ADJ">old </w><w c5="NN1" hw="brit" pos="SUBST">Brit </w><w c5="NP0" hw="r'n'b" pos="SUBST">R'n'B</w><c c5="PUN">, </c><w c5="DTQ" hw="which" pos="PRON">which </w><w c5="VBD" hw="be" pos="VERB">was </w><w c5="VVN" hw="nurture" pos="VERB">nurtured </w><w c5="CJC" hw="and" pos="CONJ">and </w><w c5="VVN-VVD" hw="cultivate" pos="VERB">cultivated </w><w c5="PRP" hw="in" pos="PREP">in </w><w c5="NP0" hw="wilko" pos="SUBST">Wilko</w><w c5="POS" hw="'s" pos="UNC">'s </w><w c5="NN1" hw="home-town" pos="SUBST">home-town </w><w c5="PRF" hw="of" pos="PREP">of </w><w c5="NP0" hw="southend" pos="SUBST">Southend</w><c c5="PUN">.</c></s>
<s n="90"><w c5="AV0" hw="never" pos="ADV">Never </w><w c5="VVB" hw="mind" pos="VERB">mind </w><w c5="AT0" hw="the" pos="ART">the </w><w c5="NN1" hw="band" pos="SUBST">band</w><w c5="POS" hw="'s" pos="UNC">'s </w><w c5="AJ0" hw="recent" pos="ADJ">recent </w><w c5="NN1" hw="elevation" pos="SUBST">elevation </w><w c5="PRP" hw="to" pos="PREP">to </w><w c5="AT0" hw="the" pos="ART">the </w><w c5="NN0" hw="£2,000-a-night" pos="UNC">£2,000-a-night </w><w c5="NN1" hw="world" pos="SUBST">world </w><w c5="PRF" hw="of" pos="PREP">of </w><w c5="AT0" hw="the" pos="ART">the </w><w c5="NN1" hw="society" pos="SUBST">society </w><w c5="NN1" hw="ball" pos="SUBST">ball </w><w c5="NN1" hw="circuit" pos="SUBST">circuit</w><c c5="PUN">, </c><w c5="AT0" hw="the" pos="ART">the </w><w c5="NN1" hw="pub" pos="SUBST">pub </w><w c5="VBZ" hw="be" pos="VERB">is </w><w c5="AT0" hw="the" pos="ART">the </w><w c5="AJ0" hw="perfect" pos="ADJ">perfect </w><w c5="NN1" hw="forum" pos="SUBST">forum </w><w c5="TO0" hw="to" pos="PREP">to </w><w c5="VVI" hw="enjoy" pos="VERB">enjoy </w><w c5="PNP" hw="they" pos="PRON">them</w><c c5="PUN">.</c></s>
<s n="91"><w c5="AVP" hw="back" pos="ADV">Back </w><w c5="PRP" hw="in" pos="PREP">In </w><w c5="AT0" hw="the" pos="ART">The </w><w c5="NN1" hw="night" pos="SUBST">Night</w><c c5="PUN">, </c><w c5="AT0" hw="the" pos="ART">the </w><w c5="AJ0" hw="old" pos="ADJ">old </w><w c5="NN1-NP0" hw="feelgood" pos="SUBST">Feelgood </w><w c5="NN1-VVB" hw="stomp" pos="SUBST">stomp</w><c c5="PUN">, </c><w c5="VBZ" hw="be" pos="VERB">is </w><w c5="AT0" hw="the" pos="ART">the </w><w c5="NN1" hw="highlight" pos="SUBST">highlight </w><w c5="CJC" hw="and" pos="CONJ">and</w><c c5="PUN">, </c><w c5="AV0" hw="usually" pos="ADV">usually</w><c c5="PUN">, </c><w c5="AT0" hw="the" pos="ART">the </w><w c5="AJ0-NN1" hw="closing" pos="ADJ">closing </w><w c5="NN1" hw="number" pos="SUBST">number </w><c c5="PUN">-</c><w c5="CJS" hw="though" pos="CONJ">though </w><w c5="AT0" hw="the" pos="ART">the </w><w c5="NN1" hw="number" pos="SUBST">number </w><w c5="PRF" hw="of" pos="PREP">of </w><w c5="NN2" hw="encore" pos="SUBST">encores </w><w c5="VVZ" hw="vary" pos="VERB">varies </w><mw c5="PRP"><w c5="VVG" hw="accord" pos="VERB">according </w><w c5="PRP" hw="to" pos="PREP">to </w></mw><w c5="AVQ" hw="how" pos="ADV">how </w><w c5="AV0" hw="well" pos="ADV">well </w><w c5="AT0" hw="the" pos="ART">the </w><w c5="NN1" hw="concert" pos="SUBST">concert </w><w c5="VBZ" hw="be" pos="VERB">is </w><w c5="VVG" hw="go" pos="VERB">going</w><c c5="PUN">.</c></s>
<s n="92"><w c5="VVD-VVN" hw="guarantee" pos="VERB">Guaranteed </w><w c5="AT0" hw="the" pos="ART">the </w><w c5="AJS" hw="good" pos="ADJ">best </w><w c5="NN1" hw="fun" pos="SUBST">fun </w><w c5="PNP" hw="you" pos="PRON">you </w><w c5="VM0" hw="could" pos="VERB">could </w><w c5="VHI" hw="have" pos="VERB">have </w><w c5="PRP" hw="in" pos="PREP">in </w><w c5="AT0" hw="a" pos="ART">a </w><w c5="NP0" hw="london" pos="SUBST">London </w><w c5="NN1" hw="pub" pos="SUBST">pub</w><c c5="PUN">, </c><w c5="CJS" hw="unless" pos="CONJ">unless </w><w c5="NP0" hw="george" pos="SUBST">George </w><w c5="NP0" hw="michael" pos="SUBST">Michael </w><w c5="VVD" hw="reform" pos="VERB">reformed </w><w c5="ITJ" hw="wham" pos="INTERJ">Wham </w><w c5="CJC" hw="and" pos="CONJ">and </w><w c5="VVD" hw="choose" pos="VERB">chose </w><w c5="AT0" hw="the" pos="ART">the </w><w c5="NP0" hw="fulham" pos="SUBST">Fulham </w><w c5="NP0-NN1" hw="greyhound" pos="SUBST">Greyhound </w><w c5="PRP" hw="to" pos="PREP">to </w><w c5="NN1" hw="warm-up" pos="SUBST">warm-up </w><w c5="PRP" hw="for" pos="PREP">for </w><w c5="DPS" hw="they" pos="PRON">their </w><w c5="NN1" hw="comeback" pos="SUBST">comeback </w><w c5="NN1" hw="world" pos="SUBST">world </w><w c5="NN1-VVB" hw="tour" pos="SUBST">tour</w><c c5="PUN">.</c></s>
<s n="93"><w c5="NP0" hw="sat" pos="SUBST">Sat </w><w c5="CRD" hw="7" pos="ADJ">7 </w><w c5="NP0" hw="october" pos="SUBST">October</w><c c5="PUN">, </c><w c5="NP0" hw="powerhaus" pos="SUBST">Powerhaus</w><c c5="PUN">, </c><w c5="CRD" hw="1" pos="ADJ">1 </w><w c5="NP0" hw="liverpool" pos="SUBST">Liverpool </w><w c5="NP0" hw="rd" pos="SUBST">Rd</w><c c5="PUN">, </c><w c5="UNC" hw="n1" pos="UNC">N1 </w><c c5="PUL">(</c><w c5="CRD" hw="01-837" pos="ADJ">01-837 </w><w c5="CRD" hw="3218" pos="ADJ">3218</w><c c5="PUR">)</c><c c5="PUN">.</c></s>
<s n="94"><w c5="NN0" hw="£5" pos="UNC">£5</w><c c5="PUN">.</c></s></p></div></wtext></bncDoc>
