<bncDoc xml:id="A1R"><teiHeader><fileDesc><titleStmt><title>  Independent, electronic edition of 1989-10-03: Arts section. Sample containing about 1548 words from a periodical (domain: arts) </title><respStmt><resp> Data capture and transcription </resp><name> Oxford University Press </name> </respStmt></titleStmt><editionStmt><edition>BNC XML Edition, December 2006</edition></editionStmt><extent> 1548 tokens; 1555 w-units; 61 s-units </extent><publicationStmt><distributor>Distributed under licence by Oxford University Computing Services on behalf of the BNC Consortium.</distributor><availability> This material is protected by international copyright laws and may not be copied or redistributed in any way. Consult the BNC Web Site at http://www.natcorp.ox.ac.uk for full licencing and distribution conditions.</availability><idno type="bnc">A1R</idno><idno type="old"> IbArts </idno></publicationStmt><sourceDesc><bibl><title>Independent, electronic edition of 1989-10-03: Arts section.</title> <imprint n="NEWSPA2"><publisher>Newspaper Publishing plc</publisher> <pubPlace>London</pubPlace> <date value="1989">1989</date> </imprint> </bibl></sourceDesc></fileDesc><encodingDesc><tagsDecl><namespace name=""><tagUsage gi="c" occurs="206"/><tagUsage gi="div" occurs="3"/><tagUsage gi="head" occurs="6"/><tagUsage gi="mw" occurs="14"/><tagUsage gi="p" occurs="17"/><tagUsage gi="s" occurs="61"/><tagUsage gi="w" occurs="1555"/></namespace></tagsDecl></encodingDesc><profileDesc><creation date="1989"> </creation><textClass><catRef targets="WRI ALLTIM3 ALLAVA2 ALLTYP3 WRIAAG0 WRIAD0 WRIASE0 WRIATY2 WRIAUD3 WRIDOM7 WRILEV2 WRIMED2 WRIPP5 WRISAM0 WRISTA3 WRITAS3"/><classCode scheme="DLEE">W newsp brdsht nat: arts</classCode><keywords><term> (none) </term></keywords></textClass></profileDesc><revisionDesc><change date="2006-10-21" who="#OUCS">Tag usage updated for BNC-XML</change><change date="2000-12-13" who="#OUCS">Last check for BNC World first release</change><change date="2000-09-06" who="#OUCS">Redo tagusage tables</change><change date="2000-09-01" who="#OUCS">Check all tagcounts</change><change date="2000-06-23" who="#OUCS">Resequenced s-units and added headers</change><change date="2000-01-21" who="#OUCS">Added date info</change><change date="2000-01-09" who="#OUCS">Updated all catrefs</change><change date="2000-01-08" who="#OUCS">Updated source title</change><change date="2000-01-08" who="#OUCS">Updated titles</change><change date="1999-12-25" who="#OUCS">corrected tagUsage</change><change date="1999-09-13" who="#UCREL">POS codes revised for BNC-2; header updated</change><change date="1994-11-24" who="#dominic">Initial accession to corpus</change></revisionDesc></teiHeader>
<wtext type="NEWS"><div level="1" n="891003 edition -- Arts Page 17"><head type="MAIN">
<s n="1"><w c5="NN1" hw="television" pos="SUBST">TELEVISION </w><c c5="PUN">/</c><w c5="NN1" hw="bout" pos="SUBST">Bout </w><w c5="PRF" hw="of" pos="PREP">of </w><w c5="NN1" hw="morning" pos="SUBST">morning </w><w c5="NN1" hw="sickness" pos="SUBST">sickness</w></s></head><head type="BYLINE">
<s n="2"><w c5="PRP" hw="by" pos="PREP">By </w><w c5="NP0" hw="mark" pos="SUBST">MARK </w><w c5="NP0" hw="lawson" pos="SUBST">LAWSON</w></s></head><p>
<s n="3"><w c5="AT0" hw="the" pos="ART">THE </w><w c5="NN1" hw="story" pos="SUBST">STORY </w><w c5="VBD" hw="be" pos="VERB">was </w><w c5="DT0" hw="that" pos="ADJ">that </w><w c5="NN1" hw="breakfast" pos="SUBST">Breakfast </w><w c5="NN1" hw="news" pos="SUBST">News </w><c c5="PUL">(</c><w c5="NP0" hw="bbc" pos="SUBST">BBC </w><w c5="CRD" hw="1" pos="ADJ">1</w><c c5="PUR">)</c><c c5="PUN">, </c><w c5="AT0" hw="the" pos="ART">the </w><w c5="ORD" hw="third" pos="ADJ">third </w><w c5="NN1" hw="relaunch" pos="SUBST">relaunch </w><w c5="PRF" hw="of" pos="PREP">of </w><w c5="AT0" hw="the" pos="ART">the </w><w c5="NN1" hw="cereal" pos="SUBST">cereal </w><w c5="NN1" hw="television" pos="SUBST">television </w><w c5="DTQ" hw="which" pos="PRON">which </w><w c5="VVD" hw="begin" pos="VERB">began </w><w c5="PRP" hw="in" pos="PREP">in </w><w c5="CRD" hw="1983" pos="ADJ">1983 </w><w c5="CJS-PRP" hw="as" pos="CONJ">as </w><w c5="NN1" hw="breakfast" pos="SUBST">Breakfast </w><w c5="NN1" hw="time" pos="SUBST">Time </w><w c5="PRP" hw="with" pos="PREP">with </w><w c5="NP0" hw="frank" pos="SUBST">Frank </w><w c5="NN1" hw="bough" pos="SUBST">Bough </w><w c5="CJC" hw="and" pos="CONJ">and </w><w c5="NP0" hw="selina" pos="SUBST">Selina </w><w c5="NP0" hw="scott" pos="SUBST">Scott </w><w c5="NN1" hw="chummy" pos="SUBST">chummy </w><w c5="PRP" hw="in" pos="PREP">in </w><w c5="NN2" hw="jumper" pos="SUBST">jumpers</w><c c5="PUN">, </c><w c5="VBD" hw="be" pos="VERB">was </w><w c5="VVG" hw="go" pos="VERB">going </w><w c5="AJ0" hw="serious" pos="ADJ">serious</w><c c5="PUN">.</c></s>
<s n="4"><w c5="PRP-CJS" hw="as" pos="PREP">As </w><w c5="AT0" hw="the" pos="ART">the </w><w c5="AJ0" hw="new" pos="ADJ">new </w><w c5="NN1" hw="presenter" pos="SUBST">presenter</w><c c5="PUN">, </c><w c5="NP0" hw="nicholas" pos="SUBST">Nicholas </w><w c5="NP0" hw="witchell" pos="SUBST">Witchell </w><w c5="VBZ" hw="be" pos="VERB">is </w><w c5="AV0" hw="chiefly" pos="ADV">chiefly </w><w c5="VVN" hw="celebrate" pos="VERB">celebrated </w><w c5="PRP" hw="for" pos="PREP">for </w><w c5="VVG" hw="sit" pos="VERB">sitting </w><w c5="PRP-AVP" hw="on" pos="PREP">on </w><w c5="AT0" hw="a" pos="ART">a </w><w c5="NN1-AJ0" hw="lesbian" pos="SUBST">lesbian </w><w c5="PRP" hw="during" pos="PREP">during </w><w c5="AT0" hw="a" pos="ART">a </w><w c5="NN1" hw="news" pos="SUBST">news </w><w c5="NN1" hw="bulletin" pos="SUBST">bulletin</w><c c5="PUN">, </c><w c5="PNP" hw="you" pos="PRON">you </w><w c5="VVD" hw="switch" pos="VERB">switched </w><w c5="AVP" hw="on" pos="ADV">on </w><w c5="PRP" hw="at" pos="PREP">at </w><w c5="NN1" hw="dawn" pos="SUBST">dawn </w><w c5="PRP" hw="with" pos="PREP">with </w><w c5="DT0" hw="some" pos="ADJ">some </w><w c5="NN1" hw="cynicism" pos="SUBST">cynicism</w><c c5="PUN">.</c></s>
<s n="5"><w c5="PNP" hw="it" pos="PRON">It </w><w c5="VBD" hw="be" pos="VERB">was </w><w c5="AV0" hw="soon" pos="ADV">soon </w><w c5="AJ0" hw="clear" pos="ADJ">clear</w><c c5="PUN">, </c><w c5="AV0" hw="however" pos="ADV">however</w><c c5="PUN">, </c><w c5="CJT" hw="that" pos="CONJ">that </w><w c5="DT0" hw="this" pos="ADJ">this </w><w c5="VBD" hw="be" pos="VERB">was </w><w c5="NN1" hw="broadsheet" pos="SUBST">broadsheet </w><w c5="NN1" hw="television" pos="SUBST">television</w><c c5="PUN">.</c></s>
<s n="6"><w c5="NP0" hw="witchell" pos="SUBST">Witchell </w><w c5="VM0" hw="would" pos="VERB">would </w><w c5="VBI" hw="be" pos="VERB">be </w><w c5="VDG" hw="do" pos="VERB">doing </w><w c5="DPS" hw="he" pos="PRON">his </w><w c5="NN1" hw="party" pos="SUBST">party </w><w c5="NN1-VVB" hw="trick" pos="SUBST">trick </w><w c5="AV0" hw="only" pos="ADV">only </w><w c5="PRP" hw="in" pos="PREP">in </w><w c5="AJ0" hw="special" pos="ADJ">special </w><w c5="NN2" hw="circumstance" pos="SUBST">circumstances</w><c c5="PUN">.</c></s></p><p>
<s n="7"><w c5="AT0" hw="the" pos="ART">The </w><w c5="NN1" hw="programme" pos="SUBST">programme </w><w c5="AV0" hw="pretty" pos="ADV">pretty </w><w c5="AV0" hw="well" pos="ADV">well </w><w c5="VVD" hw="begin" pos="VERB">began </w><w c5="PRP" hw="with" pos="PREP">with </w><w c5="AT0" hw="an" pos="ART">an </w><w c5="NN1" hw="interview" pos="SUBST">interview </w><w c5="PRP" hw="with" pos="PREP">with </w><w c5="PNI" hw="someone" pos="PRON">someone </w><w c5="PRP" hw="from" pos="PREP">from </w><w c5="AT0" hw="the" pos="ART">the </w><w c5="NN1" hw="bundesbank" pos="SUBST">Bundesbank </w><w c5="DTQ" hw="which" pos="PRON">which</w><c c5="PUN">, </c><w c5="CJS" hw="as" pos="CONJ">as </w><w c5="AJ0-VVG" hw="running" pos="ADJ">running </w><w c5="NN2" hw="order" pos="SUBST">orders </w><w c5="VVB" hw="go" pos="VERB">go</w><c c5="PUN">, </c><w c5="VBZ" hw="be" pos="VERB">is </w><mw c5="AV0"><w c5="AT0" hw="a" pos="ART">a </w><w c5="NN1" hw="bit" pos="SUBST">bit </w></mw><w c5="PRP" hw="like" pos="PREP">like </w><w c5="AT0" hw="a" pos="ART">a </w><w c5="NN1-AJ0" hw="long-jumper" pos="SUBST">long-jumper </w><w c5="VVG" hw="begin" pos="VERB">beginning </w><w c5="DPS" hw="he" pos="PRON">his </w><w c5="NN1" hw="approach" pos="SUBST">approach </w><w c5="PRP" hw="with" pos="PREP">with </w><w c5="DPS" hw="he" pos="PRON">his </w><w c5="NN2" hw="lace" pos="SUBST">laces </w><w c5="VVD-VVN" hw="tie" pos="VERB">tied</w><c c5="PUN">.</c></s>
<s n="8"><w c5="PRP" hw="in" pos="PREP">In </w><w c5="NN1" hw="fact" pos="SUBST">fact</w><c c5="PUN">, </c><w c5="AV0" hw="almost" pos="ADV">almost </w><w c5="PNI" hw="everything" pos="PRON">everything </w><w c5="PRP" hw="before" pos="PREP">before </w><w c5="CRD" hw="seven" pos="ADJ">seven </w><w c5="VBZ" hw="be" pos="VERB">is </w><w c5="NN1" hw="business" pos="SUBST">business </w><w c5="NN1" hw="news" pos="SUBST">news </w><w c5="PRP" hw="with" pos="PREP">with </w><w c5="NN2" hw="man" pos="SUBST">men </w><w c5="PRP" hw="in" pos="PREP">in </w><w c5="NN2" hw="suit" pos="SUBST">suits </w><w c5="VVG" hw="watch" pos="VERB">watching </w><w c5="PRP-AVP" hw="over" pos="PREP">over </w><w c5="AT0" hw="the" pos="ART">the </w><w c5="NN1" hw="pound" pos="SUBST">pound </w><w c5="PRP" hw="like" pos="PREP">like </w><w c5="NN2" hw="doctor" pos="SUBST">doctors</w><c c5="PUN">: </c><c c5="PUQ">‘</c><w c5="CJC" hw="and" pos="CONJ">And </w><w c5="AT0" hw="the" pos="ART">the </w><w c5="AJS" hw="late" pos="ADJ">latest </w><w c5="NN1" hw="news" pos="SUBST">news </w><w c5="PRP" hw="from" pos="PREP">from </w><w c5="NP0" hw="tokyo" pos="SUBST">Tokyo </w><c c5="PUN">— </c><w c5="PNP" hw="it" pos="PRON">it </w><w c5="VVZ" hw="seem" pos="VERB">seems </w><w c5="TO0" hw="to" pos="PREP">to </w><w c5="VBI" hw="be" pos="VERB">be </w><mw c5="AV0"><w c5="AT0" hw="a" pos="ART">a </w><w c5="AV0" hw="little" pos="ADV">little </w></mw><w c5="AV0" hw="well" pos="ADV">better</w><c c5="PUN">.</c></s>
<s n="9"><c c5="PUN">..</c><c c5="PUQ">’ </c><w c5="CJC" hw="nor" pos="CONJ">Nor </w><w c5="VBZ" hw="be" pos="VERB">is </w><w c5="PNP" hw="it" pos="PRON">it </w><w c5="AV0" hw="merely" pos="ADV">merely </w><w c5="AT0" hw="the" pos="ART">the </w><w c5="AJ0" hw="heavy" pos="ADJ">heavy </w><w c5="NN1" hw="stuff" pos="SUBST">stuff </w><w c5="DTQ" hw="which" pos="PRON">which </w><w c5="VVZ" hw="come" pos="VERB">comes </w><w c5="PRP" hw="with" pos="PREP">with </w><w c5="AJ0" hw="serious" pos="ADJ">serious </w><w c5="NN2" hw="credentials" pos="SUBST">credentials</w><c c5="PUN">.</c></s>
<s n="10"><w c5="NP0" hw="sally" pos="SUBST">Sally </w><w c5="NP0" hw="jones" pos="SUBST">Jones</w><c c5="PUN">, </c><w c5="AT0" hw="the" pos="ART">the </w><w c5="NN2" hw="sport" pos="SUBST">sports </w><w c5="NN1" hw="presenter" pos="SUBST">presenter</w><c c5="PUN">, </c><w c5="AV0" hw="clearly" pos="ADV">clearly </w><w c5="VVD" hw="know" pos="VERB">knew </w><w c5="DTQ" hw="what" pos="PRON">what </w><w c5="AT0" hw="the" pos="ART">the </w><w c5="NN1" hw="plural" pos="SUBST">plural </w><w c5="PRF" hw="of" pos="PREP">of </w><mw c5="NN1"><w c5="UNC" hw="grand" pos="UNC">Grand </w><w c5="UNC" hw="prix" pos="UNC">Prix </w></mw><w c5="VBD" hw="be" pos="VERB">was</w><c c5="PUN">.</c></s></p><p>
<s n="11"><w c5="AV0" hw="even" pos="ADV">Even </w><w c5="AT0" hw="the" pos="ART">the </w><w c5="AJC" hw="light" pos="ADJ">lighter </w><w c5="NN2" hw="story" pos="SUBST">stories </w><w c5="VVD" hw="tend" pos="VERB">tended </w><w c5="TO0" hw="to" pos="PREP">to </w><w c5="VBI" hw="be" pos="VERB">be </w><w c5="PRP-AVP" hw="along" pos="PREP">along </w><w c5="AT0" hw="the" pos="ART">the </w><w c5="NN2" hw="line" pos="SUBST">lines </w><w c5="PRF" hw="of" pos="PREP">of </w><w c5="NN2" hw="parrot" pos="SUBST">parrots </w><w c5="PNQ" hw="who" pos="PRON">who </w><w c5="VVD" hw="play" pos="VERB">played </w><w c5="AT0" hw="the" pos="ART">the </w><w c5="NN2" hw="commodity" pos="SUBST">commodities </w><w c5="NN1-VVB" hw="market" pos="SUBST">market</w><c c5="PUN">.</c></s>
<s n="12"><w c5="EX0" hw="there" pos="PRON">There </w><w c5="VBD" hw="be" pos="VERB">was</w><c c5="PUN">, </c><w c5="PNP" hw="it" pos="PRON">it </w><w c5="VBZ" hw="be" pos="VERB">is </w><w c5="AJ0" hw="true" pos="ADJ">true</w><c c5="PUN">, </c><w c5="AV0" hw="still" pos="ADV">still </w><w c5="AT0" hw="a" pos="ART">a </w><w c5="AJ0" hw="funny" pos="ADJ">funny</w><c c5="PUN">, </c><w c5="AJ0" hw="tubby" pos="ADJ">tubby </w><w c5="NN1" hw="chap" pos="SUBST">chap </w><w c5="PRP" hw="in" pos="PREP">in </w><w c5="AT0" hw="a" pos="ART">a </w><w c5="NN1-AJ0" hw="bow-tie" pos="SUBST">bow-tie </w><c c5="PUN">— </c><w c5="PRP" hw="in" pos="PREP">in </w><w c5="CRD" hw="1983" pos="ADJ">1983</w><c c5="PUN">, </c><w c5="NP0" hw="frank" pos="SUBST">Frank </w><w c5="CJC" hw="and" pos="CONJ">and </w><w c5="NP0" hw="selina" pos="SUBST">Selina </w><w c5="VHD" hw="have" pos="VERB">had </w><w c5="NP0" hw="russell" pos="SUBST">Russell </w><w c5="NP0" hw="grant" pos="SUBST">Grant </w><w c5="VVG" hw="fill" pos="VERB">filling </w><w c5="DT0" hw="this" pos="ADJ">this </w><w c5="NN1" hw="position" pos="SUBST">position </w><w c5="PRF" hw="of" pos="PREP">of </w><w c5="NN1" hw="studio" pos="SUBST">studio </w><w c5="NN1" hw="poodle" pos="SUBST">poodle </w><c c5="PUN">— </c><w c5="CJC" hw="but" pos="CONJ">but</w><c c5="PUN">, </c><w c5="CJS-AVQ" hw="where" pos="CONJ">where </w><w c5="NP0" hw="grant" pos="SUBST">Grant </w><w c5="VBD" hw="be" pos="VERB">was </w><w c5="AT0" hw="an" pos="ART">an </w><w c5="NN1" hw="astrologer" pos="SUBST">astrologer</w><c c5="PUN">, </c><w c5="NP0" hw="paul" pos="SUBST">Paul </w><w c5="NP0" hw="callan" pos="SUBST">Callan </w><w c5="VVZ" hw="review" pos="VERB">reviews </w><w c5="AT0" hw="the" pos="ART">the </w><w c5="NN2" hw="newspaper" pos="SUBST">newspapers</w><c c5="PUN">.</c></s>
<s n="13"><w c5="PRF" hw="of" pos="PREP">Of </w><w c5="AT0" hw="the" pos="ART">the </w><w c5="AJ0" hw="original" pos="ADJ">original </w><w c5="NN1" hw="concept" pos="SUBST">concept</w><c c5="PUN">, </c><w c5="AV0" hw="only" pos="ADV">only </w><w c5="NN1" hw="weatherman" pos="SUBST">weatherman </w><w c5="NP0" hw="francis" pos="SUBST">Francis </w><w c5="NP0" hw="wilson" pos="SUBST">Wilson </w><w c5="VVZ" hw="survive" pos="VERB">survives </w><w c5="CJC" hw="and" pos="CONJ">and </w><w c5="AV0" hw="even" pos="ADV">even </w><w c5="PNP" hw="he" pos="PRON">he </w><w c5="VVD" hw="seem" pos="VERB">seemed </w><w c5="TO0" hw="to" pos="PREP">to </w><w c5="VBI" hw="be" pos="VERB">be </w><w c5="VVG" hw="make" pos="VERB">making </w><w c5="AJ0" hw="conscious" pos="ADJ">conscious </w><w c5="NN2" hw="effort" pos="SUBST">efforts </w><w c5="XX0" hw="not" pos="ADV">not </w><w c5="TO0" hw="to" pos="PREP">to </w><w c5="VVI" hw="call" pos="VERB">call </w><w c5="NN2" hw="cloud" pos="SUBST">clouds </w><c c5="PUQ">‘</c><w c5="AJ0" hw="white" pos="ADJ">white</w><c c5="PUN">, </c><w c5="AJ0" hw="fluffy" pos="ADJ">fluffy </w><w c5="NN2" hw="bit" pos="SUBST">bits</w><c c5="PUQ">’</c><c c5="PUN">, </c><w c5="CJS" hw="as" pos="CONJ">as </w><w c5="VHZ" hw="have" pos="VERB">has </w><w c5="VBN" hw="be" pos="VERB">been </w><w c5="DPS" hw="he" pos="PRON">his </w><w c5="NN1" hw="trick" pos="SUBST">trick</w><c c5="PUN">.</c></s></p><p>
<s n="14"><w c5="AV0" hw="perhaps" pos="ADV">Perhaps</w><c c5="PUN">, </c><w c5="AV0" hw="though" pos="ADV">though</w><c c5="PUN">, </c><w c5="NP0" hw="wilson" pos="SUBST">Wilson </w><w c5="VBD" hw="be" pos="VERB">was </w><w c5="AV0" hw="merely" pos="ADV">merely </w><w c5="VVN" hw="distract" pos="VERB">distracted </w><w c5="PRP" hw="by" pos="PREP">by </w><w c5="AT0" hw="the" pos="ART">the </w><w c5="NN1" hw="fact" pos="SUBST">fact </w><w c5="CJT" hw="that" pos="CONJ">that</w><c c5="PUN">, </c><w c5="PRP" hw="during" pos="PREP">during </w><w c5="DPS" hw="he" pos="PRON">his </w><w c5="ORD" hw="first" pos="ADJ">first </w><w c5="NN1" hw="appearance" pos="SUBST">appearance</w><c c5="PUN">, </c><w c5="PNP" hw="he" pos="PRON">he </w><w c5="AV0" hw="briefly" pos="ADV">briefly </w><w c5="VVD-VVN" hw="disappear" pos="VERB">disappeared </w><w c5="PRP" hw="before" pos="PREP">before </w><w c5="VVG" hw="return" pos="VERB">returning </w><w c5="AV0" hw="partially" pos="ADV">partially </w><w c5="VVN" hw="superimpose" pos="VERB">superimposed </w><w c5="PRP" hw="on" pos="PREP">on </w><w c5="AT0" hw="a" pos="ART">a </w><w c5="NN1" hw="map" pos="SUBST">map</w><c c5="PUN">.</c></s>
<s n="15"><w c5="DPS" hw="he" pos="PRON">His </w><w c5="NN2" hw="eyebrow" pos="SUBST">eyebrows </w><w c5="VVN-VVD" hw="float" pos="VERB">floated </w><w c5="PRP-AVP" hw="over" pos="PREP">over </w><w c5="NP0" hw="glasgow" pos="SUBST">Glasgow </w><w c5="CJC" hw="and" pos="CONJ">and </w><w c5="DPS" hw="he" pos="PRON">his </w><w c5="NN1" hw="mouth" pos="SUBST">mouth </w><w c5="VVD" hw="seem" pos="VERB">seemed </w><w c5="TO0" hw="to" pos="PREP">to </w><w c5="VVI" hw="toy" pos="VERB">toy </w><w c5="PRP" hw="with" pos="PREP">with </w><w c5="VVG" hw="eat" pos="VERB">eating </w><w c5="NP0" hw="leeds" pos="SUBST">Leeds</w><c c5="PUN">.</c></s>
<s n="16"><w c5="AT0" hw="the" pos="ART">The </w><w c5="NN1" hw="debut" pos="SUBST">debut </w><w c5="PRF" hw="of" pos="PREP">of </w><w c5="NN1" hw="breakfast" pos="SUBST">Breakfast </w><w c5="NN1" hw="news" pos="SUBST">News </w><w c5="VBD" hw="be" pos="VERB">was </w><w c5="AV0" hw="technically" pos="ADV">technically </w><w c5="AJ0" hw="imperfect" pos="ADJ">imperfect </w><w c5="PRP" hw="to" pos="PREP">to </w><w c5="AT0" hw="a" pos="ART">a </w><w c5="AV0" hw="surprisingly" pos="ADV">surprisingly </w><w c5="AJ0" hw="high" pos="ADJ">high </w><w c5="NN1" hw="degree" pos="SUBST">degree</w><c c5="PUN">.</c></s>
<s n="17"><w c5="AV0" hw="apparently" pos="ADV">Apparently </w><w c5="AJ0" hw="uncertain" pos="ADJ">uncertain </w><mw c5="PRP"><w c5="CJS" hw="as" pos="CONJ">as </w><w c5="PRP" hw="to" pos="PREP">to </w></mw><w c5="NN1" hw="camera" pos="SUBST">camera </w><w c5="NN2" hw="angle" pos="SUBST">angles</w><c c5="PUN">, </c><w c5="NP0" hw="witchell" pos="SUBST">Witchell </w><w c5="CJC" hw="and" pos="CONJ">and </w><w c5="AT0" hw="the" pos="ART">the </w><w c5="NN2" hw="other" pos="SUBST">others </w><w c5="AV0" hw="frequently" pos="ADV">frequently </w><w c5="VVD" hw="give" pos="VERB">gave </w><w c5="AT0" hw="the" pos="ART">the </w><w c5="NN1" hw="impression" pos="SUBST">impression </w><w c5="PRF" hw="of" pos="PREP">of </w><w c5="VHG" hw="have" pos="VERB">having </w><w c5="VVN" hw="spot" pos="VERB">spotted </w><w c5="AT0" hw="a" pos="ART">a </w><w c5="AJ0-NN1" hw="lesbian" pos="ADJ">lesbian </w><w c5="NN1" hw="stalking" pos="SUBST">stalking </w><w c5="PRP" hw="across" pos="PREP">across </w><w c5="AT0" hw="the" pos="ART">the </w><w c5="NN1" hw="floor" pos="SUBST">floor</w><c c5="PUN">.</c></s></p><p>
<s n="18"><w c5="CJC" hw="but" pos="CONJ">But </w><w c5="PNP" hw="it" pos="PRON">it </w><w c5="VBZ" hw="be" pos="VERB">is </w><w c5="AJC" hw="good" pos="ADJ">better</w><c c5="PUN">, </c><w c5="PRP" hw="with" pos="PREP">with </w><w c5="AT0" hw="a" pos="ART">a </w><w c5="NN1" hw="relaunch" pos="SUBST">relaunch</w><c c5="PUN">, </c><w c5="TO0" hw="to" pos="PREP">to </w><w c5="VHI" hw="have" pos="VERB">have </w><w c5="AJ0" hw="technical" pos="ADJ">technical </w><mw c5="PRP"><w c5="AV0" hw="rather" pos="ADV">rather </w><w c5="CJS" hw="than" pos="CONJ">than </w></mw><w c5="AJ0" hw="conceptual" pos="ADJ">conceptual </w><w c5="NN2" hw="failing" pos="SUBST">failings </w><w c5="CJC" hw="and" pos="CONJ">and </w><w c5="NN1-VVB" hw="breakfast" pos="SUBST">Breakfast </w><w c5="NN1" hw="news" pos="SUBST">News </w><w c5="VM0" hw="should" pos="VERB">should </w><w c5="AV0" hw="yet" pos="ADV">yet </w><w c5="VVI" hw="become" pos="VERB">become </w><w c5="AT0" hw="a" pos="ART">a </w><w c5="AV0" hw="decently" pos="ADV">decently </w><w c5="AJ0" hw="serious" pos="ADJ">serious </w><w c5="NN1" hw="morning" pos="SUBST">morning </w><w c5="NN1" hw="service" pos="SUBST">service</w><c c5="PUN">.</c></s>
<s n="19"><mw c5="AV0"><w c5="AV0" hw="even" pos="ADV">Even </w><w c5="AV0" hw="so" pos="ADV">so</w></mw><c c5="PUN">, </c><w c5="NN1-VVB" hw="breakfast" pos="SUBST">breakfast </w><w c5="NN1" hw="television" pos="SUBST">television </w><w c5="VBZ" hw="be" pos="VERB">is </w><w c5="AV0" hw="still" pos="ADV">still </w><w c5="CRD" hw="one" pos="ADJ">one </w><w c5="PRF" hw="of" pos="PREP">of </w><w c5="CRD" hw="two" pos="ADJ">two </w><w c5="NN2" hw="area" pos="SUBST">areas </w><w c5="PRF" hw="of" pos="PREP">of </w><w c5="NN1" hw="programming" pos="SUBST">programming </w><c c5="PUL">(</c><w c5="NN1" hw="situation" pos="SUBST">situation </w><w c5="NN1" hw="comedy" pos="SUBST">comedy </w><w c5="VBZ" hw="be" pos="VERB">is </w><w c5="AT0" hw="the" pos="ART">the </w><w c5="AJ0-NN1" hw="other" pos="ADJ">other</w><c c5="PUR">) </c><w c5="PRP" hw="in" pos="PREP">in </w><w c5="DTQ" hw="which" pos="PRON">which </w><w c5="NP0" hw="britain" pos="SUBST">Britain </w><w c5="VVZ" hw="trail" pos="VERB">trails </w><w c5="NP0" hw="america" pos="SUBST">America </w><w c5="PRP" hw="for" pos="PREP">for </w><w c5="NN1" hw="quality" pos="SUBST">quality</w><c c5="PUN">.</c></s>
<s n="20"><w c5="AT0" hw="the" pos="ART">The </w><w c5="NN1" hw="drive" pos="SUBST">drive </w><w c5="CJC" hw="and" pos="CONJ">and </w><w c5="NN1" hw="fire" pos="SUBST">fire </w><w c5="PRF" hw="of" pos="PREP">of </w><w c5="NN1" hw="cereal" pos="SUBST">cereal </w><w c5="NN1" hw="television" pos="SUBST">television </w><w c5="PRP" hw="like" pos="PREP">like </w><w c5="NP0" hw="nbc" pos="SUBST">NBC</w><w c5="VBZ" hw="be" pos="VERB">'s </w><w c5="AV0" hw="today" pos="ADV">Today </w><w c5="NN1-VVB" hw="show" pos="SUBST">show </w><w c5="VVZ" hw="make" pos="VERB">makes </w><w c5="PNP" hw="you" pos="PRON">you </w><w c5="VVI" hw="understand" pos="VERB">understand </w><w c5="AT0" hw="the" pos="ART">the </w><w c5="NN1" hw="line" pos="SUBST">line </w><w c5="PRP" hw="about" pos="PREP">about </w><w c5="VVG" hw="wake" pos="VERB">waking </w><w c5="AVP" hw="up" pos="ADV">up </w><w c5="PRP" hw="in" pos="PREP">in </w><w c5="AT0" hw="a" pos="ART">a </w><w c5="NN1" hw="city" pos="SUBST">city </w><w c5="DTQ" hw="which" pos="PRON">which </w><w c5="VDZ" hw="do" pos="VERB">does</w><w c5="XX0" hw="not" pos="ADV">n't </w><w c5="VVI" hw="sleep" pos="VERB">sleep</w><c c5="PUN">.</c></s>
<s n="21"><w c5="AT0" hw="the" pos="ART">The </w><w c5="AJ0" hw="british" pos="ADJ">British </w><w c5="NN2" hw="imitator" pos="SUBST">imitators </w><w c5="VBB" hw="be" pos="VERB">are </w><w c5="AV0" hw="still" pos="ADV">still </w><w c5="VVG" hw="whisper" pos="VERB">whispering </w><w c5="PRP" hw="to" pos="PREP">to </w><w c5="AT0" hw="a" pos="ART">a </w><w c5="NN1" hw="city" pos="SUBST">city </w><w c5="CJT-DT0" hw="that" pos="CONJ">that</w><w c5="VBZ" hw="be" pos="VERB">'s </w><w c5="AV0" hw="still" pos="ADV">still </w><w c5="PRP" hw="in" pos="PREP">in </w><w c5="NN1" hw="bed" pos="SUBST">bed</w><c c5="PUN">.</c></s></p><p>
<s n="22"><w c5="AT0" hw="the" pos="ART">The </w><w c5="AJ0-NN1" hw="hissing" pos="ADJ">hissing </w><w c5="NN2" hw="cousin" pos="SUBST">cousins </w><w c5="PRF" hw="of" pos="PREP">of </w><w c5="NP0" hw="monday" pos="SUBST">Monday </w><w c5="NN1" hw="night" pos="SUBST">night </w><w c5="AJ0" hw="current" pos="ADJ">current </w><w c5="NN2" hw="affair" pos="SUBST">affairs </w><w c5="NN1" hw="coverage" pos="SUBST">coverage </w><c c5="PUN">— </c><w c5="NN2-VVZ" hw="rival" pos="SUBST">rivals </w><w c5="NN1" hw="world" pos="SUBST">World </w><w c5="PRP" hw="in" pos="PREP">In </w><w c5="NN1" hw="action" pos="SUBST">Action </w><c c5="PUL">(</c><w c5="NP0" hw="granada" pos="SUBST">Granada</w><c c5="PUR">) </c><w c5="CJC" hw="and" pos="CONJ">and </w><w c5="NN1" hw="panorama" pos="SUBST">Panorama </w><c c5="PUL">(</c><w c5="NP0" hw="bbc" pos="SUBST">BBC </w><w c5="CRD" hw="1" pos="ADJ">1</w><c c5="PUR">)</c><c c5="PUN">— </c><w c5="VBD" hw="be" pos="VERB">were </w><w c5="AV0" hw="both" pos="ADV">both </w><w c5="PRP" hw="in" pos="PREP">in </w><w c5="AJ0" hw="impressive" pos="ADJ">impressive </w><w c5="NN1" hw="form" pos="SUBST">form</w><c c5="PUN">.</c></s>
<s n="23"><w c5="NN1" hw="world" pos="SUBST">World </w><w c5="PRP" hw="in" pos="PREP">In </w><w c5="NN1" hw="action" pos="SUBST">Action </w><w c5="VVD" hw="question" pos="VERB">questioned </w><w c5="AT0" hw="the" pos="ART">the </w><w c5="NN1" hw="animal" pos="SUBST">Animal </w><w c5="NN1" hw="liberation" pos="SUBST">Liberation </w><w c5="NN1" hw="front" pos="SUBST">Front </w><w c5="PRP" hw="about" pos="PREP">about </w><w c5="AT0" hw="the" pos="ART">the </w><w c5="NN1" hw="paradox" pos="SUBST">paradox </w><w c5="PRF" hw="of" pos="PREP">of </w><w c5="VVG-AJ0" hw="save" pos="VERB">saving </w><w c5="AJ0" hw="dumb" pos="ADJ">dumb </w><w c5="NN2" hw="animal" pos="SUBST">animals </w><w c5="PRP" hw="by" pos="PREP">by </w><w c5="VVG" hw="expose" pos="VERB">exposing </w><w c5="AJ0" hw="dumb" pos="ADJ">dumb </w><w c5="NN2" hw="human" pos="SUBST">humans </w><w c5="PRP" hw="to" pos="PREP">to </w><w c5="AJ0" hw="incendiary" pos="ADJ">incendiary </w><w c5="NN2" hw="device" pos="SUBST">devices</w><c c5="PUN">.</c></s>
<s n="24"><mw c5="PRP"><w c5="CJS" hw="because" pos="CONJ">Because </w><w c5="PRF" hw="of" pos="PREP">of </w></mw><w c5="AT0" hw="the" pos="ART">the </w><w c5="NN1" hw="broadcasting" pos="SUBST">Broadcasting </w><w c5="NN1" hw="act" pos="SUBST">Act</w><c c5="PUN">, </c><w c5="CRD" hw="four" pos="ADJ">four </w><w c5="NP0" hw="alf" pos="SUBST">ALF </w><w c5="NN2" hw="member" pos="SUBST">members </w><w c5="PRP" hw="in" pos="PREP">in </w><w c5="NN2" hw="balaclava" pos="SUBST">Balaclavas </w><w c5="VBD" hw="be" pos="VERB">were </w><w c5="VVN" hw="show" pos="VERB">shown </w><w c5="PRP" hw="on" pos="PREP">on </w><w c5="NN1" hw="screen" pos="SUBST">screen </w><w c5="CJC" hw="but" pos="CONJ">but </w><w c5="DPS" hw="they" pos="PRON">their </w><w c5="NN2" hw="answer" pos="SUBST">answers </w><w c5="VVN" hw="read" pos="VERB">read </w><w c5="PRP" hw="by" pos="PREP">by </w><w c5="AT0" hw="an" pos="ART">an </w><w c5="NN1" hw="actor" pos="SUBST">actor</w><c c5="PUN">.</c></s>
<s n="25"><mw c5="AV0"><w c5="AV0" hw="once" pos="ADV">Once </w><w c5="AV0" hw="again" pos="ADV">again</w></mw><c c5="PUN">, </c><w c5="PNP" hw="it" pos="PRON">it </w><w c5="VVD" hw="strike" pos="VERB">struck </w><w c5="PNP" hw="you" pos="PRON">you </w><w c5="CJT" hw="that" pos="CONJ">that </w><w c5="AT0" hw="an" pos="ART">an </w><w c5="NN1" hw="actor" pos="SUBST">actor </w><w c5="VBD" hw="be" pos="VERB">was </w><w c5="AV0" hw="more" pos="ADV">more </w><w c5="AJ0" hw="likely" pos="ADJ">likely </w><w c5="TO0" hw="to" pos="PREP">to </w><w c5="VVI" hw="win" pos="VERB">win </w><w c5="NN1" hw="sympathy" pos="SUBST">sympathy </w><w c5="PRP" hw="from" pos="PREP">from </w><w c5="AT0" hw="an" pos="ART">an </w><w c5="NN1" hw="audience" pos="SUBST">audience </w><w c5="CJS" hw="than" pos="CONJ">than </w><w c5="AT0" hw="a" pos="ART">a </w><w c5="AJ0" hw="slack-jawed" pos="ADJ">slack-jawed </w><w c5="AJ0" hw="garrulous" pos="ADJ">garrulous </w><w c5="NN1" hw="balaclava" pos="SUBST">Balaclava</w><c c5="PUN">.</c></s></p><p>
<s n="26"><w c5="NP0" hw="john" pos="SUBST">John </w><w c5="NP0" hw="simpson" pos="SUBST">Simpson</w><w c5="POS" hw="'s" pos="UNC">'s </w><w c5="AJ0" hw="lucid" pos="ADJ">lucid </w><w c5="NN1" hw="report" pos="SUBST">report </w><w c5="PRP" hw="for" pos="PREP">for </w><w c5="NN1" hw="panorama" pos="SUBST">Panorama</w><c c5="PUN">, </c><w c5="VVG-AJ0" hw="follow" pos="VERB">following </w><w c5="NN2" hw="group" pos="SUBST">groups </w><w c5="PRF" hw="of" pos="PREP">of </w><w c5="NN1" hw="mujahedin" pos="SUBST">mujahedin </w><w c5="PRP" hw="through" pos="PREP">through </w><w c5="DT0" hw="most" pos="ADJ">most </w><w c5="PRF" hw="of" pos="PREP">of </w><w c5="DT0" hw="this" pos="ADJ">this </w><w c5="NN1" hw="year" pos="SUBST">year</w><c c5="PUN">, </c><w c5="VVD" hw="attest" pos="VERB">attested </w><w c5="PRP" hw="to" pos="PREP">to </w><w c5="DT0" hw="both" pos="ADJ">both </w><w c5="AT0" hw="the" pos="ART">the </w><w c5="AJ0" hw="benevolent" pos="ADJ">benevolent </w><w c5="NN1" hw="power" pos="SUBST">power </w><w c5="PRF" hw="of" pos="PREP">of </w><w c5="NN1" hw="photography" pos="SUBST">photography </w><c c5="PUN">— </c><w c5="NN2" hw="cameraman" pos="SUBST">cameramen </w><w c5="NP0" hw="chris" pos="SUBST">Chris </w><w c5="NP0" hw="hooke" pos="SUBST">Hooke </w><w c5="CJC" hw="and" pos="CONJ">and </w><w c5="NP0" hw="peter" pos="SUBST">Peter </w><w c5="NP0" hw="juvenal" pos="SUBST">Juvenal </w><w c5="NN1-VVB" hw="courageouslycaught" pos="SUBST">courageouslycaught </w><w c5="NN2" hw="image" pos="SUBST">images </w><w c5="PRF" hw="of" pos="PREP">of </w><w c5="AJ0" hw="broken" pos="ADJ">broken </w><w c5="NN2" hw="body" pos="SUBST">bodies </w><w c5="CJC" hw="and" pos="CONJ">and </w><w c5="AJ0" hw="wrecked" pos="ADJ">wrecked </w><w c5="NN2" hw="village" pos="SUBST">villages</w><c c5="PUN">, </c><w c5="PRF" hw="of" pos="PREP">of </w><w c5="NN1" hw="fire" pos="SUBST">fire </w><w c5="CJC" hw="and" pos="CONJ">and </w><w c5="NN1-VVB" hw="snow" pos="SUBST">snow </w><c c5="PUN">— </c><w c5="CJC" hw="and" pos="CONJ">and </w><w c5="AT0" hw="the" pos="ART">the </w><w c5="AV0" hw="more" pos="ADV">more </w><w c5="AJ0" hw="dubious" pos="ADJ">dubious </w><w c5="NN1" hw="power" pos="SUBST">power </w><w c5="PRF" hw="of" pos="PREP">of </w><w c5="NP0" hw="america" pos="SUBST">America </w><w c5="CJC" hw="and" pos="CONJ">and </w><w c5="NP0" hw="russia" pos="SUBST">Russia</w><c c5="PUN">, </c><w c5="VVG" hw="pick" pos="VERB">picking </w><w c5="AVP" hw="up" pos="ADV">up </w><w c5="AT0" hw="the" pos="ART">the </w><w c5="NN1" hw="tab" pos="SUBST">tab </w><w c5="PRP" hw="for" pos="PREP">for </w><w c5="AT0" hw="the" pos="ART">the </w><w c5="NN2" hw="fighter" pos="SUBST">fighters </w><w c5="CJC" hw="but" pos="CONJ">but </w><w c5="XX0" hw="not" pos="ADV">not </w><w c5="AT0" hw="the" pos="ART">the </w><w c5="NN2" hw="victim" pos="SUBST">victims</w><c c5="PUN">.</c></s></p></div><div level="1" n="891003 edition -- Arts Page 17"><head type="MAIN">
<s n="27"><w c5="NN1" hw="radio" pos="SUBST">RADIO </w><c c5="PUN">/</c><w c5="AJ0" hw="double" pos="ADJ">Double </w><w c5="NN2" hw="act" pos="SUBST">acts</w><c c5="PUN">: </c><w c5="NP0" hw="robert" pos="SUBST">Robert </w><w c5="NP0" hw="hanks" pos="SUBST">Hanks </w><w c5="PRP" hw="on" pos="PREP">on </w><w c5="AJ0" hw="sexual" pos="ADJ">sexual </w><w c5="NN2" hw="antic" pos="SUBST">antics </w><w c5="PRP" hw="in" pos="PREP">in </w><w c5="AT0" hw="the" pos="ART">the </w><w c5="AJ0" hw="middle" pos="ADJ">Middle </w><w c5="NN2" hw="age" pos="SUBST">Ages </w><w c5="CJC" hw="and" pos="CONJ">and </w><w c5="AJ0" hw="modern-day" pos="ADJ">modern-day </w><w c5="NN1" hw="mirth" pos="SUBST">mirth</w></s></head><head type="BYLINE">
<s n="28"><w c5="PRP" hw="by" pos="PREP">By </w><w c5="NP0" hw="robert" pos="SUBST">ROBERT </w><w c5="NP0" hw="hanks" pos="SUBST">HANKS</w></s></head><p>
<s n="29"><w c5="CJS" hw="if" pos="CONJ">IF </w><w c5="PNP" hw="it" pos="PRON">IT </w><w c5="VVZ" hw="worry" pos="VERB">worries </w><w c5="PNP" hw="you" pos="PRON">you </w><w c5="CJT" hw="that" pos="CONJ">that </w><w c5="AT0" hw="the" pos="ART">the </w><w c5="AJ0" hw="national" pos="ADJ">national </w><w c5="NN1" hw="survey" pos="SUBST">survey </w><w c5="PRP" hw="on" pos="PREP">on </w><w c5="AJ0" hw="sexual" pos="ADJ">sexual </w><w c5="NN2" hw="habit" pos="SUBST">habits </w><w c5="VBZ" hw="be" pos="VERB">is </w><w c5="XX0" hw="not" pos="ADV">not </w><w c5="VVG" hw="go" pos="VERB">going </w><w c5="TO0" hw="to" pos="PREP">to </w><w c5="VVI" hw="take" pos="VERB">take </w><w c5="NN1" hw="place" pos="SUBST">place</w><c c5="PUN">, </c><w c5="PNP" hw="you" pos="PRON">you </w><w c5="VM0" hw="could" pos="VERB">could </w><w c5="VVI" hw="take" pos="VERB">take </w><w c5="NN1-VVB" hw="comfort" pos="SUBST">comfort </w><w c5="PRP" hw="from" pos="PREP">from </w><w c5="AT0" hw="the" pos="ART">the </w><w c5="NN1" hw="thought" pos="SUBST">thought </w><w c5="CJT" hw="that" pos="CONJ">that </w><w c5="PNP" hw="it" pos="PRON">it </w><w c5="AV0" hw="probably" pos="ADV">probably </w><w c5="VM0" hw="will" pos="VERB">wo</w><w c5="XX0" hw="not" pos="ADV">n't </w><w c5="VVI" hw="make" pos="VERB">make </w><w c5="AT0" hw="a" pos="ART">a </w><w c5="AJ0" hw="vast" pos="ADJ">vast </w><w c5="NN1" hw="amount" pos="SUBST">amount </w><w c5="PRF" hw="of" pos="PREP">of </w><w c5="NN1" hw="difference" pos="SUBST">difference </w><w c5="PRP" hw="in" pos="PREP">in </w><w c5="AT0" hw="the" pos="ART">the </w><w c5="AJ0" hw="long" pos="ADJ">long </w><w c5="NN1" hw="run" pos="SUBST">run</w><c c5="PUN">.</c></s>
<s n="30"><w c5="CJS" hw="as" pos="CONJ">As </w><w c5="NP0" hw="jeffrey" pos="SUBST">Jeffrey </w><w c5="NP0" hw="richards" pos="SUBST">Richards </w><w c5="VVD" hw="show" pos="VERB">showed </w><w c5="PRP" hw="in" pos="PREP">in </w><w c5="AT0" hw="the" pos="ART">the </w><w c5="ORD" hw="first" pos="ADJ">first </w><w c5="PRF" hw="of" pos="PREP">of </w><w c5="CRD" hw="three" pos="ADJ">three </w><w c5="NN2" hw="talk" pos="SUBST">talks </w><w c5="PRP" hw="on" pos="PREP">on </w><w c5="NN1" hw="sexuality" pos="SUBST">Sexuality </w><w c5="PRP" hw="in" pos="PREP">in </w><w c5="AT0" hw="the" pos="ART">the </w><w c5="AJ0" hw="middle" pos="ADJ">Middle </w><w c5="NN2" hw="age" pos="SUBST">Ages </w><c c5="PUL">(</c><w c5="NN1" hw="radio" pos="SUBST">Radio </w><w c5="CRD" hw="3" pos="ADJ">3</w><c c5="PUN">, </c><w c5="NP0" hw="monday" pos="SUBST">Monday</w><c c5="PUR">)</c><c c5="PUN">, </c><w c5="PNP" hw="you" pos="PRON">you </w><w c5="VM0" hw="can" pos="VERB">can </w><w c5="AV0" hw="always" pos="ADV">always </w><w c5="VVI" hw="get" pos="VERB">get </w><w c5="PRP" hw="past" pos="PREP">past </w><w c5="AT0" hw="a" pos="ART">a </w><w c5="NN1" hw="lack" pos="SUBST">lack </w><w c5="PRF" hw="of" pos="PREP">of </w><w c5="AJ0" hw="obvious" pos="ADJ">obvious </w><w c5="NN0" hw="data" pos="SUBST">data </w><w c5="TO0" hw="to" pos="PREP">to </w><w c5="VVI" hw="find" pos="VERB">find </w><w c5="AVP" hw="out" pos="ADV">out </w><w c5="AT0" hw="the" pos="ART">the </w><w c5="NN1" hw="sort" pos="SUBST">sort </w><w c5="PRF" hw="of" pos="PREP">of </w><w c5="NN1" hw="thing" pos="SUBST">thing </w><w c5="CJT" hw="that" pos="CONJ">that </w><w c5="VVZ" hw="go" pos="VERB">goes </w><w c5="AVP" hw="on" pos="ADV">on </w><w c5="PRP" hw="in" pos="PREP">in </w><w c5="NN2" hw="bedroom" pos="SUBST">bedrooms</w><c c5="PUN">.</c></s>
<s n="31"><w c5="PNP" hw="it" pos="PRON">It</w><w c5="VBZ" hw="be" pos="VERB">'s </w><w c5="AT0" hw="a" pos="ART">a </w><w c5="NN1" hw="question" pos="SUBST">question </w><w c5="PRF" hw="of" pos="PREP">of </w><w c5="VVG" hw="find" pos="VERB">finding </w><w c5="AT0" hw="the" pos="ART">the </w><w c5="AJ0-NN1" hw="right" pos="ADJ">right </w><w c5="NN2" hw="source" pos="SUBST">sources </w><c c5="PUN">— </c><w c5="PRP" hw="like" pos="PREP">like </w><w c5="NN2" hw="penitential" pos="SUBST">penitentials</w><c c5="PUN">, </c><w c5="NN2" hw="book" pos="SUBST">books </w><w c5="VVG" hw="prescribe" pos="VERB">prescribing </w><w c5="NN2" hw="penance" pos="SUBST">penances </w><w c5="PRP" hw="for" pos="PREP">for </w><w c5="AT0" hw="a" pos="ART">a </w><w c5="NN1" hw="variety" pos="SUBST">variety </w><w c5="PRF" hw="of" pos="PREP">of </w><w c5="NN2" hw="sin" pos="SUBST">sins</w><c c5="PUN">, </c><w c5="PRF" hw="of" pos="PREP">of </w><w c5="DTQ" hw="which" pos="PRON">which </w><w c5="AJ0" hw="sexual" pos="ADJ">sexual </w><w c5="NN2" hw="sin" pos="SUBST">sins </w><w c5="VVD" hw="form" pos="VERB">formed </w><w c5="AT0" hw="the" pos="ART">the </w><w c5="AJS" hw="large" pos="ADJ">largest </w><w c5="NN1" hw="category" pos="SUBST">category</w><c c5="PUN">.</c></s></p><p>
<s n="32"><w c5="AJ0" hw="modern" pos="ADJ">Modern </w><w c5="NN2" hw="penitential" pos="SUBST">penitentials </w><w c5="VM0" hw="will" pos="VERB">wo</w><w c5="XX0" hw="not" pos="ADV">n't </w><w c5="VBI" hw="be" pos="VERB">be </w><w c5="PRF" hw="of" pos="PREP">of </w><w c5="DT0" hw="much" pos="ADJ">much </w><w c5="NN1-VVB" hw="use" pos="SUBST">use </w><w c5="PRP" hw="to" pos="PREP">to </w><w c5="AJ0" hw="future" pos="ADJ">future </w><w c5="NN2" hw="historian" pos="SUBST">historians </w><w c5="PRF" hw="of" pos="PREP">of </w><w c5="AT0" hw="the" pos="ART">the </w><w c5="ORD" hw="twentieth" pos="ADJ">twentieth </w><w c5="NN1" hw="century" pos="SUBST">century</w><c c5="PUN">, </c><w c5="CJC" hw="but" pos="CONJ">but </w><w c5="AJ0" hw="eleventh-century" pos="ADJ">eleventh-century </w><w c5="NN2" hw="penitential" pos="SUBST">penitentials </w><w c5="VM0" hw="might" pos="VERB">might </w><w c5="VBI" hw="be" pos="VERB">be</w><c c5="PUN">, </c><w c5="AJ0" hw="rich" pos="ADJ">rich </w><w c5="CJS" hw="as" pos="CONJ">as </w><w c5="PNP" hw="they" pos="PRON">they </w><w c5="VBB" hw="be" pos="VERB">are </w><w c5="PRP" hw="in" pos="PREP">in </w><w c5="AT0" hw="the" pos="ART">the </w><w c5="NN2" hw="prejudice" pos="SUBST">prejudices </w><w c5="PRF" hw="of" pos="PREP">of </w><w c5="DPS" hw="we" pos="PRON">our </w><w c5="AJ0" hw="enlightened" pos="ADJ">enlightened </w><w c5="NN1" hw="age" pos="SUBST">age </w><c c5="PUN">— </c><w c5="AV0" hw="particularly" pos="ADV">particularly </w><w c5="AT0" hw="the" pos="ART">the </w><w c5="AJ0" hw="inferior" pos="ADJ">inferior </w><w c5="NN1" hw="status" pos="SUBST">status </w><w c5="PRF" hw="of" pos="PREP">of </w><w c5="NN2" hw="woman" pos="SUBST">women</w><c c5="PUN">.</c></s>
<s n="33"><w c5="NP0" hw="richards" pos="SUBST">Richards </w><w c5="VVD" hw="make" pos="VERB">made </w><w c5="PNP" hw="it" pos="PRON">it </w><w c5="AV0" hw="worryingly" pos="ADV">worryingly </w><w c5="AJ0" hw="clear" pos="ADJ">clear </w><w c5="AVQ" hw="how" pos="ADV">how </w><w c5="AV0" hw="far" pos="ADV">far </w><w c5="AT0" hw="the" pos="ART">the </w><w c5="NN1" hw="church" pos="SUBST">Church </w><w c5="VBD" hw="be" pos="VERB">was </w><w c5="AJ0" hw="responsible" pos="ADJ">responsible </w><w c5="PRP" hw="for" pos="PREP">for </w><w c5="VVG" hw="enshrine" pos="VERB">enshrining </w><w c5="DT0" hw="such" pos="ADJ">such </w><w c5="AJ0-NN1" hw="illiberal" pos="ADJ">illiberal </w><w c5="NN2" hw="attitude" pos="SUBST">attitudes</w><c c5="PUN">, </c><w c5="CJS" hw="though" pos="CONJ">though </w><w c5="TO0" hw="to" pos="PREP">to </w><w c5="VDI" hw="do" pos="VERB">do </w><w c5="PNP" hw="it" pos="PRON">it </w><w c5="NN1-VVB" hw="credit" pos="SUBST">credit</w><c c5="PUN">, </c><w c5="AT0" hw="the" pos="ART">the </w><w c5="NN1" hw="church" pos="SUBST">Church </w><w c5="AV0" hw="also" pos="ADV">also </w><w c5="VVN" hw="introduce" pos="VERB">introduced </w><w c5="NN1" hw="consent" pos="SUBST">consent </w><w c5="PRP" hw="to" pos="PREP">to </w><w c5="NN1" hw="marriage" pos="SUBST">marriage </w><w c5="CJC" hw="and" pos="CONJ">and </w><w c5="VVD-VVN" hw="make" pos="VERB">made </w><w c5="NN1-VVB" hw="rape" pos="SUBST">rape </w><w c5="AT0" hw="a" pos="ART">a </w><w c5="NN1" hw="crime" pos="SUBST">crime </w><w c5="PRP" hw="against" pos="PREP">against </w><w c5="AT0" hw="the" pos="ART">the </w><w c5="NN1" hw="person" pos="SUBST">person</w><c c5="PUN">, </c><mw c5="PRP"><w c5="AV0" hw="rather" pos="ADV">rather </w><w c5="CJS" hw="than" pos="CONJ">than </w></mw><w c5="NN1" hw="property" pos="SUBST">property</w><c c5="PUN">.</c></s></p><p>
<s n="34"><w c5="AT0" hw="the" pos="ART">The </w><w c5="AJ0" hw="essential" pos="ADJ">essential </w><w c5="NN1" hw="point" pos="SUBST">point </w><w c5="VBD" hw="be" pos="VERB">was </w><w c5="CJT" hw="that" pos="CONJ">that </w><w c5="AT0" hw="the" pos="ART">the </w><w c5="AJ0" hw="medieval" pos="ADJ">medieval </w><w c5="NN1" hw="church" pos="SUBST">Church </w><w c5="VBD" hw="be" pos="VERB">was </w><w c5="AT0" hw="a" pos="ART">a </w><c c5="PUQ">‘</c><w c5="AJ0" hw="sex-negative" pos="ADJ">sex-negative</w><c c5="PUQ">’ </c><w c5="NN1" hw="institution" pos="SUBST">institution </w><c c5="PUN">— </c><w c5="NN1" hw="sex" pos="SUBST">sex </w><w c5="VBD" hw="be" pos="VERB">was </w><w c5="AT0" hw="a" pos="ART">a </w><w c5="AJ0" hw="bad" pos="ADJ">bad </w><w c5="NN1" hw="thing" pos="SUBST">thing </w><w c5="CJS" hw="because" pos="CONJ">because </w><w c5="PNP" hw="it" pos="PRON">it </w><w c5="VVD" hw="interfere" pos="VERB">interfered </w><w c5="PRP" hw="with" pos="PREP">with </w><w c5="AT0" hw="the" pos="ART">the </w><w c5="NN1" hw="search" pos="SUBST">search </w><w c5="PRP" hw="for" pos="PREP">for </w><w c5="AJ0" hw="spiritual" pos="ADJ">spiritual </w><w c5="NN1" hw="perfection" pos="SUBST">perfection</w><c c5="PUN">.</c></s>
<s n="35"><w c5="DT0" hw="this" pos="ADJ">This </w><w c5="VVD" hw="hold" pos="VERB">held </w><w c5="AJ0" hw="true" pos="ADJ">true </w><w c5="AV0" hw="even" pos="ADV">even </w><w c5="PRP" hw="in" pos="PREP">in </w><w c5="NN1" hw="marriage" pos="SUBST">marriage </w><c c5="PUL">(</c><w c5="AT0" hw="a" pos="ART">a </w><w c5="NN1" hw="man" pos="SUBST">man </w><w c5="PNQ" hw="who" pos="PRON">who </w><w c5="VVD" hw="love" pos="VERB">loved </w><w c5="DPS" hw="he" pos="PRON">his </w><w c5="NN1" hw="wife" pos="SUBST">wife </w><w c5="AV0" hw="too" pos="ADV">too </w><w c5="AV0" hw="passionately" pos="ADV">passionately </w><w c5="VBD" hw="be" pos="VERB">was </w><w c5="AT0" hw="an" pos="ART">an </w><w c5="NN1" hw="adulterer" pos="SUBST">adulterer</w><c c5="PUN">, </c><w c5="VVD" hw="say" pos="VERB">said </w><w c5="NP0" hw="st" pos="SUBST">St </w><w c5="NP0" hw="jerome" pos="SUBST">Jerome</w><c c5="PUN">, </c><w c5="PNQ" hw="who" pos="PRON">who </w><w c5="VBD" hw="be" pos="VERB">was </w><w c5="XX0" hw="not" pos="ADV">not </w><w c5="AT0" hw="a" pos="ART">a </w><w c5="NN1" hw="man" pos="SUBST">man </w><w c5="PNP" hw="you" pos="PRON">you</w><w c5="VM0" hw="would" pos="VERB">'d </w><w c5="VVI" hw="invite" pos="VERB">invite </w><w c5="PRP" hw="to" pos="PREP">to </w><w c5="NN2" hw="party" pos="SUBST">parties</w><c c5="PUR">)</c><c c5="PUN">; </c><w c5="CJC" hw="and" pos="CONJ">and </w><w c5="AJ0" hw="rampant" pos="ADJ">rampant </w><w c5="NN1" hw="millenarianism" pos="SUBST">millenarianism </w><w c5="VVD" hw="encourage" pos="VERB">encouraged </w><w c5="AT0" hw="the" pos="ART">the </w><w c5="NN1" hw="tendency" pos="SUBST">tendency</w><c c5="PUN">, </c><w c5="CJS" hw="since" pos="CONJ">since </w><w c5="CJS" hw="if" pos="CONJ">if </w><w c5="PNP" hw="you" pos="PRON">you </w><w c5="VVB" hw="think" pos="VERB">think </w><w c5="CJT" hw="that" pos="CONJ">that </w><w c5="AT0" hw="the" pos="ART">the </w><w c5="NN1" hw="end" pos="SUBST">end </w><w c5="PRF" hw="of" pos="PREP">of </w><w c5="AT0" hw="the" pos="ART">the </w><w c5="NN1" hw="world" pos="SUBST">world</w><c c5="PUN">, </c><w c5="ITJ" hw="no" pos="INTERJ">no</w><c c5="PUN">, </c><w c5="DT0" hw="this" pos="ADJ">this </w><w c5="NN1" hw="world" pos="SUBST">world</w><c c5="PUN">, </c><w c5="VBZ" hw="be" pos="VERB">is </w><w c5="AJ0" hw="imminent" pos="ADJ">imminent</w><c c5="PUN">, </c><w c5="AV0" hw="then" pos="ADV">then </w><w c5="NN1" hw="procreation" pos="SUBST">procreation </w><w c5="VM0" hw="must" pos="VERB">must </w><w c5="VVI" hw="seem" pos="VERB">seem </w><w c5="PNI" hw="something" pos="PRON">something </w><w c5="PRF" hw="of" pos="PREP">of </w><w c5="AT0" hw="a" pos="ART">a </w><w c5="NN1" hw="waste" pos="SUBST">waste </w><w c5="PRF" hw="of" pos="PREP">of </w><w c5="NN1" hw="time" pos="SUBST">time</w><c c5="PUN">, </c><w c5="CJC" hw="and" pos="CONJ">and </w><w c5="VVG" hw="prepare" pos="VERB">preparing </w><w c5="DPS" hw="you" pos="PRON">your </w><w c5="NN1" hw="soul" pos="SUBST">soul </w><w c5="PRP" hw="for" pos="PREP">for </w><w c5="NN1" hw="judgement" pos="SUBST">Judgement </w><w c5="NP0" hw="day" pos="SUBST">Day </w><w c5="VM0" hw="will" pos="VERB">will </w><w c5="VBI" hw="be" pos="VERB">be </w><w c5="VVN" hw="push" pos="VERB">pushed </w><w c5="AVP-PRP" hw="up" pos="ADV">up </w><w c5="DPS" hw="you" pos="PRON">your </w><w c5="NN1" hw="list" pos="SUBST">list </w><w c5="PRF" hw="of" pos="PREP">of </w><w c5="NN2" hw="priority" pos="SUBST">priorities</w><c c5="PUN">.</c></s></p><p>
<s n="36"><w c5="AT0" hw="the" pos="ART">The </w><w c5="NN1" hw="justification" pos="SUBST">justification </w><w c5="VVZ" hw="seem" pos="VERB">seems </w><w c5="TO0" hw="to" pos="PREP">to </w><w c5="VHI" hw="have" pos="VERB">have </w><w c5="VVN" hw="get" pos="VERB">got </w><w c5="AJ0" hw="lost" pos="ADJ">lost </w><w c5="PRP-AVP" hw="along" pos="PREP">along </w><w c5="AT0" hw="the" pos="ART">the </w><w c5="NN1" hw="way" pos="SUBST">way</w><c c5="PUN">, </c><w c5="CJC" hw="but" pos="CONJ">but </w><w c5="AT0" hw="the" pos="ART">the </w><w c5="NN1" hw="attitude" pos="SUBST">attitude </w><w c5="VHZ" hw="have" pos="VERB">has </w><w c5="VVN" hw="prevail" pos="VERB">prevailed </w><w c5="PRP" hw="until" pos="PREP">until </w><w c5="AV0" hw="recently" pos="ADV">recently </w><c c5="PUN">— </c><w c5="PNP" hw="you" pos="PRON">you </w><w c5="VM0" hw="could" pos="VERB">could </w><w c5="VVI" hw="argue" pos="VERB">argue </w><w c5="PRP-AVP" hw="about" pos="PREP">about </w><w c5="AJ0" hw="precise" pos="ADJ">precise </w><w c5="NN2" hw="date" pos="SUBST">dates</w><c c5="PUN">, </c><w c5="CJC" hw="but" pos="CONJ">but </w><w c5="NP0" hw="philip" pos="SUBST">Philip </w><w c5="NP0" hw="larkin" pos="SUBST">Larkin </w><w c5="VVD" hw="plump" pos="VERB">plumped </w><w c5="PRP" hw="for" pos="PREP">for </w><w c5="CRD" hw="1963" pos="ADJ">1963 </w><c c5="PUN">— </c><w c5="CJC" hw="and" pos="CONJ">and </w><w c5="PNP" hw="it" pos="PRON">it</w><w c5="VBZ" hw="be" pos="VERB">'s </w><w c5="XX0" hw="not" pos="ADV">not </w><w c5="VDN" hw="do" pos="VERB">done </w><w c5="PRP" hw="for" pos="PREP">for </w><w c5="AV0" hw="yet" pos="ADV">yet</w><c c5="PUN">.</c></s>
<s n="37"><w c5="CJS" hw="as" pos="CONJ">As </w><w c5="NP0" hw="richards" pos="SUBST">Richards </w><w c5="VVD" hw="point" pos="VERB">pointed </w><w c5="AVP" hw="out" pos="ADV">out</w><c c5="PUN">, </c><w c5="AT0" hw="the" pos="ART">the </w><w c5="NN1" hw="fact" pos="SUBST">fact </w><w c5="CJT" hw="that" pos="CONJ">that </w><w c5="AT0" hw="the" pos="ART">the </w><w c5="NN1" hw="history" pos="SUBST">history </w><w c5="PRF" hw="of" pos="PREP">of </w><w c5="NN1" hw="sexuality" pos="SUBST">sexuality </w><w c5="VHZ" hw="have" pos="VERB">has </w><w c5="VHN" hw="have" pos="VERB">had </w><w c5="TO0" hw="to" pos="PREP">to </w><w c5="VVI" hw="wait" pos="VERB">wait </w><w c5="AV0" hw="so" pos="ADV">so </w><w c5="AJ0-AV0" hw="long" pos="ADJ">long </w><w c5="TO0" hw="to" pos="PREP">to </w><w c5="VBI" hw="be" pos="VERB">be </w><w c5="VVN" hw="write" pos="VERB">written </w><w c5="VVZ" hw="show" pos="VERB">shows </w><w c5="AT0" hw="the" pos="ART">the </w><w c5="NN1" hw="strength" pos="SUBST">strength </w><w c5="PRF" hw="of" pos="PREP">of </w><w c5="AT0" hw="the" pos="ART">the </w><w c5="NN2" hw="taboo" pos="SUBST">taboos </w><w c5="PNP" hw="we" pos="PRON">we </w><w c5="VHB" hw="have" pos="VERB">have </w><w c5="VVN" hw="inherit" pos="VERB">inherited</w><c c5="PUN">.</c></s></p><p>
<s n="38"><w c5="AV0" hw="still" pos="ADV">Still</w><c c5="PUN">, </c><w c5="AT0" hw="the" pos="ART">the </w><w c5="NN2" hw="taboo" pos="SUBST">taboos </w><w c5="VHB" hw="have" pos="VERB">have </w><w c5="VBN" hw="be" pos="VERB">been </w><w c5="AT0" hw="the" pos="ART">the </w><w c5="NN1" hw="source" pos="SUBST">source </w><w c5="PRF" hw="of" pos="PREP">of </w><w c5="DT0" hw="much" pos="ADJ">much </w><w c5="NN1" hw="mirth" pos="SUBST">mirth</w><c c5="PUN">: </c><w c5="AT0" hw="the" pos="ART">the </w><w c5="NN1" hw="stand-up" pos="SUBST">stand-up</w><w c5="POS" hw="'s" pos="UNC">'s </w><w c5="AJ0" hw="traditional" pos="ADJ">traditional </w><w c5="NN1" hw="reliance" pos="SUBST">reliance </w><w c5="PRP" hw="on" pos="PREP">on </w><w c5="NN1" hw="smut" pos="SUBST">smut </w><w c5="CJC" hw="and" pos="CONJ">and </w><w c5="NN2" hw="mothers-in-law" pos="SUBST">mothers-in-law </w><w c5="VM0" hw="could" pos="VERB">could </w><w c5="AV0" hw="only" pos="ADV">only </w><w c5="VVI" hw="exist" pos="VERB">exist </w><w c5="PRP-AVP" hw="in" pos="PREP">in </w><w c5="AT0" hw="a" pos="ART">a </w><w c5="AV0" hw="largely" pos="ADV">largely </w><w c5="AJ0" hw="sex-negative" pos="ADJ">sex-negative </w><w c5="NN1" hw="society" pos="SUBST">society</w><c c5="PUN">.</c></s>
<s n="39"><w c5="CJC" hw="but" pos="CONJ">But </w><w c5="AV0" hw="then" pos="ADV">then </w><w c5="EX0" hw="there" pos="PRON">there </w><w c5="VVD" hw="come" pos="VERB">came </w><c c5="PUQ">‘</c><w c5="AJ0" hw="new" pos="ADJ">new</w><c c5="PUQ">’ </c><w c5="NN1" hw="comedy" pos="SUBST">comedy </w><w c5="TO0" hw="to" pos="PREP">to </w><w c5="VVI" hw="blow" pos="VERB">blow </w><w c5="AV0" hw="away" pos="ADV">away </w><w c5="AT0" hw="the" pos="ART">the </w><w c5="AJ0" hw="medieval" pos="ADJ">medieval </w><w c5="NN2" hw="cobweb" pos="SUBST">cobwebs</w><c c5="PUN">; </c><w c5="CJC" hw="and" pos="CONJ">and </w><w c5="AV0" hw="then" pos="ADV">then </w><w c5="EX0" hw="there" pos="PRON">there </w><w c5="VVD" hw="come" pos="VERB">came </w><w c5="NP0" hw="russell" pos="SUBST">Russell </w><w c5="NP0" hw="davies" pos="SUBST">Davies </w><w c5="TO0" hw="to" pos="PREP">to </w><w c5="VVI" hw="make" pos="VERB">make </w><w c5="NN2" hw="documentary" pos="SUBST">documentaries </w><w c5="PRP" hw="about" pos="PREP">about </w><w c5="PNP" hw="it" pos="PRON">it</w><c c5="PUN">, </c><w c5="PRP" hw="with" pos="PREP">with </w><w c5="NN2" hw="title" pos="SUBST">titles </w><w c5="VVB" hw="like" pos="VERB">like </w><w c5="EX0" hw="there" pos="PRON">There</w><w c5="POS" hw="'s" pos="UNC">'s </w><w c5="AT0" hw="a" pos="ART">A </w><w c5="AJ0" hw="racial" pos="ADJ">Racial </w><w c5="NN1" hw="stereotype" pos="SUBST">Stereotype </w><w c5="PRP" hw="in" pos="PREP">In </w><w c5="DPS" hw="i" pos="PRON">My </w><w c5="NN1" hw="soup" pos="SUBST">Soup </w><c c5="PUL">(</c><w c5="NN1" hw="radio" pos="SUBST">Radio </w><w c5="CRD" hw="4" pos="ADJ">4 </w><w c5="NP0" hw="saturday" pos="SUBST">Saturday</w><c c5="PUR">)</c><c c5="PUN">.</c></s>
<s n="40"><w c5="PNP" hw="it" pos="PRON">It</w><w c5="VBZ" hw="be" pos="VERB">'s </w><w c5="AV0" hw="only" pos="ADV">only </w><w c5="CRD" hw="ten" pos="ADJ">ten </w><w c5="NN2" hw="year" pos="SUBST">years </w><w c5="CJS" hw="since" pos="CONJ">since </w><w c5="AT0" hw="the" pos="ART">the </w><w c5="NN1" hw="comedy" pos="SUBST">Comedy </w><w c5="NN1" hw="store" pos="SUBST">Store </w><w c5="VVD" hw="open" pos="VERB">opened</w><c c5="PUN">, </c><w c5="CJC" hw="but" pos="CONJ">but </w><w c5="AV0" hw="already" pos="ADV">already </w><w c5="EX0" hw="there" pos="PRON">there </w><w c5="VBZ" hw="be" pos="VERB">is </w><w c5="AT0" hw="a" pos="ART">a </w><w c5="NN1" hw="note" pos="SUBST">note </w><w c5="PRF" hw="of" pos="PREP">of </w><w c5="NN1" hw="wistfulness" pos="SUBST">wistfulness </w><w c5="VVG" hw="creep" pos="VERB">creeping </w><w c5="AVP" hw="in" pos="ADV">in </w><w c5="PRP" hw="for" pos="PREP">for </w><w c5="AT0" hw="the" pos="ART">the </w><w c5="AJ0" hw="good" pos="ADJ">good </w><w c5="AJ0" hw="old" pos="ADJ">old </w><w c5="NN2" hw="day" pos="SUBST">days</w><c c5="PUN">.</c></s>
<s n="41"><w c5="NP0" hw="arthur" pos="SUBST">Arthur </w><w c5="NP0" hw="smith" pos="SUBST">Smith </w><w c5="VVD" hw="sigh" pos="VERB">sighed </w><w c5="PRP" hw="for" pos="PREP">for </w><w c5="AJ0" hw="political" pos="ADJ">political </w><w c5="NN1" hw="satire" pos="SUBST">satire</w><c c5="PUN">, </c><w c5="CJC" hw="and" pos="CONJ">and </w><w c5="VVD" hw="wonder" pos="VERB">wondered </w><w c5="DTQ" hw="what" pos="PRON">what </w><w c5="VBD" hw="be" pos="VERB">was </w><w c5="VVG" hw="go" pos="VERB">going </w><w c5="TO0" hw="to" pos="PREP">to </w><w c5="VVI" hw="happen" pos="VERB">happen </w><w c5="PRP" hw="to" pos="PREP">to </w><w c5="AJ0" hw="political" pos="ADJ">political </w><w c5="NN1" hw="comedy" pos="SUBST">comedy </w><w c5="CJS" hw="if" pos="CONJ">if </w><w c5="PNP" hw="we" pos="PRON">we </w><w c5="VVB" hw="get" pos="VERB">get </w><w c5="AT0" hw="a" pos="ART">a </w><w c5="AJ0" hw="labour" pos="ADJ">Labour </w><w c5="NN1" hw="government" pos="SUBST">government</w><c c5="PUN">.</c></s>
<s n="42"><w c5="PRP" hw="in" pos="PREP">In </w><w c5="NN1" hw="retrospect" pos="SUBST">retrospect</w><c c5="PUN">, </c><w c5="AV0" hw="though" pos="ADV">though</w><c c5="PUN">, </c><w c5="PNP" hw="it" pos="PRON">it </w><w c5="VBD" hw="be" pos="VERB">was </w><w c5="AT0" hw="a" pos="ART">a </w><w c5="NN1" hw="touch" pos="SUBST">touch </w><w c5="AV0" hw="too" pos="ADV">too </w><w c5="AJ0" hw="apparent" pos="ADJ">apparent </w><w c5="AVQ" hw="how" pos="ADV">how </w><w c5="DT0" hw="many" pos="ADJ">many </w><w c5="NN2" hw="comedian" pos="SUBST">comedians </w><w c5="PRP" hw="in" pos="PREP">in </w><w c5="CRD" hw="1979" pos="ADJ">1979 </w><w c5="VVD" hw="think" pos="VERB">thought </w><w c5="PNP" hw="it" pos="PRON">it </w><w c5="VBD" hw="be" pos="VERB">was </w><w c5="AV0" hw="enough" pos="ADV">enough </w><w c5="AV0-AJ0" hw="just" pos="ADV">just </w><w c5="TO0" hw="to" pos="PREP">to </w><w c5="VVI" hw="say" pos="VERB">say</w><c c5="PUN">, </c><w c5="ITJ" hw="um" pos="INTERJ">um</w><c c5="PUN">, </c><c c5="PUQ">‘</c><w c5="NP0" hw="bleep" pos="SUBST">Bleep</w><c c5="PUQ">’</c><c c5="PUN">— </c><w c5="AV0" hw="rather" pos="ADV">rather </w><w c5="AV0" hw="tamely" pos="ADV">tamely</w><c c5="PUN">, </c><w c5="PNI" hw="nobody" pos="PRON">nobody </w><w c5="VVD-VVN" hw="get" pos="VERB">got </w><w c5="PRP" hw="past" pos="PREP">past </w><w c5="AT0" hw="the" pos="ART">the </w><w c5="NN1" hw="bleeper" pos="SUBST">bleeper</w><c c5="PUN">: </c><w c5="PRP" hw="for" pos="PREP">for </w><w c5="NN1" hw="shock" pos="SUBST">shock </w><w c5="NN1" hw="value" pos="SUBST">value</w><c c5="PUN">, </c><w c5="PNP" hw="you" pos="PRON">you</w><w c5="VBB" hw="be" pos="VERB">'re </w><w c5="AV0" hw="well" pos="ADV">better </w><w c5="AVP" hw="off" pos="ADV">off </w><w c5="PRP" hw="with" pos="PREP">with </w><w c5="NN1" hw="radio" pos="SUBST">Radio </w><w c5="CRD" hw="3" pos="ADJ">3</w><c c5="PUN">.</c></s></p></div><div level="1" n="891003 edition -- Arts Page 17"><head type="MAIN">
<s n="43"><w c5="NN1" hw="music" pos="SUBST">MUSIC </w><c c5="PUN">/</c><w c5="ZZ0" hw="a" pos="SUBST">A </w><w c5="AJ0" hw="sometime" pos="ADJ">sometime </w><w c5="NN1" hw="thing" pos="SUBST">thing</w><c c5="PUN">: </c><w c5="NP0" hw="david" pos="SUBST">David </w><w c5="NP0" hw="fanning" pos="SUBST">Fanning </w><w c5="VVZ" hw="review" pos="VERB">reviews </w><w c5="NP0" hw="porgy" pos="SUBST">Porgy </w><w c5="CJC" hw="and" pos="CONJ">and </w><w c5="NP0" hw="bess" pos="SUBST">Bess </w><w c5="PRP" hw="in" pos="PREP">in </w><w c5="NP0" hw="liverpool" pos="SUBST">Liverpool</w></s></head><head type="BYLINE">
<s n="44"><w c5="PRP" hw="by" pos="PREP">By </w><w c5="NP0" hw="david" pos="SUBST">DAVID </w><w c5="NP0" hw="fanning" pos="SUBST">FANNING</w></s></head><p>
<s n="45"><w c5="PNP" hw="it" pos="PRON">IT </w><w c5="VVZ" hw="seem" pos="VERB">SEEMS </w><w c5="AJ0" hw="remarkable" pos="ADJ">remarkable </w><w c5="CJT" hw="that" pos="CONJ">that </w><w c5="NP0" hw="gershwin" pos="SUBST">Gershwin</w><w c5="POS" hw="'s" pos="UNC">'s </w><w c5="NP0" hw="porgy" pos="SUBST">Porgy </w><w c5="CJC" hw="and" pos="CONJ">and </w><w c5="NP0" hw="bess" pos="SUBST">Bess </w><w c5="VM0" hw="should" pos="VERB">should </w><w c5="VHI" hw="have" pos="VERB">have </w><w c5="TO0" hw="to" pos="PREP">to </w><w c5="VBI" hw="be" pos="VERB">be </w><w c5="AT0" hw="the" pos="ART">the </w><w c5="NN1" hw="object" pos="SUBST">object </w><w c5="PRF" hw="of" pos="PREP">of </w><w c5="NN1" hw="rediscovery" pos="SUBST">rediscovery</w><c c5="PUN">.</c></s>
<s n="46"><w c5="CJS" hw="if" pos="CONJ">If </w><w c5="AT0" hw="a" pos="ART">a </w><w c5="AJ0" hw="great" pos="ADJ">great </w><w c5="NN1" hw="opera" pos="SUBST">opera </w><mw c5="PRP"><w c5="DT0" hw="such" pos="ADJ">such </w><w c5="PRP" hw="as" pos="PREP">as </w></mw><w c5="DT0" hw="this" pos="ADJ">this </w><w c5="VHZ" hw="have" pos="VERB">has </w><w c5="NN1" hw="difficulty" pos="SUBST">difficulty </w><w c5="VVG" hw="hold" pos="VERB">holding </w><w c5="AT0" hw="a" pos="ART">a </w><w c5="NN1" hw="place" pos="SUBST">place </w><w c5="PRP" hw="in" pos="PREP">in </w><w c5="AT0" hw="the" pos="ART">the </w><w c5="NN1" hw="repertoire" pos="SUBST">repertoire</w><c c5="PUN">, </c><w c5="DTQ" hw="what" pos="PRON">what </w><w c5="NN1" hw="hope" pos="SUBST">hope </w><w c5="VBZ" hw="be" pos="VERB">is </w><w c5="AV0" hw="there" pos="ADV">there </w><w c5="PRP" hw="for" pos="PREP">for </w><w c5="AT0" hw="the" pos="ART">the </w><w c5="AV0" hw="merely" pos="ADV">merely </w><w c5="AJ0" hw="excellent" pos="ADJ">excellent</w><c c5="PUN">?</c></s>
<s n="47"><w c5="AT0" hw="the" pos="ART">The </w><w c5="AJ0" hw="main" pos="ADJ">main </w><w c5="NN1" hw="problem" pos="SUBST">problem </w><w c5="VBZ" hw="be" pos="VERB">is </w><w c5="AT0" hw="the" pos="ART">the </w><w c5="AJ0" hw="large" pos="ADJ">large</w><c c5="PUN">, </c><w c5="AV0" hw="virtually" pos="ADV">virtually </w><w c5="DT0" hw="all" pos="ADJ">all </w><w c5="AJ0" hw="black" pos="ADJ">black </w><w c5="NN1" hw="cast" pos="SUBST">cast </w><c c5="PUN">— </c><w c5="NN1" hw="chorus" pos="SUBST">chorus</w><c c5="PUN">, </c><w c5="NN2" hw="child" pos="SUBST">children </w><w c5="CJC" hw="and" pos="CONJ">and </w><w c5="DT0" hw="all" pos="ADJ">all</w><c c5="PUN">.</c></s>
<s n="48"><w c5="AJ0" hw="colour-blind" pos="ADJ">Colour-blind </w><w c5="NN1" hw="casting" pos="SUBST">casting </w><w c5="VM0" hw="would" pos="VERB">would </w><w c5="VBI" hw="be" pos="VERB">be </w><w c5="AV0" hw="as" pos="ADV">as </w><w c5="AJ0" hw="pointless" pos="ADJ">pointless </w><w c5="CJS" hw="as" pos="CONJ">as </w><w c5="VVG" hw="translate" pos="VERB">translating </w><w c5="AT0" hw="the" pos="ART">the </w><w c5="NN1" hw="libretto" pos="SUBST">libretto </w><w c5="PRP" hw="into" pos="PREP">into </w><w c5="NN1" hw="home" pos="SUBST">Home </w><w c5="NN2" hw="county" pos="SUBST">Counties </w><w c5="NN1-AJ0" hw="english" pos="SUBST">English</w><c c5="PUN">.</c></s>
<s n="49"><w c5="AV0" hw="so" pos="ADV">So </w><w c5="CJS" hw="if" pos="CONJ">if</w><c c5="PUN">, </c><w c5="CJS" hw="as" pos="CONJ">as </w><w c5="VVZ" hw="seem" pos="VERB">seems </w><w c5="AJ0-AV0" hw="likely" pos="ADJ">likely</w><c c5="PUN">, </c><w c5="PNP" hw="we" pos="PRON">we </w><w c5="VHB" hw="have" pos="VERB">have </w><w c5="TO0" hw="to" pos="PREP">to </w><w c5="VVI" hw="wait" pos="VERB">wait </w><w c5="AT0" hw="a" pos="ART">a </w><w c5="AJ0" hw="long" pos="ADJ">long </w><w c5="NN1" hw="time" pos="SUBST">time </w><w c5="PRP" hw="for" pos="PREP">for </w><w c5="AT0" hw="a" pos="ART">a </w><mw c5="NN1"><w c5="VVB" hw="follow" pos="VERB">follow </w><w c5="AVP" hw="up" pos="ADV">up </w></mw><w c5="PRP" hw="to" pos="PREP">to </w><w c5="AT0" hw="the" pos="ART">the </w><w c5="AJ0" hw="triumphant" pos="ADJ">triumphant </w><w c5="NN1-NP0" hw="glyndebourne" pos="SUBST">Glyndebourne </w><w c5="NN1" hw="production" pos="SUBST">production</w><c c5="PUN">, </c><w c5="PNP" hw="we" pos="PRON">we </w><w c5="VM0" hw="should" pos="VERB">should </w><w c5="VBI" hw="be" pos="VERB">be </w><w c5="AV0" hw="all" pos="ADV">all </w><w c5="AT0" hw="the" pos="ART">the </w><w c5="AV0" hw="more" pos="ADV">more </w><w c5="AJ0" hw="grateful" pos="ADJ">grateful </w><w c5="PRP" hw="for" pos="PREP">for </w><w c5="NN2" hw="occasion" pos="SUBST">occasions </w><w c5="PRP" hw="like" pos="PREP">like </w><w c5="AT0" hw="the" pos="ART">the </w><w c5="AJ0" hw="royal" pos="ADJ">Royal </w><w c5="NP0" hw="liverpool" pos="SUBST">Liverpool </w><w c5="AJ0" hw="philharmonic" pos="ADJ">Philharmonic </w><w c5="NN1" hw="orchestra" pos="SUBST">Orchestra</w><w c5="POS" hw="'s" pos="UNC">'s </w><w c5="NN1" hw="concert" pos="SUBST">concert </w><w c5="NN1" hw="performance" pos="SUBST">performance </w><c c5="PUL">(</c><w c5="VVN" hw="sponsor" pos="VERB">sponsored </w><w c5="PRP" hw="by" pos="PREP">by </w><w c5="AJ0" hw="english" pos="ADJ">English </w><w c5="NN2" hw="estate" pos="SUBST">Estates</w><c c5="PUR">)</c><c c5="PUN">.</c></s></p><p>
<s n="50"><w c5="CJS" hw="as" pos="CONJ">As </w><w c5="PNP" hw="it" pos="PRON">it </w><w c5="VVZ" hw="happen" pos="VERB">happens</w><c c5="PUN">, </c><w c5="AT0" hw="the" pos="ART">the </w><w c5="NN2" hw="problem" pos="SUBST">problems </w><w c5="PRF" hw="of" pos="PREP">of </w><w c5="AT0" hw="an" pos="ART">an </w><w c5="AJ0" hw="unstaged" pos="ADJ">unstaged </w><w c5="NP0" hw="porgy" pos="SUBST">Porgy </w><w c5="VBB" hw="be" pos="VERB">are </w><w c5="AV0" hw="hardly" pos="ADV">hardly </w><w c5="AV0" hw="less" pos="ADV">less </w><w c5="AJ0" hw="acute" pos="ADJ">acute </w><c c5="PUN">— </c><w c5="AT0" hw="a" pos="ART">a </w><w c5="NN1" hw="cast" pos="SUBST">cast </w><w c5="PRF" hw="of" pos="PREP">of </w><w c5="CRD" hw="24" pos="ADJ">24 </w><w c5="NN2" hw="soloist" pos="SUBST">soloists </w><w c5="CJC" hw="and" pos="CONJ">and </w><w c5="AT0" hw="a" pos="ART">a </w><w c5="NN1" hw="duration" pos="SUBST">duration </w><w c5="PRF" hw="of" pos="PREP">of </w><w c5="CRD" hw="three" pos="ADJ">three </w><w c5="CJC" hw="and" pos="CONJ">and </w><w c5="AT0" hw="a" pos="ART">a </w><w c5="NN1" hw="quarter" pos="SUBST">quarter </w><w c5="NN2" hw="hour" pos="SUBST">hours </w><w c5="VBB" hw="be" pos="VERB">are </w><w c5="XX0" hw="not" pos="ADV">not </w><w c5="AV0" hw="easily" pos="ADV">easily </w><w c5="VVN" hw="manage" pos="VERB">managed </w><w c5="PRP" hw="in" pos="PREP">in </w><w c5="AT0" hw="the" pos="ART">the </w><w c5="NN1" hw="concert" pos="SUBST">concert </w><w c5="NN1" hw="hall" pos="SUBST">hall</w><c c5="PUN">.</c></s>
<s n="51"><w c5="VVG" hw="double" pos="VERB">Doubling </w><w c5="AVP" hw="up" pos="ADV">up </w><w c5="NN2" hw="role" pos="SUBST">roles </w><w c5="CJC" hw="and" pos="CONJ">and </w><w c5="VVG" hw="cut" pos="VERB">cutting </w><mw c5="AV0"><w c5="AVP" hw="up" pos="ADV">up </w><w c5="PRP" hw="to" pos="PREP">to </w></mw><w c5="CRD" hw="two" pos="ADJ">two </w><w c5="CRD" hw="fifths" pos="ADJ">fifths </w><w c5="PRF" hw="of" pos="PREP">of </w><w c5="AT0" hw="the" pos="ART">the </w><w c5="NN1" hw="score" pos="SUBST">score </w><w c5="VM0" hw="may" pos="VERB">may </w><w c5="VBI" hw="be" pos="VERB">be </w><w c5="AJ0" hw="practical" pos="ADJ">practical </w><w c5="NN2" hw="necessity" pos="SUBST">necessities</w><c c5="PUN">, </c><w c5="CJC" hw="but" pos="CONJ">but </w><w c5="VVB" hw="weaken" pos="VERB">weaken </w><w c5="AT0" hw="the" pos="ART">the </w><w c5="NN1" hw="impact" pos="SUBST">impact </w><w c5="PRF" hw="of" pos="PREP">of </w><w c5="AT0" hw="the" pos="ART">the </w><w c5="NN1" hw="whole" pos="SUBST">whole</w><c c5="PUN">.</c></s>
<s n="52"><w c5="DT0" hw="this" pos="ADJ">This </w><w c5="VBZ" hw="be" pos="VERB">is </w><w c5="XX0" hw="not" pos="ADV">not </w><w c5="AV0" hw="so" pos="ADV">so </w><w c5="DT0" hw="much" pos="ADJ">much </w><w c5="PRP" hw="in" pos="PREP">in </w><w c5="AJ0" hw="narrative" pos="ADJ">narrative </w><w c5="NN1" hw="coherence" pos="SUBST">coherence </w><c c5="PUN">— </c><w c5="AT0" hw="the" pos="ART">the </w><w c5="NN1" hw="programme" pos="SUBST">programme </w><w c5="NN1" hw="book" pos="SUBST">book </w><w c5="VVD" hw="give" pos="VERB">gave </w><w c5="AT0" hw="the" pos="ART">the </w><w c5="AJ0" hw="complete" pos="ADJ">complete </w><w c5="NN1" hw="synopsis" pos="SUBST">synopsis </w><c c5="PUN">— </c><w c5="CJS" hw="as" pos="CONJ">as </w><w c5="PRP" hw="in" pos="PREP">in </w><w c5="AJ0" hw="dramatic" pos="ADJ">dramatic </w><w c5="NN1" hw="timing" pos="SUBST">timing</w><c c5="PUN">.</c></s>
<s n="53"><w c5="CJS" hw="if" pos="CONJ">If </w><w c5="AT0" hw="the" pos="ART">the </w><w c5="AJ0" hw="complete" pos="ADJ">complete </w><w c5="NP0" hw="porgy" pos="SUBST">Porgy </w><w c5="VVZ" hw="reveal" pos="VERB">reveals </w><w c5="PNI" hw="anything" pos="PRON">anything</w><c c5="PUN">, </c><w c5="PNP" hw="it" pos="PRON">it </w><w c5="VBZ" hw="be" pos="VERB">is </w><w c5="CJT" hw="that" pos="CONJ">that </w><w c5="NP0" hw="gershwin" pos="SUBST">Gershwin </w><w c5="VDD" hw="do" pos="VERB">did </w><w c5="XX0" hw="not" pos="ADV">not </w><w c5="VVI" hw="go" pos="VERB">go </w><w c5="AV0-AJ0" hw="straight" pos="ADV">straight </w><w c5="PRP" hw="from" pos="PREP">from </w><w c5="PNI-CRD" hw="one" pos="PRON">one </w><w c5="VVD-VVN" hw="hit" pos="VERB">hit </w><w c5="PRP" hw="to" pos="PREP">to </w><w c5="DT0" hw="another" pos="ADJ">another </w><c c5="PUL">(</c><w c5="CJS" hw="as" pos="CONJ">as </w><w c5="PNP" hw="we" pos="PRON">we </w><w c5="VDD" hw="do" pos="VERB">did </w><w c5="AV0" hw="here" pos="ADV">here</w><c c5="PUN">, </c><w c5="PRP" hw="from" pos="PREP">from </w><c c5="PUQ">‘</c><w c5="NN1" hw="summertime" pos="SUBST">Summertime</w><c c5="PUQ">’ </c><w c5="PRP" hw="to" pos="PREP">to </w><c c5="PUQ">‘</c><w c5="AT0" hw="a" pos="ART">A </w><w c5="NN1" hw="woman" pos="SUBST">Woman </w><w c5="VBZ" hw="be" pos="VERB">is </w><w c5="AT0" hw="a" pos="ART">a </w><w c5="AJ0" hw="sometime" pos="ADJ">Sometime </w><w c5="NN1" hw="thing" pos="SUBST">Thing</w><c c5="PUQ">’</c><c c5="PUR">)</c><c c5="PUN">.</c></s></p><p>
<s n="54"><w c5="AV0" hw="perhaps" pos="ADV">Perhaps </w><w c5="AV0" hw="even" pos="ADV">even </w><w c5="AV0" hw="more" pos="ADV">more </w><w c5="AV0" hw="destructively" pos="ADV">destructively</w><c c5="PUN">, </c><w c5="AT0" hw="the" pos="ART">the </w><w c5="AJ0" hw="philharmonic" pos="ADJ">Philharmonic </w><w c5="NN1" hw="hall" pos="SUBST">Hall </w><w c5="NN1" hw="acoustic" pos="SUBST">acoustic </w><w c5="VDZ" hw="do" pos="VERB">does </w><w c5="XX0" hw="not" pos="ADV">not </w><w c5="VVI" hw="make" pos="VERB">make </w><w c5="PRP" hw="for" pos="PREP">for </w><w c5="AT0" hw="the" pos="ART">the </w><w c5="NN1" hw="clarity" pos="SUBST">clarity </w><w c5="PRF" hw="of" pos="PREP">of </w><w c5="NN1" hw="diction" pos="SUBST">diction </w><w c5="VVN-VVD" hw="experience" pos="VERB">experienced </w><w c5="PRP" hw="in" pos="PREP">in </w><w c5="AT0" hw="the" pos="ART">the </w><w c5="AJ0-NN1" hw="average" pos="ADJ">average </w><w c5="NN1" hw="theatre" pos="SUBST">theatre</w><c c5="PUN">.</c></s>
<s n="55"><w c5="VVB" hw="take" pos="VERB">Take </w><w c5="AT0" hw="the" pos="ART">the </w><w c5="NN1" hw="orchestra" pos="SUBST">orchestra </w><mw c5="PRP"><w c5="AVP" hw="out" pos="ADV">out </w><w c5="PRF" hw="of" pos="PREP">of </w></mw><w c5="AT0" hw="the" pos="ART">the </w><w c5="NN1" hw="pit" pos="SUBST">pit</w><c c5="PUN">, </c><w c5="CJC" hw="and" pos="CONJ">and </w><w c5="CJS" hw="unless" pos="CONJ">unless </w><w c5="PNP" hw="you" pos="PRON">you </w><w c5="VVB" hw="emasculate" pos="VERB">emasculate </w><w c5="DPS" hw="they" pos="PRON">their </w><w c5="NN1" hw="contribution" pos="SUBST">contribution</w><c c5="PUN">, </c><w c5="AT0" hw="the" pos="ART">the </w><w c5="NN1" hw="problem" pos="SUBST">problem </w><w c5="VBZ" hw="be" pos="VERB">is </w><w c5="VVN" hw="compound" pos="VERB">compounded</w><c c5="PUN">.</c></s>
<s n="56"><w c5="NN2" hw="microphone" pos="SUBST">Microphones </w><w c5="VM0" hw="may" pos="VERB">may </w><w c5="VBI" hw="be" pos="VERB">be </w><w c5="AT0" hw="no" pos="ART">no </w><w c5="AJ0" hw="real" pos="ADJ">real </w><w c5="NN1" hw="answer" pos="SUBST">answer</w><c c5="PUN">, </c><w c5="CJC" hw="but" pos="CONJ">but </w><w c5="PRP" hw="with" pos="PREP">with </w><w c5="AT0" hw="the" pos="ART">the </w><w c5="NN1" hw="exception" pos="SUBST">exception </w><w c5="PRF" hw="of" pos="PREP">of </w><w c5="NP0" hw="louis" pos="SUBST">Louis </w><w c5="NP0" hw="hagen-william" pos="SUBST">Hagen-William</w><w c5="POS" hw="'s" pos="UNC">'s </w><w c5="NP0" hw="porgy" pos="SUBST">Porgy </w><w c5="CJC" hw="and" pos="CONJ">and </w><w c5="NP0" hw="daniel" pos="SUBST">Daniel </w><w c5="NP0" hw="washington" pos="SUBST">Washington</w><w c5="POS" hw="'s" pos="UNC">'s </w><w c5="NN1" hw="crown" pos="SUBST">Crown </w><w c5="PNI" hw="none" pos="PRON">none </w><w c5="PRF" hw="of" pos="PREP">of </w><w c5="AT0" hw="the" pos="ART">the </w><w c5="NN2" hw="voice" pos="SUBST">voices </w><w c5="VHD" hw="have" pos="VERB">had </w><w c5="AJ0" hw="adequate" pos="ADJ">adequate </w><w c5="NN1" hw="carrying" pos="SUBST">carrying </w><w c5="NN1" hw="power" pos="SUBST">power </w><w c5="PRP" hw="without" pos="PREP">without </w><w c5="PNP" hw="they" pos="PRON">them</w><c c5="PUN">.</c></s></p><p>
<s n="57"><w c5="AV0" hw="happily" pos="ADV">Happily </w><w c5="DT0" hw="these" pos="ADJ">these </w><w c5="CRD" hw="two" pos="ADJ">two </w><w c5="NN2" hw="role" pos="SUBST">roles </w><w c5="VBB" hw="be" pos="VERB">are </w><w c5="AJ0" hw="crucial" pos="ADJ">crucial </w><w c5="NN2" hw="one" pos="SUBST">ones</w><c c5="PUN">, </c><w c5="CJC" hw="and" pos="CONJ">and </w><w c5="AT0" hw="the" pos="ART">the </w><w c5="AJ0" hw="powerful" pos="ADJ">powerful </w><w c5="NN1" hw="delineation" pos="SUBST">delineation </w><w c5="PRF" hw="of" pos="PREP">of </w><w c5="DT0" hw="this" pos="ADJ">this </w><w c5="AJ0" hw="central" pos="ADJ">central </w><w c5="NN1" hw="rivalry" pos="SUBST">rivalry </w><w c5="VVD" hw="give" pos="VERB">gave </w><w c5="AT0" hw="the" pos="ART">the </w><w c5="AJ0" hw="whole" pos="ADJ">whole </w><w c5="NN1" hw="performance" pos="SUBST">performance </w><w c5="DPS" hw="it" pos="PRON">its </w><w c5="NN1" hw="backbone" pos="SUBST">backbone</w><c c5="PUN">.</c></s>
<s n="58"><w c5="NP0" hw="wayne" pos="SUBST">Wayne </w><w c5="NP0" hw="williams" pos="SUBST">Williams </w><w c5="CJS" hw="as" pos="CONJ">as </w><w c5="AJ0" hw="sportin'" pos="ADJ">Sportin' </w><w c5="NN1" hw="life" pos="SUBST">Life </w><w c5="AV0" hw="justly" pos="ADV">justly </w><w c5="VVD" hw="draw" pos="VERB">drew </w><w c5="NN1" hw="applause" pos="SUBST">applause </w><w c5="PRP" hw="for" pos="PREP">for </w><w c5="DPS" hw="he" pos="PRON">his </w><w c5="AJ0" hw="succulent" pos="ADJ">succulent </w><w c5="NN1" hw="rendering" pos="SUBST">rendering </w><w c5="PRF" hw="of" pos="PREP">of </w><c c5="PUQ">‘</c><w c5="PNP" hw="it" pos="PRON">It </w><w c5="UNC" hw="ai" pos="UNC">Ai</w><w c5="XX0" hw="not" pos="ADV">n't </w><w c5="AV0" hw="necessarily" pos="ADV">Necessarily </w><w c5="AV0" hw="so" pos="ADV">So</w><c c5="PUQ">’ </c><w c5="CJC" hw="and" pos="CONJ">and </w><w c5="NP0" hw="jo" pos="SUBST">Jo </w><w c5="NP0" hw="ann" pos="SUBST">Ann </w><w c5="NP0" hw="pickens" pos="SUBST">Pickens </w><w c5="VHD" hw="have" pos="VERB">had </w><w c5="DT0" hw="some" pos="ADJ">some </w><w c5="AJ0" hw="touching" pos="ADJ">touching </w><w c5="NN2" hw="moment" pos="SUBST">moments </w><w c5="PRP" hw="as" pos="PREP">as </w><w c5="NP0" hw="bess" pos="SUBST">Bess</w><c c5="PUN">; </c><w c5="CJC" hw="but" pos="CONJ">but </w><w c5="PNI" hw="none" pos="PRON">none </w><w c5="PRF" hw="of" pos="PREP">of </w><w c5="AT0" hw="the" pos="ART">the </w><w c5="AJ0-NN1" hw="female" pos="ADJ">female </w><w c5="NN2" hw="voice" pos="SUBST">voices </w><w c5="VVD-VVN" hw="sound" pos="VERB">sounded </w><w c5="AV0" hw="entirely" pos="ADV">entirely </w><w c5="PRP" hw="in" pos="PREP">in </w><w c5="DPS" hw="they" pos="PRON">their </w><w c5="NN1" hw="element" pos="SUBST">element</w><c c5="PUN">.</c></s></p><p>
<s n="59"><w c5="CJT" hw="that" pos="CONJ">That </w><w c5="AT0" hw="the" pos="ART">the </w><w c5="NN1" hw="evening" pos="SUBST">evening </w><w c5="VM0" hw="could" pos="VERB">could </w><w c5="AV0" hw="still" pos="ADV">still </w><w c5="VBI" hw="be" pos="VERB">be </w><w c5="VVN" hw="count" pos="VERB">counted </w><w c5="AT0" hw="a" pos="ART">a </w><w c5="NN1" hw="success" pos="SUBST">success </w><w c5="VBD" hw="be" pos="VERB">was </w><w c5="AV0" hw="partly" pos="ADV">partly </w><w c5="AVP" hw="down" pos="ADV">down </w><w c5="PRP" hw="to" pos="PREP">to </w><w c5="AT0" hw="the" pos="ART">the </w><w c5="NN1" hw="attack" pos="SUBST">attack </w><w c5="CJC" hw="and" pos="CONJ">and </w><w c5="NN1" hw="verve" pos="SUBST">verve </w><w c5="PRF" hw="of" pos="PREP">of </w><w c5="AT0" hw="the" pos="ART">the </w><w c5="NP0" hw="liverpool" pos="SUBST">Liverpool </w><w c5="AJ0" hw="philharmonic" pos="ADJ">Philharmonic </w><w c5="NN1" hw="choir" pos="SUBST">Choir</w><c c5="PUN">.</c></s>
<s n="60"><w c5="PNP" hw="it" pos="PRON">It </w><w c5="VBD" hw="be" pos="VERB">was </w><w c5="AV0" hw="also" pos="ADV">also </w><w c5="AV0" hw="partly" pos="ADV">partly </w><w c5="AVP" hw="down" pos="ADV">down </w><w c5="PRP" hw="to" pos="PREP">to </w><w c5="AT0" hw="the" pos="ART">the </w><w c5="AJ0-NN1" hw="well-disciplined" pos="ADJ">well-disciplined </w><w c5="NN1" hw="orchestra" pos="SUBST">orchestra</w><c c5="PUN">, </c><w c5="CJS" hw="although" pos="CONJ">although </w><w c5="AT0" hw="the" pos="ART">the </w><w c5="NN1" hw="jazz" pos="SUBST">jazz </w><w c5="NN1" hw="idiom" pos="SUBST">idiom </w><w c5="PRF" hw="of" pos="PREP">of</w><c c5="PUN">, </c><mw c5="AV0"><w c5="PRP" hw="for" pos="PREP">for </w><w c5="NN1" hw="instance" pos="SUBST">instance</w></mw><c c5="PUN">, </c><w c5="NN1" hw="crown" pos="SUBST">Crown</w><w c5="VBZ" hw="be" pos="VERB">'s </w><c c5="PUQ">‘</c><w c5="AT0" hw="a" pos="ART">A </w><w c5="AJ0" hw="red-headed" pos="ADJ">Red-Headed </w><w c5="NN1" hw="woman" pos="SUBST">Woman</w><c c5="PUQ">’ </c><w c5="VBZ" hw="be" pos="VERB">is </w><w c5="XX0" hw="not" pos="ADV">not </w><w c5="AV0" hw="really" pos="ADV">really </w><w c5="PRP" hw="in" pos="PREP">in </w><w c5="AT0" hw="the" pos="ART">the </w><w c5="AJ0" hw="royal" pos="ADJ">Royal </w><w c5="NP0" hw="liverpool" pos="SUBST">Liverpool </w><w c5="AJ0" hw="philharmonic" pos="ADJ">Philharmonic </w><w c5="NN1" hw="orchestra" pos="SUBST">Orchestra</w><w c5="POS" hw="'s" pos="UNC">'s </w><w c5="NN1" hw="blood" pos="SUBST">blood</w><c c5="PUN">, </c><w c5="CJC" hw="and" pos="CONJ">and </w><w c5="NP0" hw="libor" pos="SUBST">Libor </w><w c5="NP0" hw="pesek" pos="SUBST">Pesek </w><w c5="VBD" hw="be" pos="VERB">was </w><w c5="AJ0" hw="inclined" pos="ADJ">inclined </w><w c5="TO0" hw="to" pos="PREP">to </w><w c5="VVI" hw="take" pos="VERB">take </w><w c5="DT0" hw="more" pos="ADJ">more </w><w c5="NN1" hw="time" pos="SUBST">time </w><w c5="CJS" hw="than" pos="CONJ">than </w><w c5="DT0" hw="some" pos="ADJ">some </w><w c5="PRF" hw="of" pos="PREP">of </w><w c5="DPS" hw="he" pos="PRON">his </w><w c5="NN2" hw="soloist" pos="SUBST">soloists </w><w c5="VVD" hw="want" pos="VERB">wanted</w><c c5="PUN">.</c></s>
<s n="61"><w c5="PRP" hw="above" pos="PREP">Above </w><w c5="DT0" hw="all" pos="ADJ">all</w><c c5="PUN">, </c><w c5="AT0" hw="the" pos="ART">the </w><w c5="NN1" hw="evening" pos="SUBST">evening</w><w c5="POS" hw="'s" pos="UNC">'s </w><w c5="NN1" hw="success" pos="SUBST">success </w><w c5="VM0" hw="should" pos="VERB">should </w><w c5="VBI" hw="be" pos="VERB">be </w><w c5="VVN" hw="put" pos="VERB">put </w><w c5="AVP" hw="down" pos="ADV">down </w><w c5="PRP" hw="to" pos="PREP">to </w><w c5="NN1" hw="music" pos="SUBST">music </w><w c5="DTQ" hw="which" pos="PRON">which </w><w c5="AV0" hw="never" pos="ADV">never </w><w c5="VVZ" hw="cease" pos="VERB">ceases </w><w c5="TO0" hw="to" pos="PREP">to </w><w c5="VVI" hw="delight" pos="VERB">delight </w><w c5="PRP" hw="by" pos="PREP">by </w><w c5="AT0" hw="the" pos="ART">the </w><w c5="NN1" hw="sophistication" pos="SUBST">sophistication </w><w c5="PRF" hw="of" pos="PREP">of </w><w c5="DPS" hw="it" pos="PRON">its </w><w c5="NN1" hw="continuity" pos="SUBST">continuity</w><c c5="PUN">, </c><w c5="PRP" hw="by" pos="PREP">by </w><w c5="DPS" hw="it" pos="PRON">its </w><w c5="AJ0" hw="sheer" pos="ADJ">sheer </w><w c5="NN1" hw="inspiration" pos="SUBST">inspiration</w><c c5="PUN">.</c></s></p></div></wtext></bncDoc>
